agency_cd	site_no	datetime	5401_00054_32400	5401_00054_32400_cd	5402_00065_32400	5402_00065_32400_cd
5s	15s	20d	14n	10s	14n	10s
USGS	09427500	2013-01-01	553800	A	47.15	A
USGS	09427500	2013-01-02	555800	A	47.26	A
USGS	09427500	2013-01-03	556800	A	47.31	A
USGS	09427500	2013-01-04	554300	A	47.18	A
USGS	09427500	2013-01-05	554900	A	47.21	A
USGS	09427500	2013-01-06	554700	A	47.20	A
USGS	09427500	2013-01-07	555100	A	47.22	A
USGS	09427500	2013-01-08	554500	A	47.19	A
USGS	09427500	2013-01-09	555600	A	47.25	A
USGS	09427500	2013-01-10	559200	A	47.44	A
USGS	09427500	2013-01-11	558800	A	47.42	A
USGS	09427500	2013-01-12	557500	A	47.35	A
USGS	09427500	2013-01-13	557500	A	47.35	A
USGS	09427500	2013-01-14	560200	A	47.49	A
USGS	09427500	2013-01-15	557900	A	47.37	A
USGS	09427500	2013-01-16	557000	A	47.32	A
USGS	09427500	2013-01-17	560000	A	47.48	A
USGS	09427500	2013-01-18	559400	A	47.45	A
USGS	09427500	2013-01-19	558100	A	47.38	A
USGS	09427500	2013-01-20	557700	A	47.36	A
USGS	09427500	2013-01-21	556600	A	47.30	A
USGS	09427500	2013-01-22	555300	A	47.23	A
USGS	09427500	2013-01-23	554500	A	47.19	A
USGS	09427500	2013-01-24	555800	A	47.26	A
USGS	09427500	2013-01-25	560700	A	47.52	A
USGS	09427500	2013-01-26	569900	A	48.01	A
USGS	09427500	2013-01-27	578500	A	48.46	A
USGS	09427500	2013-01-28	586600	A	48.89	A
USGS	09427500	2013-01-29	584200	A	48.76	A
USGS	09427500	2013-01-30	582700	A	48.68	A
USGS	09427500	2013-01-31	582300	A	48.66	A
USGS	09427500	2013-02-01	578300	A	48.45	A
USGS	09427500	2013-02-02	577700	A	48.42	A
USGS	09427500	2013-02-03	579000	A	48.49	A
USGS	09427500	2013-02-04	578900	A	48.48	A
USGS	09427500	2013-02-05	577000	A	48.38	A
USGS	09427500	2013-02-06	581100	A	48.60	A
USGS	09427500	2013-02-07	589500	A	49.04	A
USGS	09427500	2013-02-08	591300	A	49.13	A
USGS	09427500	2013-02-09	592700	A	49.20	A
USGS	09427500	2013-02-10	591700	A	49.15	A
USGS	09427500	2013-02-11	590700	A	49.10	A
USGS	09427500	2013-02-12	588000	A	48.96	A
USGS	09427500	2013-02-13	585700	A	48.84	A
USGS	09427500	2013-02-14	587800	A	48.95	A
USGS	09427500	2013-02-15	587400	A	48.93	A
USGS	09427500	2013-02-16	587000	A	48.91	A
USGS	09427500	2013-02-17	589100	A	49.02	A
USGS	09427500	2013-02-18	588700	A	49.00	A
USGS	09427500	2013-02-19	586300	A	48.87	A
USGS	09427500	2013-02-20	588200	A	48.97	A
USGS	09427500	2013-02-21	590900	A	49.11	A
USGS	09427500	2013-02-22	588700	A	49.00	A
USGS	09427500	2013-02-23	588000	A	48.96	A
USGS	09427500	2013-02-24	583800	A	48.74	A
USGS	09427500	2013-02-25	582700	A	48.68	A
USGS	09427500	2013-02-26	582500	A	48.67	A
USGS	09427500	2013-02-27	582700	A	48.68	A
USGS	09427500	2013-02-28	584600	A	48.78	A
USGS	09427500	2013-03-01	584900	A	48.80	A
USGS	09427500	2013-03-02	585900	A	48.85	A
USGS	09427500	2013-03-03	586800	A	48.90	A
USGS	09427500	2013-03-04	586100	A	48.86	A
USGS	09427500	2013-03-05	585500	A	48.83	A
USGS	09427500	2013-03-06	587000	A	48.91	A
USGS	09427500	2013-03-07	590700	A	49.10	A
USGS	09427500	2013-03-08	592700	A	49.20	A
USGS	09427500	2013-03-09	590900	A	49.11	A
USGS	09427500	2013-03-10	590300	A	49.08	A
USGS	09427500	2013-03-11	588700	A	49.00	A
USGS	09427500	2013-03-12	584900	A	48.80	A
USGS	09427500	2013-03-13	581900	A	48.64	A
USGS	09427500	2013-03-14	582500	A	48.67	A
USGS	09427500	2013-03-15	580800	A	48.58	A
USGS	09427500	2013-03-16	578500	A	48.46	A
USGS	09427500	2013-03-17	574300	A	48.24	A
USGS	09427500	2013-03-18	573000	A	48.17	A
USGS	09427500	2013-03-19	571300	A	48.08	A
USGS	09427500	2013-03-20	572600	A	48.15	A
USGS	09427500	2013-03-21	577000	A	48.38	A
USGS	09427500	2013-03-22	577300	A	48.40	A
USGS	09427500	2013-03-23	576200	A	48.34	A
USGS	09427500	2013-03-24	573900	A	48.22	A
USGS	09427500	2013-03-25	571100	A	48.07	A
USGS	09427500	2013-03-26	570300	A	48.03	A
USGS	09427500	2013-03-27	569900	A	48.01	A
USGS	09427500	2013-03-28	575100	A	48.28	A
USGS	09427500	2013-03-29	574900	A	48.27	A
USGS	09427500	2013-03-30	575400	A	48.30	A
USGS	09427500	2013-03-31	573900	A	48.22	A
USGS	09427500	2013-04-01	573900	A	48.22	A
USGS	09427500	2013-04-02	577300	A	48.40	A
USGS	09427500	2013-04-03	577500	A	48.41	A
USGS	09427500	2013-04-04	579000	A	48.49	A
USGS	09427500	2013-04-05	578900	A	48.48	A
USGS	09427500	2013-04-06	576800	A	48.37	A
USGS	09427500	2013-04-07	574300	A	48.24	A
USGS	09427500	2013-04-08	573500	A	48.20	A
USGS	09427500	2013-04-09	576600	A	48.36	A
USGS	09427500	2013-04-10	570300	A	48.03	A
USGS	09427500	2013-04-11	572600	A	48.15	A
USGS	09427500	2013-04-12	565400	A	47.77	A
USGS	09427500	2013-04-13	559000	A	47.43	A
USGS	09427500	2013-04-14	552500	A	47.08	A
USGS	09427500	2013-04-15	555100	A	47.22	A
USGS	09427500	2013-04-16	558700	A	47.41	A
USGS	09427500	2013-04-17	553800	A	47.15	A
USGS	09427500	2013-04-18	554700	A	47.20	A
USGS	09427500	2013-04-19	557300	A	47.34	A
USGS	09427500	2013-04-20	560200	A	47.49	A
USGS	09427500	2013-04-21	558800	A	47.42	A
USGS	09427500	2013-04-22	558800	A	47.42	A
USGS	09427500	2013-04-23	563900	A	47.69	A
USGS	09427500	2013-04-24	568600	A	47.94	A
USGS	09427500	2013-04-25	582500	A	48.67	A
USGS	09427500	2013-04-26	590100	A	49.07	A
USGS	09427500	2013-04-27	596800	A	49.41	A
USGS	09427500	2013-04-28	594400	A	49.29	A
USGS	09427500	2013-04-29	590900	A	49.11	A
USGS	09427500	2013-04-30	590700	A	49.10	A
USGS	09427500	2013-05-01	592100	A	49.17	A
USGS	09427500	2013-05-02	593100	A	49.22	A
USGS	09427500	2013-05-03	593700	A	49.25	A
USGS	09427500	2013-05-04	594800	A	49.31	A
USGS	09427500	2013-05-05	593900	A	49.26	A
USGS	09427500	2013-05-06	594400	A	49.29	A
USGS	09427500	2013-05-07	594400	A	49.29	A
USGS	09427500	2013-05-08	597200	A	49.43	A
USGS	09427500	2013-05-09	596400	A	49.39	A
USGS	09427500	2013-05-10	594300	A	49.28	A
USGS	09427500	2013-05-11	593900	A	49.26	A
USGS	09427500	2013-05-12	592900	A	49.21	A
USGS	09427500	2013-05-13	594100	A	49.27	A
USGS	09427500	2013-05-14	591300	A	49.13	A
USGS	09427500	2013-05-15	585900	A	48.85	A
USGS	09427500	2013-05-16	586800	A	48.90	A
USGS	09427500	2013-05-17	583800	A	48.74	A
USGS	09427500	2013-05-18	581000	A	48.59	A
USGS	09427500	2013-05-19	579800	A	48.53	A
USGS	09427500	2013-05-20	578100	A	48.44	A
USGS	09427500	2013-05-21	580400	A	48.56	A
USGS	09427500	2013-05-22	581900	A	48.64	A
USGS	09427500	2013-05-23	584000	A	48.75	A
USGS	09427500	2013-05-24	588000	A	48.96	A
USGS	09427500	2013-05-25	588400	A	48.98	A
USGS	09427500	2013-05-26	587200	A	48.92	A
USGS	09427500	2013-05-27	586500	A	48.88	A
USGS	09427500	2013-05-28	586300	A	48.87	A
USGS	09427500	2013-05-29	587600	A	48.94	A
USGS	09427500	2013-05-30	593900	A	49.26	A
USGS	09427500	2013-05-31	597000	A	49.42	A
USGS	09427500	2013-06-01	596200	A	49.38	A
USGS	09427500	2013-06-02	593500	A	49.24	A
USGS	09427500	2013-06-03	590500	A	49.09	A
USGS	09427500	2013-06-04	587600	A	48.94	A
USGS	09427500	2013-06-05	585500	A	48.83	A
USGS	09427500	2013-06-06	589500	A	49.04	A
USGS	09427500	2013-06-07	588000	A	48.96	A
USGS	09427500	2013-06-08	587600	A	48.94	A
USGS	09427500	2013-06-09	586800	A	48.90	A
USGS	09427500	2013-06-10	586600	A	48.89	A
USGS	09427500	2013-06-11	585500	A	48.83	A
USGS	09427500	2013-06-12	583400	A	48.72	A
USGS	09427500	2013-06-13	589300	A	49.03	A
USGS	09427500	2013-06-14	592100	A	49.17	A
USGS	09427500	2013-06-15	592300	A	49.18	A
USGS	09427500	2013-06-16	586500	A	48.88	A
USGS	09427500	2013-06-17	585900	A	48.85	A
USGS	09427500	2013-06-18	585300	A	48.82	A
USGS	09427500	2013-06-19	584000	A	48.75	A
USGS	09427500	2013-06-20	584900	A	48.80	A
USGS	09427500	2013-06-21	584200	A	48.76	A
USGS	09427500	2013-06-22	584200	A	48.76	A
USGS	09427500	2013-06-23	580400	A	48.56	A
USGS	09427500	2013-06-24	580400	A	48.56	A
USGS	09427500	2013-06-25	581700	A	48.63	A
USGS	09427500	2013-06-26	582100	A	48.65	A
USGS	09427500	2013-06-27	590100	A	49.07	A
USGS	09427500	2013-06-28	594800	A	49.31	A
USGS	09427500	2013-06-29	595000	A	49.32	A
USGS	09427500	2013-06-30	590900	A	49.11	A
USGS	09427500	2013-07-01	589500	A	49.04	A
USGS	09427500	2013-07-02	588000	A	48.96	A
USGS	09427500	2013-07-03	588000	A	48.96	A
USGS	09427500	2013-07-04	594400	A	49.29	A
USGS	09427500	2013-07-05	595000	A	49.32	A
USGS	09427500	2013-07-06	598000	A	49.47	A
USGS	09427500	2013-07-07	599000	A	49.52	A
USGS	09427500	2013-07-08	601800	A	49.66	A
USGS	09427500	2013-07-09	599800	A	49.56	A
USGS	09427500	2013-07-10	593700	A	49.25	A
USGS	09427500	2013-07-11	595000	A	49.32	A
USGS	09427500	2013-07-12	594600	A	49.30	A
USGS	09427500	2013-07-13	595000	A	49.32	A
USGS	09427500	2013-07-14	592900	A	49.21	A
USGS	09427500	2013-07-15	591900	A	49.16	A
USGS	09427500	2013-07-16	591900	A	49.16	A
USGS	09427500	2013-07-17	590900	A	49.11	A
USGS	09427500	2013-07-18	596000	A	49.37	A
USGS	09427500	2013-07-19	595400	A	49.34	A
USGS	09427500	2013-07-20	594800	A	49.31	A
USGS	09427500	2013-07-21	596800	A	49.41	A
USGS	09427500	2013-07-22	598000	A	49.47	A
USGS	09427500	2013-07-23	598000	A	49.47	A
USGS	09427500	2013-07-24	600400	A	49.59	A
USGS	09427500	2013-07-25	602600	A	49.70	A
USGS	09427500	2013-07-26	604600	A	49.80	A
USGS	09427500	2013-07-27	604600	A	49.80	A
USGS	09427500	2013-07-28	604000	A	49.77	A
USGS	09427500	2013-07-29	599200	A	49.53	A
USGS	09427500	2013-07-30	595400	A	49.34	A
USGS	09427500	2013-07-31	592100	A	49.17	A
USGS	09427500	2013-08-01	590300	A	49.08	A
USGS	09427500	2013-08-02	588200	A	48.97	A
USGS	09427500	2013-08-03	586500	A	48.88	A
USGS	09427500	2013-08-04	586300	A	48.87	A
USGS	09427500	2013-08-05	584000	A	48.75	A
USGS	09427500	2013-08-06	582500	A	48.67	A
USGS	09427500	2013-08-07	584000	A	48.75	A
USGS	09427500	2013-08-08	588900	A	49.01	A
USGS	09427500	2013-08-09	589100	A	49.02	A
USGS	09427500	2013-08-10	589900	A	49.06	A
USGS	09427500	2013-08-11	589100	A	49.02	A
USGS	09427500	2013-08-12	584900	A	48.80	A
USGS	09427500	2013-08-13	581700	A	48.63	A
USGS	09427500	2013-08-14	578100	A	48.44	A
USGS	09427500	2013-08-15	581500	A	48.62	A
USGS	09427500	2013-08-16	580800	A	48.58	A
USGS	09427500	2013-08-17	580400	A	48.56	A
USGS	09427500	2013-08-18	579600	A	48.52	A
USGS	09427500	2013-08-19	579000	A	48.49	A
USGS	09427500	2013-08-20	577000	A	48.38	A
USGS	09427500	2013-08-21	577700	A	48.42	A
USGS	09427500	2013-08-22	582500	A	48.67	A
USGS	09427500	2013-08-23	586500	A	48.88	A
USGS	09427500	2013-08-24	591500	A	49.14	A
USGS	09427500	2013-08-25	600600	A	49.60	A
USGS	09427500	2013-08-26	610600	A	50.10	A
USGS	09427500	2013-08-27	613000	A	50.22	A
USGS	09427500	2013-08-28	611200	A	50.13	A
USGS	09427500	2013-08-29	614800	A	50.31	A
USGS	09427500	2013-08-30	607800	A	49.96	A
USGS	09427500	2013-08-31	606000	A	49.87	A
USGS	09427500	2013-09-01	606400	A	49.89	A
USGS	09427500	2013-09-02	603600	A	49.75	A
USGS	09427500	2013-09-03	601400	A	49.64	A
USGS	09427500	2013-09-04	603600	A	49.75	A
USGS	09427500	2013-09-05	609400	A	50.04	A
USGS	09427500	2013-09-06	608000	A	49.97	A
USGS	09427500	2013-09-07	610600	A	50.10	A
USGS	09427500	2013-09-08	611600	A	50.15	A
USGS	09427500	2013-09-09	607400	A	49.94	A
USGS	09427500	2013-09-10	604600	A	49.80	A
USGS	09427500	2013-09-11	605800	A	49.86	A
USGS	09427500	2013-09-12	608800	A	50.01	A
USGS	09427500	2013-09-13	602600	A	49.70	A
USGS	09427500	2013-09-14	598600	A	49.50	A
USGS	09427500	2013-09-15	595200	A	49.33	A
USGS	09427500	2013-09-16	593900	A	49.26	A
USGS	09427500	2013-09-17	592300	A	49.18	A
USGS	09427500	2013-09-18	591700	A	49.15	A
USGS	09427500	2013-09-19	591300	A	49.13	A
USGS	09427500	2013-09-20	586600	A	48.89	A
USGS	09427500	2013-09-21	581900	A	48.64	A
USGS	09427500	2013-09-22	580200	A	48.55	A
USGS	09427500	2013-09-23	577300	A	48.40	A
USGS	09427500	2013-09-24	573300	A	48.19	A
USGS	09427500	2013-09-25	570700	A	48.05	A
USGS	09427500	2013-09-26	573500	A	48.20	A
USGS	09427500	2013-09-27	571100	A	48.07	A
USGS	09427500	2013-09-28	568200	A	47.92	A
USGS	09427500	2013-09-29	564900	A	47.74	A
USGS	09427500	2013-09-30	562400	A	47.61	A
USGS	09427500	2013-10-01	558800	A	47.42	A
USGS	09427500	2013-10-02	556400	A	47.29	A
USGS	09427500	2013-10-03	559600	A	47.46	A
USGS	09427500	2013-10-04	552500	A	47.08	A
USGS	09427500	2013-10-05	552100	A	47.06	A
USGS	09427500	2013-10-06	553800	A	47.15	A
USGS	09427500	2013-10-07	558800	A	47.42	A
USGS	09427500	2013-10-08	562400	A	47.61	A
USGS	09427500	2013-10-09	567900	A	47.90	A
USGS	09427500	2013-10-10	571300	A	48.08	A
USGS	09427500	2013-10-11	571600	A	48.10	A
USGS	09427500	2013-10-12	573700	A	48.21	A
USGS	09427500	2013-10-13	574100	A	48.23	A
USGS	09427500	2013-10-14	576600	A	48.36	A
USGS	09427500	2013-10-15	577000	A	48.38	A
USGS	09427500	2013-10-16	577900	A	48.43	A
USGS	09427500	2013-10-17	580800	A	48.58	A
USGS	09427500	2013-10-18	580800	A	48.58	A
USGS	09427500	2013-10-19	581500	A	48.62	A
USGS	09427500	2013-10-20	579600	A	48.52	A
USGS	09427500	2013-10-21	573500	A	48.20	A
USGS	09427500	2013-10-22	569600	A	47.99	A
USGS	09427500	2013-10-23	569900	A	48.01	A
USGS	09427500	2013-10-24	571300	A	48.08	A
USGS	09427500	2013-10-25	572200	A	48.13	A
USGS	09427500	2013-10-26	571100	A	48.07	A
USGS	09427500	2013-10-27	569600	A	47.99	A
USGS	09427500	2013-10-28	569600	A	47.99	A
USGS	09427500	2013-10-29	568600	A	47.94	A
USGS	09427500	2013-10-30	572600	A	48.15	A
USGS	09427500	2013-10-31	580600	A	48.57	A
USGS	09427500	2013-11-01	585300	A	48.82	A
USGS	09427500	2013-11-02	588200	A	48.97	A
USGS	09427500	2013-11-03	586100	A	48.86	A
USGS	09427500	2013-11-04	586100	A	48.86	A
USGS	09427500	2013-11-05	584600	A	48.78	A
USGS	09427500	2013-11-06	584900	A	48.80	A
USGS	09427500	2013-11-07	588600	A	48.99	A
USGS	09427500	2013-11-08	589500	A	49.04	A
USGS	09427500	2013-11-09	588400	A	48.98	A
USGS	09427500	2013-11-10	585100	A	48.81	A
USGS	09427500	2013-11-11	582500	A	48.67	A
USGS	09427500	2013-11-12	580800	A	48.58	A
USGS	09427500	2013-11-13	581500	A	48.62	A
USGS	09427500	2013-11-14	586100	A	48.86	A
USGS	09427500	2013-11-15	588400	A	48.98	A
USGS	09427500	2013-11-16	589300	A	49.03	A
USGS	09427500	2013-11-17	591700	A	49.15	A
USGS	09427500	2013-11-18	595000	A	49.32	A
USGS	09427500	2013-11-19	591900	A	49.16	A
USGS	09427500	2013-11-20	589900	A	49.06	A
USGS	09427500	2013-11-21	592900	A	49.21	A
USGS	09427500	2013-11-22	594100	A	49.27	A
USGS	09427500	2013-11-23	595600	A	49.35	A
USGS	09427500	2013-11-24	597400	A	49.44	A
USGS	09427500	2013-11-25	598600	A	49.50	A
USGS	09427500	2013-11-26	598400	A	49.49	A
USGS	09427500	2013-11-27	595400	A	49.34	A
USGS	09427500	2013-11-28	592300	A	49.18	A
USGS	09427500	2013-11-29	590300	A	49.08	A
USGS	09427500	2013-11-30	589500	A	49.04	A
USGS	09427500	2013-12-01	588400	A	48.98	A
USGS	09427500	2013-12-02	587400	A	48.93	A
USGS	09427500	2013-12-03	588700	A	49.00	A
USGS	09427500	2013-12-04	586500	A	48.88	A
USGS	09427500	2013-12-05	584200	A	48.76	A
USGS	09427500	2013-12-06	579400	A	48.51	A
USGS	09427500	2013-12-07	577000	A	48.38	A
USGS	09427500	2013-12-08	572200	A	48.13	A
USGS	09427500	2013-12-09	566400	A	47.82	A
USGS	09427500	2013-12-10	555500	A	47.24	A
USGS	09427500	2013-12-11	547400	A	46.80	A
USGS	09427500	2013-12-12	540400	A	46.41	A
USGS	09427500	2013-12-13	537700	A	46.26	A
USGS	09427500	2013-12-14	534200	A	46.07	A
USGS	09427500	2013-12-15	528700	A	45.76	A
USGS	09427500	2013-12-16	525400	A	45.58	A
USGS	09427500	2013-12-17	527200	A	45.68	A
USGS	09427500	2013-12-18	523400	A	45.47	A
USGS	09427500	2013-12-19	523800	A	45.49	A
USGS	09427500	2013-12-20	526500	A	45.64	A
USGS	09427500	2013-12-21	524300	A	45.52	A
USGS	09427500	2013-12-22	526700	A	45.65	A
USGS	09427500	2013-12-23	527400	A	45.69	A
USGS	09427500	2013-12-24	528100	A	45.73	A
USGS	09427500	2013-12-25	530300	A	45.85	A
USGS	09427500	2013-12-26	533700	A	46.04	A
USGS	09427500	2013-12-27	531500	A	45.92	A
USGS	09427500	2013-12-28	528300	A	45.74	A
USGS	09427500	2013-12-29	529600	A	45.81	A
USGS	09427500	2013-12-30	531900	A	45.94	A
USGS	09427500	2013-12-31	533500	A	46.03	A
USGS	09427500	2014-01-01	538600	A	46.31	A
USGS	09427500	2014-01-02	541400	A	46.47	A
USGS	09427500	2014-01-03	540900	A	46.44	A
USGS	09427500	2014-01-04	544500	A	46.64	A
USGS	09427500	2014-01-05	543400	A	46.58	A
USGS	09427500	2014-01-06	544700	A	46.65	A
USGS	09427500	2014-01-07	543800	A	46.60	A
USGS	09427500	2014-01-08	542200	A	46.51	A
USGS	09427500	2014-01-09	542500	A	46.53	A
USGS	09427500	2014-01-10	542500	A	46.53	A
USGS	09427500	2014-01-11	541300	A	46.46	A
USGS	09427500	2014-01-12	539600	A	46.37	A
USGS	09427500	2014-01-13	541600	A	46.48	A
USGS	09427500	2014-01-14	540200	A	46.40	A
USGS	09427500	2014-01-15	540200	A	46.40	A
USGS	09427500	2014-01-16	543400	A	46.58	A
USGS	09427500	2014-01-17	541800	A	46.49	A
USGS	09427500	2014-01-18	540700	A	46.43	A
USGS	09427500	2014-01-19	539100	A	46.34	A
USGS	09427500	2014-01-20	539800	A	46.38	A
USGS	09427500	2014-01-21	539100	A	46.34	A
USGS	09427500	2014-01-22	536900	A	46.22	A
USGS	09427500	2014-01-23	538400	A	46.30	A
USGS	09427500	2014-01-24	538700	A	46.32	A
USGS	09427500	2014-01-25	541600	A	46.48	A
USGS	09427500	2014-01-26	545000	A	46.67	A
USGS	09427500	2014-01-27	544500	A	46.64	A
USGS	09427500	2014-01-28	544500	A	46.64	A
USGS	09427500	2014-01-29	545000	A	46.67	A
USGS	09427500	2014-01-30	549000	A	46.89	A
USGS	09427500	2014-01-31	549200	A	46.90	A
USGS	09427500	2014-02-01	549700	A	46.93	A
USGS	09427500	2014-02-02	546700	A	46.76	A
USGS	09427500	2014-02-03	546500	A	46.75	A
USGS	09427500	2014-02-04	546700	A	46.76	A
USGS	09427500	2014-02-05	550300	A	46.96	A
USGS	09427500	2014-02-06	555800	A	47.26	A
USGS	09427500	2014-02-07	556200	A	47.28	A
USGS	09427500	2014-02-08	557500	A	47.35	A
USGS	09427500	2014-02-09	559800	A	47.47	A
USGS	09427500	2014-02-10	557900	A	47.37	A
USGS	09427500	2014-02-11	554500	A	47.19	A
USGS	09427500	2014-02-12	552800	A	47.10	A
USGS	09427500	2014-02-13	553600	A	47.14	A
USGS	09427500	2014-02-14	551900	A	47.05	A
USGS	09427500	2014-02-15	551200	A	47.01	A
USGS	09427500	2014-02-16	551300	A	47.02	A
USGS	09427500	2014-02-17	553000	A	47.11	A
USGS	09427500	2014-02-18	552800	A	47.10	A
USGS	09427500	2014-02-19	552800	A	47.10	A
USGS	09427500	2014-02-20	555500	A	47.24	A
USGS	09427500	2014-02-21	553800	A	47.15	A
USGS	09427500	2014-02-22	555300	A	47.23	A
USGS	09427500	2014-02-23	556200	A	47.28	A
USGS	09427500	2014-02-24	560200	A	47.49	A
USGS	09427500	2014-02-25	564300	A	47.71	A
USGS	09427500	2014-02-26	571800	A	48.11	A
USGS	09427500	2014-02-27	580800	A	48.58	A
USGS	09427500	2014-02-28	584800	A	48.79	A
USGS	09427500	2014-03-01	588600	A	48.99	A
USGS	09427500	2014-03-02	591500	A	49.14	A
USGS	09427500	2014-03-03	592100	A	49.17	A
USGS	09427500	2014-03-04	589900	A	49.06	A
USGS	09427500	2014-03-05	588900	A	49.01	A
USGS	09427500	2014-03-06	590100	A	49.07	A
USGS	09427500	2014-03-07	588400	A	48.98	A
USGS	09427500	2014-03-08	585500	A	48.83	A
USGS	09427500	2014-03-09	581100	A	48.60	A
USGS	09427500	2014-03-10	577500	A	48.41	A
USGS	09427500	2014-03-11	577700	A	48.42	A
USGS	09427500	2014-03-12	575400	A	48.30	A
USGS	09427500	2014-03-13	575800	A	48.32	A
USGS	09427500	2014-03-14	578500	A	48.46	A
USGS	09427500	2014-03-15	581000	A	48.59	A
USGS	09427500	2014-03-16	578300	A	48.45	A
USGS	09427500	2014-03-17	578700	A	48.47	A
USGS	09427500	2014-03-18	579000	A	48.49	A
USGS	09427500	2014-03-19	582300	A	48.66	A
USGS	09427500	2014-03-20	588200	A	48.97	A
USGS	09427500	2014-03-21	589700	A	49.05	A
USGS	09427500	2014-03-22	590300	A	49.08	A
USGS	09427500	2014-03-23	589500	A	49.04	A
USGS	09427500	2014-03-24	582100	A	48.65	A
USGS	09427500	2014-03-25	571600	A	48.10	A
USGS	09427500	2014-03-26	563500	A	47.67	A
USGS	09427500	2014-03-27	560200	A	47.49	A
USGS	09427500	2014-03-28	558800	A	47.42	A
USGS	09427500	2014-03-29	559000	A	47.43	A
USGS	09427500	2014-03-30	564300	A	47.71	A
USGS	09427500	2014-03-31	564500	A	47.72	A
USGS	09427500	2014-04-01	566600	A	47.83	A
USGS	09427500	2014-04-02	570700	A	48.05	A
USGS	09427500	2014-04-03	578900	A	48.48	A
USGS	09427500	2014-04-04	581700	A	48.63	A
USGS	09427500	2014-04-05	583200	A	48.71	A
USGS	09427500	2014-04-06	582300	A	48.66	A
USGS	09427500	2014-04-07	578500	A	48.46	A
USGS	09427500	2014-04-08	576600	A	48.36	A
USGS	09427500	2014-04-09	571600	A	48.10	A
USGS	09427500	2014-04-10	574700	A	48.26	A
USGS	09427500	2014-04-11	575600	A	48.31	A
USGS	09427500	2014-04-12	577500	A	48.41	A
USGS	09427500	2014-04-13	576600	A	48.36	A
USGS	09427500	2014-04-14	573300	A	48.19	A
USGS	09427500	2014-04-15	572000	A	48.12	A
USGS	09427500	2014-04-16	573000	A	48.17	A
USGS	09427500	2014-04-17	578900	A	48.48	A
USGS	09427500	2014-04-18	584200	A	48.76	A
USGS	09427500	2014-04-19	586500	A	48.88	A
USGS	09427500	2014-04-20	587800	A	48.95	A
USGS	09427500	2014-04-21	589100	A	49.02	A
USGS	09427500	2014-04-22	589500	A	49.04	A
USGS	09427500	2014-04-23	589900	A	49.06	A
USGS	09427500	2014-04-24	592900	A	49.21	A
USGS	09427500	2014-04-25	591900	A	49.16	A
USGS	09427500	2014-04-26	592100	A	49.17	A
USGS	09427500	2014-04-27	588700	A	49.00	A
USGS	09427500	2014-04-28	589700	A	49.05	A
USGS	09427500	2014-04-29	588000	A	48.96	A
USGS	09427500	2014-04-30	583000	A	48.70	A
USGS	09427500	2014-05-01	584800	A	48.79	A
USGS	09427500	2014-05-02	585900	A	48.85	A
USGS	09427500	2014-05-03	583000	A	48.70	A
USGS	09427500	2014-05-04	578900	A	48.48	A
USGS	09427500	2014-05-05	578500	A	48.46	A
USGS	09427500	2014-05-06	581000	A	48.59	A
USGS	09427500	2014-05-07	578500	A	48.46	A
USGS	09427500	2014-05-08	588700	A	49.00	A
USGS	09427500	2014-05-09	586100	A	48.86	A
USGS	09427500	2014-05-10	587600	A	48.94	A
USGS	09427500	2014-05-11	580400	A	48.56	A
USGS	09427500	2014-05-12	576600	A	48.36	A
USGS	09427500	2014-05-13	574300	A	48.24	A
USGS	09427500	2014-05-14	570500	A	48.04	A
USGS	09427500	2014-05-15	576800	A	48.37	A
USGS	09427500	2014-05-16	574700	A	48.26	A
USGS	09427500	2014-05-17	575600	A	48.31	A
USGS	09427500	2014-05-18	574300	A	48.24	A
USGS	09427500	2014-05-19	576200	A	48.34	A
USGS	09427500	2014-05-20	577700	A	48.42	A
USGS	09427500	2014-05-21	580000	A	48.54	A
USGS	09427500	2014-05-22	588000	A	48.96	A
USGS	09427500	2014-05-23	592500	A	49.19	A
USGS	09427500	2014-05-24	595800	A	49.36	A
USGS	09427500	2014-05-25	595600	A	49.35	A
USGS	09427500	2014-05-26	593900	A	49.26	A
USGS	09427500	2014-05-27	591700	A	49.15	A
USGS	09427500	2014-05-28	590100	A	49.07	A
USGS	09427500	2014-05-29	593500	A	49.24	A
USGS	09427500	2014-05-30	593900	A	49.26	A
USGS	09427500	2014-05-31	591500	A	49.14	A
USGS	09427500	2014-06-01	593100	A	49.22	A
USGS	09427500	2014-06-02	593300	A	49.23	A
USGS	09427500	2014-06-03	594800	A	49.31	A
USGS	09427500	2014-06-04	593700	A	49.25	A
USGS	09427500	2014-06-05	597400	A	49.44	A
USGS	09427500	2014-06-06	598000	A	49.47	A
USGS	09427500	2014-06-07	598400	A	49.49	A
USGS	09427500	2014-06-08	596600	A	49.40	A
USGS	09427500	2014-06-09	593500	A	49.24	A
USGS	09427500	2014-06-10	588200	A	48.97	A
USGS	09427500	2014-06-11	584900	A	48.80	A
USGS	09427500	2014-06-12	588200	A	48.97	A
USGS	09427500	2014-06-13	588900	A	49.01	A
USGS	09427500	2014-06-14	591700	A	49.15	A
USGS	09427500	2014-06-15	593300	A	49.23	A
USGS	09427500	2014-06-16	594300	A	49.28	A
USGS	09427500	2014-06-17	592500	A	49.19	A
USGS	09427500	2014-06-18	593300	A	49.23	A
USGS	09427500	2014-06-19	595000	A	49.32	A
USGS	09427500	2014-06-20	595600	A	49.35	A
USGS	09427500	2014-06-21	594600	A	49.30	A
USGS	09427500	2014-06-22	592100	A	49.17	A
USGS	09427500	2014-06-23	588600	A	48.99	A
USGS	09427500	2014-06-24	584800	A	48.79	A
USGS	09427500	2014-06-25	580800	A	48.58	A
USGS	09427500	2014-06-26	584800	A	48.79	A
USGS	09427500	2014-06-27	582300	A	48.66	A
USGS	09427500	2014-06-28	582300	A	48.66	A
USGS	09427500	2014-06-29	582100	A	48.65	A
USGS	09427500	2014-06-30	580600	A	48.57	A
USGS	09427500	2014-07-01	579800	A	48.53	A
USGS	09427500	2014-07-02	579400	A	48.51	A
USGS	09427500	2014-07-03	582300	A	48.66	A
USGS	09427500	2014-07-04	586800	A	48.90	A
USGS	09427500	2014-07-05	591900	A	49.16	A
USGS	09427500	2014-07-06	595600	A	49.35	A
USGS	09427500	2014-07-07	593100	A	49.22	A
USGS	09427500	2014-07-08	590900	A	49.11	A
USGS	09427500	2014-07-09	587600	A	48.94	A
USGS	09427500	2014-07-10	591100	A	49.12	A
USGS	09427500	2014-07-11	591300	A	49.13	A
USGS	09427500	2014-07-12	592900	A	49.21	A
USGS	09427500	2014-07-13	592500	A	49.19	A
USGS	09427500	2014-07-14	592500	A	49.19	A
USGS	09427500	2014-07-15	591300	A	49.13	A
USGS	09427500	2014-07-16	588700	A	49.00	A
USGS	09427500	2014-07-17	589900	A	49.06	A
USGS	09427500	2014-07-18	587800	A	48.95	A
USGS	09427500	2014-07-19	586500	A	48.88	A
USGS	09427500	2014-07-20	584400	A	48.77	A
USGS	09427500	2014-07-21	583200	A	48.71	A
USGS	09427500	2014-07-22	582800	A	48.69	A
USGS	09427500	2014-07-23	582800	A	48.69	A
USGS	09427500	2014-07-24	588600	A	48.99	A
USGS	09427500	2014-07-25	586800	A	48.90	A
USGS	09427500	2014-07-26	588900	A	49.01	A
USGS	09427500	2014-07-27	588200	A	48.97	A
USGS	09427500	2014-07-28	586800	A	48.90	A
USGS	09427500	2014-07-29	586100	A	48.86	A
USGS	09427500	2014-07-30	585700	A	48.84	A
USGS	09427500	2014-07-31	587800	A	48.95	A
USGS	09427500	2014-08-01	591100	A	49.12	A
USGS	09427500	2014-08-02	590700	A	49.10	A
USGS	09427500	2014-08-03	593900	A	49.26	A
USGS	09427500	2014-08-04	599600	A	49.55	A
USGS	09427500	2014-08-05	597200	A	49.43	A
USGS	09427500	2014-08-06	594100	A	49.27	A
USGS	09427500	2014-08-07	593500	A	49.24	A
USGS	09427500	2014-08-08	591100	A	49.12	A
USGS	09427500	2014-08-09	590900	A	49.11	A
USGS	09427500	2014-08-10	592300	A	49.18	A
USGS	09427500	2014-08-11	593100	A	49.22	A
USGS	09427500	2014-08-12	599600	A	49.55	A
USGS	09427500	2014-08-13	604400	A	49.79	A
USGS	09427500	2014-08-14	607400	A	49.94	A
USGS	09427500	2014-08-15	605000	A	49.82	A
USGS	09427500	2014-08-16	603800	A	49.76	A
USGS	09427500	2014-08-17	599000	A	49.52	A
USGS	09427500	2014-08-18	597400	A	49.44	A
USGS	09427500	2014-08-19	595000	A	49.32	A
USGS	09427500	2014-08-20	595600	A	49.35	A
USGS	09427500	2014-08-21	602400	A	49.69	A
USGS	09427500	2014-08-22	604400	A	49.79	A
USGS	09427500	2014-08-23	602800	A	49.71	A
USGS	09427500	2014-08-24	599800	A	49.56	A
USGS	09427500	2014-08-25	596400	A	49.39	A
USGS	09427500	2014-08-26	596400	A	49.39	A
USGS	09427500	2014-08-27	596600	A	49.40	A
USGS	09427500	2014-08-28	600200	A	49.58	A
USGS	09427500	2014-08-29	594600	A	49.30	A
USGS	09427500	2014-08-30	589100	A	49.02	A
USGS	09427500	2014-08-31	584200	A	48.76	A
USGS	09427500	2014-09-01	579200	A	48.50	A
USGS	09427500	2014-09-02	576200	A	48.34	A
USGS	09427500	2014-09-03	573700	A	48.21	A
USGS	09427500	2014-09-04	575100	A	48.28	A
USGS	09427500	2014-09-05	578900	A	48.48	A
USGS	09427500	2014-09-06	581700	A	48.63	A
USGS	09427500	2014-09-07	583600	A	48.73	A
USGS	09427500	2014-09-08	585500	A	48.83	A
USGS	09427500	2014-09-09	587800	A	48.95	A
USGS	09427500	2014-09-10	589100	A	49.02	A
USGS	09427500	2014-09-11	592700	A	49.20	A
USGS	09427500	2014-09-12	593300	A	49.23	A
USGS	09427500	2014-09-13	591900	A	49.16	A
USGS	09427500	2014-09-14	592300	A	49.18	A
USGS	09427500	2014-09-15	589900	A	49.06	A
USGS	09427500	2014-09-16	591300	A	49.13	A
USGS	09427500	2014-09-17	590500	A	49.09	A
USGS	09427500	2014-09-18	591100	A	49.12	A
USGS	09427500	2014-09-19	588000	A	48.96	A
USGS	09427500	2014-09-20	583800	A	48.74	A
USGS	09427500	2014-09-21	582700	A	48.68	A
USGS	09427500	2014-09-22	580400	A	48.56	A
USGS	09427500	2014-09-23	578900	A	48.48	A
USGS	09427500	2014-09-24	581100	A	48.60	A
USGS	09427500	2014-09-25	583600	A	48.73	A
USGS	09427500	2014-09-26	585100	A	48.81	A
USGS	09427500	2014-09-27	586600	A	48.89	A
USGS	09427500	2014-09-28	585700	A	48.84	A
USGS	09427500	2014-09-29	586500	A	48.88	A
USGS	09427500	2014-09-30	585700	A	48.84	A
USGS	09427500	2014-10-01	590500	A	49.09	A
USGS	09427500	2014-10-02	591500	A	49.14	A
USGS	09427500	2014-10-03	588000	A	48.96	A
USGS	09427500	2014-10-04	584600	A	48.78	A
USGS	09427500	2014-10-05	578700	A	48.47	A
USGS	09427500	2014-10-06	575800	A	48.32	A
USGS	09427500	2014-10-07	573900	A	48.22	A
USGS	09427500	2014-10-08	577500	A	48.41	A
USGS	09427500	2014-10-09	584600	A	48.78	A
USGS	09427500	2014-10-10	591500	A	49.14	A
USGS	09427500	2014-10-11	597000	A	49.42	A
USGS	09427500	2014-10-12	601200	A	49.63	A
USGS	09427500	2014-10-13	602800	A	49.71	A
USGS	09427500	2014-10-14	602200	A	49.68	A
USGS	09427500	2014-10-15	603000	A	49.72	A
USGS	09427500	2014-10-16	605600	A	49.85	A
USGS	09427500	2014-10-17	604600	A	49.80	A
USGS	09427500	2014-10-18	604200	A	49.78	A
USGS	09427500	2014-10-19	604000	A	49.77	A
USGS	09427500	2014-10-20	606200	A	49.88	A
USGS	09427500	2014-10-21	604600	A	49.80	A
USGS	09427500	2014-10-22	602200	A	49.68	A
USGS	09427500	2014-10-23	600000	A	49.57	A
USGS	09427500	2014-10-24	593100	A	49.22	A
USGS	09427500	2014-10-25	587800	A	48.95	A
USGS	09427500	2014-10-26	581900	A	48.64	A
USGS	09427500	2014-10-27	575600	A	48.31	A
USGS	09427500	2014-10-28	569900	A	48.01	A
USGS	09427500	2014-10-29	563000	A	47.64	A
USGS	09427500	2014-10-30	558500	A	47.40	A
USGS	09427500	2014-10-31	552300	A	47.07	A
USGS	09427500	2014-11-01	547900	A	46.83	A
USGS	09427500	2014-11-02	546800	A	46.77	A
USGS	09427500	2014-11-03	545000	A	46.67	A
USGS	09427500	2014-11-04	543800	A	46.60	A
USGS	09427500	2014-11-05	540900	A	46.44	A
USGS	09427500	2014-11-06	542500	A	46.53	A
USGS	09427500	2014-11-07	542700	A	46.54	A
USGS	09427500	2014-11-08	545000	A	46.67	A
USGS	09427500	2014-11-09	547000	A	46.78	A
USGS	09427500	2014-11-10	547000	A	46.78	A
USGS	09427500	2014-11-11	544300	A	46.63	A
USGS	09427500	2014-11-12	546700	A	46.76	A
USGS	09427500	2014-11-13	549000	A	46.89	A
USGS	09427500	2014-11-14	550300	A	46.96	A
USGS	09427500	2014-11-15	550400	A	46.97	A
USGS	09427500	2014-11-16	551200	A	47.01	A
USGS	09427500	2014-11-17	550600	A	46.98	A
USGS	09427500	2014-11-18	553600	A	47.14	A
USGS	09427500	2014-11-19	554100	A	47.17	A
USGS	09427500	2014-11-20	557900	A	47.37	A
USGS	09427500	2014-11-21	560500	A	47.51	A
USGS	09427500	2014-11-22	561500	A	47.56	A
USGS	09427500	2014-11-23	561700	A	47.57	A
USGS	09427500	2014-11-24	563500	A	47.67	A
USGS	09427500	2014-11-25	564300	A	47.71	A
USGS	09427500	2014-11-26	566000	A	47.80	A
USGS	09427500	2014-11-27	569600	A	47.99	A
USGS	09427500	2014-11-28	574700	A	48.26	A
USGS	09427500	2014-11-29	576800	A	48.37	A
USGS	09427500	2014-11-30	577200	A	48.39	A
USGS	09427500	2014-12-01	577000	A	48.38	A
USGS	09427500	2014-12-02	576000	A	48.33	A
USGS	09427500	2014-12-03	577200	A	48.39	A
USGS	09427500	2014-12-04	578300	A	48.45	A
USGS	09427500	2014-12-05	576400	A	48.35	A
USGS	09427500	2014-12-06	575100	A	48.28	A
USGS	09427500	2014-12-07	573300	A	48.19	A
USGS	09427500	2014-12-08	571600	A	48.10	A
USGS	09427500	2014-12-09	569900	A	48.01	A
USGS	09427500	2014-12-10	571600	A	48.10	A
USGS	09427500	2014-12-11	572400	A	48.14	A
USGS	09427500	2014-12-12	573300	A	48.19	A
USGS	09427500	2014-12-13	573500	A	48.20	A
USGS	09427500	2014-12-14	570500	A	48.04	A
USGS	09427500	2014-12-15	566000	A	47.80	A
USGS	09427500	2014-12-16	563200	A	47.65	A
USGS	09427500	2014-12-17	563000	A	47.64	A
USGS	09427500	2014-12-18	567500	A	47.88	A
USGS	09427500	2014-12-19	568100	A	47.91	A
USGS	09427500	2014-12-20	570500	A	48.04	A
USGS	09427500	2014-12-21	569700	A	48.00	A
USGS	09427500	2014-12-22	572600	A	48.15	A
USGS	09427500	2014-12-23	572200	A	48.13	A
USGS	09427500	2014-12-24	569900	A	48.01	A
USGS	09427500	2014-12-25	570300	A	48.03	A
USGS	09427500	2014-12-26	566400	A	47.82	A
USGS	09427500	2014-12-27	560200	A	47.49	A
USGS	09427500	2014-12-28	559600	A:e		
USGS	09427500	2014-12-29	553000	A:e		
USGS	09427500	2014-12-30	552300	A:e		
USGS	09427500	2014-12-31	553200	A:e		
USGS	09427500	2015-01-01	550800	A:e		
USGS	09427500	2015-01-02	552800	A:e		
USGS	09427500	2015-01-03	549400	A:e		
USGS	09427500	2015-01-04	550300	A:e		
USGS	09427500	2015-01-05	550800	A:e		
USGS	09427500	2015-01-06	555100	A		
USGS	09427500	2015-01-07	558100	A		
USGS	09427500	2015-01-08	564500	A	47.72	A
USGS	09427500	2015-01-09	566000	A	47.80	A
USGS	09427500	2015-01-10	566900	A	47.85	A
USGS	09427500	2015-01-11	565800	A	47.79	A
USGS	09427500	2015-01-12	566000	A	47.80	A
USGS	09427500	2015-01-13	565400	A	47.77	A
USGS	09427500	2015-01-14	562200	A	47.60	A
USGS	09427500	2015-01-15	559400	A	47.45	A
USGS	09427500	2015-01-16	557300	A	47.34	A
USGS	09427500	2015-01-17	556800	A	47.31	A
USGS	09427500	2015-01-18	554700	A	47.20	A
USGS	09427500	2015-01-19	552500	A	47.08	A
USGS	09427500	2015-01-20	548600	A	46.87	A
USGS	09427500	2015-01-21	546300	A	46.74	A
USGS	09427500	2015-01-22	548600	A	46.87	A
USGS	09427500	2015-01-23	554100	A	47.17	A
USGS	09427500	2015-01-24	559200	A	47.44	A
USGS	09427500	2015-01-25	562200	A	47.60	A
USGS	09427500	2015-01-26	566400	A	47.82	A
USGS	09427500	2015-01-27	570500	A	48.04	A
USGS	09427500	2015-01-28	577000	A	48.38	A
USGS	09427500	2015-01-29	585700	A	48.84	A
USGS	09427500	2015-01-30	589300	A	49.03	A
USGS	09427500	2015-01-31	586600	A	48.89	A
USGS	09427500	2015-02-01	586500	A	48.88	A
USGS	09427500	2015-02-02	585300	A	48.82	A
USGS	09427500	2015-02-03	582300	A	48.66	A
USGS	09427500	2015-02-04	576800	A	48.37	A
USGS	09427500	2015-02-05	577300	A	48.40	A
USGS	09427500	2015-02-06	577200	A	48.39	A
USGS	09427500	2015-02-07	575600	A	48.31	A
USGS	09427500	2015-02-08	575800	A	48.32	A
USGS	09427500	2015-02-09	574300	A	48.24	A
USGS	09427500	2015-02-10	572200	A	48.13	A
USGS	09427500	2015-02-11	570300	A	48.03	A
USGS	09427500	2015-02-12	566200	A	47.81	A
USGS	09427500	2015-02-13	559200	A	47.44	A
USGS	09427500	2015-02-14	555100	A	47.22	A
USGS	09427500	2015-02-15	554300	A	47.18	A
USGS	09427500	2015-02-16	552500	A	47.08	A
USGS	09427500	2015-02-17	548800	A	46.88	A
USGS	09427500	2015-02-18	544700	A	46.65	A
USGS	09427500	2015-02-19	544700	A	46.65	A
USGS	09427500	2015-02-20	547900	A	46.83	A
USGS	09427500	2015-02-21	551000	A	47.00	A
USGS	09427500	2015-02-22	552300	A	47.07	A
USGS	09427500	2015-02-23	552600	A	47.09	A
USGS	09427500	2015-02-24	553600	A	47.14	A
USGS	09427500	2015-02-25	557000	A	47.32	A
USGS	09427500	2015-02-26	560900	A	47.53	A
USGS	09427500	2015-02-27	565800	A	47.79	A
USGS	09427500	2015-02-28	569900	A	48.01	A
USGS	09427500	2015-03-01	579200	A	48.50	A
USGS	09427500	2015-03-02	587600	A	48.94	A
USGS	09427500	2015-03-03	597800	A	49.46	A
USGS	09427500	2015-03-04	603400	A	49.74	A
USGS	09427500	2015-03-05	609000	A	50.02	A
USGS	09427500	2015-03-06	604000	A	49.77	A
USGS	09427500	2015-03-07	595800	A	49.36	A
USGS	09427500	2015-03-08	591100	A	49.12	A
USGS	09427500	2015-03-09	590900	A	49.11	A
USGS	09427500	2015-03-10	586600	A	48.89	A
USGS	09427500	2015-03-11	579000	A	48.49	A
USGS	09427500	2015-03-12	571600	A	48.10	A
USGS	09427500	2015-03-13	565200	A	47.76	A
USGS	09427500	2015-03-14	565600	A	47.78	A
USGS	09427500	2015-03-15	570900	A	48.06	A
USGS	09427500	2015-03-16	573300	A	48.19	A
USGS	09427500	2015-03-17	577200	A	48.39	A
USGS	09427500	2015-03-18	581100	A	48.60	A
USGS	09427500	2015-03-19	588900	A	49.01	A
USGS	09427500	2015-03-20	592700	A	49.20	A
USGS	09427500	2015-03-21	592300	A	49.18	A
USGS	09427500	2015-03-22	588400	A	48.98	A
USGS	09427500	2015-03-23	582800	A	48.69	A
USGS	09427500	2015-03-24	575100	A	48.28	A
USGS	09427500	2015-03-25	570900	A	48.06	A
USGS	09427500	2015-03-26	575200	A	48.29	A
USGS	09427500	2015-03-27	576200	A	48.34	A
USGS	09427500	2015-03-28	578900	A	48.48	A
USGS	09427500	2015-03-29	577900	A	48.43	A
USGS	09427500	2015-03-30	578900	A	48.48	A
USGS	09427500	2015-03-31	579200	A	48.50	A
USGS	09427500	2015-04-01	575400	A	48.30	A
USGS	09427500	2015-04-02	579200	A	48.50	A
USGS	09427500	2015-04-03	577700	A	48.42	A
USGS	09427500	2015-04-04	578900	A	48.48	A
USGS	09427500	2015-04-05	575200	A	48.29	A
USGS	09427500	2015-04-06	574100	A	48.23	A
USGS	09427500	2015-04-07	572600	A	48.15	A
USGS	09427500	2015-04-08	567500	A	47.88	A
USGS	09427500	2015-04-09	564300	A	47.71	A
USGS	09427500	2015-04-10	567700	A	47.89	A
USGS	09427500	2015-04-11	571600	A	48.10	A
USGS	09427500	2015-04-12	575100	A	48.28	A
USGS	09427500	2015-04-13	575400	A	48.30	A
USGS	09427500	2015-04-14	583800	A	48.74	A
USGS	09427500	2015-04-15	582700	A	48.68	A
USGS	09427500	2015-04-16	589700	A	49.05	A
USGS	09427500	2015-04-17	589300	A	49.03	A
USGS	09427500	2015-04-18	585900	A	48.85	A
USGS	09427500	2015-04-19	583600	A	48.73	A
USGS	09427500	2015-04-20	580600	A	48.57	A
USGS	09427500	2015-04-21	573900	A	48.22	A
USGS	09427500	2015-04-22	570100	A	48.02	A
USGS	09427500	2015-04-23	574900	A	48.27	A
USGS	09427500	2015-04-24	572200	A	48.13	A
USGS	09427500	2015-04-25	571600	A	48.10	A
USGS	09427500	2015-04-26	575100	A	48.28	A
USGS	09427500	2015-04-27	575100	A	48.28	A
USGS	09427500	2015-04-28	574300	A	48.24	A
USGS	09427500	2015-04-29	578700	A	48.47	A
USGS	09427500	2015-04-30	583400	A	48.72	A
USGS	09427500	2015-05-01	586100	A	48.86	A
USGS	09427500	2015-05-02	584900	A	48.80	A
USGS	09427500	2015-05-03	584400	A	48.77	A
USGS	09427500	2015-05-04	584900	A	48.80	A
USGS	09427500	2015-05-05	593100	A	49.22	A
USGS	09427500	2015-05-06	593900	A	49.26	A
USGS	09427500	2015-05-07	597000	A	49.42	A
USGS	09427500	2015-05-08	600800	A	49.61	A
USGS	09427500	2015-05-09	601400	A	49.64	A
USGS	09427500	2015-05-10	600400	A	49.59	A
USGS	09427500	2015-05-11	602800	A	49.71	A
USGS	09427500	2015-05-12	605000	A	49.82	A
USGS	09427500	2015-05-13	606200	A	49.88	A
USGS	09427500	2015-05-14	607000	A	49.92	A
USGS	09427500	2015-05-15	608600	A	50.00	A
USGS	09427500	2015-05-16	611400	A	50.14	A
USGS	09427500	2015-05-17	609400	A	50.04	A
USGS	09427500	2015-05-18	611600	A	50.15	A
USGS	09427500	2015-05-19	606800	A	49.91	A
USGS	09427500	2015-05-20	603200	A	49.73	A
USGS	09427500	2015-05-21	606600	A	49.90	A
USGS	09427500	2015-05-22	606000	A	49.87	A
USGS	09427500	2015-05-23	610000	A	50.07	A
USGS	09427500	2015-05-24	608600	A	50.00	A
USGS	09427500	2015-05-25	605600	A	49.85	A
USGS	09427500	2015-05-26	600200	A	49.58	A
USGS	09427500	2015-05-27	596000	A	49.37	A
USGS	09427500	2015-05-28	597400	A	49.44	A
USGS	09427500	2015-05-29	594400	A	49.29	A
USGS	09427500	2015-05-30	592900	A	49.21	A
USGS	09427500	2015-05-31	591300	A	49.13	A
USGS	09427500	2015-06-01	592900	A	49.21	A
USGS	09427500	2015-06-02	592900	A:e		
USGS	09427500	2015-06-03	589300	A	49.03	A
USGS	09427500	2015-06-04	597200	A	49.43	A
USGS	09427500	2015-06-05	597200	A	49.43	A
USGS	09427500	2015-06-06	595800	A	49.36	A
USGS	09427500	2015-06-07	594600	A	49.30	A
USGS	09427500	2015-06-08	592500	A	49.19	A
USGS	09427500	2015-06-09	591300	A	49.13	A
USGS	09427500	2015-06-10	591100	A	49.12	A
USGS	09427500	2015-06-11	596400	A	49.39	A
USGS	09427500	2015-06-12	596400	A	49.39	A
USGS	09427500	2015-06-13	600000	A	49.57	A
USGS	09427500	2015-06-14	600200	A	49.58	A
USGS	09427500	2015-06-15	604000	A	49.77	A
USGS	09427500	2015-06-16	604400	A	49.79	A
USGS	09427500	2015-06-17	598200	A	49.48	A
USGS	09427500	2015-06-18	599000	A	49.52	A
USGS	09427500	2015-06-19	601200	A	49.63	A
USGS	09427500	2015-06-20	599200	A	49.53	A
USGS	09427500	2015-06-21	600400	A	49.59	A
USGS	09427500	2015-06-22	600400	A	49.59	A
USGS	09427500	2015-06-23	598600	A	49.50	A
USGS	09427500	2015-06-24	594400	A	49.29	A
USGS	09427500	2015-06-25	601400	A	49.64	A
USGS	09427500	2015-06-26	601600	A	49.65	A
USGS	09427500	2015-06-27	603000	A	49.72	A
USGS	09427500	2015-06-28	603200	A	49.73	A
USGS	09427500	2015-06-29	600400	A	49.59	A
USGS	09427500	2015-06-30	596400	A	49.39	A
USGS	09427500	2015-07-01	594800	A	49.31	A
USGS	09427500	2015-07-02	601200	A	49.63	A
USGS	09427500	2015-07-03	600400	A	49.59	A
USGS	09427500	2015-07-04	604200	A	49.78	A
USGS	09427500	2015-07-05	608800	A	50.01	A
USGS	09427500	2015-07-06	609200	A	50.03	A
USGS	09427500	2015-07-07	600000	A	49.57	A
USGS	09427500	2015-07-08	589300	A	49.03	A
USGS	09427500	2015-07-09	589900	A	49.06	A
USGS	09427500	2015-07-10	581900	A	48.64	A
USGS	09427500	2015-07-11	579600	A	48.52	A
USGS	09427500	2015-07-12	576600	A	48.36	A
USGS	09427500	2015-07-13	574700	A	48.26	A
USGS	09427500	2015-07-14	576200	A	48.34	A
USGS	09427500	2015-07-15	576400	A	48.35	A
USGS	09427500	2015-07-16	587400	A	48.93	A
USGS	09427500	2015-07-17	586100	A	48.86	A
USGS	09427500	2015-07-18	590700	A	49.10	A
USGS	09427500	2015-07-19	593500	A	49.24	A
USGS	09427500	2015-07-20	596200	A	49.38	A
USGS	09427500	2015-07-21	598600	A	49.50	A
USGS	09427500	2015-07-22	599400	A	49.54	A
USGS	09427500	2015-07-23	604000	A	49.77	A
USGS	09427500	2015-07-24	600400	A	49.59	A
USGS	09427500	2015-07-25	596800	A	49.41	A
USGS	09427500	2015-07-26	593300	A	49.23	A
USGS	09427500	2015-07-27	590300	A	49.08	A
USGS	09427500	2015-07-28	588400	A	48.98	A
USGS	09427500	2015-07-29	585900	A	48.85	A
USGS	09427500	2015-07-30	580800	A	48.58	A
USGS	09427500	2015-07-31	581000	A	48.59	A
USGS	09427500	2015-08-01	584400	A	48.77	A
USGS	09427500	2015-08-02	585300	A	48.82	A
USGS	09427500	2015-08-03	584900	A	48.80	A
USGS	09427500	2015-08-04	583600	A	48.73	A
USGS	09427500	2015-08-05	581300	A	48.61	A
USGS	09427500	2015-08-06	579400	A	48.51	A
USGS	09427500	2015-08-07	580000	A	48.54	A
USGS	09427500	2015-08-08	581700	A	48.63	A
USGS	09427500	2015-08-09	583200	A	48.71	A
USGS	09427500	2015-08-10	577900	A	48.43	A
USGS	09427500	2015-08-11	577000	A	48.38	A
USGS	09427500	2015-08-12	576200	A	48.34	A
USGS	09427500	2015-08-13	580800	A	48.58	A
USGS	09427500	2015-08-14	580000	A	48.54	A
USGS	09427500	2015-08-15	581300	A	48.61	A
USGS	09427500	2015-08-16	581100	A	48.60	A
USGS	09427500	2015-08-17	573700	A	48.21	A
USGS	09427500	2015-08-18	570900	A	48.06	A
USGS	09427500	2015-08-19	570500	A	48.04	A
USGS	09427500	2015-08-20	569900	A	48.01	A
USGS	09427500	2015-08-21	569900	A	48.01	A
USGS	09427500	2015-08-22	573200	A	48.18	A
USGS	09427500	2015-08-23	575400	A	48.30	A
USGS	09427500	2015-08-24	576600	A	48.36	A
USGS	09427500	2015-08-25	575400	A	48.30	A
USGS	09427500	2015-08-26	577000	A	48.38	A
USGS	09427500	2015-08-27	582700	A	48.68	A
USGS	09427500	2015-08-28	585900	A	48.85	A
USGS	09427500	2015-08-29	589100	A	49.02	A
USGS	09427500	2015-08-30	589300	A	49.03	A
USGS	09427500	2015-08-31	588200	A	48.97	A
USGS	09427500	2015-09-01	584800	A	48.79	A
USGS	09427500	2015-09-02	583000	A	48.70	A
USGS	09427500	2015-09-03	587400	A	48.93	A
USGS	09427500	2015-09-04	587400	A	48.93	A
USGS	09427500	2015-09-05	588200	A	48.97	A
USGS	09427500	2015-09-06	586500	A	48.88	A
USGS	09427500	2015-09-07	585500	A	48.83	A
USGS	09427500	2015-09-08	587600	A	48.94	A
USGS	09427500	2015-09-09	592900	A	49.21	A
USGS	09427500	2015-09-10	599400	A	49.54	A
USGS	09427500	2015-09-11	598000	A	49.47	A
USGS	09427500	2015-09-12	597000	A	49.42	A
USGS	09427500	2015-09-13	593900	A	49.26	A
USGS	09427500	2015-09-14	594600	A	49.30	A
USGS	09427500	2015-09-15	594600	A	49.30	A
USGS	09427500	2015-09-16	595200	A	49.33	A
USGS	09427500	2015-09-17	599600	A	49.55	A
USGS	09427500	2015-09-18	598400	A	49.49	A
USGS	09427500	2015-09-19	595800	A	49.36	A
USGS	09427500	2015-09-20	595400	A	49.34	A
USGS	09427500	2015-09-21	593300	A	49.23	A
USGS	09427500	2015-09-22	591700	A	49.15	A
USGS	09427500	2015-09-23	588200	A	48.97	A
USGS	09427500	2015-09-24	590300	A	49.08	A
USGS	09427500	2015-09-25	587200	A	48.92	A
USGS	09427500	2015-09-26	587000	A	48.91	A
USGS	09427500	2015-09-27	587400	A	48.93	A
USGS	09427500	2015-09-28	588000	A	48.96	A
USGS	09427500	2015-09-29	583800	A	48.74	A
USGS	09427500	2015-09-30	583000	A	48.70	A
USGS	09427500	2015-10-01	588000	A	48.96	A
USGS	09427500	2015-10-02	587200	A	48.92	A
USGS	09427500	2015-10-03	582800	A	48.69	A
USGS	09427500	2015-10-04	573900	A	48.22	A
USGS	09427500	2015-10-05	569900	A	48.01	A
USGS	09427500	2015-10-06	563400	A	47.66	A
USGS	09427500	2015-10-07	561700	A	47.57	A
USGS	09427500	2015-10-08	564500	A	47.72	A
USGS	09427500	2015-10-09	563900	A	47.69	A
USGS	09427500	2015-10-10	562000	A	47.59	A
USGS	09427500	2015-10-11	563200	A	47.65	A
USGS	09427500	2015-10-12	570900	A	48.06	A
USGS	09427500	2015-10-13	576200	A	48.34	A
USGS	09427500	2015-10-14	581700	A	48.63	A
USGS	09427500	2015-10-15	591900	A	49.16	A
USGS	09427500	2015-10-16	595800	A	49.36	A
USGS	09427500	2015-10-17	602600	A	49.70	A
USGS	09427500	2015-10-18	601400	A	49.64	A
USGS	09427500	2015-10-19	604200	A	49.78	A
USGS	09427500	2015-10-20	607000	A	49.92	A
USGS	09427500	2015-10-21	602800	A	49.71	A
USGS	09427500	2015-10-22	602200	A	49.68	A
USGS	09427500	2015-10-23	599400	A	49.54	A
USGS	09427500	2015-10-24	596400	A	49.39	A
USGS	09427500	2015-10-25	593100	A	49.22	A
USGS	09427500	2015-10-26	590900	A	49.11	A
USGS	09427500	2015-10-27	589900	A	49.06	A
USGS	09427500	2015-10-28	590300	A	49.08	A
USGS	09427500	2015-10-29	590500	A	49.09	A
USGS	09427500	2015-10-30	585500	A	48.83	A
USGS	09427500	2015-10-31	579600	A	48.52	A
USGS	09427500	2015-11-01	572200	A	48.13	A
USGS	09427500	2015-11-02	568600	A	47.94	A
USGS	09427500	2015-11-03	565000	A	47.75	A
USGS	09427500	2015-11-04	560200	A	47.49	A
USGS	09427500	2015-11-05	559200	A	47.44	A
USGS	09427500	2015-11-06	556200	A	47.28	A
USGS	09427500	2015-11-07	555100	A	47.22	A
USGS	09427500	2015-11-08	552800	A	47.10	A
USGS	09427500	2015-11-09	551500	A	47.03	A
USGS	09427500	2015-11-10	549500	A	46.92	A
USGS	09427500	2015-11-11	551000	A	47.00	A
USGS	09427500	2015-11-12	551200	A	47.01	A
USGS	09427500	2015-11-13	547900	A	46.83	A
USGS	09427500	2015-11-14	547600	A	46.81	A
USGS	09427500	2015-11-15	545900	A	46.72	A
USGS	09427500	2015-11-16	547000	A	46.78	A
USGS	09427500	2015-11-17	548100	A	46.84	A
USGS	09427500	2015-11-18	552500	A	47.08	A
USGS	09427500	2015-11-19	560500	A	47.51	A
USGS	09427500	2015-11-20	564100	A	47.70	A
USGS	09427500	2015-11-21	563500	A	47.67	A
USGS	09427500	2015-11-22	561300	A	47.55	A
USGS	09427500	2015-11-23	561900	A	47.58	A
USGS	09427500	2015-11-24	564300	A	47.71	A
USGS	09427500	2015-11-25	564700	A	47.73	A
USGS	09427500	2015-11-26	565600	A	47.78	A
USGS	09427500	2015-11-27	567500	A	47.88	A
USGS	09427500	2015-11-28	569600	A	47.99	A
USGS	09427500	2015-11-29	570700	A	48.05	A
USGS	09427500	2015-11-30	574100	A	48.23	A
USGS	09427500	2015-12-01	574700	A	48.26	A
USGS	09427500	2015-12-02	573900	A	48.22	A
USGS	09427500	2015-12-03	573300	A	48.19	A
USGS	09427500	2015-12-04	569900	A	48.01	A
USGS	09427500	2015-12-05	565600	A	47.78	A
USGS	09427500	2015-12-06	560700	A	47.52	A
USGS	09427500	2015-12-07	556200	A	47.28	A
USGS	09427500	2015-12-08	552600	A	47.09	A
USGS	09427500	2015-12-09	549900	A	46.94	A
USGS	09427500	2015-12-10	551900	A	47.05	A
USGS	09427500	2015-12-11	553000	A	47.11	A
USGS	09427500	2015-12-12	553600	A	47.14	A
USGS	09427500	2015-12-13	549200	A	46.90	A
USGS	09427500	2015-12-14	548500	A	46.86	A
USGS	09427500	2015-12-15	547400	A	46.80	A
USGS	09427500	2015-12-16	546100	A	46.73	A
USGS	09427500	2015-12-17	550400	A	46.97	A
USGS	09427500	2015-12-18	549500	A	46.92	A
USGS	09427500	2015-12-19	550600	A	46.98	A
USGS	09427500	2015-12-20	547000	A	46.78	A
USGS	09427500	2015-12-21	549000	A	46.89	A
USGS	09427500	2015-12-22	554500	A	47.19	A
USGS	09427500	2015-12-23	557900	A	47.37	A
USGS	09427500	2015-12-24	560200	A	47.49	A
USGS	09427500	2015-12-25	560500	A	47.51	A
USGS	09427500	2015-12-26	559200	A	47.44	A
USGS	09427500	2015-12-27	547400	A	46.80	A
USGS	09427500	2015-12-28	546700	A	46.76	A
USGS	09427500	2015-12-29	550600	A	46.98	A
USGS	09427500	2015-12-30	555100	A	47.22	A
USGS	09427500	2015-12-31	561700	A	47.57	A
USGS	09427500	2016-01-01	564900	A	47.74	A
USGS	09427500	2016-01-02	564500	A	47.72	A
USGS	09427500	2016-01-03	567500	A	47.88	A
USGS	09427500	2016-01-04	570700	A	48.05	A
USGS	09427500	2016-01-05	576400	A	48.35	A
USGS	09427500	2016-01-06	583000	A	48.70	A
USGS	09427500	2016-01-07	588200	A	48.97	A
USGS	09427500	2016-01-08	585300	A	48.82	A
USGS	09427500	2016-01-09	583000	A	48.70	A
USGS	09427500	2016-01-10	579600	A	48.52	A
USGS	09427500	2016-01-11	575800	A	48.32	A
USGS	09427500	2016-01-12	576200	A	48.34	A
USGS	09427500	2016-01-13	574100	A	48.23	A
USGS	09427500	2016-01-14	572000	A	48.12	A
USGS	09427500	2016-01-15	563900	A	47.69	A
USGS	09427500	2016-01-16	556600	A	47.30	A
USGS	09427500	2016-01-17	553400	A	47.13	A
USGS	09427500	2016-01-18	551300	A	47.02	A
USGS	09427500	2016-01-19	547900	A	46.83	A
USGS	09427500	2016-01-20	546700	A	46.76	A
USGS	09427500	2016-01-21	549000	A	46.89	A
USGS	09427500	2016-01-22	549200	A	46.90	A
USGS	09427500	2016-01-23	549500	A	46.92	A
USGS	09427500	2016-01-24	550600	A	46.98	A
USGS	09427500	2016-01-25	551300	A	47.02	A
USGS	09427500	2016-01-26	549700	A	46.93	A
USGS	09427500	2016-01-27	547900	A	46.83	A
USGS	09427500	2016-01-28	551000	A	47.00	A
USGS	09427500	2016-01-29	551900	A	47.05	A
USGS	09427500	2016-01-30	552300	A	47.07	A
USGS	09427500	2016-01-31	554900	A	47.21	A
USGS	09427500	2016-02-01	551900	A	47.05	A
USGS	09427500	2016-02-02	552300	A	47.07	A
USGS	09427500	2016-02-03	551000	A	47.00	A
USGS	09427500	2016-02-04	553800	A	47.15	A
USGS	09427500	2016-02-05	555800	A	47.26	A
USGS	09427500	2016-02-06	559000	A	47.43	A
USGS	09427500	2016-02-07	560000	A	47.48	A
USGS	09427500	2016-02-08	558300	A	47.39	A
USGS	09427500	2016-02-09	557300	A	47.34	A
USGS	09427500	2016-02-10	554100	A	47.17	A
USGS	09427500	2016-02-11	556600	A	47.30	A
USGS	09427500	2016-02-12	557700	A	47.36	A
USGS	09427500	2016-02-13	558800	A	47.42	A
USGS	09427500	2016-02-14	559600	A	47.46	A
USGS	09427500	2016-02-15	558500	A	47.40	A
USGS	09427500	2016-02-16	555600	A	47.25	A
USGS	09427500	2016-02-17	551500	A	47.03	A
USGS	09427500	2016-02-18	550300	A	46.96	A
USGS	09427500	2016-02-19	547000	A	46.78	A
USGS	09427500	2016-02-20	548100	A	46.84	A
USGS	09427500	2016-02-21	548600	A	46.87	A
USGS	09427500	2016-02-22	548600	A	46.87	A
USGS	09427500	2016-02-23	553800	A	47.15	A
USGS	09427500	2016-02-24	552600	A	47.09	A
USGS	09427500	2016-02-25	563200	A	47.65	A
USGS	09427500	2016-02-26	561500	A	47.56	A
USGS	09427500	2016-02-27	560700	A	47.52	A
USGS	09427500	2016-02-28	557900	A	47.37	A
USGS	09427500	2016-02-29	554100	A	47.17	A
USGS	09427500	2016-03-01	556600	A	47.30	A
USGS	09427500	2016-03-02	556800	A	47.31	A
USGS	09427500	2016-03-03	563500	A	47.67	A
USGS	09427500	2016-03-04	566000	A	47.80	A
USGS	09427500	2016-03-05	567900	A	47.90	A
USGS	09427500	2016-03-06	572600	A	48.15	A
USGS	09427500	2016-03-07	572000	A	48.12	A
USGS	09427500	2016-03-08	573700	A	48.21	A
USGS	09427500	2016-03-09	571600	A	48.10	A
USGS	09427500	2016-03-10	578900	A	48.48	A
USGS	09427500	2016-03-11	581000	A	48.59	A
USGS	09427500	2016-03-12	578900	A	48.48	A
USGS	09427500	2016-03-13	580800	A	48.58	A
USGS	09427500	2016-03-14	584200	A	48.76	A
USGS	09427500	2016-03-15	583200	A	48.71	A
USGS	09427500	2016-03-16	580200	A	48.55	A
USGS	09427500	2016-03-17	586100	A	48.86	A
USGS	09427500	2016-03-18	583800	A	48.74	A
USGS	09427500	2016-03-19	582300	A	48.66	A
USGS	09427500	2016-03-20	581900	A	48.64	A
USGS	09427500	2016-03-21	580400	A	48.56	A
USGS	09427500	2016-03-22	579000	A	48.49	A
USGS	09427500	2016-03-23	572200	A	48.13	A
USGS	09427500	2016-03-24	579600	A	48.52	A
USGS	09427500	2016-03-25	578100	A	48.44	A
USGS	09427500	2016-03-26	578100	A	48.44	A
USGS	09427500	2016-03-27	576600	A	48.36	A
USGS	09427500	2016-03-28	577000	A	48.38	A
USGS	09427500	2016-03-29	577000	A	48.38	A
USGS	09427500	2016-03-30	569600	A	47.99	A
USGS	09427500	2016-03-31	570900	A	48.06	A
USGS	09427500	2016-04-01	568600	A	47.94	A
USGS	09427500	2016-04-02	570300	A	48.03	A
USGS	09427500	2016-04-03	570700	A	48.05	A
USGS	09427500	2016-04-04	571300	A	48.08	A
USGS	09427500	2016-04-05	571300	A	48.08	A
USGS	09427500	2016-04-06	571400	A	48.09	A
USGS	09427500	2016-04-07	575800	A	48.32	A
USGS	09427500	2016-04-08	584900	A	48.80	A
USGS	09427500	2016-04-09	592700	A	49.20	A
USGS	09427500	2016-04-10	600600	A	49.60	A
USGS	09427500	2016-04-11	601800	A	49.66	A
USGS	09427500	2016-04-12	599200	A	49.53	A
USGS	09427500	2016-04-13	596400	A	49.39	A
USGS	09427500	2016-04-14	597800	A	49.46	A
USGS	09427500	2016-04-15	592500	A	49.19	A
USGS	09427500	2016-04-16	590100	A	49.07	A
USGS	09427500	2016-04-17	587400	A	48.93	A
USGS	09427500	2016-04-18	587800	A	48.95	A
USGS	09427500	2016-04-19	585300	A	48.82	A
USGS	09427500	2016-04-20	578700	A	48.47	A
USGS	09427500	2016-04-21	585100	A	48.81	A
USGS	09427500	2016-04-22	585100	A	48.81	A
USGS	09427500	2016-04-23	587800	A	48.95	A
USGS	09427500	2016-04-24	589900	A	49.06	A
USGS	09427500	2016-04-25	593500	A	49.24	A
USGS	09427500	2016-04-26	590500	A	49.09	A
USGS	09427500	2016-04-27	589900	A	49.06	A
USGS	09427500	2016-04-28	597200	A	49.43	A
USGS	09427500	2016-04-29	597600	A	49.45	A
USGS	09427500	2016-04-30	599200	A	49.53	A
USGS	09427500	2016-05-01	597200	A	49.43	A
USGS	09427500	2016-05-02	594600	A	49.30	A
USGS	09427500	2016-05-03	593900	A	49.26	A
USGS	09427500	2016-05-04	589100	A	49.02	A
USGS	09427500	2016-05-05	595200	A	49.33	A
USGS	09427500	2016-05-06	592700	A	49.20	A
USGS	09427500	2016-05-07	593300	A	49.23	A
USGS	09427500	2016-05-08	593300	A	49.23	A
USGS	09427500	2016-05-09	592100	A	49.17	A
USGS	09427500	2016-05-10	592300	A	49.18	A
USGS	09427500	2016-05-11	592300	A	49.18	A
USGS	09427500	2016-05-12	597800	A	49.46	A
USGS	09427500	2016-05-13	595200	A	49.33	A
USGS	09427500	2016-05-14	594300	A	49.28	A
USGS	09427500	2016-05-15	590100	A	49.07	A
USGS	09427500	2016-05-16	588700	A	49.00	A
USGS	09427500	2016-05-17	587800	A	48.95	A
USGS	09427500	2016-05-18	586300	A	48.87	A
USGS	09427500	2016-05-19	594100	A	49.27	A
USGS	09427500	2016-05-20	595400	A	49.34	A
USGS	09427500	2016-05-21	595400	A	49.34	A
USGS	09427500	2016-05-22	597200	A	49.43	A
USGS	09427500	2016-05-23	603800	A	49.76	A
USGS	09427500	2016-05-24	602200	A	49.68	A
USGS	09427500	2016-05-25	598400	A	49.49	A
USGS	09427500	2016-05-26	599800	A	49.56	A
USGS	09427500	2016-05-27	596000	A	49.37	A
USGS	09427500	2016-05-28	593900	A	49.26	A
USGS	09427500	2016-05-29	590500	A	49.09	A
USGS	09427500	2016-05-30	587600	A	48.94	A
USGS	09427500	2016-05-31	583600	A	48.73	A
USGS	09427500	2016-06-01	585500	A	48.83	A
USGS	09427500	2016-06-02	589900	A	49.06	A
USGS	09427500	2016-06-03	592900	A	49.21	A
USGS	09427500	2016-06-04	598600	A	49.50	A
USGS	09427500	2016-06-05	598800	A	49.51	A
USGS	09427500	2016-06-06	595600	A	49.35	A
USGS	09427500	2016-06-07	594600	A	49.30	A
USGS	09427500	2016-06-08	593300	A	49.23	A
USGS	09427500	2016-06-09	595200	A	49.33	A
USGS	09427500	2016-06-10	597800	A	49.46	A
USGS	09427500	2016-06-11	598000	A	49.47	A
USGS	09427500	2016-06-12	597800	A	49.46	A
USGS	09427500	2016-06-13	596600	A	49.40	A
USGS	09427500	2016-06-14	596400	A	49.39	A
USGS	09427500	2016-06-15	594600	A	49.30	A
USGS	09427500	2016-06-16	597600	A	49.45	A
USGS	09427500	2016-06-17	597400	A	49.44	A
USGS	09427500	2016-06-18	598000	A	49.47	A
USGS	09427500	2016-06-19	604400	A	49.79	A
USGS	09427500	2016-06-20	604400	A	49.79	A
USGS	09427500	2016-06-21	602800	A	49.71	A
USGS	09427500	2016-06-22	595000	A	49.32	A
USGS	09427500	2016-06-23	599000	A	49.52	A
USGS	09427500	2016-06-24	593500	A	49.24	A
USGS	09427500	2016-06-25	591700	A	49.15	A
USGS	09427500	2016-06-26	592300	A	49.18	A
USGS	09427500	2016-06-27	592500	A	49.19	A
USGS	09427500	2016-06-28	590900	A	49.11	A
USGS	09427500	2016-06-29	588600	A	48.99	A
USGS	09427500	2016-06-30	597800	A	49.46	A
USGS	09427500	2016-07-01	597000	A	49.42	A
USGS	09427500	2016-07-02	598400	A	49.49	A
USGS	09427500	2016-07-03	600800	A	49.61	A
USGS	09427500	2016-07-04	598000	A	49.47	A
USGS	09427500	2016-07-05	594600	A	49.30	A
USGS	09427500	2016-07-06	591700	A	49.15	A
USGS	09427500	2016-07-07	596200	A	49.38	A
USGS	09427500	2016-07-08	592700	A	49.20	A
USGS	09427500	2016-07-09	590100	A	49.07	A
USGS	09427500	2016-07-10	588400	A	48.98	A
USGS	09427500	2016-07-11	585500	A	48.83	A
USGS	09427500	2016-07-12	581500	A	48.62	A
USGS	09427500	2016-07-13	580000	A	48.54	A
USGS	09427500	2016-07-14	590900	A	49.11	A
USGS	09427500	2016-07-15	592100	A	49.17	A
USGS	09427500	2016-07-16	592900	A	49.21	A
USGS	09427500	2016-07-17	593300	A	49.23	A
USGS	09427500	2016-07-18	593900	A	49.26	A
USGS	09427500	2016-07-19	592100	A	49.17	A
USGS	09427500	2016-07-20	591100	A	49.12	A
USGS	09427500	2016-07-21	597000	A	49.42	A
USGS	09427500	2016-07-22	597800	A	49.46	A
USGS	09427500	2016-07-23	599000	A	49.52	A
USGS	09427500	2016-07-24	597400	A	49.44	A
USGS	09427500	2016-07-25	601200	A	49.63	A
USGS	09427500	2016-07-26	605200	A	49.83	A
USGS	09427500	2016-07-27	605800	A	49.86	A
USGS	09427500	2016-07-28	608600	A	50.00	A
USGS	09427500	2016-07-29	602800	A	49.71	A
USGS	09427500	2016-07-30	603200	A	49.73	A
USGS	09427500	2016-07-31	602400	A	49.69	A
USGS	09427500	2016-08-01	598600	A	49.50	A
USGS	09427500	2016-08-02	594400	A	49.29	A
USGS	09427500	2016-08-03	589900	A	49.06	A
USGS	09427500	2016-08-04	590900	A	49.11	A
USGS	09427500	2016-08-05	589900	A	49.06	A
USGS	09427500	2016-08-06	592100	A	49.17	A
USGS	09427500	2016-08-07	593300	A	49.23	A
USGS	09427500	2016-08-08	592900	A	49.21	A
USGS	09427500	2016-08-09	589700	A	49.05	A
USGS	09427500	2016-08-10	586600	A	48.89	A
USGS	09427500	2016-08-11	591300	A	49.13	A
USGS	09427500	2016-08-12	590100	A	49.07	A
USGS	09427500	2016-08-13	593500	A	49.24	A
USGS	09427500	2016-08-14	594400	A	49.29	A
USGS	09427500	2016-08-15	585500	A	48.83	A
USGS	09427500	2016-08-16	579200	A	48.50	A
USGS	09427500	2016-08-17	579200	A	48.50	A
USGS	09427500	2016-08-18	583000	A	48.70	A
USGS	09427500	2016-08-19	582500	A	48.67	A
USGS	09427500	2016-08-20	584900	A	48.80	A
USGS	09427500	2016-08-21	586500	A	48.88	A
USGS	09427500	2016-08-22	589900	A	49.06	A
USGS	09427500	2016-08-23	587400	A	48.93	A
USGS	09427500	2016-08-24	582800	A	48.69	A
USGS	09427500	2016-08-25	587400	A	48.93	A
USGS	09427500	2016-08-26	588000	A	48.96	A
USGS	09427500	2016-08-27	590700	A	49.10	A
USGS	09427500	2016-08-28	593100	A	49.22	A
USGS	09427500	2016-08-29	590100	A	49.07	A
USGS	09427500	2016-08-30	588900	A	49.01	A
USGS	09427500	2016-08-31	591700	A	49.15	A
USGS	09427500	2016-09-01	596000	A	49.37	A
USGS	09427500	2016-09-02	593900	A	49.26	A
USGS	09427500	2016-09-03	590900	A	49.11	A
USGS	09427500	2016-09-04	587600	A	48.94	A
USGS	09427500	2016-09-05	584800	A	48.79	A
USGS	09427500	2016-09-06	577900	A	48.43	A
USGS	09427500	2016-09-07	577700	A	48.42	A
USGS	09427500	2016-09-08	582700	A	48.68	A
USGS	09427500	2016-09-09	582300	A	48.66	A
USGS	09427500	2016-09-10	583800	A	48.74	A
USGS	09427500	2016-09-11	582800	A	48.69	A
USGS	09427500	2016-09-12	582100	A	48.65	A
USGS	09427500	2016-09-13	581000	A	48.59	A
USGS	09427500	2016-09-14	582700	A	48.68	A
USGS	09427500	2016-09-15	587000	A	48.91	A
USGS	09427500	2016-09-16	588900	A	49.01	A
USGS	09427500	2016-09-17	588900	A	49.01	A
USGS	09427500	2016-09-18	588400	A	48.98	A
USGS	09427500	2016-09-19	591700	A	49.15	A
USGS	09427500	2016-09-20	597400	A	49.44	A
USGS	09427500	2016-09-21	603800	A	49.76	A
USGS	09427500	2016-09-22	608200	A	49.98	A
USGS	09427500	2016-09-23	603000	A	49.72	A
USGS	09427500	2016-09-24	597600	A	49.45	A
USGS	09427500	2016-09-25	591900	A	49.16	A
USGS	09427500	2016-09-26	586100	A	48.86	A
USGS	09427500	2016-09-27	579400	A	48.51	A
USGS	09427500	2016-09-28	577900	A	48.43	A
USGS	09427500	2016-09-29	582700	A	48.68	A
USGS	09427500	2016-09-30	581500	A	48.62	A
USGS	09427500	2016-10-01	581000	A	48.59	A
USGS	09427500	2016-10-02	576400	A	48.35	A
USGS	09427500	2016-10-03	576200	A	48.34	A
USGS	09427500	2016-10-04	576200	A	48.34	A
USGS	09427500	2016-10-05	579200	A	48.50	A
USGS	09427500	2016-10-06	587600	A	48.94	A
USGS	09427500	2016-10-07	587000	A	48.91	A
USGS	09427500	2016-10-08	584600	A	48.78	A
USGS	09427500	2016-10-09	581900	A	48.64	A
USGS	09427500	2016-10-10	581300	A	48.61	A
USGS	09427500	2016-10-11	581700	A	48.63	A
USGS	09427500	2016-10-12	586500	A	48.88	A
USGS	09427500	2016-10-13	592100	A	49.17	A
USGS	09427500	2016-10-14	592500	A	49.19	A
USGS	09427500	2016-10-15	591500	A	49.14	A
USGS	09427500	2016-10-16	588600	A	48.99	A
USGS	09427500	2016-10-17	589300	A	49.03	A
USGS	09427500	2016-10-18	586500	A	48.88	A
USGS	09427500	2016-10-19	584900	A	48.80	A
USGS	09427500	2016-10-20	585300	A	48.82	A
USGS	09427500	2016-10-21	580400	A	48.56	A
USGS	09427500	2016-10-22	579200	A	48.50	A
USGS	09427500	2016-10-23	579400	A	48.51	A
USGS	09427500	2016-10-24	576200	A	48.34	A
USGS	09427500	2016-10-25	575400	A	48.30	A
USGS	09427500	2016-10-26	577900	A	48.43	A
USGS	09427500	2016-10-27	583000	A	48.70	A
USGS	09427500	2016-10-28	581100	A	48.60	A
USGS	09427500	2016-10-29	577700	A	48.42	A
USGS	09427500	2016-10-30	569700	A	48.00	A
USGS	09427500	2016-10-31	561700	A	47.57	A
USGS	09427500	2016-11-01	555800	A	47.26	A
USGS	09427500	2016-11-02	551900	A	47.05	A
USGS	09427500	2016-11-03	555300	A	47.23	A
USGS	09427500	2016-11-04	555300	A	47.23	A
USGS	09427500	2016-11-05	554000	A	47.16	A
USGS	09427500	2016-11-06	551900	A	47.05	A
USGS	09427500	2016-11-07	551300	A	47.02	A
USGS	09427500	2016-11-08	549200	A	46.90	A
USGS	09427500	2016-11-09	548300	A	46.85	A
USGS	09427500	2016-11-10	551200	A	47.01	A
USGS	09427500	2016-11-11	549500	A	46.92	A
USGS	09427500	2016-11-12	550300	A	46.96	A
USGS	09427500	2016-11-13	550100	A	46.95	A
USGS	09427500	2016-11-14	549500	A	46.92	A
USGS	09427500	2016-11-15	551900	A	47.05	A
USGS	09427500	2016-11-16	555500	A	47.24	A
USGS	09427500	2016-11-17	558500	A	47.40	A
USGS	09427500	2016-11-18	553800	A	47.15	A
USGS	09427500	2016-11-19	552800	A	47.10	A
USGS	09427500	2016-11-20	546700	A	46.76	A
USGS	09427500	2016-11-21	551200	A	47.01	A
USGS	09427500	2016-11-22	549500	A	46.92	A
USGS	09427500	2016-11-23	548800	A	46.88	A
USGS	09427500	2016-11-24	555800	A	47.26	A
USGS	09427500	2016-11-25	559200	A	47.44	A
USGS	09427500	2016-11-26	559800	A	47.47	A
USGS	09427500	2016-11-27	554900	A	47.21	A
USGS	09427500	2016-11-28	552500	A	47.08	A
USGS	09427500	2016-11-29	552500	A	47.08	A
USGS	09427500	2016-11-30	550800	A	46.99	A
USGS	09427500	2016-12-01	554100	A	47.17	A
USGS	09427500	2016-12-02	552500	A	47.08	A
USGS	09427500	2016-12-03	549500	A	46.92	A
USGS	09427500	2016-12-04	545400	A	46.69	A
USGS	09427500	2016-12-05	542500	A	46.53	A
USGS	09427500	2016-12-06	543800	A	46.60	A
USGS	09427500	2016-12-07	549200	A	46.90	A
USGS	09427500	2016-12-08	555500	A	47.24	A
USGS	09427500	2016-12-09	553600	A	47.14	A
USGS	09427500	2016-12-10	550600	A	46.98	A
USGS	09427500	2016-12-11	547700	A	46.82	A
USGS	09427500	2016-12-12	547400	A	46.80	A
USGS	09427500	2016-12-13	546700	A	46.76	A
USGS	09427500	2016-12-14	547200	A	46.79	A
USGS	09427500	2016-12-15	552300	A	47.07	A
USGS	09427500	2016-12-16	549900	A	46.94	A
USGS	09427500	2016-12-17	546300	A	46.74	A
USGS	09427500	2016-12-18	544700	A	46.65	A
USGS	09427500	2016-12-19	544500	A	46.64	A
USGS	09427500	2016-12-20	547700	A	46.82	A
USGS	09427500	2016-12-21	550800	A	46.99	A
USGS	09427500	2016-12-22	557000	A	47.32	A
USGS	09427500	2016-12-23	563900	A	47.69	A
USGS	09427500	2016-12-24	566600	A	47.83	A
USGS	09427500	2016-12-25	568600	A	47.94	A
USGS	09427500	2016-12-26	567300	A	47.87	A
USGS	09427500	2016-12-27	567900	A	47.90	A
USGS	09427500	2016-12-28	568600	A	47.94	A
USGS	09427500	2016-12-29	569200	A	47.97	A
USGS	09427500	2016-12-30	572600	A	48.15	A
USGS	09427500	2016-12-31	574900	A	48.27	A
USGS	09427500	2017-01-01	583000	A	48.70	A
USGS	09427500	2017-01-02	579600	A	48.52	A
USGS	09427500	2017-01-03	578900	A	48.48	A
USGS	09427500	2017-01-04	578500	A	48.46	A
USGS	09427500	2017-01-05	579800	A	48.53	A
USGS	09427500	2017-01-06	575800	A	48.32	A
USGS	09427500	2017-01-07	576200	A	48.34	A
USGS	09427500	2017-01-08	577500	A	48.41	A
USGS	09427500	2017-01-09	577000	A	48.38	A
USGS	09427500	2017-01-10	581900	A	48.64	A
USGS	09427500	2017-01-11	582100	A	48.65	A
USGS	09427500	2017-01-12	587600	A	48.94	A
USGS	09427500	2017-01-13	585700	A	48.84	A
USGS	09427500	2017-01-14	584800	A	48.79	A
USGS	09427500	2017-01-15	582500	A	48.67	A
USGS	09427500	2017-01-16	583200	A	48.71	A
USGS	09427500	2017-01-17	587200	A	48.92	A
USGS	09427500	2017-01-18	587600	A	48.94	A
USGS	09427500	2017-01-19	583800	A	48.74	A
USGS	09427500	2017-01-20	585700	A	48.84	A
USGS	09427500	2017-01-21	582700	A	48.68	A
USGS	09427500	2017-01-22	582100	A	48.65	A
USGS	09427500	2017-01-23	583400	A	48.72	A
USGS	09427500	2017-01-24	582800	A	48.69	A
USGS	09427500	2017-01-25	581900	A	48.64	A
USGS	09427500	2017-01-26	587200	A	48.92	A
USGS	09427500	2017-01-27	585700	A	48.84	A
USGS	09427500	2017-01-28	581500	A	48.62	A
USGS	09427500	2017-01-29	575800	A	48.32	A
USGS	09427500	2017-01-30	573000	A	48.17	A
USGS	09427500	2017-01-31	569400	A	47.98	A
USGS	09427500	2017-02-01	567900	A	47.90	A
USGS	09427500	2017-02-02	575800	A	48.32	A
USGS	09427500	2017-02-03	575800	A	48.32	A
USGS	09427500	2017-02-04	578500	A	48.46	A
USGS	09427500	2017-02-05	578700	A	48.47	A
USGS	09427500	2017-02-06	583800	A	48.74	A
USGS	09427500	2017-02-07	588600	A	48.99	A
USGS	09427500	2017-02-08	593100	A	49.22	A
USGS	09427500	2017-02-09	598800	A	49.51	A
USGS	09427500	2017-02-10	592900	A	49.21	A
USGS	09427500	2017-02-11	586600	A	48.89	A
USGS	09427500	2017-02-12	578900	A	48.48	A
USGS	09427500	2017-02-13	572000	A	48.12	A
USGS	09427500	2017-02-14	572000	A	48.12	A
USGS	09427500	2017-02-15	570900	A	48.06	A
USGS	09427500	2017-02-16	582300	A	48.66	A
USGS	09427500	2017-02-17	583000	A	48.70	A
USGS	09427500	2017-02-18	590300	A	49.08	A
USGS	09427500	2017-02-19	593300	A	49.23	A
USGS	09427500	2017-02-20	594600	A	49.30	A
USGS	09427500	2017-02-21	589100	A	49.02	A
USGS	09427500	2017-02-22	582700	A	48.68	A
USGS	09427500	2017-02-23	586500	A	48.88	A
USGS	09427500	2017-02-24	581900	A	48.64	A
USGS	09427500	2017-02-25	584600	A	48.78	A
USGS	09427500	2017-02-26	584400	A	48.77	A
USGS	09427500	2017-02-27	585300	A	48.82	A
USGS	09427500	2017-02-28	587800	A	48.95	A
USGS	09427500	2017-03-01	592100	A	49.17	A
USGS	09427500	2017-03-02	595400	A	49.34	A
USGS	09427500	2017-03-03	594300	A	49.28	A
USGS	09427500	2017-03-04	593700	A	49.25	A
USGS	09427500	2017-03-05	594300	A	49.28	A
USGS	09427500	2017-03-06	592100	A	49.17	A
USGS	09427500	2017-03-07	586600	A	48.89	A
USGS	09427500	2017-03-08	583800	A	48.74	A
USGS	09427500	2017-03-09	583000	A	48.70	A
USGS	09427500	2017-03-10	580400	A	48.56	A
USGS	09427500	2017-03-11	578500	A	48.46	A
USGS	09427500	2017-03-12	576800	A	48.37	A
USGS	09427500	2017-03-13	576600	A	48.36	A
USGS	09427500	2017-03-14	578900	A	48.48	A
USGS	09427500	2017-03-15	577700	A	48.42	A
USGS	09427500	2017-03-16	584900	A	48.80	A
USGS	09427500	2017-03-17	584800	A	48.79	A
USGS	09427500	2017-03-18	586100	A	48.86	A
USGS	09427500	2017-03-19	588400	A	48.98	A
USGS	09427500	2017-03-20	587600	A	48.94	A
USGS	09427500	2017-03-21	587200	A	48.92	A
USGS	09427500	2017-03-22	588700	A	49.00	A
USGS	09427500	2017-03-23	593300	A	49.23	A
USGS	09427500	2017-03-24	588400	A	48.98	A
USGS	09427500	2017-03-25	585300	A	48.82	A
USGS	09427500	2017-03-26	583000	A	48.70	A
USGS	09427500	2017-03-27	584900	A	48.80	A
USGS	09427500	2017-03-28	584400	A	48.77	A
USGS	09427500	2017-03-29	582700	A	48.68	A
USGS	09427500	2017-03-30	585300	A	48.82	A
USGS	09427500	2017-03-31	579000	A	48.49	A
USGS	09427500	2017-04-01	575800	A	48.32	A
USGS	09427500	2017-04-02	574700	A	48.26	A
USGS	09427500	2017-04-03	574700	A	48.26	A
USGS	09427500	2017-04-04	575100	A	48.28	A
USGS	09427500	2017-04-05	574700	A	48.26	A
USGS	09427500	2017-04-06	577300	A	48.40	A
USGS	09427500	2017-04-07	572400	A	48.14	A
USGS	09427500	2017-04-08	571600	A	48.10	A
USGS	09427500	2017-04-09	569700	A	48.00	A
USGS	09427500	2017-04-10	574900	A	48.27	A
USGS	09427500	2017-04-11	580000	A	48.54	A
USGS	09427500	2017-04-12	580800	A	48.58	A
USGS	09427500	2017-04-13	581500	A	48.62	A
USGS	09427500	2017-04-14	579600	A	48.52	A
USGS	09427500	2017-04-15	581500	A	48.62	A
USGS	09427500	2017-04-16	583600	A	48.73	A
USGS	09427500	2017-04-17	586800	A	48.90	A
USGS	09427500	2017-04-18	583800	A	48.74	A
USGS	09427500	2017-04-19	577000	A	48.38	A
USGS	09427500	2017-04-20	589500	A	49.04	A
USGS	09427500	2017-04-21	587200	A	48.92	A
USGS	09427500	2017-04-22	584400	A	48.77	A
USGS	09427500	2017-04-23	580200	A	48.55	A
USGS	09427500	2017-04-24	579000	A	48.49	A
USGS	09427500	2017-04-25	585300	A	48.82	A
USGS	09427500	2017-04-26	592700	A	49.20	A
USGS	09427500	2017-04-27	602800	A	49.71	A
USGS	09427500	2017-04-28	599400	A	49.54	A
USGS	09427500	2017-04-29	597400	A	49.44	A
USGS	09427500	2017-04-30	596200	A	49.38	A
USGS	09427500	2017-05-01	598600	A	49.50	A
USGS	09427500	2017-05-02	595600	A	49.35	A
USGS	09427500	2017-05-03	597400	A	49.44	A
USGS	09427500	2017-05-04	604200	A	49.78	A
USGS	09427500	2017-05-05	601200	A	49.63	A
USGS	09427500	2017-05-06	600800	A	49.61	A
USGS	09427500	2017-05-07	597200	A	49.43	A
USGS	09427500	2017-05-08	593100	A	49.22	A
USGS	09427500	2017-05-09	594400	A	49.29	A
USGS	09427500	2017-05-10	603200	A	49.73	A
USGS	09427500	2017-05-11	610000	A	50.07	A
USGS	09427500	2017-05-12	599800	A	49.56	A
USGS	09427500	2017-05-13	595600	A	49.35	A
USGS	09427500	2017-05-14	591100	A	49.12	A
USGS	09427500	2017-05-15	592900	A	49.21	A
USGS	09427500	2017-05-16	597600	A	49.45	A
USGS	09427500	2017-05-17	598200	A	49.48	A
USGS	09427500	2017-05-18	600800	A	49.61	A
USGS	09427500	2017-05-19	587000	A	48.91	A
USGS	09427500	2017-05-20	576000	A	48.33	A
USGS	09427500	2017-05-21	576400	A	48.35	A
USGS	09427500	2017-05-22	576800	A	48.37	A
USGS	09427500	2017-05-23	579000	A	48.49	A
USGS	09427500	2017-05-24	580400	A	48.56	A
USGS	09427500	2017-05-25	588600	A	48.99	A
USGS	09427500	2017-05-26	584900	A	48.80	A
USGS	09427500	2017-05-27	584600	A	48.78	A
USGS	09427500	2017-05-28	586800	A	48.90	A
USGS	09427500	2017-05-29	587200	A	48.92	A
USGS	09427500	2017-05-30	588600	A	48.99	A
USGS	09427500	2017-05-31	588900	A	49.01	A
USGS	09427500	2017-06-01	597000	A	49.42	A
USGS	09427500	2017-06-02	593700	A	49.25	A
USGS	09427500	2017-06-03	593100	A	49.22	A
USGS	09427500	2017-06-04	588700	A	49.00	A
USGS	09427500	2017-06-05	587600	A	48.94	A
USGS	09427500	2017-06-06	586100	A	48.86	A
USGS	09427500	2017-06-07	584800	A	48.79	A
USGS	09427500	2017-06-08	589300	A	49.03	A
USGS	09427500	2017-06-09	590100	A	49.07	A
USGS	09427500	2017-06-10	587600	A	48.94	A
USGS	09427500	2017-06-11	586100	A	48.86	A
USGS	09427500	2017-06-12	585100	A	48.81	A
USGS	09427500	2017-06-13	582700	A	48.68	A
USGS	09427500	2017-06-14	580000	A	48.54	A
USGS	09427500	2017-06-15	588900	A	49.01	A
USGS	09427500	2017-06-16	584200	A	48.76	A
USGS	09427500	2017-06-17	580600	A	48.57	A
USGS	09427500	2017-06-18	575100	A	48.28	A
USGS	09427500	2017-06-19	577900	A	48.43	A
USGS	09427500	2017-06-20	581900	A	48.64	A
USGS	09427500	2017-06-21	587000	A	48.91	A
USGS	09427500	2017-06-22	591900	A	49.16	A
USGS	09427500	2017-06-23	590500	A	49.09	A
USGS	09427500	2017-06-24	589300	A	49.03	A
USGS	09427500	2017-06-25	587400	A	48.93	A
USGS	09427500	2017-06-26	585900	A	48.85	A
USGS	09427500	2017-06-27	582800	A	48.69	A
USGS	09427500	2017-06-28	579800	A	48.53	A
USGS	09427500	2017-06-29	588600	A	48.99	A
USGS	09427500	2017-06-30	590100	A	49.07	A
USGS	09427500	2017-07-01	590700	A	49.10	A
USGS	09427500	2017-07-02	589700	A	49.05	A
USGS	09427500	2017-07-03	591500	A	49.14	A
USGS	09427500	2017-07-04	588200	A	48.97	A
USGS	09427500	2017-07-05	587600	A	48.94	A
USGS	09427500	2017-07-06	590700	A	49.10	A
USGS	09427500	2017-07-07	587800	A	48.95	A
USGS	09427500	2017-07-08	584800	A	48.79	A
USGS	09427500	2017-07-09	578100	A	48.44	A
USGS	09427500	2017-07-10	574300	A	48.24	A
USGS	09427500	2017-07-11	572000	A	48.12	A
USGS	09427500	2017-07-12	576000	A	48.33	A
USGS	09427500	2017-07-13	586100	A	48.86	A
USGS	09427500	2017-07-14	585100	A	48.81	A
USGS	09427500	2017-07-15	584800	A	48.79	A
USGS	09427500	2017-07-16	583000	A	48.70	A
USGS	09427500	2017-07-17	581500	A	48.62	A
USGS	09427500	2017-07-18	577200	A	48.39	A
USGS	09427500	2017-07-19	577700	A	48.42	A
USGS	09427500	2017-07-20	586100	A	48.86	A
USGS	09427500	2017-07-21	588400	A	48.98	A
USGS	09427500	2017-07-22	589100	A	49.02	A
USGS	09427500	2017-07-23	587600	A	48.94	A
USGS	09427500	2017-07-24	591500	A	49.14	A
USGS	09427500	2017-07-25	596800	A	49.41	A
USGS	09427500	2017-07-26	596000	A	49.37	A
USGS	09427500	2017-07-27	596600	A	49.40	A
USGS	09427500	2017-07-28	591100	A	49.12	A
USGS	09427500	2017-07-29	589100	A	49.02	A
USGS	09427500	2017-07-30	591100	A	49.12	A
USGS	09427500	2017-07-31	593500	A	49.24	A
USGS	09427500	2017-08-01	597800	A	49.46	A
USGS	09427500	2017-08-02	599000	A	49.52	A
USGS	09427500	2017-08-03	603200	A	49.73	A
USGS	09427500	2017-08-04	599400	A	49.54	A
USGS	09427500	2017-08-05	597400	A	49.44	A
USGS	09427500	2017-08-06	597600	A	49.45	A
USGS	09427500	2017-08-07	600400	A	49.59	A
USGS	09427500	2017-08-08	595000	A	49.32	A
USGS	09427500	2017-08-09	599200	A	49.53	A
USGS	09427500	2017-08-10	594800	A	49.31	A
USGS	09427500	2017-08-11	588400	A	48.98	A
USGS	09427500	2017-08-12	583400	A	48.72	A
USGS	09427500	2017-08-13	582500	A	48.67	A
USGS	09427500	2017-08-14	576600	A	48.36	A
USGS	09427500	2017-08-15	571600	A	48.10	A
USGS	09427500	2017-08-16	572000	A	48.12	A
USGS	09427500	2017-08-17	580600	A	48.57	A
USGS	09427500	2017-08-18	579600	A	48.52	A
USGS	09427500	2017-08-19	575600	A	48.31	A
USGS	09427500	2017-08-20	572200	A	48.13	A
USGS	09427500	2017-08-21	574100	A	48.23	A
USGS	09427500	2017-08-22	574700	A	48.26	A
USGS	09427500	2017-08-23	579600	A	48.52	A
USGS	09427500	2017-08-24	591500	A	49.14	A
USGS	09427500	2017-08-25	589300	A	49.03	A
USGS	09427500	2017-08-26	588400	A	48.98	A
USGS	09427500	2017-08-27	587200	A	48.92	A
USGS	09427500	2017-08-28	588600	A	48.99	A
USGS	09427500	2017-08-29	588200	A	48.97	A
USGS	09427500	2017-08-30	586600	A	48.89	A
USGS	09427500	2017-08-31	587600	A	48.94	A
USGS	09427500	2017-09-01	586600	A	48.89	A
USGS	09427500	2017-09-02	583000	A	48.70	A
USGS	09427500	2017-09-03	581700	A	48.63	A
USGS	09427500	2017-09-04	579400	A	48.51	A
USGS	09427500	2017-09-05	578900	A	48.48	A
USGS	09427500	2017-09-06	583200	A	48.71	A
USGS	09427500	2017-09-07	590300	A	49.08	A
USGS	09427500	2017-09-08	590900	A	49.11	A
USGS	09427500	2017-09-09	598200	A	49.48	A
USGS	09427500	2017-09-10	594600	A	49.30	A
USGS	09427500	2017-09-11	594100	A	49.27	A
USGS	09427500	2017-09-12	589500	A	49.04	A
USGS	09427500	2017-09-13	587200	A	48.92	A
USGS	09427500	2017-09-14	591700	A	49.15	A
USGS	09427500	2017-09-15	588700	A	49.00	A
USGS	09427500	2017-09-16	582700	A	48.68	A
USGS	09427500	2017-09-17	576400	A	48.35	A
USGS	09427500	2017-09-18	573000	A	48.17	A
USGS	09427500	2017-09-19	572400	A	48.14	A
USGS	09427500	2017-09-20	571800	A	48.11	A
USGS	09427500	2017-09-21	582500	A	48.67	A
USGS	09427500	2017-09-22	579000	A	48.49	A
USGS	09427500	2017-09-23	573000	A	48.17	A
USGS	09427500	2017-09-24	563900	A	47.69	A
USGS	09427500	2017-09-25	564700	A	47.73	A
USGS	09427500	2017-09-26	568600	A	47.94	A
USGS	09427500	2017-09-27	566200	A	47.81	A
USGS	09427500	2017-09-28	570700	A	48.05	A
USGS	09427500	2017-09-29	566700	A	47.84	A
USGS	09427500	2017-09-30	566200	A	47.81	A
USGS	09427500	2017-10-01	566200	A	47.81	A
USGS	09427500	2017-10-02	572400	A	48.14	A
USGS	09427500	2017-10-03	575600	A	48.31	A
USGS	09427500	2017-10-04	584600	A	48.78	A
USGS	09427500	2017-10-05	596000	A	49.37	A
USGS	09427500	2017-10-06	593700	A	49.25	A
USGS	09427500	2017-10-07	593700	A	49.25	A
USGS	09427500	2017-10-08	598600	A	49.50	A
USGS	09427500	2017-10-09	596200	A	49.38	A
USGS	09427500	2017-10-10	594600	A	49.30	A
USGS	09427500	2017-10-11	592500	A	49.19	A
USGS	09427500	2017-10-12	594800	A	49.31	A
USGS	09427500	2017-10-13	589900	A	49.06	A
USGS	09427500	2017-10-14	585300	A	48.82	A
USGS	09427500	2017-10-15	578100	A	48.44	A
USGS	09427500	2017-10-16	574700	A	48.26	A
USGS	09427500	2017-10-17	573000	A	48.17	A
USGS	09427500	2017-10-18	571300	A	48.08	A
USGS	09427500	2017-10-19	575100	A	48.28	A
USGS	09427500	2017-10-20	571100	A	48.07	A
USGS	09427500	2017-10-21	568800	A	47.95	A
USGS	09427500	2017-10-22	566200	A	47.81	A
USGS	09427500	2017-10-23	567100	A	47.86	A
USGS	09427500	2017-10-24	561500	A	47.56	A
USGS	09427500	2017-10-25	559000	A	47.43	A
USGS	09427500	2017-10-26	563700	A	47.68	A
USGS	09427500	2017-10-27	563500	A	47.67	A
USGS	09427500	2017-10-28	559000	A	47.43	A
USGS	09427500	2017-10-29	553800	A	47.15	A
USGS	09427500	2017-10-30	551300	A	47.02	A
USGS	09427500	2017-10-31	549900	A	46.94	A
USGS	09427500	2017-11-01	552300	A	47.07	A
USGS	09427500	2017-11-02	559200	A	47.44	A
USGS	09427500	2017-11-03	559000	A	47.43	A
USGS	09427500	2017-11-04	555600	A	47.25	A
USGS	09427500	2017-11-05	557300	A	47.34	A
USGS	09427500	2017-11-06	559200	A	47.44	A
USGS	09427500	2017-11-07	561500	A	47.56	A
USGS	09427500	2017-11-08	562200	A	47.60	A
USGS	09427500	2017-11-09	562400	A	47.61	A
USGS	09427500	2017-11-10	560500	A	47.51	A
USGS	09427500	2017-11-11	562800	A	47.63	A
USGS	09427500	2017-11-12	563900	A	47.69	A
USGS	09427500	2017-11-13	566400	A	47.82	A
USGS	09427500	2017-11-14	569600	A	47.99	A
USGS	09427500	2017-11-15	569600	A	47.99	A
USGS	09427500	2017-11-16	577500	A	48.41	A
USGS	09427500	2017-11-17	576600	A	48.36	A
USGS	09427500	2017-11-18	576600	A	48.36	A
USGS	09427500	2017-11-19	575200	A	48.29	A
USGS	09427500	2017-11-20	579600	A	48.52	A
USGS	09427500	2017-11-21	579600	A	48.52	A
USGS	09427500	2017-11-22	578300	A	48.45	A
USGS	09427500	2017-11-23	578700	A	48.47	A
USGS	09427500	2017-11-24	577500	A	48.41	A
USGS	09427500	2017-11-25	577200	A	48.39	A
USGS	09427500	2017-11-26	579600	A	48.52	A
USGS	09427500	2017-11-27	579200	A	48.50	A
USGS	09427500	2017-11-28	577200	A	48.39	A
USGS	09427500	2017-11-29	577000	A	48.38	A
USGS	09427500	2017-11-30	579000	A	48.49	A
USGS	09427500	2017-12-01	576000	A	48.33	A
USGS	09427500	2017-12-02	572800	A	48.16	A
USGS	09427500	2017-12-03	568600	A	47.94	A
USGS	09427500	2017-12-04	567500	A	47.88	A
USGS	09427500	2017-12-05	562400	A	47.61	A
USGS	09427500	2017-12-06	557500	A	47.35	A
USGS	09427500	2017-12-07	551500	A	47.03	A
USGS	09427500	2017-12-08	547400	A	46.80	A
USGS	09427500	2017-12-09	546300	A	46.74	A
USGS	09427500	2017-12-10	544900	A	46.66	A
USGS	09427500	2017-12-11	544000	A	46.61	A
USGS	09427500	2017-12-12	544000	A	46.61	A
USGS	09427500	2017-12-13	543600	A	46.59	A
USGS	09427500	2017-12-14	546700	A	46.76	A
USGS	09427500	2017-12-15	547200	A	46.79	A
USGS	09427500	2017-12-16	548300	A	46.85	A
USGS	09427500	2017-12-17	547200	A	46.79	A
USGS	09427500	2017-12-18	549200	A	46.90	A
USGS	09427500	2017-12-19	546300	A	46.74	A
USGS	09427500	2017-12-20	545000	A	46.67	A
USGS	09427500	2017-12-21	549900	A	46.94	A
USGS	09427500	2017-12-22	555800	A	47.26	A
USGS	09427500	2017-12-23	553200	A	47.12	A
USGS	09427500	2017-12-24	551900	A	47.05	A
USGS	09427500	2017-12-25	549900	A	46.94	A
USGS	09427500	2017-12-26	548800	A	46.88	A
USGS	09427500	2017-12-27	550800	A	46.99	A
USGS	09427500	2017-12-28	557500	A	47.35	A
USGS	09427500	2017-12-29	562600	A	47.62	A
USGS	09427500	2017-12-30	559200	A	47.44	A
USGS	09427500	2017-12-31	559200	A	47.44	A
USGS	09427500	2018-01-01	560500	A	47.51	A
