,datetime,BENNINGTON_LAKE_NEAR_WALLA_WALLA__WA.
0,2011-01-01,1192.88
1,2011-01-02,1192.89
2,2011-01-03,1192.9
3,2011-01-04,1192.91
4,2011-01-05,1192.87
5,2011-01-06,1192.9225301204817
6,2011-01-07,1192.9750602409638
7,2011-01-08,1193.0275903614456
8,2011-01-09,1193.0801204819277
9,2011-01-10,1193.1326506024095
10,2011-01-11,1193.1851807228916
11,2011-01-12,1193.2377108433734
12,2011-01-13,1193.2902409638552
13,2011-01-14,1193.3427710843373
14,2011-01-15,1193.3953012048191
15,2011-01-16,1193.4478313253012
16,2011-01-17,1193.500361445783
17,2011-01-18,1193.5528915662649
18,2011-01-19,1193.605421686747
19,2011-01-20,1193.6579518072288
20,2011-01-21,1193.7104819277108
21,2011-01-22,1193.7630120481926
22,2011-01-23,1193.8155421686747
23,2011-01-24,1193.8680722891565
24,2011-01-25,1193.9206024096384
25,2011-01-26,1193.9731325301204
26,2011-01-27,1194.0256626506023
27,2011-01-28,1194.0781927710843
28,2011-01-29,1194.1307228915662
29,2011-01-30,1194.1832530120482
30,2011-01-31,1194.23578313253
31,2011-02-01,1194.288313253012
32,2011-02-02,1194.340843373494
33,2011-02-03,1194.3933734939758
34,2011-02-04,1194.4459036144578
35,2011-02-05,1194.4984337349397
36,2011-02-06,1194.5509638554215
37,2011-02-07,1194.6034939759036
38,2011-02-08,1194.6560240963854
39,2011-02-09,1194.7085542168675
40,2011-02-10,1194.7610843373493
41,2011-02-11,1194.8136144578314
42,2011-02-12,1194.8661445783132
43,2011-02-13,1194.918674698795
44,2011-02-14,1194.971204819277
45,2011-02-15,1195.023734939759
46,2011-02-16,1195.076265060241
47,2011-02-17,1195.1287951807228
48,2011-02-18,1195.1813253012049
49,2011-02-19,1195.2338554216867
50,2011-02-20,1195.2863855421685
51,2011-02-21,1195.3389156626506
52,2011-02-22,1195.3914457831324
53,2011-02-23,1195.4439759036145
54,2011-02-24,1195.4965060240963
55,2011-02-25,1195.5490361445784
56,2011-02-26,1195.6015662650602
57,2011-02-27,1195.654096385542
58,2011-02-28,1195.7066265060241
59,2011-03-01,1195.759156626506
60,2011-03-02,1195.811686746988
61,2011-03-03,1195.8642168674698
62,2011-03-04,1195.9167469879517
63,2011-03-05,1195.9692771084337
64,2011-03-06,1196.0218072289156
65,2011-03-07,1196.0743373493976
66,2011-03-08,1196.1268674698795
67,2011-03-09,1196.1793975903615
68,2011-03-10,1196.2319277108434
69,2011-03-11,1196.2844578313252
70,2011-03-12,1196.3369879518073
71,2011-03-13,1196.389518072289
72,2011-03-14,1196.4420481927712
73,2011-03-15,1196.494578313253
74,2011-03-16,1196.547108433735
75,2011-03-17,1196.5996385542169
76,2011-03-18,1196.6521686746987
77,2011-03-19,1196.7046987951808
78,2011-03-20,1196.7572289156626
79,2011-03-21,1196.8097590361447
80,2011-03-22,1196.8622891566265
81,2011-03-23,1196.9148192771083
82,2011-03-24,1196.9673493975904
83,2011-03-25,1197.0198795180722
84,2011-03-26,1197.0724096385543
85,2011-03-27,1197.1249397590361
86,2011-03-28,1197.1774698795182
87,2011-03-29,1197.23
88,2011-03-30,1197.69
89,2011-03-31,1197.6
90,2011-04-01,1197.38
91,2011-04-02,1197.31
92,2011-04-03,1197.22
93,2011-04-04,1197.17
94,2011-04-05,1196.98
95,2011-04-06,1196.86
96,2011-04-07,1196.77
97,2011-04-08,1197.76
98,2011-04-09,1199.28
99,2011-04-10,1200.65
100,2011-04-11,1202.22
101,2011-04-12,1203.52
102,2011-04-13,1204.9
103,2011-04-14,1206.13
104,2011-04-15,1206.38
105,2011-04-16,1206.26
106,2011-04-17,1206.2
107,2011-04-18,1206.32
108,2011-04-19,1207.26
109,2011-04-20,1207.43
110,2011-04-21,1207.25
111,2011-04-22,1207.05
112,2011-04-23,1206.9
113,2011-04-24,1206.7
114,2011-04-25,1206.51
115,2011-04-26,1206.39
116,2011-04-27,1206.27
117,2011-04-28,1206.08
118,2011-04-29,1205.96
119,2011-04-30,1205.79
120,2011-05-01,1205.71
121,2011-05-02,1205.7
122,2011-05-03,1205.64
123,2011-05-04,1205.48
124,2011-05-05,1205.38
125,2011-05-06,1205.26
126,2011-05-07,1205.22
127,2011-05-08,1205.28
128,2011-05-09,1205.36
129,2011-05-10,1205.35
130,2011-05-11,1205.52
131,2011-05-12,1205.57
132,2011-05-13,1205.65
133,2011-05-14,1205.68
134,2011-05-15,1205.62
135,2011-05-16,1205.47
136,2011-05-17,1205.37
137,2011-05-18,1205.2
138,2011-05-19,1205.15
139,2011-05-20,1204.95
140,2011-05-21,1205.32
141,2011-05-22,1205.31
142,2011-05-23,1205.29
143,2011-05-24,1205.34
144,2011-05-25,1205.52
145,2011-05-26,1205.43
146,2011-05-27,1205.58
147,2011-05-28,1205.71
148,2011-05-29,1205.66
149,2011-05-30,1205.62
150,2011-05-31,1205.53
151,2011-06-01,1205.5
152,2011-06-02,1205.59
153,2011-06-03,1205.43
154,2011-06-04,1205.52
155,2011-06-05,1205.69
156,2011-06-06,1205.88
157,2011-06-07,1206.15
158,2011-06-08,1206.52
159,2011-06-09,1206.77
160,2011-06-10,1206.84
161,2011-06-11,1206.94
162,2011-06-12,1206.88
163,2011-06-13,1206.83
164,2011-06-14,1206.77
165,2011-06-15,1206.63
166,2011-06-16,1206.5
167,2011-06-17,1206.35
168,2011-06-18,1206.22
169,2011-06-19,1206.09
170,2011-06-20,1205.99
171,2011-06-21,1205.83
172,2011-06-22,1205.74
173,2011-06-23,1205.57
174,2011-06-24,1205.47
175,2011-06-25,1205.3
176,2011-06-26,1205.17
177,2011-06-27,1205.12
178,2011-06-28,1204.99
179,2011-06-29,1204.83
180,2011-06-30,1204.67
181,2011-07-01,1204.61
182,2011-07-02,1204.47
183,2011-07-03,1204.39
184,2011-07-04,1204.26
185,2011-07-05,1204.07
186,2011-07-06,1204.01
187,2011-07-07,1203.9
188,2011-07-08,1203.71
189,2011-07-09,1203.62
190,2011-07-10,1203.52
191,2011-07-11,1203.43
192,2011-07-12,1203.33
193,2011-07-13,1203.21
194,2011-07-14,1203.1
195,2011-07-15,1202.94
196,2011-07-16,1202.87
197,2011-07-17,1202.81
198,2011-07-18,1202.66
199,2011-07-19,1202.57
200,2011-07-20,1202.47
201,2011-07-21,1202.31
202,2011-07-22,1202.2
203,2011-07-23,1202.12
204,2011-07-24,1201.95
205,2011-07-25,1201.88
206,2011-07-26,1201.78
207,2011-07-27,1201.67
208,2011-07-28,1201.61
209,2011-07-29,1201.45
210,2011-07-30,1201.31
211,2011-07-31,1201.26
212,2011-08-01,1201.14
213,2011-08-02,1201.08
214,2011-08-03,1200.93
215,2011-08-04,1200.78
216,2011-08-05,1200.73
217,2011-08-06,1200.61
218,2011-08-07,1200.49
219,2011-08-08,1200.39
220,2011-08-09,1200.27
221,2011-08-10,1200.13
222,2011-08-11,1200.13
223,2011-08-12,1200.05
224,2011-08-13,1199.89
225,2011-08-14,1199.77
226,2011-08-15,1199.65
227,2011-08-16,1199.55
228,2011-08-17,1199.41
229,2011-08-18,1199.3
230,2011-08-19,1199.25
231,2011-08-20,1199.18
232,2011-08-21,1199.02
233,2011-08-22,1198.97
234,2011-08-23,1198.76
235,2011-08-24,1198.76
236,2011-08-25,1198.61
237,2011-08-26,1198.62
238,2011-08-27,1198.49
239,2011-08-28,1198.3
240,2011-08-29,1198.33
241,2011-08-30,1198.25
242,2011-08-31,1198.13
243,2011-09-01,1198.05
244,2011-09-02,1197.9
245,2011-09-03,1197.89
246,2011-09-04,1197.79
247,2011-09-05,1197.63
248,2011-09-06,1197.64
249,2011-09-07,1197.53
250,2011-09-08,1197.43
251,2011-09-09,1197.29
252,2011-09-10,1197.37
253,2011-09-11,1197.28
254,2011-09-12,1197.23
255,2011-09-13,1197.15
256,2011-09-14,1197.07
257,2011-09-15,1196.82
258,2011-09-16,1196.83
259,2011-09-17,1196.67
260,2011-09-18,1196.63
261,2011-09-19,1196.45
262,2011-09-20,1196.35
263,2011-09-21,1196.25
264,2011-09-22,1196.29
265,2011-09-23,1196.15
266,2011-09-24,1196.15
267,2011-09-25,1195.95
268,2011-09-26,1195.94
269,2011-09-27,1195.74
270,2011-09-28,1195.66
271,2011-09-29,1195.63
272,2011-09-30,1195.54
273,2011-10-01,1195.49
274,2011-10-02,1195.42
275,2011-10-03,1195.34
276,2011-10-04,1195.33
277,2011-10-05,1195.27
278,2011-10-06,1195.24
279,2011-10-07,1195.2
280,2011-10-08,1195.12
281,2011-10-09,1195.04
282,2011-10-10,1194.97
283,2011-10-11,1194.9
284,2011-10-12,1194.86
285,2011-10-13,1194.68
286,2011-10-14,1194.75
287,2011-10-15,1194.59
288,2011-10-16,1194.55
289,2011-10-17,1194.5
290,2011-10-18,1194.43
291,2011-10-19,1194.43
292,2011-10-20,1194.36
293,2011-10-21,1194.32
294,2011-10-22,1194.33
295,2011-10-23,1194.16
296,2011-10-24,1194.08
297,2011-10-25,1194.03
298,2011-10-26,1193.92
299,2011-10-27,1193.88
300,2011-10-28,1193.83
301,2011-10-29,1193.93
302,2011-10-30,1193.72
303,2011-10-31,1193.7
304,2011-11-01,1193.65
305,2011-11-02,1193.55
306,2011-11-03,1193.25
307,2011-11-04,1193.12
308,2011-11-05,1193.1436538461537
309,2011-11-06,1193.1673076923075
310,2011-11-07,1193.1909615384614
311,2011-11-08,1193.2146153846152
312,2011-11-09,1193.2382692307692
313,2011-11-10,1193.261923076923
314,2011-11-11,1193.2855769230769
315,2011-11-12,1193.3092307692307
316,2011-11-13,1193.3328846153845
317,2011-11-14,1193.3565384615383
318,2011-11-15,1193.3801923076921
319,2011-11-16,1193.403846153846
320,2011-11-17,1193.4274999999998
321,2011-11-18,1193.4511538461538
322,2011-11-19,1193.4748076923076
323,2011-11-20,1193.4984615384615
324,2011-11-21,1193.5221153846153
325,2011-11-22,1193.545769230769
326,2011-11-23,1193.569423076923
327,2011-11-24,1193.5930769230768
328,2011-11-25,1193.6167307692306
329,2011-11-26,1193.6403846153846
330,2011-11-27,1193.6640384615384
331,2011-11-28,1193.6876923076923
332,2011-11-29,1193.711346153846
333,2011-11-30,1193.735
334,2011-12-01,1193.7586538461537
335,2011-12-02,1193.7823076923075
336,2011-12-03,1193.8059615384614
337,2011-12-04,1193.8296153846152
338,2011-12-05,1193.8532692307692
339,2011-12-06,1193.876923076923
340,2011-12-07,1193.9005769230769
341,2011-12-08,1193.9242307692307
342,2011-12-09,1193.9478846153845
343,2011-12-10,1193.9715384615383
344,2011-12-11,1193.9951923076922
345,2011-12-12,1194.018846153846
346,2011-12-13,1194.0425
347,2011-12-14,1194.0661538461538
348,2011-12-15,1194.0898076923077
349,2011-12-16,1194.1134615384615
350,2011-12-17,1194.1371153846153
351,2011-12-18,1194.1607692307691
352,2011-12-19,1194.184423076923
353,2011-12-20,1194.2080769230768
354,2011-12-21,1194.2317307692306
355,2011-12-22,1194.2553846153846
356,2011-12-23,1194.2790384615384
357,2011-12-24,1194.3026923076923
358,2011-12-25,1194.326346153846
359,2011-12-26,1194.35
360,2011-12-27,1194.3736538461537
361,2011-12-28,1194.3973076923075
362,2011-12-29,1194.4209615384614
363,2011-12-30,1194.4446153846152
364,2011-12-31,1194.4682692307692
365,2012-01-01,1194.491923076923
366,2012-01-02,1194.5155769230769
367,2012-01-03,1194.5392307692307
368,2012-01-04,1194.5628846153845
369,2012-01-05,1194.5865384615383
370,2012-01-06,1194.6101923076922
371,2012-01-07,1194.633846153846
372,2012-01-08,1194.6574999999998
373,2012-01-09,1194.6811538461538
374,2012-01-10,1194.7048076923077
375,2012-01-11,1194.7284615384615
376,2012-01-12,1194.7521153846153
377,2012-01-13,1194.7757692307691
378,2012-01-14,1194.799423076923
379,2012-01-15,1194.8230769230768
380,2012-01-16,1194.8467307692306
381,2012-01-17,1194.8703846153846
382,2012-01-18,1194.8940384615385
383,2012-01-19,1194.9176923076923
384,2012-01-20,1194.941346153846
385,2012-01-21,1194.965
386,2012-01-22,1194.9886538461537
387,2012-01-23,1195.0123076923076
388,2012-01-24,1195.0359615384614
389,2012-01-25,1195.0596153846152
390,2012-01-26,1195.0832692307692
391,2012-01-27,1195.106923076923
392,2012-01-28,1195.130576923077
393,2012-01-29,1195.1542307692307
394,2012-01-30,1195.1778846153845
395,2012-01-31,1195.2015384615383
396,2012-02-01,1195.2251923076922
397,2012-02-02,1195.248846153846
398,2012-02-03,1195.2725
399,2012-02-04,1195.2961538461539
400,2012-02-05,1195.3198076923077
401,2012-02-06,1195.3434615384615
402,2012-02-07,1195.3671153846153
403,2012-02-08,1195.3907692307691
404,2012-02-09,1195.414423076923
405,2012-02-10,1195.4380769230768
406,2012-02-11,1195.4617307692306
407,2012-02-12,1195.4853846153846
408,2012-02-13,1195.5090384615385
409,2012-02-14,1195.5326923076923
410,2012-02-15,1195.556346153846
411,2012-02-16,1195.58
412,2012-02-17,1195.6036538461537
413,2012-02-18,1195.6273076923076
414,2012-02-19,1195.6509615384614
415,2012-02-20,1195.6746153846152
416,2012-02-21,1195.6982692307693
417,2012-02-22,1195.721923076923
418,2012-02-23,1195.745576923077
419,2012-02-24,1195.7692307692307
420,2012-02-25,1195.7928846153845
421,2012-02-26,1195.8165384615384
422,2012-02-27,1195.8401923076922
423,2012-02-28,1195.863846153846
424,2012-02-29,1195.8874999999998
425,2012-03-01,1195.9111538461539
426,2012-03-02,1195.9348076923077
427,2012-03-03,1195.9584615384615
428,2012-03-04,1195.9821153846153
429,2012-03-05,1196.0057692307691
430,2012-03-06,1196.029423076923
431,2012-03-07,1196.0530769230768
432,2012-03-08,1196.0767307692306
433,2012-03-09,1196.1003846153847
434,2012-03-10,1196.1240384615385
435,2012-03-11,1196.1476923076923
436,2012-03-12,1196.1713461538461
437,2012-03-13,1196.195
438,2012-03-14,1196.2186538461538
439,2012-03-15,1196.2423076923076
440,2012-03-16,1196.2659615384614
441,2012-03-17,1196.2896153846152
442,2012-03-18,1196.3132692307693
443,2012-03-19,1196.336923076923
444,2012-03-20,1196.360576923077
445,2012-03-21,1196.3842307692307
446,2012-03-22,1196.4078846153845
447,2012-03-23,1196.4315384615384
448,2012-03-24,1196.4551923076922
449,2012-03-25,1196.478846153846
450,2012-03-26,1196.5025
451,2012-03-27,1196.5261538461539
452,2012-03-28,1196.5498076923077
453,2012-03-29,1196.5734615384615
454,2012-03-30,1196.5971153846153
455,2012-03-31,1196.6207692307692
456,2012-04-01,1196.644423076923
457,2012-04-02,1196.6680769230768
458,2012-04-03,1196.6917307692306
459,2012-04-04,1196.7153846153847
460,2012-04-05,1196.7390384615385
461,2012-04-06,1196.7626923076923
462,2012-04-07,1196.7863461538461
463,2012-04-08,1196.81
464,2012-04-09,1199.4
465,2012-04-10,1202.01
466,2012-04-11,1203.9
467,2012-04-12,1204.63
468,2012-04-13,1205.2
469,2012-04-14,1205.75
470,2012-04-15,1206.57
471,2012-04-16,1207.07
472,2012-04-17,1206.24
473,2012-04-18,1206.3
474,2012-04-19,1206.8
475,2012-04-20,1206.29
476,2012-04-21,1205.6
477,2012-04-22,1206.07
478,2012-04-23,1206.15
479,2012-04-24,1206.16
480,2012-04-25,1206.02
481,2012-04-26,1205.1
482,2012-04-27,1205.17
483,2012-04-28,1205.59
484,2012-04-29,1205.95
485,2012-04-30,1205.52
486,2012-05-01,1205.08
487,2012-05-02,1205.4
488,2012-05-03,1205.18
489,2012-05-04,1205.11
490,2012-05-05,1205.13
491,2012-05-06,1205.06
492,2012-05-07,1205.14
493,2012-05-08,1205.36
494,2012-05-09,1205.48
495,2012-05-10,1205.5
496,2012-05-11,1205.64
497,2012-05-12,1205.71
498,2012-05-13,1205.78
499,2012-05-14,1205.91
500,2012-05-15,1205.7649999999999
501,2012-05-16,1205.62
502,2012-05-17,1205.54
503,2012-05-18,1205.65
504,2012-05-19,1205.87
505,2012-05-20,1205.92
506,2012-05-21,1205.68
507,2012-05-22,1205.43
508,2012-05-23,1205.36
509,2012-05-24,1205.57
510,2012-05-25,1205.52
511,2012-05-26,1205.57
512,2012-05-27,1205.73
513,2012-05-28,1205.78
514,2012-05-29,1205.27
515,2012-05-30,1206.24
516,2012-05-31,1206.3
517,2012-06-01,1206.53
518,2012-06-02,1206.5
519,2012-06-03,1206.36
520,2012-06-04,1206.1
521,2012-06-05,1205.99
522,2012-06-06,1206.14
523,2012-06-07,1206.26
524,2012-06-08,1206.21
525,2012-06-09,1205.96
526,2012-06-10,1205.96
527,2012-06-11,1205.78
528,2012-06-12,1206.14
529,2012-06-13,1205.91
530,2012-06-14,1205.81
531,2012-06-15,1205.82
532,2012-06-16,1205.56
533,2012-06-17,1205.56
534,2012-06-18,1205.38
535,2012-06-19,1205.3
536,2012-06-20,1205.03
537,2012-06-21,1205.05
538,2012-06-22,1204.92
539,2012-06-23,1204.68
540,2012-06-24,1204.7
541,2012-06-25,1204.48
542,2012-06-26,1204.41
543,2012-06-27,1204.39
544,2012-06-28,1204.17
545,2012-06-29,1204.06
546,2012-06-30,1204.09
547,2012-07-01,1203.98
548,2012-07-02,1203.73
549,2012-07-03,1203.67
550,2012-07-04,1203.56
551,2012-07-05,1203.36
552,2012-07-06,1203.36
553,2012-07-07,1203.26
554,2012-07-08,1203.04
555,2012-07-09,1202.92
556,2012-07-10,1202.92
557,2012-07-11,1202.76
558,2012-07-12,1202.68
559,2012-07-13,1202.56
560,2012-07-14,1202.35
561,2012-07-15,1202.25
562,2012-07-16,1202.19
563,2012-07-17,1202.08
564,2012-07-18,1201.98
565,2012-07-19,1201.87
566,2012-07-20,1201.74
567,2012-07-21,1201.66
568,2012-07-22,1201.55
569,2012-07-23,1201.43
570,2012-07-24,1201.32
571,2012-07-25,1201.21
572,2012-07-26,1201.12
573,2012-07-27,1201.02
574,2012-07-28,1200.93
575,2012-07-29,1200.83
576,2012-07-30,1200.71
577,2012-07-31,1200.63
578,2012-08-01,1200.5
579,2012-08-02,1200.42
580,2012-08-03,1200.33
581,2012-08-04,1200.23
582,2012-08-05,1200.14
583,2012-08-06,1200.07
584,2012-08-07,1199.95
585,2012-08-08,1199.88
586,2012-08-09,1199.78
587,2012-08-10,1199.68
588,2012-08-11,1199.59
589,2012-08-12,1199.52
590,2012-08-13,1199.37
591,2012-08-14,1199.31
592,2012-08-15,1199.25
593,2012-08-16,1199.14
594,2012-08-17,1199.05
595,2012-08-18,1198.98
596,2012-08-19,1198.89
597,2012-08-20,1198.79
598,2012-08-21,1198.73
599,2012-08-22,1198.51
600,2012-08-23,1198.44
601,2012-08-24,1198.35
602,2012-08-25,1198.26
603,2012-08-26,1198.21
604,2012-08-27,1198.12
605,2012-08-28,1198.04
606,2012-08-29,1197.97
607,2012-08-30,1197.89
608,2012-08-31,1197.83
609,2012-09-01,1197.73
610,2012-09-02,1197.66
611,2012-09-03,1197.55
612,2012-09-04,1197.5
613,2012-09-05,1197.43
614,2012-09-06,1197.36
615,2012-09-07,1197.3
616,2012-09-08,1197.26
617,2012-09-09,1197.15
618,2012-09-10,1197.05
619,2012-09-11,1196.98
620,2012-09-12,1196.87
621,2012-09-13,1196.82
622,2012-09-14,1196.76
623,2012-09-15,1196.69
624,2012-09-16,1196.64
625,2012-09-17,1196.57
626,2012-09-18,1196.5
627,2012-09-19,1196.42
628,2012-09-20,1196.35
629,2012-09-21,1196.27
630,2012-09-22,1196.21
631,2012-09-23,1196.14
632,2012-09-24,1196.07
633,2012-09-25,1196.0
634,2012-09-26,1195.95
635,2012-09-27,1195.88
636,2012-09-28,1195.82
637,2012-09-29,1195.78
638,2012-09-30,1195.69
639,2012-10-01,1195.63
640,2012-10-02,1195.58
641,2012-10-03,1195.26
642,2012-10-04,1194.85
643,2012-10-05,1194.51
644,2012-10-06,1194.14
645,2012-10-07,1193.81
646,2012-10-08,1193.5
647,2012-10-09,1193.17
648,2012-10-10,1193.1854838709678
649,2012-10-11,1193.2009677419355
650,2012-10-12,1193.2164516129033
651,2012-10-13,1193.231935483871
652,2012-10-14,1193.2474193548387
653,2012-10-15,1193.2629032258064
654,2012-10-16,1193.2783870967742
655,2012-10-17,1193.293870967742
656,2012-10-18,1193.3093548387099
657,2012-10-19,1193.3248387096776
658,2012-10-20,1193.3403225806453
659,2012-10-21,1193.355806451613
660,2012-10-22,1193.3712903225808
661,2012-10-23,1193.3867741935485
662,2012-10-24,1193.4022580645162
663,2012-10-25,1193.417741935484
664,2012-10-26,1193.4332258064517
665,2012-10-27,1193.4487096774194
666,2012-10-28,1193.4641935483871
667,2012-10-29,1193.4796774193549
668,2012-10-30,1193.4951612903226
669,2012-10-31,1193.5106451612903
670,2012-11-01,1193.526129032258
671,2012-11-02,1193.5416129032258
672,2012-11-03,1193.5570967741935
673,2012-11-04,1193.5725806451615
674,2012-11-05,1193.5880645161292
675,2012-11-06,1193.603548387097
676,2012-11-07,1193.6190322580646
677,2012-11-08,1193.6345161290324
678,2012-11-09,1193.65
679,2012-11-10,1193.6654838709678
680,2012-11-11,1193.6809677419355
681,2012-11-12,1193.6964516129033
682,2012-11-13,1193.711935483871
683,2012-11-14,1193.7274193548387
684,2012-11-15,1193.7429032258065
685,2012-11-16,1193.7583870967742
686,2012-11-17,1193.773870967742
687,2012-11-18,1193.7893548387096
688,2012-11-19,1193.8048387096774
689,2012-11-20,1193.820322580645
690,2012-11-21,1193.8358064516128
691,2012-11-22,1193.8512903225808
692,2012-11-23,1193.8667741935485
693,2012-11-24,1193.8822580645162
694,2012-11-25,1193.897741935484
695,2012-11-26,1193.9132258064517
696,2012-11-27,1193.9287096774194
697,2012-11-28,1193.9441935483871
698,2012-11-29,1193.9596774193549
699,2012-11-30,1193.9751612903226
700,2012-12-01,1193.9906451612903
701,2012-12-02,1194.006129032258
702,2012-12-03,1194.0216129032258
703,2012-12-04,1194.0370967741935
704,2012-12-05,1194.0525806451612
705,2012-12-06,1194.068064516129
706,2012-12-07,1194.0835483870967
707,2012-12-08,1194.0990322580644
708,2012-12-09,1194.1145161290324
709,2012-12-10,1194.13
710,2012-12-11,1194.1454838709678
711,2012-12-12,1194.1609677419356
712,2012-12-13,1194.1764516129033
713,2012-12-14,1194.191935483871
714,2012-12-15,1194.2074193548387
715,2012-12-16,1194.2229032258065
716,2012-12-17,1194.2383870967742
717,2012-12-18,1194.253870967742
718,2012-12-19,1194.2693548387097
719,2012-12-20,1194.2848387096774
720,2012-12-21,1194.3003225806451
721,2012-12-22,1194.3158064516128
722,2012-12-23,1194.3312903225806
723,2012-12-24,1194.3467741935483
724,2012-12-25,1194.362258064516
725,2012-12-26,1194.377741935484
726,2012-12-27,1194.3932258064517
727,2012-12-28,1194.4087096774194
728,2012-12-29,1194.4241935483872
729,2012-12-30,1194.439677419355
730,2012-12-31,1194.4551612903226
731,2013-01-01,1194.4706451612903
732,2013-01-02,1194.486129032258
733,2013-01-03,1194.5016129032258
734,2013-01-04,1194.5170967741935
735,2013-01-05,1194.5325806451613
736,2013-01-06,1194.548064516129
737,2013-01-07,1194.5635483870967
738,2013-01-08,1194.5790322580644
739,2013-01-09,1194.5945161290322
740,2013-01-10,1194.61
741,2013-01-11,1194.6254838709676
742,2013-01-12,1194.6409677419356
743,2013-01-13,1194.6564516129033
744,2013-01-14,1194.671935483871
745,2013-01-15,1194.6874193548388
746,2013-01-16,1194.7029032258065
747,2013-01-17,1194.7183870967742
748,2013-01-18,1194.733870967742
749,2013-01-19,1194.7493548387097
750,2013-01-20,1194.7648387096774
751,2013-01-21,1194.7803225806451
752,2013-01-22,1194.7958064516129
753,2013-01-23,1194.8112903225806
754,2013-01-24,1194.8267741935483
755,2013-01-25,1194.842258064516
756,2013-01-26,1194.8577419354838
757,2013-01-27,1194.8732258064515
758,2013-01-28,1194.8887096774192
759,2013-01-29,1194.9041935483872
760,2013-01-30,1194.919677419355
761,2013-01-31,1194.9351612903226
762,2013-02-01,1194.9506451612904
763,2013-02-02,1194.966129032258
764,2013-02-03,1194.9816129032258
765,2013-02-04,1194.9970967741936
766,2013-02-05,1195.0125806451613
767,2013-02-06,1195.028064516129
768,2013-02-07,1195.0435483870967
769,2013-02-08,1195.0590322580645
770,2013-02-09,1195.0745161290322
771,2013-02-10,1195.09
772,2013-02-11,1195.1054838709676
773,2013-02-12,1195.1209677419354
774,2013-02-13,1195.136451612903
775,2013-02-14,1195.1519354838708
776,2013-02-15,1195.1674193548386
777,2013-02-16,1195.1829032258065
778,2013-02-17,1195.1983870967742
779,2013-02-18,1195.213870967742
780,2013-02-19,1195.2293548387097
781,2013-02-20,1195.2448387096774
782,2013-02-21,1195.2603225806452
783,2013-02-22,1195.2758064516129
784,2013-02-23,1195.2912903225806
785,2013-02-24,1195.3067741935483
786,2013-02-25,1195.322258064516
787,2013-02-26,1195.3377419354838
788,2013-02-27,1195.3532258064515
789,2013-02-28,1195.3687096774192
790,2013-03-01,1195.384193548387
791,2013-03-02,1195.3996774193547
792,2013-03-03,1195.4151612903224
793,2013-03-04,1195.4306451612902
794,2013-03-05,1195.446129032258
795,2013-03-06,1195.4616129032258
796,2013-03-07,1195.4770967741936
797,2013-03-08,1195.4925806451613
798,2013-03-09,1195.508064516129
799,2013-03-10,1195.5235483870968
800,2013-03-11,1195.5390322580645
801,2013-03-12,1195.5545161290322
802,2013-03-13,1195.57
803,2013-03-14,1197.75
804,2013-03-15,1199.75
805,2013-03-16,1201.57
806,2013-03-17,1203.08
807,2013-03-18,1204.39
808,2013-03-19,1205.78
809,2013-03-20,1206.17
810,2013-03-21,1205.92
811,2013-03-22,1205.67
812,2013-03-23,1205.45
813,2013-03-24,1205.28
814,2013-03-25,1205.31
815,2013-03-26,1205.72
816,2013-03-27,1206.03
817,2013-03-28,1206.43
818,2013-03-29,1206.42
819,2013-03-30,1206.23
820,2013-03-31,1206.25
821,2013-04-01,1206.04
822,2013-04-02,1206.03
823,2013-04-03,1205.9
824,2013-04-04,1205.76
825,2013-04-05,1205.77
826,2013-04-06,1205.56
827,2013-04-07,1205.45
828,2013-04-08,1205.34
829,2013-04-09,1205.16
830,2013-04-10,1205.06
831,2013-04-11,1205.03
832,2013-04-12,1205.18
833,2013-04-13,1205.17
834,2013-04-14,1205.22
835,2013-04-15,1205.24
836,2013-04-16,1205.28
837,2013-04-17,1205.28
838,2013-04-18,1205.23
839,2013-04-19,1205.3
840,2013-04-20,1205.15
841,2013-04-21,1204.95
842,2013-04-22,1204.96
843,2013-04-23,1204.86
844,2013-04-24,1205.09
845,2013-04-25,1205.25
846,2013-04-26,1205.41
847,2013-04-27,1205.56
848,2013-04-28,1205.7
849,2013-04-29,1205.94
850,2013-04-30,1205.95
851,2013-05-01,1206.08
852,2013-05-02,1206.26
853,2013-05-03,1206.52
854,2013-05-04,1206.44
855,2013-05-05,1206.5
856,2013-05-06,1206.47
857,2013-05-07,1206.48
858,2013-05-08,1206.36
859,2013-05-09,1206.32
860,2013-05-10,1206.29
861,2013-05-11,1206.06
862,2013-05-12,1205.95
863,2013-05-13,1205.85
864,2013-05-14,1205.8
865,2013-05-15,1205.79
866,2013-05-16,1205.8
867,2013-05-17,1205.71
868,2013-05-18,1205.45
869,2013-05-19,1205.32
870,2013-05-20,1205.29
871,2013-05-21,1205.11
872,2013-05-22,1205.02
873,2013-05-23,1204.98
874,2013-05-24,1204.77
875,2013-05-25,1204.66
876,2013-05-26,1204.64
877,2013-05-27,1204.45
878,2013-05-28,1204.35
879,2013-05-29,1204.35
880,2013-05-30,1204.16
881,2013-05-31,1204.04
882,2013-06-01,1204.0
883,2013-06-02,1203.84
884,2013-06-03,1203.72
885,2013-06-04,1203.62
886,2013-06-05,1203.6
887,2013-06-06,1203.41
888,2013-06-07,1203.29
889,2013-06-08,1203.17
890,2013-06-09,1203.05
891,2013-06-10,1202.94
892,2013-06-11,1202.82
893,2013-06-12,1202.71
894,2013-06-13,1202.6
895,2013-06-14,1202.57
896,2013-06-15,1202.47
897,2013-06-16,1202.29
898,2013-06-17,1202.27
899,2013-06-18,1202.08
900,2013-06-19,1202.11
901,2013-06-20,1202.03
902,2013-06-21,1201.99
903,2013-06-22,1201.78
904,2013-06-23,1201.69
905,2013-06-24,1201.76
906,2013-06-25,1201.57
907,2013-06-26,1201.49
908,2013-06-27,1201.41
909,2013-06-28,1201.32
910,2013-06-29,1201.22
911,2013-06-30,1201.22
912,2013-07-01,1201.03
913,2013-07-02,1200.97
914,2013-07-03,1200.89
915,2013-07-04,1200.71
916,2013-07-05,1200.67
917,2013-07-06,1200.57
918,2013-07-07,1200.41
919,2013-07-08,1200.33
920,2013-07-09,1200.21
921,2013-07-10,1200.12
922,2013-07-11,1200.0
923,2013-07-12,1199.96
924,2013-07-13,1199.79
925,2013-07-14,1199.68
926,2013-07-15,1199.6
927,2013-07-16,1199.61
928,2013-07-17,1199.45
929,2013-07-18,1199.4
930,2013-07-19,1199.32
931,2013-07-20,1199.16
932,2013-07-21,1199.07
933,2013-07-22,1198.97
934,2013-07-23,1198.89
935,2013-07-24,1198.79
936,2013-07-25,1198.7
937,2013-07-26,1198.61
938,2013-07-27,1198.51
939,2013-07-28,1198.41
940,2013-07-29,1198.31
941,2013-07-30,1198.23
942,2013-07-31,1198.14
943,2013-08-01,1198.06
944,2013-08-02,1197.98
945,2013-08-03,1197.91
946,2013-08-04,1197.84
947,2013-08-05,1197.76
948,2013-08-06,1197.7
949,2013-08-07,1197.59
950,2013-08-08,1197.53
951,2013-08-09,1197.44
952,2013-08-10,1197.37
953,2013-08-11,1197.29
954,2013-08-12,1197.2
955,2013-08-13,1197.13
956,2013-08-14,1197.06
957,2013-08-15,1196.97
958,2013-08-16,1196.9
959,2013-08-17,1196.84
960,2013-08-18,1196.74
961,2013-08-19,1196.66
962,2013-08-20,1196.59
963,2013-08-21,1196.51
964,2013-08-22,1196.46
965,2013-08-23,1196.38
966,2013-08-24,1196.29
967,2013-08-25,1196.24
968,2013-08-26,1196.16
969,2013-08-27,1196.09
970,2013-08-28,1196.05
971,2013-08-29,1195.95
972,2013-08-30,1195.87
973,2013-08-31,1195.84
974,2013-09-01,1195.74
975,2013-09-02,1195.68
976,2013-09-03,1195.62
977,2013-09-04,1195.57
978,2013-09-05,1195.54
979,2013-09-06,1195.48
980,2013-09-07,1195.42
981,2013-09-08,1195.36
982,2013-09-09,1195.31
983,2013-09-10,1195.25
984,2013-09-11,1195.19
985,2013-09-12,1195.13
986,2013-09-13,1195.08
987,2013-09-14,1195.02
988,2013-09-15,1194.97
989,2013-09-16,1194.88
990,2013-09-17,1194.88
991,2013-09-18,1194.82
992,2013-09-19,1194.76
993,2013-09-20,1194.72
994,2013-09-21,1194.67
995,2013-09-22,1194.63
996,2013-09-23,1194.57
997,2013-09-24,1194.55
998,2013-09-25,1194.51
999,2013-09-26,1194.45
1000,2013-09-27,1194.42
1001,2013-09-28,1194.39
1002,2013-09-29,1194.39
1003,2013-09-30,1194.32
1004,2013-10-01,1194.28
1005,2013-10-02,1194.25
1006,2013-10-03,1194.19
1007,2013-10-04,1194.14
1008,2013-10-05,1194.09
1009,2013-10-06,1194.04
1010,2013-10-07,1193.99
1011,2013-10-08,1193.95
1012,2013-10-09,1193.9
1013,2013-10-10,1193.86
1014,2013-10-11,1193.81
1015,2013-10-12,1193.77
1016,2013-10-13,1193.72
1017,2013-10-14,1193.67
1018,2013-10-15,1193.62
1019,2013-10-16,1193.58
1020,2013-10-17,1193.52
1021,2013-10-18,1193.47
1022,2013-10-19,1193.42
1023,2013-10-20,1193.36
1024,2013-10-21,1193.32
1025,2013-10-22,1193.25
1026,2013-10-23,1193.15
1027,2013-10-24,1193.06
1028,2013-10-25,1192.96
1029,2013-10-26,1192.92
1030,2013-10-27,1192.9
1031,2013-10-28,1192.89
1032,2013-10-29,1192.9039726027397
1033,2013-10-30,1192.9179452054796
1034,2013-10-31,1192.9319178082192
1035,2013-11-01,1192.945890410959
1036,2013-11-02,1192.9598630136986
1037,2013-11-03,1192.9738356164385
1038,2013-11-04,1192.987808219178
1039,2013-11-05,1193.001780821918
1040,2013-11-06,1193.0157534246575
1041,2013-11-07,1193.0297260273974
1042,2013-11-08,1193.043698630137
1043,2013-11-09,1193.0576712328768
1044,2013-11-10,1193.0716438356164
1045,2013-11-11,1193.0856164383563
1046,2013-11-12,1193.099589041096
1047,2013-11-13,1193.1135616438357
1048,2013-11-14,1193.1275342465754
1049,2013-11-15,1193.1415068493152
1050,2013-11-16,1193.1554794520548
1051,2013-11-17,1193.1694520547946
1052,2013-11-18,1193.1834246575343
1053,2013-11-19,1193.197397260274
1054,2013-11-20,1193.2113698630137
1055,2013-11-21,1193.2253424657536
1056,2013-11-22,1193.2393150684932
1057,2013-11-23,1193.253287671233
1058,2013-11-24,1193.2672602739726
1059,2013-11-25,1193.2812328767125
1060,2013-11-26,1193.295205479452
1061,2013-11-27,1193.309178082192
1062,2013-11-28,1193.3231506849315
1063,2013-11-29,1193.3371232876714
1064,2013-11-30,1193.351095890411
1065,2013-12-01,1193.3650684931508
1066,2013-12-02,1193.3790410958904
1067,2013-12-03,1193.3930136986303
1068,2013-12-04,1193.40698630137
1069,2013-12-05,1193.4209589041097
1070,2013-12-06,1193.4349315068494
1071,2013-12-07,1193.4489041095892
1072,2013-12-08,1193.4628767123288
1073,2013-12-09,1193.4768493150686
1074,2013-12-10,1193.4908219178083
1075,2013-12-11,1193.504794520548
1076,2013-12-12,1193.5187671232877
1077,2013-12-13,1193.5327397260276
1078,2013-12-14,1193.5467123287672
1079,2013-12-15,1193.560684931507
1080,2013-12-16,1193.5746575342466
1081,2013-12-17,1193.5886301369865
1082,2013-12-18,1193.602602739726
1083,2013-12-19,1193.616575342466
1084,2013-12-20,1193.6305479452055
1085,2013-12-21,1193.6445205479454
1086,2013-12-22,1193.658493150685
1087,2013-12-23,1193.6724657534248
1088,2013-12-24,1193.6864383561644
1089,2013-12-25,1193.7004109589043
1090,2013-12-26,1193.714383561644
1091,2013-12-27,1193.7283561643837
1092,2013-12-28,1193.7423287671234
1093,2013-12-29,1193.7563013698632
1094,2013-12-30,1193.7702739726028
1095,2013-12-31,1193.7842465753426
1096,2014-01-01,1193.7982191780823
1097,2014-01-02,1193.812191780822
1098,2014-01-03,1193.8261643835617
1099,2014-01-04,1193.8401369863016
1100,2014-01-05,1193.8541095890412
1101,2014-01-06,1193.868082191781
1102,2014-01-07,1193.8820547945206
1103,2014-01-08,1193.8960273972605
1104,2014-01-09,1193.91
1105,2014-01-10,1193.9239726027397
1106,2014-01-11,1193.9379452054795
1107,2014-01-12,1193.9519178082192
1108,2014-01-13,1193.965890410959
1109,2014-01-14,1193.9798630136986
1110,2014-01-15,1193.9938356164384
1111,2014-01-16,1194.007808219178
1112,2014-01-17,1194.021780821918
1113,2014-01-18,1194.0357534246575
1114,2014-01-19,1194.0497260273974
1115,2014-01-20,1194.063698630137
1116,2014-01-21,1194.0776712328768
1117,2014-01-22,1194.0916438356164
1118,2014-01-23,1194.1056164383563
1119,2014-01-24,1194.1195890410959
1120,2014-01-25,1194.1335616438357
1121,2014-01-26,1194.1475342465753
1122,2014-01-27,1194.1615068493152
1123,2014-01-28,1194.1754794520548
1124,2014-01-29,1194.1894520547946
1125,2014-01-30,1194.2034246575342
1126,2014-01-31,1194.217397260274
1127,2014-02-01,1194.2313698630137
1128,2014-02-02,1194.2453424657535
1129,2014-02-03,1194.2593150684932
1130,2014-02-04,1194.273287671233
1131,2014-02-05,1194.2872602739726
1132,2014-02-06,1194.3012328767124
1133,2014-02-07,1194.315205479452
1134,2014-02-08,1194.329178082192
1135,2014-02-09,1194.3431506849315
1136,2014-02-10,1194.3571232876714
1137,2014-02-11,1194.371095890411
1138,2014-02-12,1194.3850684931508
1139,2014-02-13,1194.3990410958904
1140,2014-02-14,1194.4130136986303
1141,2014-02-15,1194.4269863013699
1142,2014-02-16,1194.4409589041097
1143,2014-02-17,1194.4549315068493
1144,2014-02-18,1194.4689041095892
1145,2014-02-19,1194.4828767123288
1146,2014-02-20,1194.4968493150686
1147,2014-02-21,1194.5108219178082
1148,2014-02-22,1194.524794520548
1149,2014-02-23,1194.5387671232877
1150,2014-02-24,1194.5527397260275
1151,2014-02-25,1194.5667123287672
1152,2014-02-26,1194.580684931507
1153,2014-02-27,1194.5946575342466
1154,2014-02-28,1194.6086301369864
1155,2014-03-01,1194.622602739726
1156,2014-03-02,1194.636575342466
1157,2014-03-03,1194.6505479452055
1158,2014-03-04,1194.6645205479454
1159,2014-03-05,1194.678493150685
1160,2014-03-06,1194.6924657534248
1161,2014-03-07,1194.7064383561644
1162,2014-03-08,1194.7204109589043
1163,2014-03-09,1194.7343835616439
1164,2014-03-10,1194.7483561643837
1165,2014-03-11,1194.7623287671233
1166,2014-03-12,1194.7763013698632
1167,2014-03-13,1194.7902739726028
1168,2014-03-14,1194.8042465753426
1169,2014-03-15,1194.8182191780822
1170,2014-03-16,1194.832191780822
1171,2014-03-17,1194.8461643835617
1172,2014-03-18,1194.8601369863015
1173,2014-03-19,1194.8741095890412
1174,2014-03-20,1194.888082191781
1175,2014-03-21,1194.9020547945206
1176,2014-03-22,1194.9160273972605
1177,2014-03-23,1194.93
1178,2014-03-24,1196.85
1179,2014-03-25,1198.43
1180,2014-03-26,1200.03
1181,2014-03-27,1201.59
1182,2014-03-28,1203.04
1183,2014-03-29,1203.33
1184,2014-03-30,1203.09
1185,2014-03-31,1203.24
1186,2014-04-01,1203.81
1187,2014-04-02,1204.35
1188,2014-04-03,1204.89
1189,2014-04-04,1205.21
1190,2014-04-05,1205.03
1191,2014-04-06,1205.24
1192,2014-04-07,1205.85
1193,2014-04-08,1206.52
1194,2014-04-09,1206.63
1195,2014-04-10,1206.43
1196,2014-04-11,1206.24
1197,2014-04-12,1206.06
1198,2014-04-13,1205.87
1199,2014-04-14,1205.72
1200,2014-04-15,1205.54
1201,2014-04-16,1205.38
1202,2014-04-17,1205.49
1203,2014-04-18,1205.75
1204,2014-04-19,1206.01
1205,2014-04-20,1206.09
1206,2014-04-21,1205.99
1207,2014-04-22,1205.91
1208,2014-04-23,1205.82
1209,2014-04-24,1205.79
1210,2014-04-25,1205.74
1211,2014-04-26,1205.69
1212,2014-04-27,1205.68
1213,2014-04-28,1205.65
1214,2014-04-29,1205.63
1215,2014-04-30,1205.62
1216,2014-05-01,1205.79
1217,2014-05-02,1206.05
1218,2014-05-03,1206.16
1219,2014-05-04,1206.12
1220,2014-05-05,1206.06
1221,2014-05-06,1206.01
1222,2014-05-07,1205.93
1223,2014-05-08,1205.9
1224,2014-05-09,1205.85
1225,2014-05-10,1205.78
1226,2014-05-11,1205.69
1227,2014-05-12,1205.62
1228,2014-05-13,1205.55
1229,2014-05-14,1205.48
1230,2014-05-15,1205.4
1231,2014-05-16,1205.56
1232,2014-05-17,1206.14
1233,2014-05-18,1206.48
1234,2014-05-19,1206.33
1235,2014-05-20,1206.19
1236,2014-05-21,1206.04
1237,2014-05-22,1205.91
1238,2014-05-23,1205.77
1239,2014-05-24,1205.64
1240,2014-05-25,1205.51
1241,2014-05-26,1205.36
1242,2014-05-27,1205.23
1243,2014-05-28,1205.1
1244,2014-05-29,1204.96
1245,2014-05-30,1204.85
1246,2014-05-31,1204.73
1247,2014-06-01,1204.6
1248,2014-06-02,1204.49
1249,2014-06-03,1204.36
1250,2014-06-04,1204.23
1251,2014-06-05,1204.11
1252,2014-06-06,1203.98
1253,2014-06-07,1203.87
1254,2014-06-08,1203.76
1255,2014-06-09,1203.64
1256,2014-06-10,1203.51
1257,2014-06-11,1203.39
1258,2014-06-12,1203.28
1259,2014-06-13,1203.16
1260,2014-06-14,1203.04
1261,2014-06-15,1202.94
1262,2014-06-16,1202.83
1263,2014-06-17,1202.75
1264,2014-06-18,1202.7
1265,2014-06-19,1202.6
1266,2014-06-20,1202.48
1267,2014-06-21,1202.39
1268,2014-06-22,1202.28
1269,2014-06-23,1202.18
1270,2014-06-24,1202.07
1271,2014-06-25,1201.96
1272,2014-06-26,1201.89
1273,2014-06-27,1201.8
1274,2014-06-28,1201.69
1275,2014-06-29,1201.58
1276,2014-06-30,1201.48
1277,2014-07-01,1201.38
1278,2014-07-02,1201.29
1279,2014-07-03,1201.17
1280,2014-07-04,1201.07
1281,2014-07-05,1200.96
1282,2014-07-06,1200.86
1283,2014-07-07,1200.76
1284,2014-07-08,1200.66
1285,2014-07-09,1200.55
1286,2014-07-10,1200.45
1287,2014-07-11,1200.34
1288,2014-07-12,1200.25
1289,2014-07-13,1200.15
1290,2014-07-14,1200.04
1291,2014-07-15,1199.95
1292,2014-07-16,1199.85
1293,2014-07-17,1199.7
1294,2014-07-18,1199.58
1295,2014-07-19,1199.47
1296,2014-07-20,1199.36
1297,2014-07-21,1199.3
1298,2014-07-22,1199.21
1299,2014-07-23,1199.12
1300,2014-07-24,1199.02
1301,2014-07-25,1198.93
1302,2014-07-26,1198.85
1303,2014-07-27,1198.76
1304,2014-07-28,1198.68
1305,2014-07-29,1198.59
1306,2014-07-30,1198.5
1307,2014-07-31,1198.4
1308,2014-08-01,1198.32
1309,2014-08-02,1198.25
1310,2014-08-03,1198.15
1311,2014-08-04,1198.06
1312,2014-08-05,1197.98
1313,2014-08-06,1197.89
1314,2014-08-07,1197.78
1315,2014-08-08,1197.69
1316,2014-08-09,1197.61
1317,2014-08-10,1197.52
1318,2014-08-11,1197.45
1319,2014-08-12,1197.37
1320,2014-08-13,1197.3
1321,2014-08-14,1197.23
1322,2014-08-15,1197.16
1323,2014-08-16,1197.08
1324,2014-08-17,1197.01
1325,2014-08-18,1196.93
1326,2014-08-19,1196.86
1327,2014-08-20,1196.77
1328,2014-08-21,1196.68
1329,2014-08-22,1196.61
1330,2014-08-23,1196.54
1331,2014-08-24,1196.46
1332,2014-08-25,1196.4
1333,2014-08-26,1196.32
1334,2014-08-27,1196.25
1335,2014-08-28,1196.18
1336,2014-08-29,1196.1
1337,2014-08-30,1196.03
1338,2014-08-31,1195.94
1339,2014-09-01,1195.88
1340,2014-09-02,1195.81
1341,2014-09-03,1195.73
1342,2014-09-04,1195.67
1343,2014-09-05,1195.6
1344,2014-09-06,1195.55
1345,2014-09-07,1195.49
1346,2014-09-08,1195.42
1347,2014-09-09,1195.35
1348,2014-09-10,1195.28
1349,2014-09-11,1195.22
1350,2014-09-12,1195.15
1351,2014-09-13,1195.08
1352,2014-09-14,1195.04
1353,2014-09-15,1194.98
1354,2014-09-16,1194.93
1355,2014-09-17,1194.88
1356,2014-09-18,1194.82
1357,2014-09-19,1194.76
1358,2014-09-20,1194.71
1359,2014-09-21,1194.65
1360,2014-09-22,1194.63
1361,2014-09-23,1194.58
1362,2014-09-24,1194.52
1363,2014-09-25,1194.47
1364,2014-09-26,1194.41
1365,2014-09-27,1194.36
1366,2014-09-28,1194.31
1367,2014-09-29,1194.26
1368,2014-09-30,1194.2
1369,2014-10-01,1194.15
1370,2014-10-02,1194.09
1371,2014-10-03,1194.05
1372,2014-10-04,1194.01
1373,2014-10-05,1193.96
1374,2014-10-06,1193.92
1375,2014-10-07,1193.88
1376,2014-10-08,1193.83
1377,2014-10-09,1193.79
1378,2014-10-10,1193.76
1379,2014-10-11,1193.7
1380,2014-10-12,1193.65
1381,2014-10-13,1193.61
1382,2014-10-14,1193.58
1383,2014-10-15,1193.55
1384,2014-10-16,1193.47
1385,2014-10-17,1193.43
1386,2014-10-18,1193.37
1387,2014-10-19,1193.32
1388,2014-10-20,1193.29
1389,2014-10-21,1193.15
1390,2014-10-22,1193.18
1391,2014-10-23,1193.13
1392,2014-10-24,1193.03
1393,2014-10-25,1192.99
1394,2014-10-26,1192.95
1395,2014-10-27,1193.01
1396,2014-10-28,1192.96
1397,2014-10-29,1192.87
1398,2014-10-30,1192.870839160839
1399,2014-10-31,1192.8716783216782
1400,2014-11-01,1192.8725174825174
1401,2014-11-02,1192.8733566433566
1402,2014-11-03,1192.8741958041958
1403,2014-11-04,1192.875034965035
1404,2014-11-05,1192.8758741258741
1405,2014-11-06,1192.876713286713
1406,2014-11-07,1192.8775524475523
1407,2014-11-08,1192.8783916083914
1408,2014-11-09,1192.8792307692306
1409,2014-11-10,1192.8800699300698
1410,2014-11-11,1192.880909090909
1411,2014-11-12,1192.8817482517481
1412,2014-11-13,1192.8825874125873
1413,2014-11-14,1192.8834265734265
1414,2014-11-15,1192.8842657342657
1415,2014-11-16,1192.8851048951049
1416,2014-11-17,1192.885944055944
1417,2014-11-18,1192.8867832167832
1418,2014-11-19,1192.8876223776224
1419,2014-11-20,1192.8884615384613
1420,2014-11-21,1192.8893006993005
1421,2014-11-22,1192.8901398601397
1422,2014-11-23,1192.8909790209789
1423,2014-11-24,1192.891818181818
1424,2014-11-25,1192.8926573426572
1425,2014-11-26,1192.8934965034964
1426,2014-11-27,1192.8943356643356
1427,2014-11-28,1192.8951748251748
1428,2014-11-29,1192.896013986014
1429,2014-11-30,1192.8968531468531
1430,2014-12-01,1192.8976923076923
1431,2014-12-02,1192.8985314685315
1432,2014-12-03,1192.8993706293707
1433,2014-12-04,1192.9002097902096
1434,2014-12-05,1192.9010489510488
1435,2014-12-06,1192.901888111888
1436,2014-12-07,1192.9027272727271
1437,2014-12-08,1192.9035664335663
1438,2014-12-09,1192.9044055944055
1439,2014-12-10,1192.9052447552447
1440,2014-12-11,1192.9060839160838
1441,2014-12-12,1192.906923076923
1442,2014-12-13,1192.9077622377622
1443,2014-12-14,1192.9086013986014
1444,2014-12-15,1192.9094405594406
1445,2014-12-16,1192.9102797202797
1446,2014-12-17,1192.911118881119
1447,2014-12-18,1192.911958041958
1448,2014-12-19,1192.912797202797
1449,2014-12-20,1192.9136363636362
1450,2014-12-21,1192.9144755244754
1451,2014-12-22,1192.9153146853146
1452,2014-12-23,1192.9161538461537
1453,2014-12-24,1192.916993006993
1454,2014-12-25,1192.917832167832
1455,2014-12-26,1192.9186713286713
1456,2014-12-27,1192.9195104895105
1457,2014-12-28,1192.9203496503496
1458,2014-12-29,1192.9211888111888
1459,2014-12-30,1192.922027972028
1460,2014-12-31,1192.9228671328672
1461,2015-01-01,1192.9237062937063
1462,2015-01-02,1192.9245454545453
1463,2015-01-03,1192.9253846153845
1464,2015-01-04,1192.9262237762237
1465,2015-01-05,1192.9270629370628
1466,2015-01-06,1192.927902097902
1467,2015-01-07,1192.9287412587412
1468,2015-01-08,1192.9295804195804
1469,2015-01-09,1192.9304195804195
1470,2015-01-10,1192.9312587412587
1471,2015-01-11,1192.932097902098
1472,2015-01-12,1192.932937062937
1473,2015-01-13,1192.9337762237762
1474,2015-01-14,1192.9346153846154
1475,2015-01-15,1192.9354545454546
1476,2015-01-16,1192.9362937062936
1477,2015-01-17,1192.9371328671327
1478,2015-01-18,1192.937972027972
1479,2015-01-19,1192.938811188811
1480,2015-01-20,1192.9396503496503
1481,2015-01-21,1192.9404895104894
1482,2015-01-22,1192.9413286713286
1483,2015-01-23,1192.9421678321678
1484,2015-01-24,1192.943006993007
1485,2015-01-25,1192.9438461538462
1486,2015-01-26,1192.9446853146853
1487,2015-01-27,1192.9455244755245
1488,2015-01-28,1192.9463636363637
1489,2015-01-29,1192.9472027972029
1490,2015-01-30,1192.9480419580418
1491,2015-01-31,1192.948881118881
1492,2015-02-01,1192.9497202797202
1493,2015-02-02,1192.9505594405593
1494,2015-02-03,1192.9513986013985
1495,2015-02-04,1192.9522377622377
1496,2015-02-05,1192.9530769230769
1497,2015-02-06,1192.953916083916
1498,2015-02-07,1192.9547552447552
1499,2015-02-08,1192.9555944055944
1500,2015-02-09,1192.9564335664336
1501,2015-02-10,1192.9572727272728
1502,2015-02-11,1192.958111888112
1503,2015-02-12,1192.9589510489511
1504,2015-02-13,1192.9597902097903
1505,2015-02-14,1192.9606293706292
1506,2015-02-15,1192.9614685314684
1507,2015-02-16,1192.9623076923076
1508,2015-02-17,1192.9631468531468
1509,2015-02-18,1192.963986013986
1510,2015-02-19,1192.9648251748251
1511,2015-02-20,1192.9656643356643
1512,2015-02-21,1192.9665034965035
1513,2015-02-22,1192.9673426573427
1514,2015-02-23,1192.9681818181818
1515,2015-02-24,1192.969020979021
1516,2015-02-25,1192.9698601398602
1517,2015-02-26,1192.9706993006994
1518,2015-02-27,1192.9715384615386
1519,2015-02-28,1192.9723776223775
1520,2015-03-01,1192.9732167832167
1521,2015-03-02,1192.9740559440559
1522,2015-03-03,1192.974895104895
1523,2015-03-04,1192.9757342657342
1524,2015-03-05,1192.9765734265734
1525,2015-03-06,1192.9774125874126
1526,2015-03-07,1192.9782517482518
1527,2015-03-08,1192.979090909091
1528,2015-03-09,1192.97993006993
1529,2015-03-10,1192.9807692307693
1530,2015-03-11,1192.9816083916085
1531,2015-03-12,1192.9824475524476
1532,2015-03-13,1192.9832867132868
1533,2015-03-14,1192.9841258741258
1534,2015-03-15,1192.984965034965
1535,2015-03-16,1192.9858041958041
1536,2015-03-17,1192.9866433566433
1537,2015-03-18,1192.9874825174825
1538,2015-03-19,1192.9883216783217
1539,2015-03-20,1192.9891608391608
1540,2015-03-21,1192.99
1541,2015-03-22,1193.34
1542,2015-03-23,1194.58
1543,2015-03-24,1196.71
1544,2015-03-25,1198.87
1545,2015-03-26,1200.81
1546,2015-03-27,1202.68
1547,2015-03-28,1204.28
1548,2015-03-29,1205.61
1549,2015-03-30,1205.88
1550,2015-03-31,1205.65
1551,2015-04-01,1205.67
1552,2015-04-02,1206.05
1553,2015-04-03,1206.07
1554,2015-04-04,1205.88
1555,2015-04-05,1205.7
1556,2015-04-06,1205.55
1557,2015-04-07,1205.73
1558,2015-04-08,1206.08
1559,2015-04-09,1206.18
1560,2015-04-10,1206.12
1561,2015-04-11,1206.06
1562,2015-04-12,1205.98
1563,2015-04-13,1205.93
1564,2015-04-14,1205.87
1565,2015-04-15,1205.78
1566,2015-04-16,1205.7
1567,2015-04-17,1205.73
1568,2015-04-18,1205.83
1569,2015-04-19,1205.87
1570,2015-04-20,1206.01
1571,2015-04-21,1206.08
1572,2015-04-22,1206.08
1573,2015-04-23,1205.93
1574,2015-04-24,1205.78
1575,2015-04-25,1205.63
1576,2015-04-26,1205.49
1577,2015-04-27,1205.34
1578,2015-04-28,1205.35
1579,2015-04-29,1205.07
1580,2015-04-30,1204.93
1581,2015-05-01,1204.82
1582,2015-05-02,1204.68
1583,2015-05-03,1204.57
1584,2015-05-04,1204.44
1585,2015-05-05,1204.29
1586,2015-05-06,1204.16
1587,2015-05-07,1204.04
1588,2015-05-08,1203.92
1589,2015-05-09,1203.8
1590,2015-05-10,1203.7
1591,2015-05-11,1203.57
1592,2015-05-12,1203.51
1593,2015-05-13,1203.49
1594,2015-05-14,1203.39
1595,2015-05-15,1203.29
1596,2015-05-16,1203.3
1597,2015-05-17,1203.05
1598,2015-05-18,1202.95
1599,2015-05-19,1202.84
1600,2015-05-20,1202.85
1601,2015-05-21,1202.64
1602,2015-05-22,1202.54
1603,2015-05-23,1202.42
1604,2015-05-24,1202.31
1605,2015-05-25,1202.2
1606,2015-05-26,1202.1
1607,2015-05-27,1202.0
1608,2015-05-28,1201.9
1609,2015-05-29,1201.84
1610,2015-05-30,1201.69
1611,2015-05-31,1201.63
1612,2015-06-01,1201.49
1613,2015-06-02,1201.38
1614,2015-06-03,1201.27
1615,2015-06-04,1201.16
1616,2015-06-05,1201.07
1617,2015-06-06,1200.97
1618,2015-06-07,1200.87
1619,2015-06-08,1200.78
1620,2015-06-09,1200.68
1621,2015-06-10,1200.67
1622,2015-06-11,1200.45
1623,2015-06-12,1200.33
1624,2015-06-13,1200.25
1625,2015-06-14,1200.12
1626,2015-06-15,1200.03
1627,2015-06-16,1199.97
1628,2015-06-17,1199.88
1629,2015-06-18,1199.72
1630,2015-06-19,1199.61
1631,2015-06-20,1199.62
1632,2015-06-21,1199.44
1633,2015-06-22,1199.37
1634,2015-06-23,1199.22
1635,2015-06-24,1199.24
1636,2015-06-25,1199.16
1637,2015-06-26,1199.0557142857144
1638,2015-06-27,1198.9514285714286
1639,2015-06-28,1198.847142857143
1640,2015-06-29,1198.7428571428572
1641,2015-06-30,1198.6385714285716
1642,2015-07-01,1198.5342857142857
1643,2015-07-02,1198.43
1644,2015-07-03,1198.3257142857144
1645,2015-07-04,1198.2214285714285
1646,2015-07-05,1198.1171428571429
1647,2015-07-06,1198.0128571428572
1648,2015-07-07,1197.9085714285716
1649,2015-07-08,1197.8042857142857
1650,2015-07-09,1197.7
1651,2015-07-10,1197.7
1652,2015-07-11,1197.63
1653,2015-07-12,1197.53
1654,2015-07-13,1197.34
1655,2015-07-14,1197.24
1656,2015-07-15,1197.23
1657,2015-07-16,1197.18
1658,2015-07-17,1196.98
1659,2015-07-18,1196.99
1660,2015-07-19,1196.83
1661,2015-07-20,1196.74
1662,2015-07-21,1196.74
1663,2015-07-22,1196.6
1664,2015-07-23,1196.49
1665,2015-07-24,1196.46
1666,2015-07-25,1196.3
1667,2015-07-26,1196.27
1668,2015-07-27,1196.21
1669,2015-07-28,1196.16
1670,2015-07-29,1196.03
1671,2015-07-30,1195.99
1672,2015-07-31,1195.97
1673,2015-08-01,1195.86
1674,2015-08-02,1195.76
1675,2015-08-03,1195.63
1676,2015-08-04,1195.68
1677,2015-08-05,1195.57
1678,2015-08-06,1195.48
1679,2015-08-07,1195.43
1680,2015-08-08,1195.39
1681,2015-08-09,1195.28
1682,2015-08-10,1195.14
1683,2015-08-11,1195.16
1684,2015-08-12,1195.13
1685,2015-08-13,1195.01
1686,2015-08-14,1194.99
1687,2015-08-15,1194.93
1688,2015-08-16,1194.79
1689,2015-08-17,1194.81
1690,2015-08-18,1194.72
1691,2015-08-19,1194.57
1692,2015-08-20,1194.55
1693,2015-08-21,1194.51
1694,2015-08-22,1194.43
1695,2015-08-23,1194.36
1696,2015-08-24,1194.3
1697,2015-08-25,1194.33
1698,2015-08-26,1194.27
1699,2015-08-27,1194.19
1700,2015-08-28,1194.13
1701,2015-08-29,1194.1
1702,2015-08-30,1193.97
1703,2015-08-31,1194.02
1704,2015-09-01,1193.86
1705,2015-09-02,1193.92
1706,2015-09-03,1193.74
1707,2015-09-04,1193.81
1708,2015-09-05,1193.81
1709,2015-09-06,1193.73
1710,2015-09-07,1193.7
1711,2015-09-08,1193.61
1712,2015-09-09,1193.54
1713,2015-09-10,1193.49
1714,2015-09-11,1193.54
1715,2015-09-12,1193.43
1716,2015-09-13,1193.43
1717,2015-09-14,1193.36
1718,2015-09-15,1193.34
1719,2015-09-16,1193.26
1720,2015-09-17,1193.2
1721,2015-09-18,1193.21
1722,2015-09-19,1193.18
1723,2015-09-20,1193.11
1724,2015-09-21,1192.98
1725,2015-09-22,1192.93
1726,2015-09-23,1193.12
1727,2015-09-24,1193.1303684210525
1728,2015-09-25,1193.140736842105
1729,2015-09-26,1193.151105263158
1730,2015-09-27,1193.1614736842105
1731,2015-09-28,1193.171842105263
1732,2015-09-29,1193.1822105263157
1733,2015-09-30,1193.1925789473682
1734,2015-10-01,1193.2029473684208
1735,2015-10-02,1193.2133157894737
1736,2015-10-03,1193.2236842105262
1737,2015-10-04,1193.2340526315788
1738,2015-10-05,1193.2444210526314
1739,2015-10-06,1193.254789473684
1740,2015-10-07,1193.2651578947368
1741,2015-10-08,1193.2755263157894
1742,2015-10-09,1193.285894736842
1743,2015-10-10,1193.2962631578946
1744,2015-10-11,1193.3066315789472
1745,2015-10-12,1193.317
1746,2015-10-13,1193.3273684210526
1747,2015-10-14,1193.3377368421052
1748,2015-10-15,1193.3481052631578
1749,2015-10-16,1193.3584736842104
1750,2015-10-17,1193.368842105263
1751,2015-10-18,1193.3792105263158
1752,2015-10-19,1193.3895789473684
1753,2015-10-20,1193.399947368421
1754,2015-10-21,1193.4103157894735
1755,2015-10-22,1193.4206842105261
1756,2015-10-23,1193.431052631579
1757,2015-10-24,1193.4414210526315
1758,2015-10-25,1193.4517894736841
1759,2015-10-26,1193.4621578947367
1760,2015-10-27,1193.4725263157893
1761,2015-10-28,1193.482894736842
1762,2015-10-29,1193.4932631578947
1763,2015-10-30,1193.5036315789473
1764,2015-10-31,1193.514
1765,2015-11-01,1193.5243684210525
1766,2015-11-02,1193.534736842105
1767,2015-11-03,1193.545105263158
1768,2015-11-04,1193.5554736842105
1769,2015-11-05,1193.565842105263
1770,2015-11-06,1193.5762105263157
1771,2015-11-07,1193.5865789473683
1772,2015-11-08,1193.5969473684208
1773,2015-11-09,1193.6073157894737
1774,2015-11-10,1193.6176842105262
1775,2015-11-11,1193.6280526315788
1776,2015-11-12,1193.6384210526314
1777,2015-11-13,1193.648789473684
1778,2015-11-14,1193.6591578947368
1779,2015-11-15,1193.6695263157894
1780,2015-11-16,1193.679894736842
1781,2015-11-17,1193.6902631578946
1782,2015-11-18,1193.7006315789472
1783,2015-11-19,1193.7109999999998
1784,2015-11-20,1193.7213684210526
1785,2015-11-21,1193.7317368421052
1786,2015-11-22,1193.7421052631578
1787,2015-11-23,1193.7524736842104
1788,2015-11-24,1193.762842105263
1789,2015-11-25,1193.7732105263158
1790,2015-11-26,1193.7835789473684
1791,2015-11-27,1193.793947368421
1792,2015-11-28,1193.8043157894735
1793,2015-11-29,1193.8146842105261
1794,2015-11-30,1193.825052631579
1795,2015-12-01,1193.8354210526315
1796,2015-12-02,1193.8457894736841
1797,2015-12-03,1193.8561578947367
1798,2015-12-04,1193.8665263157893
1799,2015-12-05,1193.876894736842
1800,2015-12-06,1193.8872631578947
1801,2015-12-07,1193.8976315789473
1802,2015-12-08,1193.908
1803,2015-12-09,1193.9183684210525
1804,2015-12-10,1193.928736842105
1805,2015-12-11,1193.939105263158
1806,2015-12-12,1193.9494736842105
1807,2015-12-13,1193.959842105263
1808,2015-12-14,1193.9702105263157
1809,2015-12-15,1193.9805789473683
1810,2015-12-16,1193.9909473684208
1811,2015-12-17,1194.0013157894737
1812,2015-12-18,1194.0116842105263
1813,2015-12-19,1194.0220526315788
1814,2015-12-20,1194.0324210526314
1815,2015-12-21,1194.042789473684
1816,2015-12-22,1194.0531578947368
1817,2015-12-23,1194.0635263157894
1818,2015-12-24,1194.073894736842
1819,2015-12-25,1194.0842631578946
1820,2015-12-26,1194.0946315789472
1821,2015-12-27,1194.105
1822,2015-12-28,1194.1153684210526
1823,2015-12-29,1194.1257368421052
1824,2015-12-30,1194.1361052631578
1825,2015-12-31,1194.1464736842104
1826,2016-01-01,1194.156842105263
1827,2016-01-02,1194.1672105263158
1828,2016-01-03,1194.1775789473684
1829,2016-01-04,1194.187947368421
1830,2016-01-05,1194.1983157894736
1831,2016-01-06,1194.2086842105261
1832,2016-01-07,1194.219052631579
1833,2016-01-08,1194.2294210526316
1834,2016-01-09,1194.2397894736841
1835,2016-01-10,1194.2501578947367
1836,2016-01-11,1194.2605263157893
1837,2016-01-12,1194.270894736842
1838,2016-01-13,1194.2812631578947
1839,2016-01-14,1194.2916315789473
1840,2016-01-15,1194.302
1841,2016-01-16,1194.3123684210525
1842,2016-01-17,1194.322736842105
1843,2016-01-18,1194.333105263158
1844,2016-01-19,1194.3434736842105
1845,2016-01-20,1194.353842105263
1846,2016-01-21,1194.3642105263157
1847,2016-01-22,1194.3745789473683
1848,2016-01-23,1194.3849473684209
1849,2016-01-24,1194.3953157894737
1850,2016-01-25,1194.4056842105263
1851,2016-01-26,1194.4160526315789
1852,2016-01-27,1194.4264210526314
1853,2016-01-28,1194.436789473684
1854,2016-01-29,1194.4471578947368
1855,2016-01-30,1194.4575263157894
1856,2016-01-31,1194.467894736842
1857,2016-02-01,1194.4782631578946
1858,2016-02-02,1194.4886315789472
1859,2016-02-03,1194.4989999999998
1860,2016-02-04,1194.5093684210526
1861,2016-02-05,1194.5197368421052
1862,2016-02-06,1194.5301052631578
1863,2016-02-07,1194.5404736842104
1864,2016-02-08,1194.550842105263
1865,2016-02-09,1194.5612105263158
1866,2016-02-10,1194.5715789473684
1867,2016-02-11,1194.581947368421
1868,2016-02-12,1194.5923157894736
1869,2016-02-13,1194.6026842105261
1870,2016-02-14,1194.613052631579
1871,2016-02-15,1194.6234210526316
1872,2016-02-16,1194.6337894736841
1873,2016-02-17,1194.6441578947367
1874,2016-02-18,1194.6545263157893
1875,2016-02-19,1194.664894736842
1876,2016-02-20,1194.6752631578947
1877,2016-02-21,1194.6856315789473
1878,2016-02-22,1194.696
1879,2016-02-23,1194.7063684210525
1880,2016-02-24,1194.716736842105
1881,2016-02-25,1194.727105263158
1882,2016-02-26,1194.7374736842105
1883,2016-02-27,1194.747842105263
1884,2016-02-28,1194.7582105263157
1885,2016-02-29,1194.7685789473683
1886,2016-03-01,1194.7789473684209
1887,2016-03-02,1194.7893157894737
1888,2016-03-03,1194.7996842105263
1889,2016-03-04,1194.8100526315789
1890,2016-03-05,1194.8204210526314
1891,2016-03-06,1194.830789473684
1892,2016-03-07,1194.8411578947369
1893,2016-03-08,1194.8515263157894
1894,2016-03-09,1194.861894736842
1895,2016-03-10,1194.8722631578946
1896,2016-03-11,1194.8826315789472
1897,2016-03-12,1194.893
1898,2016-03-13,1194.9033684210526
1899,2016-03-14,1194.9137368421052
1900,2016-03-15,1194.9241052631578
1901,2016-03-16,1194.9344736842104
1902,2016-03-17,1194.944842105263
1903,2016-03-18,1194.9552105263158
1904,2016-03-19,1194.9655789473684
1905,2016-03-20,1194.975947368421
1906,2016-03-21,1194.9863157894736
1907,2016-03-22,1194.9966842105262
1908,2016-03-23,1195.007052631579
1909,2016-03-24,1195.0174210526316
1910,2016-03-25,1195.0277894736842
1911,2016-03-26,1195.0381578947367
1912,2016-03-27,1195.0485263157893
1913,2016-03-28,1195.058894736842
1914,2016-03-29,1195.0692631578947
1915,2016-03-30,1195.0796315789473
1916,2016-03-31,1195.09
1917,2016-04-01,1197.16
1918,2016-04-02,1198.98
1919,2016-04-03,1200.63
1920,2016-04-04,1202.17
1921,2016-04-05,1203.57
1922,2016-04-06,1204.81
1923,2016-04-07,1205.5
1924,2016-04-08,1205.65
1925,2016-04-09,1205.92
1926,2016-04-10,1206.23
1927,2016-04-11,1206.27
1928,2016-04-12,1206.19
1929,2016-04-13,1205.99
1930,2016-04-14,1206.0
1931,2016-04-15,1205.96
1932,2016-04-16,1205.76
1933,2016-04-17,1205.78
1934,2016-04-18,1206.15
1935,2016-04-19,1206.42
1936,2016-04-20,1206.54
1937,2016-04-21,1206.53
1938,2016-04-22,1206.44
1939,2016-04-23,1206.33
1940,2016-04-24,1206.23
1941,2016-04-25,1206.14
1942,2016-04-26,1206.14
1943,2016-04-27,1205.99
1944,2016-04-28,1206.04
1945,2016-04-29,1206.0
1946,2016-04-30,1205.85
1947,2016-05-01,1205.88
1948,2016-05-02,1205.71
1949,2016-05-03,1205.76
1950,2016-05-04,1205.72
1951,2016-05-05,1205.72
1952,2016-05-06,1205.67
1953,2016-05-07,1205.65
1954,2016-05-08,1205.49
1955,2016-05-09,1205.54
1956,2016-05-10,1205.55
1957,2016-05-11,1205.76
1958,2016-05-12,1205.8
1959,2016-05-13,1205.66
1960,2016-05-14,1205.54
1961,2016-05-15,1205.49
1962,2016-05-16,1205.37
1963,2016-05-17,1205.42
1964,2016-05-18,1205.32
1965,2016-05-19,1205.25
1966,2016-05-20,1205.22
1967,2016-05-21,1205.29
1968,2016-05-22,1205.17
1969,2016-05-23,1205.25
1970,2016-05-24,1205.32
1971,2016-05-25,1205.24
1972,2016-05-26,1205.23
1973,2016-05-27,1205.11
1974,2016-05-28,1205.0
1975,2016-05-29,1204.79
1976,2016-05-30,1204.67
1977,2016-05-31,1204.6
1978,2016-06-01,1204.44
1979,2016-06-02,1204.25
1980,2016-06-03,1204.12
1981,2016-06-04,1204.0
1982,2016-06-05,1203.95
1983,2016-06-06,1203.81
1984,2016-06-07,1203.63
1985,2016-06-08,1203.5
1986,2016-06-09,1203.47
1987,2016-06-10,1203.34
1988,2016-06-11,1203.12
1989,2016-06-12,1203.05
1990,2016-06-13,1202.88
1991,2016-06-14,1202.84
1992,2016-06-15,1202.76
1993,2016-06-16,1202.61
1994,2016-06-17,1202.41
1995,2016-06-18,1202.33
1996,2016-06-19,1202.22
1997,2016-06-20,1202.17
1998,2016-06-21,1202.01
1999,2016-06-22,1201.89
2000,2016-06-23,1201.94
2001,2016-06-24,1201.68
2002,2016-06-25,1201.6
2003,2016-06-26,1201.57
2004,2016-06-27,1201.35
2005,2016-06-28,1201.26
2006,2016-06-29,1201.14
2007,2016-06-30,1201.09
2008,2016-07-01,1200.89
2009,2016-07-02,1200.9
2010,2016-07-03,1200.74
2011,2016-07-04,1200.64
2012,2016-07-05,1200.56
2013,2016-07-06,1200.39
2014,2016-07-07,1200.35
2015,2016-07-08,1200.16
2016,2016-07-09,1200.21
2017,2016-07-10,1200.08
2018,2016-07-11,1199.98
2019,2016-07-12,1199.87
2020,2016-07-13,1199.71
2021,2016-07-14,1199.67
2022,2016-07-15,1199.62
2023,2016-07-16,1199.53
2024,2016-07-17,1199.35
2025,2016-07-18,1199.28
2026,2016-07-19,1199.19
2027,2016-07-20,1199.12
2028,2016-07-21,1198.98
2029,2016-07-22,1198.82
2030,2016-07-23,1198.8
2031,2016-07-24,1198.79
2032,2016-07-25,1198.66
2033,2016-07-26,1198.57
2034,2016-07-27,1198.41
2035,2016-07-28,1198.33
2036,2016-07-29,1198.27
2037,2016-07-30,1198.13
2038,2016-07-31,1198.03
2039,2016-08-01,1197.99
2040,2016-08-02,1197.86
2041,2016-08-03,1197.77
2042,2016-08-04,1197.68
2043,2016-08-05,1197.66
2044,2016-08-06,1197.44
2045,2016-08-07,1197.4
2046,2016-08-08,1197.36
2047,2016-08-09,1197.31
2048,2016-08-10,1197.16
2049,2016-08-11,1197.11
2050,2016-08-12,1197.08
2051,2016-08-13,1197.01
2052,2016-08-14,1196.89
2053,2016-08-15,1196.75
2054,2016-08-16,1196.73
2055,2016-08-17,1196.58
2056,2016-08-18,1196.6
2057,2016-08-19,1196.5
2058,2016-08-20,1196.34
2059,2016-08-21,1196.33
2060,2016-08-22,1196.18
2061,2016-08-23,1196.2
2062,2016-08-24,1196.09
2063,2016-08-25,1195.97
2064,2016-08-26,1195.91
2065,2016-08-27,1195.85
2066,2016-08-28,1195.84
2067,2016-08-29,1195.74
2068,2016-08-30,1195.61
2069,2016-08-31,1195.54
2070,2016-09-01,1195.49
2071,2016-09-02,1195.46
2072,2016-09-03,1195.3
2073,2016-09-04,1195.25
2074,2016-09-05,1195.2
2075,2016-09-06,1195.08
2076,2016-09-07,1195.14
2077,2016-09-08,1195.02
2078,2016-09-09,1195.01
2079,2016-09-10,1194.93
2080,2016-09-11,1194.87
2081,2016-09-12,1194.74
2082,2016-09-13,1194.66
2083,2016-09-14,1194.57
2084,2016-09-15,1194.64
2085,2016-09-16,1194.57
2086,2016-09-17,1194.6
2087,2016-09-18,1194.49
2088,2016-09-19,1194.39
2089,2016-09-20,1194.44
2090,2016-09-21,1194.38
2091,2016-09-22,1194.3
2092,2016-09-23,1194.21
2093,2016-09-24,1194.17
2094,2016-09-25,1194.11
2095,2016-09-26,1194.09
2096,2016-09-27,1194.08
2097,2016-09-28,1194.01
2098,2016-09-29,1193.92
2099,2016-09-30,1193.93
2100,2016-10-01,1193.85
2101,2016-10-02,1193.84
2102,2016-10-03,1193.65
2103,2016-10-04,1193.7
2104,2016-10-05,1193.63
2105,2016-10-06,1193.55
2106,2016-10-07,1193.66
2107,2016-10-08,1193.62
2108,2016-10-09,1193.57
2109,2016-10-10,1193.48
2110,2016-10-11,1193.42
2111,2016-10-12,1193.435
2112,2016-10-13,1193.45
2113,2016-10-14,1193.43
2114,2016-10-15,1193.4
2115,2016-10-16,1193.35
2116,2016-10-17,1193.34
2117,2016-10-18,1193.31
2118,2016-10-19,1193.28
2119,2016-10-20,1193.29
2120,2016-10-21,1193.33
2121,2016-10-22,1193.3
2122,2016-10-23,1193.24
2123,2016-10-24,1193.24
2124,2016-10-25,1193.14
2125,2016-10-26,1193.18
2126,2016-10-27,1193.08
2127,2016-10-28,1193.11
2128,2016-10-29,1193.12
2129,2016-10-30,1193.08
2130,2016-10-31,1193.09
2131,2016-11-01,1193.03
2132,2016-11-02,1193.0357324840763
2133,2016-11-03,1193.041464968153
2134,2016-11-04,1193.0471974522293
2135,2016-11-05,1193.0529299363056
2136,2016-11-06,1193.0586624203822
2137,2016-11-07,1193.0643949044586
2138,2016-11-08,1193.070127388535
2139,2016-11-09,1193.0758598726115
2140,2016-11-10,1193.081592356688
2141,2016-11-11,1193.0873248407643
2142,2016-11-12,1193.0930573248409
2143,2016-11-13,1193.0987898089172
2144,2016-11-14,1193.1045222929936
2145,2016-11-15,1193.11025477707
2146,2016-11-16,1193.1159872611465
2147,2016-11-17,1193.121719745223
2148,2016-11-18,1193.1274522292993
2149,2016-11-19,1193.1331847133758
2150,2016-11-20,1193.1389171974522
2151,2016-11-21,1193.1446496815286
2152,2016-11-22,1193.1503821656052
2153,2016-11-23,1193.1561146496815
2154,2016-11-24,1193.1618471337579
2155,2016-11-25,1193.1675796178345
2156,2016-11-26,1193.1733121019108
2157,2016-11-27,1193.1790445859872
2158,2016-11-28,1193.1847770700638
2159,2016-11-29,1193.1905095541401
2160,2016-11-30,1193.1962420382165
2161,2016-12-01,1193.201974522293
2162,2016-12-02,1193.2077070063694
2163,2016-12-03,1193.2134394904458
2164,2016-12-04,1193.2191719745224
2165,2016-12-05,1193.2249044585988
2166,2016-12-06,1193.2306369426751
2167,2016-12-07,1193.2363694267515
2168,2016-12-08,1193.242101910828
2169,2016-12-09,1193.2478343949044
2170,2016-12-10,1193.2535668789808
2171,2016-12-11,1193.2592993630574
2172,2016-12-12,1193.2650318471337
2173,2016-12-13,1193.27076433121
2174,2016-12-14,1193.2764968152867
2175,2016-12-15,1193.282229299363
2176,2016-12-16,1193.2879617834394
2177,2016-12-17,1193.293694267516
2178,2016-12-18,1193.2994267515924
2179,2016-12-19,1193.3051592356687
2180,2016-12-20,1193.3108917197453
2181,2016-12-21,1193.3166242038217
2182,2016-12-22,1193.322356687898
2183,2016-12-23,1193.3280891719746
2184,2016-12-24,1193.333821656051
2185,2016-12-25,1193.3395541401273
2186,2016-12-26,1193.345286624204
2187,2016-12-27,1193.3510191082803
2188,2016-12-28,1193.3567515923567
2189,2016-12-29,1193.362484076433
2190,2016-12-30,1193.3682165605096
2191,2016-12-31,1193.373949044586
2192,2017-01-01,1193.3796815286623
2193,2017-01-02,1193.385414012739
2194,2017-01-03,1193.3911464968153
2195,2017-01-04,1193.3968789808916
2196,2017-01-05,1193.4026114649682
2197,2017-01-06,1193.4083439490446
2198,2017-01-07,1193.414076433121
2199,2017-01-08,1193.4198089171975
2200,2017-01-09,1193.425541401274
2201,2017-01-10,1193.4312738853503
2202,2017-01-11,1193.4370063694269
2203,2017-01-12,1193.4427388535032
2204,2017-01-13,1193.4484713375796
2205,2017-01-14,1193.4542038216562
2206,2017-01-15,1193.4599363057325
2207,2017-01-16,1193.465668789809
2208,2017-01-17,1193.4714012738855
2209,2017-01-18,1193.4771337579618
2210,2017-01-19,1193.4828662420382
2211,2017-01-20,1193.4885987261146
2212,2017-01-21,1193.4943312101911
2213,2017-01-22,1193.5000636942675
2214,2017-01-23,1193.5057961783439
2215,2017-01-24,1193.5115286624205
2216,2017-01-25,1193.5172611464968
2217,2017-01-26,1193.5229936305732
2218,2017-01-27,1193.5287261146498
2219,2017-01-28,1193.5344585987261
2220,2017-01-29,1193.5401910828025
2221,2017-01-30,1193.545923566879
2222,2017-01-31,1193.5516560509554
2223,2017-02-01,1193.5573885350318
2224,2017-02-02,1193.5631210191084
2225,2017-02-03,1193.5688535031848
2226,2017-02-04,1193.5745859872611
2227,2017-02-05,1193.5803184713377
2228,2017-02-06,1193.586050955414
2229,2017-02-07,1193.5917834394904
2230,2017-02-08,1193.597515923567
2231,2017-02-09,1193.6032484076434
2232,2017-02-10,1193.6089808917197
2233,2017-02-11,1193.614713375796
2234,2017-02-12,1193.6204458598727
2235,2017-02-13,1193.626178343949
2236,2017-02-14,1193.6319108280254
2237,2017-02-15,1193.637643312102
2238,2017-02-16,1193.6433757961784
2239,2017-02-17,1193.6491082802547
2240,2017-02-18,1193.6548407643313
2241,2017-02-19,1193.6605732484077
2242,2017-02-20,1193.666305732484
2243,2017-02-21,1193.6720382165606
2244,2017-02-22,1193.677770700637
2245,2017-02-23,1193.6835031847133
2246,2017-02-24,1193.68923566879
2247,2017-02-25,1193.6949681528663
2248,2017-02-26,1193.7007006369427
2249,2017-02-27,1193.7064331210192
2250,2017-02-28,1193.7121656050956
2251,2017-03-01,1193.717898089172
2252,2017-03-02,1193.7236305732486
2253,2017-03-03,1193.729363057325
2254,2017-03-04,1193.7350955414013
2255,2017-03-05,1193.7408280254776
2256,2017-03-06,1193.7465605095542
2257,2017-03-07,1193.7522929936306
2258,2017-03-08,1193.758025477707
2259,2017-03-09,1193.7637579617835
2260,2017-03-10,1193.76949044586
2261,2017-03-11,1193.7752229299363
2262,2017-03-12,1193.7809554140129
2263,2017-03-13,1193.7866878980892
2264,2017-03-14,1193.7924203821656
2265,2017-03-15,1193.7981528662422
2266,2017-03-16,1193.8038853503185
2267,2017-03-17,1193.8096178343949
2268,2017-03-18,1193.8153503184715
2269,2017-03-19,1193.8210828025478
2270,2017-03-20,1193.8268152866242
2271,2017-03-21,1193.8325477707008
2272,2017-03-22,1193.8382802547771
2273,2017-03-23,1193.8440127388535
2274,2017-03-24,1193.84974522293
2275,2017-03-25,1193.8554777070065
2276,2017-03-26,1193.8612101910828
2277,2017-03-27,1193.8669426751592
2278,2017-03-28,1193.8726751592358
2279,2017-03-29,1193.8784076433121
2280,2017-03-30,1193.8841401273885
2281,2017-03-31,1193.889872611465
2282,2017-04-01,1193.8956050955414
2283,2017-04-02,1193.9013375796178
2284,2017-04-03,1193.9070700636944
2285,2017-04-04,1193.9128025477708
2286,2017-04-05,1193.9185350318471
2287,2017-04-06,1193.9242675159237
2288,2017-04-07,1193.93
2289,2017-04-08,1196.22
2290,2017-04-09,1198.03
2291,2017-04-10,1199.81
2292,2017-04-11,1201.37
2293,2017-04-12,1202.92
2294,2017-04-13,1204.44
2295,2017-04-14,1204.94
2296,2017-04-15,1204.97
2297,2017-04-16,1205.15
2298,2017-04-17,1205.32
2299,2017-04-18,1205.42
2300,2017-04-19,1205.59
2301,2017-04-20,1205.65
2302,2017-04-21,1205.65
2303,2017-04-22,1205.55
2304,2017-04-23,1205.62
2305,2017-04-24,1205.68
2306,2017-04-25,1205.68
2307,2017-04-26,1205.7
2308,2017-04-27,1205.54
2309,2017-04-28,1205.35
2310,2017-04-29,1205.22
2311,2017-04-30,1205.04
2312,2017-05-01,1204.93
2313,2017-05-02,1204.81
2314,2017-05-03,1204.86
2315,2017-05-04,1204.86
2316,2017-05-05,1204.86
2317,2017-05-06,1204.85
2318,2017-05-07,1204.97
2319,2017-05-08,1205.55
2320,2017-05-09,1206.22
2321,2017-05-10,1206.42
2322,2017-05-11,1206.5
2323,2017-05-12,1206.57
2324,2017-05-13,1206.63
2325,2017-05-14,1206.61
2326,2017-05-15,1206.44
2327,2017-05-16,1206.36
2328,2017-05-17,1206.24
2329,2017-05-18,1206.03
2330,2017-05-19,1205.95
2331,2017-05-20,1206.19
2332,2017-05-21,1206.06
2333,2017-05-22,1205.96
2334,2017-05-23,1205.99
2335,2017-05-24,1205.98
2336,2017-05-25,1205.98
2337,2017-05-26,1205.97
2338,2017-05-27,1205.97
2339,2017-05-28,1205.95
2340,2017-05-29,1205.93
2341,2017-05-30,1205.9
2342,2017-05-31,1205.87
2343,2017-06-01,1205.83
2344,2017-06-02,1205.79
2345,2017-06-03,1205.79
2346,2017-06-04,1205.72
2347,2017-06-05,1205.67
2348,2017-06-06,1205.64
2349,2017-06-07,1205.61
2350,2017-06-08,1205.6
2351,2017-06-09,1205.54
2352,2017-06-10,1205.48
2353,2017-06-11,1205.41
2354,2017-06-12,1205.51
2355,2017-06-13,1205.66
2356,2017-06-14,1205.84
2357,2017-06-15,1205.92
2358,2017-06-16,1205.8
2359,2017-06-17,1205.67
2360,2017-06-18,1205.54
2361,2017-06-19,1205.42
2362,2017-06-20,1205.28
2363,2017-06-21,1205.29
2364,2017-06-22,1205.09
2365,2017-06-23,1204.89
2366,2017-06-24,1204.77
2367,2017-06-25,1204.65
2368,2017-06-26,1204.59
2369,2017-06-27,1204.42
2370,2017-06-28,1204.29
2371,2017-06-29,1204.23
2372,2017-06-30,1204.05
2373,2017-07-01,1203.93
2374,2017-07-02,1203.87
2375,2017-07-03,1203.68
2376,2017-07-04,1203.57
2377,2017-07-05,1203.45
2378,2017-07-06,1203.33
2379,2017-07-07,1203.21
2380,2017-07-08,1203.17
2381,2017-07-09,1203.02
2382,2017-07-10,1202.9
2383,2017-07-11,1202.7
2384,2017-07-12,1202.65
2385,2017-07-13,1202.47
2386,2017-07-14,1202.36
2387,2017-07-15,1202.24
2388,2017-07-16,1202.11
2389,2017-07-17,1202.0
2390,2017-07-18,1201.89
2391,2017-07-19,1201.84
2392,2017-07-20,1201.77
2393,2017-07-21,1201.6
2394,2017-07-22,1201.5
2395,2017-07-23,1201.34
2396,2017-07-24,1201.24
2397,2017-07-25,1201.12
2398,2017-07-26,1201.05
2399,2017-07-27,1200.91
2400,2017-07-28,1200.81
2401,2017-07-29,1200.71
2402,2017-07-30,1200.58
2403,2017-07-31,1200.57
2404,2017-08-01,1200.4
2405,2017-08-02,1200.27
2406,2017-08-03,1200.17
2407,2017-08-04,1200.07
2408,2017-08-05,1199.96
2409,2017-08-06,1199.86
2410,2017-08-07,1199.76
2411,2017-08-08,1199.65
2412,2017-08-09,1199.55
2413,2017-08-10,1199.44
2414,2017-08-11,1199.33
2415,2017-08-12,1199.22
2416,2017-08-13,1199.1
2417,2017-08-14,1198.98
2418,2017-08-15,1198.88
2419,2017-08-16,1198.75
2420,2017-08-17,1198.69
2421,2017-08-18,1198.59
2422,2017-08-19,1198.48
2423,2017-08-20,1198.4
2424,2017-08-21,1198.26
2425,2017-08-22,1198.21
2426,2017-08-23,1198.16
2427,2017-08-24,1198.06
2428,2017-08-25,1197.97
2429,2017-08-26,1197.89
2430,2017-08-27,1197.79
2431,2017-08-28,1197.72
2432,2017-08-29,1197.66
2433,2017-08-30,1197.56
2434,2017-08-31,1197.46
2435,2017-09-01,1197.38
2436,2017-09-02,1197.38
2437,2017-09-03,1197.22
2438,2017-09-04,1197.14
2439,2017-09-05,1197.07
2440,2017-09-06,1197.0
2441,2017-09-07,1196.92
2442,2017-09-08,1196.84
2443,2017-09-09,1196.76
2444,2017-09-10,1196.66
2445,2017-09-11,1196.64
2446,2017-09-12,1196.48
2447,2017-09-13,1196.46
2448,2017-09-14,1196.38
2449,2017-09-15,1196.32
2450,2017-09-16,1196.27
2451,2017-09-17,1196.17
2452,2017-09-18,1196.13
2453,2017-09-19,1196.07
2454,2017-09-20,1196.03
2455,2017-09-21,1195.98
2456,2017-09-22,1195.92
2457,2017-09-23,1195.86
2458,2017-09-24,1195.79
2459,2017-09-25,1195.77
2460,2017-09-26,1195.62
2461,2017-09-27,1195.55
2462,2017-09-28,1195.5
2463,2017-09-29,1195.44
2464,2017-09-30,1195.38
2465,2017-10-01,1195.38
2466,2017-10-02,1195.3
2467,2017-10-03,1195.24
2468,2017-10-04,1195.13
2469,2017-10-05,1195.14
2470,2017-10-06,1195.04
2471,2017-10-07,1195.0
2472,2017-10-08,1194.94
2473,2017-10-09,1194.88
2474,2017-10-10,1194.8
2475,2017-10-11,1194.78
2476,2017-10-12,1194.74
2477,2017-10-13,1194.7
2478,2017-10-14,1194.66
2479,2017-10-15,1194.62
2480,2017-10-16,1194.56
2481,2017-10-17,1194.53
2482,2017-10-18,1194.49
2483,2017-10-19,1194.48
2484,2017-10-20,1194.43
2485,2017-10-21,1194.45
2486,2017-10-22,1194.38
2487,2017-10-23,1194.32
2488,2017-10-24,1194.29
2489,2017-10-25,1194.24
2490,2017-10-26,1194.2
2491,2017-10-27,1194.15
2492,2017-10-28,1194.12
2493,2017-10-29,1194.04
2494,2017-10-30,1194.02
2495,2017-10-31,1194.02
2496,2017-11-01,1193.93
2497,2017-11-02,1193.85
2498,2017-11-03,1193.78
2499,2017-11-04,1193.71
2500,2017-11-05,1193.72
2501,2017-11-06,1193.67
2502,2017-11-07,1193.57
2503,2017-11-08,1193.56
2504,2017-11-09,1193.56
2505,2017-11-10,1193.54
2506,2017-11-11,1193.5
2507,2017-11-12,1193.45
2508,2017-11-13,1193.42
2509,2017-11-14,1193.35
2510,2017-11-15,1193.3
2511,2017-11-16,1193.26
2512,2017-11-17,1193.15
2513,2017-11-18,1193.06
2514,2017-11-19,1192.94
2515,2017-11-20,1192.94
2516,2017-11-21,1193.0484615384617
2517,2017-11-22,1193.156923076923
2518,2017-11-23,1193.2653846153846
2519,2017-11-24,1193.3738461538462
2520,2017-11-25,1193.4823076923078
2521,2017-11-26,1193.5907692307692
2522,2017-11-27,1193.6992307692308
2523,2017-11-28,1193.8076923076924
2524,2017-11-29,1193.916153846154
2525,2017-11-30,1194.0246153846153
2526,2017-12-01,1194.133076923077
2527,2017-12-02,1194.2415384615385
2528,2017-12-03,1194.3500000000001
2529,2017-12-04,1194.4584615384615
2530,2017-12-05,1194.566923076923
2531,2017-12-06,1194.6753846153847
2532,2017-12-07,1194.7838461538463
2533,2017-12-08,1194.8923076923077
2534,2017-12-09,1195.0007692307693
2535,2017-12-10,1195.1092307692309
2536,2017-12-11,1195.2176923076925
2537,2017-12-12,1195.3261538461538
2538,2017-12-13,1195.4346153846154
2539,2017-12-14,1195.543076923077
2540,2017-12-15,1195.6515384615386
2541,2017-12-16,1195.76
2542,2017-12-17,1195.8684615384616
2543,2017-12-18,1195.9769230769232
2544,2017-12-19,1196.0853846153848
2545,2017-12-20,1196.1938461538462
2546,2017-12-21,1196.3023076923077
2547,2017-12-22,1196.4107692307693
2548,2017-12-23,1196.519230769231
2549,2017-12-24,1196.6276923076923
2550,2017-12-25,1196.736153846154
2551,2017-12-26,1196.8446153846155
2552,2017-12-27,1196.953076923077
2553,2017-12-28,1197.0615384615385
2554,2017-12-29,1197.17
2555,2017-12-30,1205.33
2556,2017-12-31,1205.12
2557,2018-01-01,1204.84
