,datetime,CLEAR_LK_A_LAKEPORT_CA.
0,2011-01-01,5.13
1,2011-01-02,5.19
2,2011-01-03,5.24
3,2011-01-04,5.28
4,2011-01-05,5.32
5,2011-01-06,5.35
6,2011-01-07,5.38
7,2011-01-08,5.39
8,2011-01-09,5.41
9,2011-01-10,5.43
10,2011-01-11,5.47
11,2011-01-12,5.46
12,2011-01-13,5.49
13,2011-01-14,5.52
14,2011-01-15,5.54
15,2011-01-16,5.56
16,2011-01-17,5.57
17,2011-01-18,5.59
18,2011-01-19,5.6
19,2011-01-20,5.61
20,2011-01-21,5.62
21,2011-01-22,5.63
22,2011-01-23,5.64
23,2011-01-24,5.64
24,2011-01-25,5.65
25,2011-01-26,5.66
26,2011-01-27,5.67
27,2011-01-28,5.67
28,2011-01-29,5.68
29,2011-01-30,5.73
30,2011-01-31,5.74
31,2011-02-01,5.76
32,2011-02-02,5.75
33,2011-02-03,5.76
34,2011-02-04,5.76
35,2011-02-05,5.77
36,2011-02-06,5.78
37,2011-02-07,5.77
38,2011-02-08,5.78
39,2011-02-09,5.78
40,2011-02-10,5.78
41,2011-02-11,5.78
42,2011-02-12,5.78
43,2011-02-13,5.79
44,2011-02-14,5.81
45,2011-02-15,5.88
46,2011-02-16,6.19
47,2011-02-17,6.47
48,2011-02-18,6.65
49,2011-02-19,6.78
50,2011-02-20,6.85
51,2011-02-21,6.92
52,2011-02-22,6.95
53,2011-02-23,6.98
54,2011-02-24,7.02
55,2011-02-25,7.11
56,2011-02-26,7.19
57,2011-02-27,7.22
58,2011-02-28,7.26
59,2011-03-01,7.29
60,2011-03-02,7.33
61,2011-03-03,7.38
62,2011-03-04,7.42
63,2011-03-05,7.45
64,2011-03-06,7.53
65,2011-03-07,7.57
66,2011-03-08,7.62
67,2011-03-09,7.62
68,2011-03-10,7.59
69,2011-03-11,7.55
70,2011-03-12,7.5
71,2011-03-13,7.47
72,2011-03-14,7.48
73,2011-03-15,7.5
74,2011-03-16,7.62
75,2011-03-17,7.67
76,2011-03-18,7.75
77,2011-03-19,7.96
78,2011-03-20,8.29
79,2011-03-21,8.48
80,2011-03-22,8.57
81,2011-03-23,8.65
82,2011-03-24,8.81
83,2011-03-25,9.07
84,2011-03-26,9.24
85,2011-03-27,9.35
86,2011-03-28,9.37
87,2011-03-29,9.33
88,2011-03-30,9.27
89,2011-03-31,9.18
90,2011-04-01,9.08
91,2011-04-02,8.96
92,2011-04-03,8.86
93,2011-04-04,8.73
94,2011-04-05,8.6
95,2011-04-06,8.44
96,2011-04-07,8.32
97,2011-04-08,8.22
98,2011-04-09,8.09
99,2011-04-10,7.97
100,2011-04-11,7.84
101,2011-04-12,7.73
102,2011-04-13,7.63
103,2011-04-14,7.58
104,2011-04-15,7.57
105,2011-04-16,7.57
106,2011-04-17,7.58
107,2011-04-18,7.61
108,2011-04-19,7.63
109,2011-04-20,7.63
110,2011-04-21,7.63
111,2011-04-22,7.64
112,2011-04-23,7.66
113,2011-04-24,7.64
114,2011-04-25,7.63
115,2011-04-26,7.64
116,2011-04-27,7.63
117,2011-04-28,7.57
118,2011-04-29,7.57
119,2011-04-30,7.55
120,2011-05-01,7.53
121,2011-05-02,7.5
122,2011-05-03,7.49
123,2011-05-04,7.47
124,2011-05-05,7.44
125,2011-05-06,7.41
126,2011-05-07,7.35
127,2011-05-08,7.3
128,2011-05-09,7.3
129,2011-05-10,7.26
130,2011-05-11,7.23
131,2011-05-12,7.2
132,2011-05-13,7.17
133,2011-05-14,7.12
134,2011-05-15,7.11
135,2011-05-16,7.13
136,2011-05-17,7.12
137,2011-05-18,7.11
138,2011-05-19,7.1
139,2011-05-20,7.1
140,2011-05-21,7.08
141,2011-05-22,7.04
142,2011-05-23,7.02
143,2011-05-24,7.02
144,2011-05-25,7.01
145,2011-05-26,7.01
146,2011-05-27,6.98
147,2011-05-28,6.94
148,2011-05-29,6.92
149,2011-05-30,6.9
150,2011-05-31,6.9
151,2011-06-01,6.9
152,2011-06-02,6.91
153,2011-06-03,6.92
154,2011-06-04,6.97
155,2011-06-05,6.98
156,2011-06-06,6.98
157,2011-06-07,7.0
158,2011-06-08,7.0
159,2011-06-09,7.0
160,2011-06-10,6.98
161,2011-06-11,6.96
162,2011-06-12,6.94
163,2011-06-13,6.93
164,2011-06-14,6.91
165,2011-06-15,6.88
166,2011-06-16,6.85
167,2011-06-17,6.81
168,2011-06-18,6.77
169,2011-06-19,6.74
170,2011-06-20,6.71
171,2011-06-21,6.67
172,2011-06-22,6.63
173,2011-06-23,6.57
174,2011-06-24,6.52
175,2011-06-25,6.48
176,2011-06-26,6.43
177,2011-06-27,6.38
178,2011-06-28,6.34
179,2011-06-29,6.31
180,2011-06-30,6.28
181,2011-07-01,6.25
182,2011-07-02,6.22
183,2011-07-03,6.19
184,2011-07-04,6.16
185,2011-07-05,6.13
186,2011-07-06,6.09
187,2011-07-07,6.04
188,2011-07-08,6.0
189,2011-07-09,5.95
190,2011-07-10,5.88
191,2011-07-11,5.83
192,2011-07-12,5.77
193,2011-07-13,5.71
194,2011-07-14,5.66
195,2011-07-15,5.61
196,2011-07-16,5.56
197,2011-07-17,5.51
198,2011-07-18,5.47
199,2011-07-19,5.43
200,2011-07-20,5.39
201,2011-07-21,5.35
202,2011-07-22,5.3
203,2011-07-23,5.26
204,2011-07-24,5.22
205,2011-07-25,5.14
206,2011-07-26,5.11
207,2011-07-27,5.06
208,2011-07-28,5.01
209,2011-07-29,4.96
210,2011-07-30,4.92
211,2011-07-31,4.88
212,2011-08-01,4.83
213,2011-08-02,4.78
214,2011-08-03,4.73
215,2011-08-04,4.67
216,2011-08-05,4.63
217,2011-08-06,4.59
218,2011-08-07,4.55
219,2011-08-08,4.51
220,2011-08-09,4.46
221,2011-08-10,4.42
222,2011-08-11,4.36
223,2011-08-12,4.32
224,2011-08-13,4.27
225,2011-08-14,4.22
226,2011-08-15,4.18
227,2011-08-16,4.14
228,2011-08-17,4.1
229,2011-08-18,4.06
230,2011-08-19,4.02
231,2011-08-20,3.98
232,2011-08-21,3.94
233,2011-08-22,3.91
234,2011-08-23,3.87
235,2011-08-24,3.83
236,2011-08-25,3.8
237,2011-08-26,3.76
238,2011-08-27,3.73
239,2011-08-28,3.69
240,2011-08-29,3.65
241,2011-08-30,3.61
242,2011-08-31,3.57
243,2011-09-01,3.53
244,2011-09-02,3.5
245,2011-09-03,3.46
246,2011-09-04,3.43
247,2011-09-05,3.4
248,2011-09-06,3.37
249,2011-09-07,3.35
250,2011-09-08,3.32
251,2011-09-09,3.29
252,2011-09-10,3.26
253,2011-09-11,3.23
254,2011-09-12,3.21
255,2011-09-13,3.18
256,2011-09-14,3.15
257,2011-09-15,3.12
258,2011-09-16,3.08
259,2011-09-17,3.04
260,2011-09-18,3.02
261,2011-09-19,3.0
262,2011-09-20,2.98
263,2011-09-21,2.95
264,2011-09-22,2.93
265,2011-09-23,2.9
266,2011-09-24,2.86
267,2011-09-25,2.82
268,2011-09-26,2.8
269,2011-09-27,2.77
270,2011-09-28,2.76
271,2011-09-29,2.73
272,2011-09-30,2.7
273,2011-10-01,2.67
274,2011-10-02,2.65
275,2011-10-03,2.65
276,2011-10-04,2.68
277,2011-10-05,2.71
278,2011-10-06,2.72
279,2011-10-07,2.7
280,2011-10-08,2.68
281,2011-10-09,2.66
282,2011-10-10,2.67
283,2011-10-11,2.68
284,2011-10-12,2.67
285,2011-10-13,2.67
286,2011-10-14,2.66
287,2011-10-15,2.65
288,2011-10-16,2.65
289,2011-10-17,2.63
290,2011-10-18,2.63
291,2011-10-19,2.62
292,2011-10-20,2.61
293,2011-10-21,2.6
294,2011-10-22,2.59
295,2011-10-23,2.59
296,2011-10-24,2.58
297,2011-10-25,2.57
298,2011-10-26,2.56
299,2011-10-27,2.55
300,2011-10-28,2.53
301,2011-10-29,2.52
302,2011-10-30,2.52
303,2011-10-31,2.51
304,2011-11-01,2.5
305,2011-11-02,2.47
306,2011-11-03,2.44
307,2011-11-04,2.43
308,2011-11-05,2.44
309,2011-11-06,2.45
310,2011-11-07,2.44
311,2011-11-08,2.42
312,2011-11-09,2.43
313,2011-11-10,2.42
314,2011-11-11,2.4
315,2011-11-12,2.39
316,2011-11-13,2.38
317,2011-11-14,2.37
318,2011-11-15,2.37
319,2011-11-16,2.36
320,2011-11-17,2.34
321,2011-11-18,2.32
322,2011-11-19,2.36
323,2011-11-20,2.41
324,2011-11-21,2.39
325,2011-11-22,2.41
326,2011-11-23,2.42
327,2011-11-24,2.45
328,2011-11-25,2.45
329,2011-11-26,2.45
330,2011-11-27,2.45
331,2011-11-28,2.45
332,2011-11-29,2.46
333,2011-11-30,2.46
334,2011-12-01,2.45
335,2011-12-02,2.43
336,2011-12-03,2.42
337,2011-12-04,2.4
338,2011-12-05,2.4
339,2011-12-06,2.4
340,2011-12-07,2.4
341,2011-12-08,2.4
342,2011-12-09,2.39
343,2011-12-10,2.39
344,2011-12-11,2.39
345,2011-12-12,2.39
346,2011-12-13,2.38
347,2011-12-14,2.38
348,2011-12-15,2.39
349,2011-12-16,2.38
350,2011-12-17,2.38
351,2011-12-18,2.38
352,2011-12-19,2.38
353,2011-12-20,2.37
354,2011-12-21,2.37
355,2011-12-22,2.37
356,2011-12-23,2.36
357,2011-12-24,2.36
358,2011-12-25,2.36
359,2011-12-26,2.36
360,2011-12-27,2.35
361,2011-12-28,2.35
362,2011-12-29,2.36
363,2011-12-30,2.35
364,2011-12-31,2.36
365,2012-01-01,2.36
366,2012-01-02,2.35
367,2012-01-03,2.35
368,2012-01-04,2.35
369,2012-01-05,2.35
370,2012-01-06,2.35
371,2012-01-07,2.35
372,2012-01-08,2.34
373,2012-01-09,2.34
374,2012-01-10,2.34
375,2012-01-11,2.34
376,2012-01-12,2.34
377,2012-01-13,2.34
378,2012-01-14,2.33
379,2012-01-15,2.29
380,2012-01-16,2.3
381,2012-01-17,2.3
382,2012-01-18,2.3
383,2012-01-19,2.32
384,2012-01-20,2.38
385,2012-01-21,2.49
386,2012-01-22,2.6
387,2012-01-23,2.77
388,2012-01-24,2.83
389,2012-01-25,2.87
390,2012-01-26,2.89
391,2012-01-27,2.91
392,2012-01-28,2.91
393,2012-01-29,2.92
394,2012-01-30,2.93
395,2012-01-31,2.93
396,2012-02-01,2.94
397,2012-02-02,2.94
398,2012-02-03,2.95
399,2012-02-04,2.95
400,2012-02-05,2.94
401,2012-02-06,2.95
402,2012-02-07,2.97
403,2012-02-08,2.99
404,2012-02-09,3.0
405,2012-02-10,3.0
406,2012-02-11,3.01
407,2012-02-12,3.01
408,2012-02-13,3.01
409,2012-02-14,3.02
410,2012-02-15,3.03
411,2012-02-16,3.03
412,2012-02-17,3.03
413,2012-02-18,3.02
414,2012-02-19,3.03
415,2012-02-20,3.04
416,2012-02-21,3.04
417,2012-02-22,3.03
418,2012-02-23,3.04
419,2012-02-24,3.01
420,2012-02-25,2.99
421,2012-02-26,3.02
422,2012-02-27,3.01
423,2012-02-28,3.0
424,2012-02-29,3.01
425,2012-03-01,3.03
426,2012-03-02,3.06
427,2012-03-03,3.07
428,2012-03-04,3.07
429,2012-03-05,3.06
430,2012-03-06,3.02
431,2012-03-07,3.06
432,2012-03-08,3.06
433,2012-03-09,3.06
434,2012-03-10,3.04
435,2012-03-11,3.03
436,2012-03-12,3.04
437,2012-03-13,3.14
438,2012-03-14,3.33
439,2012-03-15,3.42
440,2012-03-16,3.51
441,2012-03-17,3.62
442,2012-03-18,3.65
443,2012-03-19,3.75
444,2012-03-20,3.78
445,2012-03-21,3.81
446,2012-03-22,3.81
447,2012-03-23,3.85
448,2012-03-24,3.88
449,2012-03-25,3.94
450,2012-03-26,3.97
451,2012-03-27,4.08
452,2012-03-28,4.39
453,2012-03-29,4.59
454,2012-03-30,4.71
455,2012-03-31,4.82
456,2012-04-01,4.98
457,2012-04-02,5.11
458,2012-04-03,5.16
459,2012-04-04,5.19
460,2012-04-05,5.23
461,2012-04-06,5.28
462,2012-04-07,5.31
463,2012-04-08,5.32
464,2012-04-09,5.33
465,2012-04-10,5.36
466,2012-04-11,5.38
467,2012-04-12,5.47
468,2012-04-13,5.56
469,2012-04-14,5.65
470,2012-04-15,5.71
471,2012-04-16,5.74
472,2012-04-17,5.77
473,2012-04-18,5.79
474,2012-04-19,5.82
475,2012-04-20,5.83
476,2012-04-21,5.85
477,2012-04-22,5.86
478,2012-04-23,5.86
479,2012-04-24,5.88
480,2012-04-25,5.89
481,2012-04-26,5.85
482,2012-04-27,5.88
483,2012-04-28,5.89
484,2012-04-29,5.9
485,2012-04-30,5.88
486,2012-05-01,5.88
487,2012-05-02,5.88
488,2012-05-03,5.88
489,2012-05-04,5.85
490,2012-05-05,5.87
491,2012-05-06,5.87
492,2012-05-07,5.86
493,2012-05-08,5.84
494,2012-05-09,5.82
495,2012-05-10,5.8
496,2012-05-11,5.78
497,2012-05-12,5.76
498,2012-05-13,5.74
499,2012-05-14,5.71
500,2012-05-15,5.69
501,2012-05-16,5.67
502,2012-05-17,5.62
503,2012-05-18,5.61
504,2012-05-19,5.58
505,2012-05-20,5.56
506,2012-05-21,5.51
507,2012-05-22,5.47
508,2012-05-23,5.42
509,2012-05-24,5.37
510,2012-05-25,5.34
511,2012-05-26,5.34
512,2012-05-27,5.32
513,2012-05-28,5.29
514,2012-05-29,5.27
515,2012-05-30,5.26
516,2012-05-31,5.24
517,2012-06-01,5.21
518,2012-06-02,5.16
519,2012-06-03,5.15
520,2012-06-04,5.1
521,2012-06-05,5.07
522,2012-06-06,5.05
523,2012-06-07,5.01
524,2012-06-08,4.96
525,2012-06-09,4.96
526,2012-06-10,4.94
527,2012-06-11,4.91
528,2012-06-12,4.87
529,2012-06-13,4.86
530,2012-06-14,4.82
531,2012-06-15,4.8
532,2012-06-16,4.78
533,2012-06-17,4.75
534,2012-06-18,4.71
535,2012-06-19,4.69
536,2012-06-20,4.66
537,2012-06-21,4.61
538,2012-06-22,4.57
539,2012-06-23,4.51
540,2012-06-24,4.49
541,2012-06-25,4.44
542,2012-06-26,4.41
543,2012-06-27,4.39
544,2012-06-28,4.35
545,2012-06-29,4.32
546,2012-06-30,4.29
547,2012-07-01,4.27
548,2012-07-02,4.23
549,2012-07-03,4.21
550,2012-07-04,4.18
551,2012-07-05,4.14
552,2012-07-06,4.11
553,2012-07-07,4.08
554,2012-07-08,4.04
555,2012-07-09,4.01
556,2012-07-10,3.98
557,2012-07-11,3.95
558,2012-07-12,3.92
559,2012-07-13,3.9
560,2012-07-14,3.87
561,2012-07-15,3.82
562,2012-07-16,3.77
563,2012-07-17,3.74
564,2012-07-18,3.72
565,2012-07-19,3.67
566,2012-07-20,3.62
567,2012-07-21,3.59
568,2012-07-22,3.55
569,2012-07-23,3.52
570,2012-07-24,3.47
571,2012-07-25,3.43
572,2012-07-26,3.39
573,2012-07-27,3.35
574,2012-07-28,3.3
575,2012-07-29,3.27
576,2012-07-30,3.23
577,2012-07-31,3.19
578,2012-08-01,3.16
579,2012-08-02,3.13
580,2012-08-03,3.1
581,2012-08-04,3.08
582,2012-08-05,3.05
583,2012-08-06,3.01
584,2012-08-07,2.98
585,2012-08-08,2.94
586,2012-08-09,2.91
587,2012-08-10,2.88
588,2012-08-11,2.86
589,2012-08-12,2.83
590,2012-08-13,2.8
591,2012-08-14,2.77
592,2012-08-15,2.75
593,2012-08-16,2.71
594,2012-08-17,2.68
595,2012-08-18,2.64
596,2012-08-19,2.6
597,2012-08-20,2.57
598,2012-08-21,2.52
599,2012-08-22,2.5
600,2012-08-23,2.47
601,2012-08-24,2.44
602,2012-08-25,2.4
603,2012-08-26,2.35
604,2012-08-27,2.32
605,2012-08-28,2.29
606,2012-08-29,2.26
607,2012-08-30,2.23
608,2012-08-31,2.2
609,2012-09-01,2.18
610,2012-09-02,2.15
611,2012-09-03,2.11
612,2012-09-04,2.09
613,2012-09-05,2.06
614,2012-09-06,2.07
615,2012-09-07,2.03
616,2012-09-08,2.0
617,2012-09-09,1.94
618,2012-09-10,1.92
619,2012-09-11,1.9
620,2012-09-12,1.89
621,2012-09-13,1.87
622,2012-09-14,1.85
623,2012-09-15,1.83
624,2012-09-16,1.81
625,2012-09-17,1.78
626,2012-09-18,1.76
627,2012-09-19,1.74
628,2012-09-20,1.71
629,2012-09-21,1.69
630,2012-09-22,1.68
631,2012-09-23,1.66
632,2012-09-24,1.64
633,2012-09-25,1.64
634,2012-09-26,1.61
635,2012-09-27,1.6
636,2012-09-28,1.57
637,2012-09-29,1.56
638,2012-09-30,1.54
639,2012-10-01,1.52
640,2012-10-02,1.51
641,2012-10-03,1.49
642,2012-10-04,1.46
643,2012-10-05,1.44
644,2012-10-06,1.43
645,2012-10-07,1.41
646,2012-10-08,1.38
647,2012-10-09,1.37
648,2012-10-10,1.36
649,2012-10-11,1.34
650,2012-10-12,1.34
651,2012-10-13,1.33
652,2012-10-14,1.32
653,2012-10-15,1.3
654,2012-10-16,1.28
655,2012-10-17,1.29
656,2012-10-18,1.28
657,2012-10-19,1.27
658,2012-10-20,1.24
659,2012-10-21,1.22
660,2012-10-22,1.23
661,2012-10-23,1.24
662,2012-10-24,1.25
663,2012-10-25,1.25
664,2012-10-26,1.23
665,2012-10-27,1.22
666,2012-10-28,1.23
667,2012-10-29,1.22
668,2012-10-30,1.21
669,2012-10-31,1.21
670,2012-11-01,1.23
671,2012-11-02,1.22
672,2012-11-03,1.22
673,2012-11-04,1.21
674,2012-11-05,1.21
675,2012-11-06,1.22
676,2012-11-07,1.2
677,2012-11-08,1.16
678,2012-11-09,1.17
679,2012-11-10,1.14
680,2012-11-11,1.15
681,2012-11-12,1.14
682,2012-11-13,1.13
683,2012-11-14,1.13
684,2012-11-15,1.13
685,2012-11-16,1.15
686,2012-11-17,1.22
687,2012-11-18,1.24
688,2012-11-19,1.25
689,2012-11-20,1.26
690,2012-11-21,1.27
691,2012-11-22,1.27
692,2012-11-23,1.27
693,2012-11-24,1.26
694,2012-11-25,1.26
695,2012-11-26,1.26
696,2012-11-27,1.27
697,2012-11-28,1.33
698,2012-11-29,1.38
699,2012-11-30,1.76
700,2012-12-01,2.0
701,2012-12-02,2.4
702,2012-12-03,2.79
703,2012-12-04,2.95
704,2012-12-05,3.13
705,2012-12-06,3.22
706,2012-12-07,3.28
707,2012-12-08,3.32
708,2012-12-09,3.35
709,2012-12-10,3.37
710,2012-12-11,3.38
711,2012-12-12,3.39
712,2012-12-13,3.4
713,2012-12-14,3.41
714,2012-12-15,3.44
715,2012-12-16,3.46
716,2012-12-17,3.46
717,2012-12-18,3.47
718,2012-12-19,3.5
719,2012-12-20,3.54
720,2012-12-21,3.78
721,2012-12-22,4.2
722,2012-12-23,4.64
723,2012-12-24,5.1
724,2012-12-25,5.35
725,2012-12-26,5.51
726,2012-12-27,5.64
727,2012-12-28,5.69
728,2012-12-29,5.68
729,2012-12-30,5.66
730,2012-12-31,5.64
731,2013-01-01,5.61
732,2013-01-02,5.58
733,2013-01-03,5.54
734,2013-01-04,5.53
735,2013-01-05,5.56
736,2013-01-06,5.61
737,2013-01-07,5.63
738,2013-01-08,5.66
739,2013-01-09,5.65
740,2013-01-10,5.66
741,2013-01-11,5.68
742,2013-01-12,5.7
743,2013-01-13,5.71
744,2013-01-14,5.72
745,2013-01-15,5.72
746,2013-01-16,5.73
747,2013-01-17,5.74
748,2013-01-18,5.75
749,2013-01-19,5.77
750,2013-01-20,5.77
751,2013-01-21,5.78
752,2013-01-22,5.78
753,2013-01-23,5.81
754,2013-01-24,5.84
755,2013-01-25,5.85
756,2013-01-26,5.84
757,2013-01-27,5.85
758,2013-01-28,5.84
759,2013-01-29,5.86
760,2013-01-30,5.87
761,2013-01-31,5.88
762,2013-02-01,5.88
763,2013-02-02,5.89
764,2013-02-03,5.89
765,2013-02-04,5.9
766,2013-02-05,5.9
767,2013-02-06,5.9
768,2013-02-07,5.91
769,2013-02-08,5.92
770,2013-02-09,5.92
771,2013-02-10,5.93
772,2013-02-11,5.93
773,2013-02-12,5.93
774,2013-02-13,5.93
775,2013-02-14,5.94
776,2013-02-15,5.94
777,2013-02-16,5.94
778,2013-02-17,5.94
779,2013-02-18,5.93
780,2013-02-19,5.92
781,2013-02-20,5.93
782,2013-02-21,5.93
783,2013-02-22,5.93
784,2013-02-23,5.92
785,2013-02-24,5.93
786,2013-02-25,5.93
787,2013-02-26,5.93
788,2013-02-27,5.93
789,2013-02-28,5.93
790,2013-03-01,5.94
791,2013-03-02,5.94
792,2013-03-03,5.94
793,2013-03-04,5.94
794,2013-03-05,5.94
795,2013-03-06,6.0
796,2013-03-07,6.04
797,2013-03-08,6.03
798,2013-03-09,6.04
799,2013-03-10,6.05
800,2013-03-11,6.06
801,2013-03-12,6.06
802,2013-03-13,6.07
803,2013-03-14,6.06
804,2013-03-15,6.06
805,2013-03-16,6.05
806,2013-03-17,6.05
807,2013-03-18,6.05
808,2013-03-19,6.06
809,2013-03-20,6.08
810,2013-03-21,6.09
811,2013-03-22,6.1
812,2013-03-23,6.1
813,2013-03-24,6.1
814,2013-03-25,6.1
815,2013-03-26,6.11
816,2013-03-27,6.11
817,2013-03-28,6.12
818,2013-03-29,6.13
819,2013-03-30,6.14
820,2013-03-31,6.16
821,2013-04-01,6.18
822,2013-04-02,6.18
823,2013-04-03,6.18
824,2013-04-04,6.22
825,2013-04-05,6.23
826,2013-04-06,6.23
827,2013-04-07,6.21
828,2013-04-08,6.19
829,2013-04-09,6.22
830,2013-04-10,6.2
831,2013-04-11,6.2
832,2013-04-12,6.2
833,2013-04-13,6.17
834,2013-04-14,6.13
835,2013-04-15,6.1
836,2013-04-16,6.14
837,2013-04-17,6.13
838,2013-04-18,6.13
839,2013-04-19,6.1
840,2013-04-20,6.11
841,2013-04-21,6.11
842,2013-04-22,6.11
843,2013-04-23,6.1
844,2013-04-24,6.08
845,2013-04-25,6.06
846,2013-04-26,6.06
847,2013-04-27,6.05
848,2013-04-28,6.04
849,2013-04-29,6.03
850,2013-04-30,6.02
851,2013-05-01,6.0
852,2013-05-02,5.97
853,2013-05-03,5.96
854,2013-05-04,5.95
855,2013-05-05,5.93
856,2013-05-06,5.91
857,2013-05-07,5.89
858,2013-05-08,5.88
859,2013-05-09,5.86
860,2013-05-10,5.85
861,2013-05-11,5.84
862,2013-05-12,5.82
863,2013-05-13,5.8
864,2013-05-14,5.78
865,2013-05-15,5.74
866,2013-05-16,5.7
867,2013-05-17,5.68
868,2013-05-18,5.63
869,2013-05-19,5.62
870,2013-05-20,5.59
871,2013-05-21,5.49
872,2013-05-22,5.45
873,2013-05-23,5.43
874,2013-05-24,5.4
875,2013-05-25,5.36
876,2013-05-26,5.31
877,2013-05-27,5.3
878,2013-05-28,5.29
879,2013-05-29,5.24
880,2013-05-30,5.22
881,2013-05-31,5.2
882,2013-06-01,5.16
883,2013-06-02,5.14
884,2013-06-03,5.11
885,2013-06-04,5.07
886,2013-06-05,5.05
887,2013-06-06,5.02
888,2013-06-07,4.99
889,2013-06-08,4.96
890,2013-06-09,4.91
891,2013-06-10,4.88
892,2013-06-11,4.86
893,2013-06-12,4.78
894,2013-06-13,4.75
895,2013-06-14,4.73
896,2013-06-15,4.68
897,2013-06-16,4.63
898,2013-06-17,4.59
899,2013-06-18,4.51
900,2013-06-19,4.48
901,2013-06-20,4.45
902,2013-06-21,4.42
903,2013-06-22,4.38
904,2013-06-23,4.34
905,2013-06-24,4.33
906,2013-06-25,4.32
907,2013-06-26,4.31
908,2013-06-27,4.29
909,2013-06-28,4.26
910,2013-06-29,4.24
911,2013-06-30,4.21
912,2013-07-01,4.18
913,2013-07-02,4.16
914,2013-07-03,4.13
915,2013-07-04,4.08
916,2013-07-05,4.04
917,2013-07-06,4.0
918,2013-07-07,3.96
919,2013-07-08,3.93
920,2013-07-09,3.88
921,2013-07-10,3.83
922,2013-07-11,3.78
923,2013-07-12,3.73
924,2013-07-13,3.68
925,2013-07-14,3.65
926,2013-07-15,3.6
927,2013-07-16,3.57
928,2013-07-17,3.53
929,2013-07-18,3.49
930,2013-07-19,3.47
931,2013-07-20,3.44
932,2013-07-21,3.41
933,2013-07-22,3.39
934,2013-07-23,3.33
935,2013-07-24,3.3
936,2013-07-25,3.26
937,2013-07-26,3.23
938,2013-07-27,3.2
939,2013-07-28,3.16
940,2013-07-29,3.13
941,2013-07-30,3.09
942,2013-07-31,3.04
943,2013-08-01,2.98
944,2013-08-02,2.95
945,2013-08-03,2.92
946,2013-08-04,2.89
947,2013-08-05,2.85
948,2013-08-06,2.8
949,2013-08-07,2.76
950,2013-08-08,2.73
951,2013-08-09,2.7
952,2013-08-10,2.67
953,2013-08-11,2.63
954,2013-08-12,2.6
955,2013-08-13,2.57
956,2013-08-14,2.53
957,2013-08-15,2.5
958,2013-08-16,2.48
959,2013-08-17,2.45
960,2013-08-18,2.43
961,2013-08-19,2.41
962,2013-08-20,2.4
963,2013-08-21,2.4
964,2013-08-22,2.33
965,2013-08-23,2.27
966,2013-08-24,2.23
967,2013-08-25,2.22
968,2013-08-26,2.2
969,2013-08-27,2.16
970,2013-08-28,2.1
971,2013-08-29,2.07
972,2013-08-30,2.04
973,2013-08-31,2.01
974,2013-09-01,1.97
975,2013-09-02,1.93
976,2013-09-03,1.89
977,2013-09-04,1.85
978,2013-09-05,1.81
979,2013-09-06,1.8
980,2013-09-07,1.78
981,2013-09-08,1.76
982,2013-09-09,1.73
983,2013-09-10,1.7
984,2013-09-11,1.68
985,2013-09-12,1.66
986,2013-09-13,1.63
987,2013-09-14,1.6
988,2013-09-15,1.56
989,2013-09-16,1.54
990,2013-09-17,1.46
991,2013-09-18,1.46
992,2013-09-19,1.44
993,2013-09-20,1.4
994,2013-09-21,1.39
995,2013-09-22,1.38
996,2013-09-23,1.36
997,2013-09-24,1.3
998,2013-09-25,1.27
999,2013-09-26,1.28
1000,2013-09-27,1.27
1001,2013-09-28,1.25
1002,2013-09-29,1.22
1003,2013-09-30,1.22
1004,2013-10-01,1.22
1005,2013-10-02,1.18
1006,2013-10-03,1.18
1007,2013-10-04,1.19
1008,2013-10-05,1.14
1009,2013-10-06,1.13
1010,2013-10-07,1.11
1011,2013-10-08,1.09
1012,2013-10-09,1.09
1013,2013-10-10,1.1
1014,2013-10-11,1.08
1015,2013-10-12,1.05
1016,2013-10-13,1.05
1017,2013-10-14,1.04
1018,2013-10-15,1.03
1019,2013-10-16,1.02
1020,2013-10-17,1.03
1021,2013-10-18,1.01
1022,2013-10-19,1.0
1023,2013-10-20,0.99
1024,2013-10-21,0.98
1025,2013-10-22,0.98
1026,2013-10-23,0.97
1027,2013-10-24,0.96
1028,2013-10-25,0.95
1029,2013-10-26,0.95
1030,2013-10-27,0.9
1031,2013-10-28,0.91
1032,2013-10-29,0.92
1033,2013-10-30,0.91
1034,2013-10-31,0.9
1035,2013-11-01,0.89
1036,2013-11-02,0.86
1037,2013-11-03,0.84
1038,2013-11-04,0.84
1039,2013-11-05,0.83
1040,2013-11-06,0.83
1041,2013-11-07,0.82
1042,2013-11-08,0.82
1043,2013-11-09,0.82
1044,2013-11-10,0.82
1045,2013-11-11,0.81
1046,2013-11-12,0.79
1047,2013-11-13,0.78
1048,2013-11-14,0.76
1049,2013-11-15,0.76
1050,2013-11-16,0.73
1051,2013-11-17,0.74
1052,2013-11-18,0.74
1053,2013-11-19,0.78
1054,2013-11-20,0.81
1055,2013-11-21,0.83
1056,2013-11-22,0.8
1057,2013-11-23,0.76
1058,2013-11-24,0.73
1059,2013-11-25,0.73
1060,2013-11-26,0.73
1061,2013-11-27,0.73
1062,2013-11-28,0.72
1063,2013-11-29,0.71
1064,2013-11-30,0.71
1065,2013-12-01,0.7
1066,2013-12-02,0.68
1067,2013-12-03,0.66
1068,2013-12-04,0.67
1069,2013-12-05,0.67
1070,2013-12-06,0.67
1071,2013-12-07,0.67
1072,2013-12-08,0.66
1073,2013-12-09,0.66
1074,2013-12-10,0.66
1075,2013-12-11,0.66
1076,2013-12-12,0.65
1077,2013-12-13,0.65
1078,2013-12-14,0.65
1079,2013-12-15,0.65
1080,2013-12-16,0.65
1081,2013-12-17,0.65
1082,2013-12-18,0.64
1083,2013-12-19,0.63
1084,2013-12-20,0.63
1085,2013-12-21,0.62
1086,2013-12-22,0.63
1087,2013-12-23,0.63
1088,2013-12-24,0.63
1089,2013-12-25,0.62
1090,2013-12-26,0.62
1091,2013-12-27,0.62
1092,2013-12-28,0.62
1093,2013-12-29,0.61
1094,2013-12-30,0.62
1095,2013-12-31,0.61
1096,2014-01-01,0.61
1097,2014-01-02,0.61
1098,2014-01-03,0.61
1099,2014-01-04,0.61
1100,2014-01-05,0.6
1101,2014-01-06,0.6
1102,2014-01-07,0.6
1103,2014-01-08,0.59
1104,2014-01-09,0.59
1105,2014-01-10,0.59
1106,2014-01-11,0.58
1107,2014-01-12,0.59
1108,2014-01-13,0.59
1109,2014-01-14,0.59
1110,2014-01-15,0.59
1111,2014-01-16,0.59
1112,2014-01-17,0.59
1113,2014-01-18,0.59
1114,2014-01-19,0.58
1115,2014-01-20,0.57
1116,2014-01-21,0.57
1117,2014-01-22,0.57
1118,2014-01-23,0.58
1119,2014-01-24,0.57
1120,2014-01-25,0.55
1121,2014-01-26,0.55
1122,2014-01-27,0.54
1123,2014-01-28,0.54
1124,2014-01-29,0.54
1125,2014-01-30,0.54
1126,2014-01-31,0.53
1127,2014-02-01,0.54
1128,2014-02-02,0.58
1129,2014-02-03,0.54
1130,2014-02-04,0.55
1131,2014-02-05,0.57
1132,2014-02-06,0.63
1133,2014-02-07,0.64
1134,2014-02-08,0.79
1135,2014-02-09,0.99
1136,2014-02-10,1.02
1137,2014-02-11,1.03
1138,2014-02-12,1.03
1139,2014-02-13,1.04
1140,2014-02-14,1.04
1141,2014-02-15,1.04
1142,2014-02-16,1.04
1143,2014-02-17,1.04
1144,2014-02-18,1.03
1145,2014-02-19,1.03
1146,2014-02-20,1.04
1147,2014-02-21,1.04
1148,2014-02-22,1.04
1149,2014-02-23,1.04
1150,2014-02-24,1.04
1151,2014-02-25,1.04
1152,2014-02-26,1.09
1153,2014-02-27,1.2
1154,2014-02-28,1.35
1155,2014-03-01,1.41
1156,2014-03-02,1.42
1157,2014-03-03,1.49
1158,2014-03-04,1.6
1159,2014-03-05,1.65
1160,2014-03-06,1.68
1161,2014-03-07,1.72
1162,2014-03-08,1.75
1163,2014-03-09,1.77
1164,2014-03-10,1.79
1165,2014-03-11,1.83
1166,2014-03-12,1.84
1167,2014-03-13,1.81
1168,2014-03-14,1.8
1169,2014-03-15,1.81
1170,2014-03-16,1.79
1171,2014-03-17,1.78
1172,2014-03-18,1.8
1173,2014-03-19,1.79
1174,2014-03-20,1.79
1175,2014-03-21,1.78
1176,2014-03-22,1.77
1177,2014-03-23,1.77
1178,2014-03-24,1.77
1179,2014-03-25,1.77
1180,2014-03-26,1.79
1181,2014-03-27,1.81
1182,2014-03-28,1.8
1183,2014-03-29,1.85
1184,2014-03-30,1.91
1185,2014-03-31,2.01
1186,2014-04-01,2.14
1187,2014-04-02,2.23
1188,2014-04-03,2.28
1189,2014-04-04,2.34
1190,2014-04-05,2.36
1191,2014-04-06,2.4
1192,2014-04-07,2.42
1193,2014-04-08,2.43
1194,2014-04-09,2.44
1195,2014-04-10,2.45
1196,2014-04-11,2.46
1197,2014-04-12,2.46
1198,2014-04-13,2.47
1199,2014-04-14,2.47
1200,2014-04-15,2.46
1201,2014-04-16,2.46
1202,2014-04-17,2.44
1203,2014-04-18,2.44
1204,2014-04-19,2.43
1205,2014-04-20,2.43
1206,2014-04-21,2.41
1207,2014-04-22,2.35
1208,2014-04-23,2.36
1209,2014-04-24,2.35
1210,2014-04-25,2.35
1211,2014-04-26,2.35
1212,2014-04-27,2.35
1213,2014-04-28,2.35
1214,2014-04-29,2.35
1215,2014-04-30,2.35
1216,2014-05-01,2.33
1217,2014-05-02,2.31
1218,2014-05-03,2.28
1219,2014-05-04,2.27
1220,2014-05-05,2.24
1221,2014-05-06,2.24
1222,2014-05-07,2.23
1223,2014-05-08,2.22
1224,2014-05-09,2.18
1225,2014-05-10,2.15
1226,2014-05-11,2.19
1227,2014-05-12,2.18
1228,2014-05-13,2.18
1229,2014-05-14,2.17
1230,2014-05-15,2.15
1231,2014-05-16,2.13
1232,2014-05-17,2.1
1233,2014-05-18,2.06
1234,2014-05-19,2.05
1235,2014-05-20,2.05
1236,2014-05-21,2.05
1237,2014-05-22,2.04
1238,2014-05-23,2.01
1239,2014-05-24,2.0
1240,2014-05-25,1.98
1241,2014-05-26,1.95
1242,2014-05-27,1.93
1243,2014-05-28,1.91
1244,2014-05-29,1.91
1245,2014-05-30,1.89
1246,2014-05-31,1.87
1247,2014-06-01,1.86
1248,2014-06-02,1.85
1249,2014-06-03,1.83
1250,2014-06-04,1.82
1251,2014-06-05,1.8
1252,2014-06-06,1.79
1253,2014-06-07,1.77
1254,2014-06-08,1.76
1255,2014-06-09,1.74
1256,2014-06-10,1.72
1257,2014-06-11,1.69
1258,2014-06-12,1.64
1259,2014-06-13,1.63
1260,2014-06-14,1.61
1261,2014-06-15,1.57
1262,2014-06-16,1.53
1263,2014-06-17,1.52
1264,2014-06-18,1.5
1265,2014-06-19,1.48
1266,2014-06-20,1.45
1267,2014-06-21,1.43
1268,2014-06-22,1.41
1269,2014-06-23,1.38
1270,2014-06-24,1.34
1271,2014-06-25,1.32
1272,2014-06-26,1.29
1273,2014-06-27,1.27
1274,2014-06-28,1.26
1275,2014-06-29,1.25
1276,2014-06-30,1.24
1277,2014-07-01,1.22
1278,2014-07-02,1.21
1279,2014-07-03,1.19
1280,2014-07-04,1.17
1281,2014-07-05,1.15
1282,2014-07-06,1.13
1283,2014-07-07,1.12
1284,2014-07-08,1.1
1285,2014-07-09,1.08
1286,2014-07-10,1.06
1287,2014-07-11,1.05
1288,2014-07-12,0.99
1289,2014-07-13,0.97
1290,2014-07-14,0.95
1291,2014-07-15,0.94
1292,2014-07-16,0.9
1293,2014-07-17,0.88
1294,2014-07-18,0.87
1295,2014-07-19,0.84
1296,2014-07-20,0.81
1297,2014-07-21,0.8
1298,2014-07-22,0.77
1299,2014-07-23,0.74
1300,2014-07-24,0.73
1301,2014-07-25,0.71
1302,2014-07-26,0.7
1303,2014-07-27,0.68
1304,2014-07-28,0.65
1305,2014-07-29,0.64
1306,2014-07-30,0.62
1307,2014-07-31,0.6
1308,2014-08-01,0.57
1309,2014-08-02,0.54
1310,2014-08-03,0.53
1311,2014-08-04,0.51
1312,2014-08-05,0.49
1313,2014-08-06,0.48
1314,2014-08-07,0.45
1315,2014-08-08,0.43
1316,2014-08-09,0.41
1317,2014-08-10,0.41
1318,2014-08-11,0.37
1319,2014-08-12,0.34
1320,2014-08-13,0.31
1321,2014-08-14,0.3
1322,2014-08-15,0.28
1323,2014-08-16,0.26
1324,2014-08-17,0.24
1325,2014-08-18,0.22
1326,2014-08-19,0.19
1327,2014-08-20,0.18
1328,2014-08-21,0.16
1329,2014-08-22,0.14
1330,2014-08-23,0.11
1331,2014-08-24,0.08
1332,2014-08-25,0.07
1333,2014-08-26,0.04
1334,2014-08-27,0.03
1335,2014-08-28,0.01
1336,2014-08-29,-0.01
1337,2014-08-30,-0.05
1338,2014-08-31,-0.06
1339,2014-09-01,-0.07
1340,2014-09-02,-0.09
1341,2014-09-03,-0.1
1342,2014-09-04,-0.12
1343,2014-09-05,-0.14
1344,2014-09-06,-0.15
1345,2014-09-07,-0.18
1346,2014-09-08,-0.22
1347,2014-09-09,-0.23
1348,2014-09-10,-0.25
1349,2014-09-11,-0.26
1350,2014-09-12,-0.28
1351,2014-09-13,-0.29
1352,2014-09-14,-0.31
1353,2014-09-15,-0.33
1354,2014-09-16,-0.35
1355,2014-09-17,-0.37
1356,2014-09-18,-0.37
1357,2014-09-19,-0.4
1358,2014-09-20,-0.41
1359,2014-09-21,-0.44
1360,2014-09-22,-0.44
1361,2014-09-23,-0.46
1362,2014-09-24,-0.48
1363,2014-09-25,-0.47
1364,2014-09-26,-0.48
1365,2014-09-27,-0.49
1366,2014-09-28,-0.48
1367,2014-09-29,-0.51
1368,2014-09-30,-0.53
1369,2014-10-01,-0.53
1370,2014-10-02,-0.55
1371,2014-10-03,-0.56
1372,2014-10-04,-0.57
1373,2014-10-05,-0.58
1374,2014-10-06,-0.58
1375,2014-10-07,-0.6
1376,2014-10-08,-0.61
1377,2014-10-09,-0.64
1378,2014-10-10,-0.64
1379,2014-10-11,-0.66
1380,2014-10-12,-0.65
1381,2014-10-13,-0.68
1382,2014-10-14,-0.7
1383,2014-10-15,-0.7
1384,2014-10-16,-0.71
1385,2014-10-17,-0.71
1386,2014-10-18,-0.72
1387,2014-10-19,-0.73
1388,2014-10-20,-0.75
1389,2014-10-21,-0.74
1390,2014-10-22,-0.75
1391,2014-10-23,-0.75
1392,2014-10-24,-0.75
1393,2014-10-25,-0.77
1394,2014-10-26,-0.77
1395,2014-10-27,-0.78
1396,2014-10-28,-0.78
1397,2014-10-29,-0.79
1398,2014-10-30,-0.79
1399,2014-10-31,-0.78
1400,2014-11-01,-0.78
1401,2014-11-02,-0.78
1402,2014-11-03,-0.8
1403,2014-11-04,-0.8
1404,2014-11-05,-0.8
1405,2014-11-06,-0.81
1406,2014-11-07,-0.81
1407,2014-11-08,-0.81
1408,2014-11-09,-0.82
1409,2014-11-10,-0.81
1410,2014-11-11,-0.82
1411,2014-11-12,-0.81
1412,2014-11-13,-0.79
1413,2014-11-14,-0.8
1414,2014-11-15,-0.8
1415,2014-11-16,-0.8
1416,2014-11-17,-0.8
1417,2014-11-18,-0.8
1418,2014-11-19,-0.78
1419,2014-11-20,-0.79
1420,2014-11-21,-0.77
1421,2014-11-22,-0.75
1422,2014-11-23,-0.74
1423,2014-11-24,-0.74
1424,2014-11-25,-0.73
1425,2014-11-26,-0.73
1426,2014-11-27,-0.73
1427,2014-11-28,-0.73
1428,2014-11-29,-0.7
1429,2014-11-30,-0.61
1430,2014-12-01,-0.6
1431,2014-12-02,-0.54
1432,2014-12-03,-0.35
1433,2014-12-04,-0.24
1434,2014-12-05,-0.19
1435,2014-12-06,-0.11
1436,2014-12-07,-0.05
1437,2014-12-08,-0.04
1438,2014-12-09,-0.02
1439,2014-12-10,0.02
1440,2014-12-11,0.58
1441,2014-12-12,1.19
1442,2014-12-13,1.42
1443,2014-12-14,1.56
1444,2014-12-15,1.64
1445,2014-12-16,1.72
1446,2014-12-17,1.87
1447,2014-12-18,2.01
1448,2014-12-19,2.15
1449,2014-12-20,2.32
1450,2014-12-21,2.46
1451,2014-12-22,2.55
1452,2014-12-23,2.62
1453,2014-12-24,2.63
1454,2014-12-25,2.68
1455,2014-12-26,2.72
1456,2014-12-27,2.74
1457,2014-12-28,2.75
1458,2014-12-29,2.76
1459,2014-12-30,2.8
1460,2014-12-31,2.77
1461,2015-01-01,2.78
1462,2015-01-02,2.78
1463,2015-01-03,2.79
1464,2015-01-04,2.79
1465,2015-01-05,2.8
1466,2015-01-06,2.81
1467,2015-01-07,2.81
1468,2015-01-08,2.82
1469,2015-01-09,2.82
1470,2015-01-10,2.83
1471,2015-01-11,2.83
1472,2015-01-12,2.83
1473,2015-01-13,2.84
1474,2015-01-14,2.84
1475,2015-01-15,2.84
1476,2015-01-16,2.86
1477,2015-01-17,2.86
1478,2015-01-18,2.87
1479,2015-01-19,2.87
1480,2015-01-20,2.88
1481,2015-01-21,2.88
1482,2015-01-22,2.88
1483,2015-01-23,2.88
1484,2015-01-24,2.89
1485,2015-01-25,2.89
1486,2015-01-26,2.89
1487,2015-01-27,2.89
1488,2015-01-28,2.89
1489,2015-01-29,2.9
1490,2015-01-30,2.9
1491,2015-01-31,2.9
1492,2015-02-01,2.9
1493,2015-02-02,2.9
1494,2015-02-03,2.9
1495,2015-02-04,2.91
1496,2015-02-05,2.91
1497,2015-02-06,3.03
1498,2015-02-07,3.48
1499,2015-02-08,3.72
1500,2015-02-09,4.0
1501,2015-02-10,4.18
1502,2015-02-11,4.28
1503,2015-02-12,4.34
1504,2015-02-13,4.39
1505,2015-02-14,4.42
1506,2015-02-15,4.45
1507,2015-02-16,4.47
1508,2015-02-17,4.49
1509,2015-02-18,4.51
1510,2015-02-19,4.52
1511,2015-02-20,4.53
1512,2015-02-21,4.54
1513,2015-02-22,4.56
1514,2015-02-23,4.54
1515,2015-02-24,4.52
1516,2015-02-25,4.53
1517,2015-02-26,4.52
1518,2015-02-27,4.5
1519,2015-02-28,4.53
1520,2015-03-01,4.53
1521,2015-03-02,4.54
1522,2015-03-03,4.53
1523,2015-03-04,4.53
1524,2015-03-05,4.54
1525,2015-03-06,4.53
1526,2015-03-07,4.54
1527,2015-03-08,4.54
1528,2015-03-09,4.54
1529,2015-03-10,4.55
1530,2015-03-11,4.55
1531,2015-03-12,4.54
1532,2015-03-13,4.54
1533,2015-03-14,4.55
1534,2015-03-15,4.54
1535,2015-03-16,4.55
1536,2015-03-17,4.53
1537,2015-03-18,4.54
1538,2015-03-19,4.54
1539,2015-03-20,4.53
1540,2015-03-21,4.53
1541,2015-03-22,4.52
1542,2015-03-23,4.53
1543,2015-03-24,4.53
1544,2015-03-25,4.53
1545,2015-03-26,4.54
1546,2015-03-27,4.52
1547,2015-03-28,4.52
1548,2015-03-29,4.52
1549,2015-03-30,4.51
1550,2015-03-31,4.47
1551,2015-04-01,4.47
1552,2015-04-02,4.47
1553,2015-04-03,4.45
1554,2015-04-04,4.42
1555,2015-04-05,4.42
1556,2015-04-06,4.43
1557,2015-04-07,4.48
1558,2015-04-08,4.5
1559,2015-04-09,4.49
1560,2015-04-10,4.48
1561,2015-04-11,4.47
1562,2015-04-12,4.47
1563,2015-04-13,4.43
1564,2015-04-14,4.42
1565,2015-04-15,4.43
1566,2015-04-16,4.43
1567,2015-04-17,4.42
1568,2015-04-18,4.41
1569,2015-04-19,4.41
1570,2015-04-20,4.4
1571,2015-04-21,4.39
1572,2015-04-22,4.38
1573,2015-04-23,4.36
1574,2015-04-24,4.33
1575,2015-04-25,4.35
1576,2015-04-26,4.35
1577,2015-04-27,4.35
1578,2015-04-28,4.33
1579,2015-04-29,4.33
1580,2015-04-30,4.33
1581,2015-05-01,4.31
1582,2015-05-02,4.3
1583,2015-05-03,4.28
1584,2015-05-04,4.26
1585,2015-05-05,4.23
1586,2015-05-06,4.2
1587,2015-05-07,4.19
1588,2015-05-08,4.16
1589,2015-05-09,4.13
1590,2015-05-10,4.11
1591,2015-05-11,4.05
1592,2015-05-12,4.0
1593,2015-05-13,3.99
1594,2015-05-14,3.97
1595,2015-05-15,3.93
1596,2015-05-16,3.92
1597,2015-05-17,3.91
1598,2015-05-18,3.9
1599,2015-05-19,3.88
1600,2015-05-20,3.86
1601,2015-05-21,3.86
1602,2015-05-22,3.85
1603,2015-05-23,3.84
1604,2015-05-24,3.81
1605,2015-05-25,3.8
1606,2015-05-26,3.78
1607,2015-05-27,3.78
1608,2015-05-28,3.77
1609,2015-05-29,3.74
1610,2015-05-30,3.73
1611,2015-05-31,3.7
1612,2015-06-01,3.67
1613,2015-06-02,3.65
1614,2015-06-03,3.63
1615,2015-06-04,3.63
1616,2015-06-05,3.61
1617,2015-06-06,3.59
1618,2015-06-07,3.58
1619,2015-06-08,3.56
1620,2015-06-09,3.52
1621,2015-06-10,3.5
1622,2015-06-11,3.5
1623,2015-06-12,3.48
1624,2015-06-13,3.46
1625,2015-06-14,3.43
1626,2015-06-15,3.4
1627,2015-06-16,3.38
1628,2015-06-17,3.35
1629,2015-06-18,3.3
1630,2015-06-19,3.28
1631,2015-06-20,3.26
1632,2015-06-21,3.22
1633,2015-06-22,3.19
1634,2015-06-23,3.16
1635,2015-06-24,3.14
1636,2015-06-25,3.12
1637,2015-06-26,3.1
1638,2015-06-27,3.07
1639,2015-06-28,3.05
1640,2015-06-29,3.02
1641,2015-06-30,3.0
1642,2015-07-01,2.98
1643,2015-07-02,2.95
1644,2015-07-03,2.93
1645,2015-07-04,2.9
1646,2015-07-05,2.87
1647,2015-07-06,2.83
1648,2015-07-07,2.8
1649,2015-07-08,2.78
1650,2015-07-09,2.78
1651,2015-07-10,2.77
1652,2015-07-11,2.74
1653,2015-07-12,2.71
1654,2015-07-13,2.69
1655,2015-07-14,2.66
1656,2015-07-15,2.64
1657,2015-07-16,2.62
1658,2015-07-17,2.6
1659,2015-07-18,2.57
1660,2015-07-19,2.54
1661,2015-07-20,2.52
1662,2015-07-21,2.49
1663,2015-07-22,2.45
1664,2015-07-23,2.42
1665,2015-07-24,2.38
1666,2015-07-25,2.35
1667,2015-07-26,2.31
1668,2015-07-27,2.28
1669,2015-07-28,2.26
1670,2015-07-29,2.24
1671,2015-07-30,2.22
1672,2015-07-31,2.19
1673,2015-08-01,2.17
1674,2015-08-02,2.13
1675,2015-08-03,2.08
1676,2015-08-04,2.04
1677,2015-08-05,2.01
1678,2015-08-06,1.98
1679,2015-08-07,1.94
1680,2015-08-08,1.9
1681,2015-08-09,1.86
1682,2015-08-10,1.81
1683,2015-08-11,1.78
1684,2015-08-12,1.77
1685,2015-08-13,1.74
1686,2015-08-14,1.72
1687,2015-08-15,1.71
1688,2015-08-16,1.69
1689,2015-08-17,1.68
1690,2015-08-18,1.66
1691,2015-08-19,1.65
1692,2015-08-20,1.63
1693,2015-08-21,1.61
1694,2015-08-22,1.6
1695,2015-08-23,1.59
1696,2015-08-24,1.56
1697,2015-08-25,1.54
1698,2015-08-26,1.51
1699,2015-08-27,1.49
1700,2015-08-28,1.47
1701,2015-08-29,1.43
1702,2015-08-30,1.4
1703,2015-08-31,1.4
1704,2015-09-01,1.38
1705,2015-09-02,1.34
1706,2015-09-03,1.31
1707,2015-09-04,1.26
1708,2015-09-05,1.25
1709,2015-09-06,1.23
1710,2015-09-07,1.21
1711,2015-09-08,1.2
1712,2015-09-09,1.18
1713,2015-09-10,1.16
1714,2015-09-11,1.14
1715,2015-09-12,1.11
1716,2015-09-13,1.1
1717,2015-09-14,1.08
1718,2015-09-15,1.04
1719,2015-09-16,1.05
1720,2015-09-17,1.05
1721,2015-09-18,1.04
1722,2015-09-19,1.04
1723,2015-09-20,1.03
1724,2015-09-21,1.02
1725,2015-09-22,1.0
1726,2015-09-23,0.99
1727,2015-09-24,0.98
1728,2015-09-25,0.97
1729,2015-09-26,0.95
1730,2015-09-27,0.95
1731,2015-09-28,0.93
1732,2015-09-29,0.92
1733,2015-09-30,0.91
1734,2015-10-01,0.89
1735,2015-10-02,0.88
1736,2015-10-03,0.87
1737,2015-10-04,0.86
1738,2015-10-05,0.84
1739,2015-10-06,0.83
1740,2015-10-07,0.82
1741,2015-10-08,0.81
1742,2015-10-09,0.8
1743,2015-10-10,0.78
1744,2015-10-11,0.78
1745,2015-10-12,0.78
1746,2015-10-13,0.77
1747,2015-10-14,0.76
1748,2015-10-15,0.75
1749,2015-10-16,0.74
1750,2015-10-17,0.71
1751,2015-10-18,0.69
1752,2015-10-19,0.68
1753,2015-10-20,0.68
1754,2015-10-21,0.67
1755,2015-10-22,0.66
1756,2015-10-23,0.65
1757,2015-10-24,0.64
1758,2015-10-25,0.62
1759,2015-10-26,0.62
1760,2015-10-27,0.62
1761,2015-10-28,0.59
1762,2015-10-29,0.59
1763,2015-10-30,0.58
1764,2015-10-31,0.56
1765,2015-11-01,0.57
1766,2015-11-02,0.6
1767,2015-11-03,0.6
1768,2015-11-04,0.59
1769,2015-11-05,0.58
1770,2015-11-06,0.57
1771,2015-11-07,0.56
1772,2015-11-08,0.56
1773,2015-11-09,0.59
1774,2015-11-10,0.59
1775,2015-11-11,0.58
1776,2015-11-12,0.58
1777,2015-11-13,0.57
1778,2015-11-14,0.57
1779,2015-11-15,0.52
1780,2015-11-16,0.54
1781,2015-11-17,0.53
1782,2015-11-18,0.54
1783,2015-11-19,0.54
1784,2015-11-20,0.54
1785,2015-11-21,0.54
1786,2015-11-22,0.54
1787,2015-11-23,0.53
1788,2015-11-24,0.5
1789,2015-11-25,0.52
1790,2015-11-26,0.51
1791,2015-11-27,0.52
1792,2015-11-28,0.49
1793,2015-11-29,0.47
1794,2015-11-30,0.47
1795,2015-12-01,0.45
1796,2015-12-02,0.46
1797,2015-12-03,0.48
1798,2015-12-04,0.49
1799,2015-12-05,0.5
1800,2015-12-06,0.52
1801,2015-12-07,0.53
1802,2015-12-08,0.53
1803,2015-12-09,0.54
1804,2015-12-10,0.54
1805,2015-12-11,0.62
1806,2015-12-12,0.63
1807,2015-12-13,0.62
1808,2015-12-14,0.65
1809,2015-12-15,0.67
1810,2015-12-16,0.67
1811,2015-12-17,0.67
1812,2015-12-18,0.69
1813,2015-12-19,0.71
1814,2015-12-20,0.76
1815,2015-12-21,0.82
1816,2015-12-22,0.98
1817,2015-12-23,1.09
1818,2015-12-24,1.15
1819,2015-12-25,1.21
1820,2015-12-26,1.23
1821,2015-12-27,1.25
1822,2015-12-28,1.26
1823,2015-12-29,1.27
1824,2015-12-30,1.28
1825,2015-12-31,1.28
1826,2016-01-01,1.29
1827,2016-01-02,1.3
1828,2016-01-03,1.3
1829,2016-01-04,1.36
1830,2016-01-05,1.45
1831,2016-01-06,1.66
1832,2016-01-07,1.81
1833,2016-01-08,1.9
1834,2016-01-09,1.97
1835,2016-01-10,2.01
1836,2016-01-11,2.04
1837,2016-01-12,2.07
1838,2016-01-13,2.14
1839,2016-01-14,2.25
1840,2016-01-15,2.38
1841,2016-01-16,2.52
1842,2016-01-17,2.68
1843,2016-01-18,2.99
1844,2016-01-19,3.24
1845,2016-01-20,3.46
1846,2016-01-21,3.61
1847,2016-01-22,3.7
1848,2016-01-23,3.79
1849,2016-01-24,3.93
1850,2016-01-25,4.03
1851,2016-01-26,4.1
1852,2016-01-27,4.15
1853,2016-01-28,4.2
1854,2016-01-29,4.25
1855,2016-01-30,4.31
1856,2016-01-31,4.34
1857,2016-02-01,4.39
1858,2016-02-02,4.44
1859,2016-02-03,4.47
1860,2016-02-04,4.5
1861,2016-02-05,4.52
1862,2016-02-06,4.54
1863,2016-02-07,4.56
1864,2016-02-08,4.58
1865,2016-02-09,4.59
1866,2016-02-10,4.59
1867,2016-02-11,4.61
1868,2016-02-12,4.61
1869,2016-02-13,4.62
1870,2016-02-14,4.63
1871,2016-02-15,4.64
1872,2016-02-16,4.65
1873,2016-02-17,4.66
1874,2016-02-18,4.7
1875,2016-02-19,4.74
1876,2016-02-20,4.79
1877,2016-02-21,4.82
1878,2016-02-22,4.84
1879,2016-02-23,4.86
1880,2016-02-24,4.87
1881,2016-02-25,4.89
1882,2016-02-26,4.89
1883,2016-02-27,4.91
1884,2016-02-28,4.91
1885,2016-02-29,4.92
1886,2016-03-01,4.92
1887,2016-03-02,4.93
1888,2016-03-03,4.95
1889,2016-03-04,4.97
1890,2016-03-05,5.05
1891,2016-03-06,5.36
1892,2016-03-07,5.78
1893,2016-03-08,6.04
1894,2016-03-09,6.2
1895,2016-03-10,6.4
1896,2016-03-11,6.72
1897,2016-03-12,6.94
1898,2016-03-13,7.26
1899,2016-03-14,7.56
1900,2016-03-15,7.77
1901,2016-03-16,7.84
1902,2016-03-17,7.83
1903,2016-03-18,7.79
1904,2016-03-19,7.79
1905,2016-03-20,7.79
1906,2016-03-21,7.81
1907,2016-03-22,7.86
1908,2016-03-23,7.89
1909,2016-03-24,7.9
1910,2016-03-25,7.9
1911,2016-03-26,7.88
1912,2016-03-27,7.85
1913,2016-03-28,7.81
1914,2016-03-29,7.8
1915,2016-03-30,7.78
1916,2016-03-31,7.74
1917,2016-04-01,7.73
1918,2016-04-02,7.72
1919,2016-04-03,7.7
1920,2016-04-04,7.68
1921,2016-04-05,7.68
1922,2016-04-06,7.69
1923,2016-04-07,7.67
1924,2016-04-08,7.67
1925,2016-04-09,7.66
1926,2016-04-10,7.68
1927,2016-04-11,7.68
1928,2016-04-12,7.64
1929,2016-04-13,7.61
1930,2016-04-14,7.61
1931,2016-04-15,7.62
1932,2016-04-16,7.62
1933,2016-04-17,7.61
1934,2016-04-18,7.6
1935,2016-04-19,7.59
1936,2016-04-20,7.57
1937,2016-04-21,7.56
1938,2016-04-22,7.55
1939,2016-04-23,7.55
1940,2016-04-24,7.49
1941,2016-04-25,7.47
1942,2016-04-26,7.46
1943,2016-04-27,7.43
1944,2016-04-28,7.43
1945,2016-04-29,7.39
1946,2016-04-30,7.38
1947,2016-05-01,7.36
1948,2016-05-02,7.33
1949,2016-05-03,7.31
1950,2016-05-04,7.28
1951,2016-05-05,7.26
1952,2016-05-06,7.25
1953,2016-05-07,7.23
1954,2016-05-08,7.21
1955,2016-05-09,7.19
1956,2016-05-10,7.17
1957,2016-05-11,7.15
1958,2016-05-12,7.12
1959,2016-05-13,7.09
1960,2016-05-14,7.04
1961,2016-05-15,7.01
1962,2016-05-16,6.99
1963,2016-05-17,6.96
1964,2016-05-18,6.92
1965,2016-05-19,6.84
1966,2016-05-20,6.76
1967,2016-05-21,6.76
1968,2016-05-22,6.72
1969,2016-05-23,6.69
1970,2016-05-24,6.66
1971,2016-05-25,6.63
1972,2016-05-26,6.6
1973,2016-05-27,6.57
1974,2016-05-28,6.54
1975,2016-05-29,6.51
1976,2016-05-30,6.48
1977,2016-05-31,6.45
1978,2016-06-01,6.42
1979,2016-06-02,6.39
1980,2016-06-03,6.35
1981,2016-06-04,6.32
1982,2016-06-05,6.28
1983,2016-06-06,6.24
1984,2016-06-07,6.19
1985,2016-06-08,6.14
1986,2016-06-09,6.08
1987,2016-06-10,6.02
1988,2016-06-11,5.99
1989,2016-06-12,5.95
1990,2016-06-13,5.89
1991,2016-06-14,5.83
1992,2016-06-15,5.78
1993,2016-06-16,5.76
1994,2016-06-17,5.73
1995,2016-06-18,5.71
1996,2016-06-19,5.68
1997,2016-06-20,5.63
1998,2016-06-21,5.6
1999,2016-06-22,5.55
2000,2016-06-23,5.49
2001,2016-06-24,5.46
2002,2016-06-25,5.43
2003,2016-06-26,5.38
2004,2016-06-27,5.34
2005,2016-06-28,5.29
2006,2016-06-29,5.25
2007,2016-06-30,5.21
2008,2016-07-01,5.16
2009,2016-07-02,5.12
2010,2016-07-03,5.07
2011,2016-07-04,5.03
2012,2016-07-05,4.98
2013,2016-07-06,4.92
2014,2016-07-07,4.88
2015,2016-07-08,4.83
2016,2016-07-09,4.76
2017,2016-07-10,4.71
2018,2016-07-11,4.68
2019,2016-07-12,4.64
2020,2016-07-13,4.59
2021,2016-07-14,4.53
2022,2016-07-15,4.49
2023,2016-07-16,4.45
2024,2016-07-17,4.39
2025,2016-07-18,4.34
2026,2016-07-19,4.29
2027,2016-07-20,4.25
2028,2016-07-21,4.2
2029,2016-07-22,4.15
2030,2016-07-23,4.11
2031,2016-07-24,4.08
2032,2016-07-25,4.04
2033,2016-07-26,4.01
2034,2016-07-27,3.97
2035,2016-07-28,3.93
2036,2016-07-29,3.89
2037,2016-07-30,3.85
2038,2016-07-31,3.8
2039,2016-08-01,3.76
2040,2016-08-02,3.73
2041,2016-08-03,3.68
2042,2016-08-04,3.64
2043,2016-08-05,3.6
2044,2016-08-06,3.55
2045,2016-08-07,3.51
2046,2016-08-08,3.46
2047,2016-08-09,3.42
2048,2016-08-10,3.38
2049,2016-08-11,3.34
2050,2016-08-12,3.3
2051,2016-08-13,3.26
2052,2016-08-14,3.22
2053,2016-08-15,3.18
2054,2016-08-16,3.14
2055,2016-08-17,3.1
2056,2016-08-18,3.07
2057,2016-08-19,3.02
2058,2016-08-20,2.98
2059,2016-08-21,2.92
2060,2016-08-22,2.87
2061,2016-08-23,2.83
2062,2016-08-24,2.79
2063,2016-08-25,2.74
2064,2016-08-26,2.7
2065,2016-08-27,2.66
2066,2016-08-28,2.62
2067,2016-08-29,2.57
2068,2016-08-30,2.51
2069,2016-08-31,2.46
2070,2016-09-01,2.42
2071,2016-09-02,2.38
2072,2016-09-03,2.34
2073,2016-09-04,2.31
2074,2016-09-05,2.28
2075,2016-09-06,2.24
2076,2016-09-07,2.22
2077,2016-09-08,2.19
2078,2016-09-09,2.16
2079,2016-09-10,2.13
2080,2016-09-11,2.09
2081,2016-09-12,2.06
2082,2016-09-13,2.04
2083,2016-09-14,2.0
2084,2016-09-15,1.97
2085,2016-09-16,1.94
2086,2016-09-17,1.92
2087,2016-09-18,1.89
2088,2016-09-19,1.86
2089,2016-09-20,1.83
2090,2016-09-21,1.75
2091,2016-09-22,1.71
2092,2016-09-23,1.69
2093,2016-09-24,1.68
2094,2016-09-25,1.66
2095,2016-09-26,1.64
2096,2016-09-27,1.61
2097,2016-09-28,1.59
2098,2016-09-29,1.56
2099,2016-09-30,1.5
2100,2016-10-01,1.47
2101,2016-10-02,1.43
2102,2016-10-03,1.45
2103,2016-10-04,1.41
2104,2016-10-05,1.38
2105,2016-10-06,1.37
2106,2016-10-07,1.35
2107,2016-10-08,1.34
2108,2016-10-09,1.32
2109,2016-10-10,1.31
2110,2016-10-11,1.3
2111,2016-10-12,1.29
2112,2016-10-13,1.28
2113,2016-10-14,1.31
2114,2016-10-15,1.34
2115,2016-10-16,1.355
2116,2016-10-17,1.37
2117,2016-10-18,1.36
2118,2016-10-19,1.35
2119,2016-10-20,1.35
2120,2016-10-21,1.34
2121,2016-10-22,1.33
2122,2016-10-23,1.32
2123,2016-10-24,1.36
2124,2016-10-25,1.44
2125,2016-10-26,1.44
2126,2016-10-27,1.45
2127,2016-10-28,1.5
2128,2016-10-29,1.53
2129,2016-10-30,1.55
2130,2016-10-31,1.6
2131,2016-11-01,1.64
2132,2016-11-02,1.63
2133,2016-11-03,1.63
2134,2016-11-04,1.63
2135,2016-11-05,1.62
2136,2016-11-06,1.62
2137,2016-11-07,1.63
2138,2016-11-08,1.63
2139,2016-11-09,1.62
2140,2016-11-10,1.62
2141,2016-11-11,1.62
2142,2016-11-12,1.62
2143,2016-11-13,1.62
2144,2016-11-14,1.62
2145,2016-11-15,1.59
2146,2016-11-16,1.57
2147,2016-11-17,1.59
2148,2016-11-18,1.61
2149,2016-11-19,1.65
2150,2016-11-20,1.68
2151,2016-11-21,1.68
2152,2016-11-22,1.69
2153,2016-11-23,1.73
2154,2016-11-24,1.74
2155,2016-11-25,1.76
2156,2016-11-26,1.78
2157,2016-11-27,1.81
2158,2016-11-28,1.84
2159,2016-11-29,1.87
2160,2016-11-30,1.88
2161,2016-12-01,1.89
2162,2016-12-02,1.89
2163,2016-12-03,1.89
2164,2016-12-04,1.89
2165,2016-12-05,1.89
2166,2016-12-06,1.88
2167,2016-12-07,1.92
2168,2016-12-08,1.93
2169,2016-12-09,1.94
2170,2016-12-10,2.1
2171,2016-12-11,2.23
2172,2016-12-12,2.29
2173,2016-12-13,2.34
2174,2016-12-14,2.38
2175,2016-12-15,2.59
2176,2016-12-16,2.92
2177,2016-12-17,3.12
2178,2016-12-18,3.2
2179,2016-12-19,3.25
2180,2016-12-20,3.28
2181,2016-12-21,3.31
2182,2016-12-22,3.33
2183,2016-12-23,3.41
2184,2016-12-24,3.46
2185,2016-12-25,3.52
2186,2016-12-26,3.52
2187,2016-12-27,3.54
2188,2016-12-28,3.56
2189,2016-12-29,3.58
2190,2016-12-30,3.59
2191,2016-12-31,3.61
2192,2017-01-01,3.58
2193,2017-01-02,3.62
2194,2017-01-03,3.68
2195,2017-01-04,3.82
2196,2017-01-05,3.91
2197,2017-01-06,3.97
2198,2017-01-07,4.09
2199,2017-01-08,4.52
2200,2017-01-09,5.23
2201,2017-01-10,5.81
2202,2017-01-11,6.54
2203,2017-01-12,6.92
2204,2017-01-13,7.09
2205,2017-01-14,7.14
2206,2017-01-15,7.12
2207,2017-01-16,7.07
2208,2017-01-17,7.01
2209,2017-01-18,7.02
2210,2017-01-19,7.23
2211,2017-01-20,7.53
2212,2017-01-21,7.85
2213,2017-01-22,8.23
2214,2017-01-23,8.47
2215,2017-01-24,8.57
2216,2017-01-25,8.58
2217,2017-01-26,8.55
2218,2017-01-27,8.48
2219,2017-01-28,8.4
2220,2017-01-29,8.32
2221,2017-01-30,8.23
2222,2017-01-31,8.14
2223,2017-02-01,8.04
2224,2017-02-02,8.0
2225,2017-02-03,8.03
2226,2017-02-04,8.1
2227,2017-02-05,8.14
2228,2017-02-06,8.21
2229,2017-02-07,8.54
2230,2017-02-08,8.89
2231,2017-02-09,9.21
2232,2017-02-10,9.61
2233,2017-02-11,9.78
2234,2017-02-12,9.81
2235,2017-02-13,9.76
2236,2017-02-14,9.68
2237,2017-02-15,9.6
2238,2017-02-16,9.55
2239,2017-02-17,9.64
2240,2017-02-18,9.8
2241,2017-02-19,9.89
2242,2017-02-20,10.02
2243,2017-02-21,10.38
2244,2017-02-22,10.55
2245,2017-02-23,10.58
2246,2017-02-24,10.51
2247,2017-02-25,10.43
2248,2017-02-26,10.29
2249,2017-02-27,10.16
2250,2017-02-28,10.02
2251,2017-03-01,9.89
2252,2017-03-02,9.75
2253,2017-03-03,9.62
2254,2017-03-04,9.49
2255,2017-03-05,9.4
2256,2017-03-06,9.31
2257,2017-03-07,9.21
2258,2017-03-08,9.1
2259,2017-03-09,8.99
2260,2017-03-10,8.88
2261,2017-03-11,8.76
2262,2017-03-12,8.65
2263,2017-03-13,8.55
2264,2017-03-14,8.44
2265,2017-03-15,8.32
2266,2017-03-16,8.22
2267,2017-03-17,8.11
2268,2017-03-18,7.99
2269,2017-03-19,7.89
2270,2017-03-20,7.82
2271,2017-03-21,7.74
2272,2017-03-22,7.66
2273,2017-03-23,7.64
2274,2017-03-24,7.68
2275,2017-03-25,7.72
2276,2017-03-26,7.72
2277,2017-03-27,7.7
2278,2017-03-28,7.69
2279,2017-03-29,7.66
2280,2017-03-30,7.6
2281,2017-03-31,7.61
2282,2017-04-01,7.61
2283,2017-04-02,7.6
2284,2017-04-03,7.6
2285,2017-04-04,7.61
2286,2017-04-05,7.6
2287,2017-04-06,7.65
2288,2017-04-07,7.73
2289,2017-04-08,7.78
2290,2017-04-09,7.79
2291,2017-04-10,7.8
2292,2017-04-11,7.8
2293,2017-04-12,7.79
2294,2017-04-13,7.82
2295,2017-04-14,7.84
2296,2017-04-15,7.85
2297,2017-04-16,7.85
2298,2017-04-17,7.82
2299,2017-04-18,7.79
2300,2017-04-19,7.77
2301,2017-04-20,7.79
2302,2017-04-21,7.78
2303,2017-04-22,7.76
2304,2017-04-23,7.74
2305,2017-04-24,7.75
2306,2017-04-25,7.76
2307,2017-04-26,7.77
2308,2017-04-27,7.78
2309,2017-04-28,7.8
2310,2017-04-29,7.8
2311,2017-04-30,7.8
2312,2017-05-01,7.8
2313,2017-05-02,7.81
2314,2017-05-03,7.81
2315,2017-05-04,7.8
2316,2017-05-05,7.76
2317,2017-05-06,7.74
2318,2017-05-07,7.73
2319,2017-05-08,7.72
2320,2017-05-09,7.71
2321,2017-05-10,7.68
2322,2017-05-11,7.66
2323,2017-05-12,7.61
2324,2017-05-13,7.59
2325,2017-05-14,7.58
2326,2017-05-15,7.54
2327,2017-05-16,7.5
2328,2017-05-17,7.49
2329,2017-05-18,7.47
2330,2017-05-19,7.45
2331,2017-05-20,7.43
2332,2017-05-21,7.4
2333,2017-05-22,7.37
2334,2017-05-23,7.34
2335,2017-05-24,7.3
2336,2017-05-25,7.27
2337,2017-05-26,7.25
2338,2017-05-27,7.21
2339,2017-05-28,7.19
2340,2017-05-29,7.17
2341,2017-05-30,7.13
2342,2017-05-31,7.09
2343,2017-06-01,7.07
2344,2017-06-02,7.04
2345,2017-06-03,7.02
2346,2017-06-04,6.97
2347,2017-06-05,6.95
2348,2017-06-06,6.92
2349,2017-06-07,6.88
2350,2017-06-08,6.87
2351,2017-06-09,6.81
2352,2017-06-10,6.76
2353,2017-06-11,6.73
2354,2017-06-12,6.71
2355,2017-06-13,6.69
2356,2017-06-14,6.67
2357,2017-06-15,6.63
2358,2017-06-16,6.61
2359,2017-06-17,6.58
2360,2017-06-18,6.57
2361,2017-06-19,6.54
2362,2017-06-20,6.5
2363,2017-06-21,6.47
2364,2017-06-22,6.44
2365,2017-06-23,6.4
2366,2017-06-24,6.36
2367,2017-06-25,6.31
2368,2017-06-26,6.26
2369,2017-06-27,6.21
2370,2017-06-28,6.17
2371,2017-06-29,6.12
2372,2017-06-30,6.07
2373,2017-07-01,6.03
2374,2017-07-02,5.98
2375,2017-07-03,5.95
2376,2017-07-04,5.9
2377,2017-07-05,5.85
2378,2017-07-06,5.81
2379,2017-07-07,5.76
2380,2017-07-08,5.71
2381,2017-07-09,5.67
2382,2017-07-10,5.62
2383,2017-07-11,5.58
2384,2017-07-12,5.54
2385,2017-07-13,5.5
2386,2017-07-14,5.45
2387,2017-07-15,5.41
2388,2017-07-16,5.36
2389,2017-07-17,5.31
2390,2017-07-18,5.26
2391,2017-07-19,5.21
2392,2017-07-20,5.16
2393,2017-07-21,5.11
2394,2017-07-22,5.07
2395,2017-07-23,5.03
2396,2017-07-24,4.99
2397,2017-07-25,4.95
2398,2017-07-26,4.9
2399,2017-07-27,4.86
2400,2017-07-28,4.81
2401,2017-07-29,4.77
2402,2017-07-30,4.73
2403,2017-07-31,4.69
2404,2017-08-01,4.65
2405,2017-08-02,4.61
2406,2017-08-03,4.56
2407,2017-08-04,4.51
2408,2017-08-05,4.46
2409,2017-08-06,4.42
2410,2017-08-07,4.38
2411,2017-08-08,4.34
2412,2017-08-09,4.31
2413,2017-08-10,4.27
2414,2017-08-11,4.24
2415,2017-08-12,4.19
2416,2017-08-13,4.14
2417,2017-08-14,4.11
2418,2017-08-15,4.07
2419,2017-08-16,4.04
2420,2017-08-17,4.0
2421,2017-08-18,3.97
2422,2017-08-19,3.94
2423,2017-08-20,3.91
2424,2017-08-21,3.88
2425,2017-08-22,3.84
2426,2017-08-23,3.81
2427,2017-08-24,3.77
2428,2017-08-25,3.74
2429,2017-08-26,3.71
2430,2017-08-27,3.68
2431,2017-08-28,3.65
2432,2017-08-29,3.61
2433,2017-08-30,3.56
2434,2017-08-31,3.54
2435,2017-09-01,3.51
2436,2017-09-02,3.49
2437,2017-09-03,3.46
2438,2017-09-04,3.43
2439,2017-09-05,3.4
2440,2017-09-06,3.37
2441,2017-09-07,3.34
2442,2017-09-08,3.32
2443,2017-09-09,3.29
2444,2017-09-10,3.27
2445,2017-09-11,3.26
2446,2017-09-12,3.23
2447,2017-09-13,3.2
2448,2017-09-14,3.17
2449,2017-09-15,3.14
2450,2017-09-16,3.12
2451,2017-09-17,3.08
2452,2017-09-18,3.03
2453,2017-09-19,2.99
2454,2017-09-20,2.96
2455,2017-09-21,2.94
2456,2017-09-22,2.93
2457,2017-09-23,2.92
2458,2017-09-24,2.9
2459,2017-09-25,2.88
2460,2017-09-26,2.87
2461,2017-09-27,2.85
2462,2017-09-28,2.83
2463,2017-09-29,2.8
2464,2017-09-30,2.78
2465,2017-10-01,2.75
2466,2017-10-02,2.73
2467,2017-10-03,2.71
2468,2017-10-04,2.69
2469,2017-10-05,2.66
2470,2017-10-06,2.65
2471,2017-10-07,2.63
2472,2017-10-08,2.62
2473,2017-10-09,2.59
2474,2017-10-10,2.55
2475,2017-10-11,2.51
2476,2017-10-12,2.49
2477,2017-10-13,2.47
2478,2017-10-14,2.46
2479,2017-10-15,2.44
2480,2017-10-16,2.42
2481,2017-10-17,2.41
2482,2017-10-18,2.39
2483,2017-10-19,2.36
2484,2017-10-20,2.35
2485,2017-10-21,2.35
2486,2017-10-22,2.34
2487,2017-10-23,2.33
2488,2017-10-24,2.32
2489,2017-10-25,2.32
2490,2017-10-26,2.31
2491,2017-10-27,2.3
2492,2017-10-28,2.29
2493,2017-10-29,2.28
2494,2017-10-30,2.27
2495,2017-10-31,2.26
2496,2017-11-01,2.25
2497,2017-11-02,2.24
2498,2017-11-03,2.25
2499,2017-11-04,2.24
2500,2017-11-05,2.23
2501,2017-11-06,2.23
2502,2017-11-07,2.23
2503,2017-11-08,2.24
2504,2017-11-09,2.25
2505,2017-11-10,2.25
2506,2017-11-11,2.25
2507,2017-11-12,2.25
2508,2017-11-13,2.26
2509,2017-11-14,2.26
2510,2017-11-15,2.29
2511,2017-11-16,2.31
2512,2017-11-17,2.32
2513,2017-11-18,2.32
2514,2017-11-19,2.32
2515,2017-11-20,2.36
2516,2017-11-21,2.38
2517,2017-11-22,2.38
2518,2017-11-23,2.38
2519,2017-11-24,2.4
2520,2017-11-25,2.4
2521,2017-11-26,2.4
2522,2017-11-27,2.41
2523,2017-11-28,2.41
2524,2017-11-29,2.41
2525,2017-11-30,2.41
2526,2017-12-01,2.4
2527,2017-12-02,2.39
2528,2017-12-03,2.38
2529,2017-12-04,2.38
2530,2017-12-05,2.38
2531,2017-12-06,2.37
2532,2017-12-07,2.37
2533,2017-12-08,2.36
2534,2017-12-09,2.36
2535,2017-12-10,2.36
2536,2017-12-11,2.35
2537,2017-12-12,2.35
2538,2017-12-13,2.35
2539,2017-12-14,2.35
2540,2017-12-15,2.34
2541,2017-12-16,2.33
2542,2017-12-17,2.33
2543,2017-12-18,2.34
2544,2017-12-19,2.32
2545,2017-12-20,2.31
2546,2017-12-21,2.32
2547,2017-12-22,2.32
2548,2017-12-23,2.31
2549,2017-12-24,2.31
2550,2017-12-25,2.31
2551,2017-12-26,2.31
2552,2017-12-27,2.31
2553,2017-12-28,2.31
2554,2017-12-29,2.31
2555,2017-12-30,2.31
2556,2017-12-31,2.31
2557,2018-01-01,2.31
