,datetime,N_BATTLE_C_RES_NR_MANZANITA_LAKE_CA.
0,2011-01-01,526.0
1,2011-01-02,529.0
2,2011-01-03,532.0
3,2011-01-04,536.0
4,2011-01-05,538.0
5,2011-01-06,540.0
6,2011-01-07,543.0
7,2011-01-08,545.0
8,2011-01-09,547.0
9,2011-01-10,549.0
10,2011-01-11,553.0
11,2011-01-12,555.0
12,2011-01-13,566.0
13,2011-01-14,572.0
14,2011-01-15,575.0
15,2011-01-16,580.0
16,2011-01-17,584.0
17,2011-01-18,588.0
18,2011-01-19,594.0
19,2011-01-20,596.0
20,2011-01-21,599.0
21,2011-01-22,603.0
22,2011-01-23,607.0
23,2011-01-24,610.0
24,2011-01-25,614.0
25,2011-01-26,617.0
26,2011-01-27,620.0
27,2011-01-28,623.0
28,2011-01-29,627.0
29,2011-01-30,633.0
30,2011-01-31,636.0
31,2011-02-01,637.0
32,2011-02-02,638.0
33,2011-02-03,641.0
34,2011-02-04,644.0
35,2011-02-05,647.0
36,2011-02-06,650.0
37,2011-02-07,653.0
38,2011-02-08,656.0
39,2011-02-09,657.0
40,2011-02-10,659.0
41,2011-02-11,661.0
42,2011-02-12,664.0
43,2011-02-13,666.0
44,2011-02-14,671.0
45,2011-02-15,688.0
46,2011-02-16,695.0
47,2011-02-17,700.0
48,2011-02-18,705.0
49,2011-02-19,710.0
50,2011-02-20,712.0
51,2011-02-21,715.0
52,2011-02-22,715.0
53,2011-02-23,718.0
54,2011-02-24,724.0
55,2011-02-25,731.0
56,2011-02-26,729.0
57,2011-02-27,728.0
58,2011-02-28,727.0
59,2011-03-01,726.0
60,2011-03-02,728.0
61,2011-03-03,728.0
62,2011-03-04,727.0
63,2011-03-05,730.0
64,2011-03-06,735.0
65,2011-03-07,732.0
66,2011-03-08,730.0
67,2011-03-09,730.0
68,2011-03-10,736.0
69,2011-03-11,732.0
70,2011-03-12,731.0
71,2011-03-13,735.0
72,2011-03-14,733.0
73,2011-03-15,741.0
74,2011-03-16,738.0
75,2011-03-17,735.0
76,2011-03-18,735.0
77,2011-03-19,735.0
78,2011-03-20,733.0
79,2011-03-21,733.0
80,2011-03-22,731.0
81,2011-03-23,731.0
82,2011-03-24,731.0
83,2011-03-25,731.0
84,2011-03-26,733.0
85,2011-03-27,733.0
86,2011-03-28,730.0
87,2011-03-29,730.0
88,2011-03-30,731.0
89,2011-03-31,731.0
90,2011-04-01,731.0
91,2011-04-02,734.0
92,2011-04-03,732.0
93,2011-04-04,733.0
94,2011-04-05,734.0
95,2011-04-06,733.0
96,2011-04-07,733.0
97,2011-04-08,732.0
98,2011-04-09,731.0
99,2011-04-10,731.0
100,2011-04-11,731.0
101,2011-04-12,732.0
102,2011-04-13,732.0
103,2011-04-14,731.0
104,2011-04-15,732.0
105,2011-04-16,734.0
106,2011-04-17,741.0
107,2011-04-18,750.0
108,2011-04-19,748.0
109,2011-04-20,745.0
110,2011-04-21,756.0
111,2011-04-22,772.0
112,2011-04-23,789.0
113,2011-04-24,821.0
114,2011-04-25,848.0
115,2011-04-26,866.0
116,2011-04-27,883.0
117,2011-04-28,895.0
118,2011-04-29,896.0
119,2011-04-30,896.0
120,2011-05-01,897.0
121,2011-05-02,899.0
122,2011-05-03,901.0
123,2011-05-04,915.0
124,2011-05-05,942.0
125,2011-05-06,976.0
126,2011-05-07,1010.0
127,2011-05-08,1020.0
128,2011-05-09,1010.0
129,2011-05-10,1010.0
130,2011-05-11,1010.0
131,2011-05-12,1020.0
132,2011-05-13,1020.0
133,2011-05-14,1020.0
134,2011-05-15,1010.0
135,2011-05-16,1010.0
136,2011-05-17,1010.0
137,2011-05-18,1010.0
138,2011-05-19,1010.0
139,2011-05-20,1010.0
140,2011-05-21,1010.0
141,2011-05-22,1010.0
142,2011-05-23,1010.0
143,2011-05-24,1010.0
144,2011-05-25,1020.0
145,2011-05-26,1010.0
146,2011-05-27,1010.0
147,2011-05-28,1010.0
148,2011-05-29,1010.0
149,2011-05-30,1010.0
150,2011-05-31,1010.0
151,2011-06-01,1010.0
152,2011-06-02,1010.0
153,2011-06-03,1010.0
154,2011-06-04,1010.0
155,2011-06-05,1010.0
156,2011-06-06,1010.0
157,2011-06-07,1020.0
158,2011-06-08,1020.0
159,2011-06-09,1020.0
160,2011-06-10,1020.0
161,2011-06-11,1020.0
162,2011-06-12,1020.0
163,2011-06-13,1030.0
164,2011-06-14,1030.0
165,2011-06-15,1030.0
166,2011-06-16,1020.0
167,2011-06-17,1020.0
168,2011-06-18,1020.0
169,2011-06-19,1020.0
170,2011-06-20,1020.0
171,2011-06-21,1020.0
172,2011-06-22,1020.0
173,2011-06-23,1020.0
174,2011-06-24,1020.0
175,2011-06-25,1010.0
176,2011-06-26,1010.0
177,2011-06-27,1010.0
178,2011-06-28,1010.0
179,2011-06-29,1020.0
180,2011-06-30,1030.0
181,2011-07-01,1030.0
182,2011-07-02,1040.0
183,2011-07-03,1060.0
184,2011-07-04,1070.0
185,2011-07-05,1070.0
186,2011-07-06,1080.0
187,2011-07-07,1080.0
188,2011-07-08,1080.0
189,2011-07-09,1080.0
190,2011-07-10,1080.0
191,2011-07-11,1080.0
192,2011-07-12,1080.0
193,2011-07-13,1080.0
194,2011-07-14,1080.0
195,2011-07-15,1080.0
196,2011-07-16,1080.0
197,2011-07-17,1080.0
198,2011-07-18,1080.0
199,2011-07-19,1080.0
200,2011-07-20,1080.0
201,2011-07-21,1080.0
202,2011-07-22,1080.0
203,2011-07-23,1080.0
204,2011-07-24,1080.0
205,2011-07-25,1080.0
206,2011-07-26,1080.0
207,2011-07-27,1080.0
208,2011-07-28,1070.0
209,2011-07-29,1070.0
210,2011-07-30,1070.0
211,2011-07-31,1070.0
212,2011-08-01,1070.0
213,2011-08-02,1060.0
214,2011-08-03,1060.0
215,2011-08-04,1060.0
216,2011-08-05,1060.0
217,2011-08-06,1050.0
218,2011-08-07,1050.0
219,2011-08-08,1050.0
220,2011-08-09,1040.0
221,2011-08-10,1040.0
222,2011-08-11,1040.0
223,2011-08-12,1040.0
224,2011-08-13,1030.0
225,2011-08-14,1030.0
226,2011-08-15,1030.0
227,2011-08-16,1020.0
228,2011-08-17,1020.0
229,2011-08-18,1020.0
230,2011-08-19,1010.0
231,2011-08-20,1010.0
232,2011-08-21,1000.0
233,2011-08-22,1000.0
234,2011-08-23,996.0
235,2011-08-24,992.0
236,2011-08-25,989.0
237,2011-08-26,985.0
238,2011-08-27,981.0
239,2011-08-28,977.0
240,2011-08-29,973.0
241,2011-08-30,969.0
242,2011-08-31,965.0
243,2011-09-01,961.0
244,2011-09-02,957.0
245,2011-09-03,954.0
246,2011-09-04,950.0
247,2011-09-05,946.0
248,2011-09-06,941.0
249,2011-09-07,937.0
250,2011-09-08,934.0
251,2011-09-09,929.0
252,2011-09-10,925.0
253,2011-09-11,922.0
254,2011-09-12,919.0
255,2011-09-13,914.0
256,2011-09-14,910.0
257,2011-09-15,906.0
258,2011-09-16,901.0
259,2011-09-17,896.0
260,2011-09-18,891.0
261,2011-09-19,886.0
262,2011-09-20,881.0
263,2011-09-21,877.0
264,2011-09-22,872.0
265,2011-09-23,867.0
266,2011-09-24,862.0
267,2011-09-25,859.0
268,2011-09-26,854.0
269,2011-09-27,850.0
270,2011-09-28,847.0
271,2011-09-29,842.0
272,2011-09-30,839.0
273,2011-10-01,827.0
274,2011-10-02,804.0
275,2011-10-03,772.4
276,2011-10-04,750.4
277,2011-10-05,728.2
278,2011-10-06,692.3
279,2011-10-07,648.1
280,2011-10-08,606.6
281,2011-10-09,565.2
282,2011-10-10,538.9
283,2011-10-11,501.9
284,2011-10-12,463.3
285,2011-10-13,424.6
286,2011-10-14,387.6
287,2011-10-15,351.3
288,2011-10-16,316.3
289,2011-10-17,280.5
290,2011-10-18,244.3
291,2011-10-19,210.6
292,2011-10-20,189.9
293,2011-10-21,177.2
294,2011-10-22,164.6
295,2011-10-23,151.7
296,2011-10-24,139.2
297,2011-10-25,127.3
298,2011-10-26,113.9
299,2011-10-27,107.2
300,2011-10-28,109.1
301,2011-10-29,110.8
302,2011-10-30,112.5
303,2011-10-31,113.9
304,2011-11-01,115.4
305,2011-11-02,116.5
306,2011-11-03,119.8
307,2011-11-04,121.5
308,2011-11-05,124.6
309,2011-11-06,127.3
310,2011-11-07,129.4
311,2011-11-08,131.3
312,2011-11-09,132.8
313,2011-11-10,134.3
314,2011-11-11,136.2
315,2011-11-12,139.9
316,2011-11-13,142.0
317,2011-11-14,144.3
318,2011-11-15,145.8
319,2011-11-16,147.4
320,2011-11-17,151.0
321,2011-11-18,155.3
322,2011-11-19,157.6
323,2011-11-20,159.3
324,2011-11-21,161.3
325,2011-11-22,165.9
326,2011-11-23,168.2
327,2011-11-24,176.2
328,2011-11-25,180.6
329,2011-11-26,183.0
330,2011-11-27,185.0
331,2011-11-28,187.1
332,2011-11-29,188.9
333,2011-11-30,191.7
334,2011-12-01,191.7
335,2011-12-02,193.4
336,2011-12-03,193.1
337,2011-12-04,195.2
338,2011-12-05,194.9
339,2011-12-06,195.9
340,2011-12-07,197.0
341,2011-12-08,198.1
342,2011-12-09,199.1
343,2011-12-10,199.8
344,2011-12-11,200.5
345,2011-12-12,201.3
346,2011-12-13,202.0
347,2011-12-14,202.0
348,2011-12-15,203.4
349,2011-12-16,204.5
350,2011-12-17,204.8
351,2011-12-18,205.6
352,2011-12-19,206.4
353,2011-12-20,206.6
354,2011-12-21,207.0
355,2011-12-22,206.9
356,2011-12-23,207.2
357,2011-12-24,207.7
358,2011-12-25,208.1
359,2011-12-26,208.5
360,2011-12-27,208.9
361,2011-12-28,211.1
362,2011-12-29,217.0
363,2011-12-30,226.3
364,2011-12-31,228.9
365,2012-01-01,230.4
366,2012-01-02,231.3
367,2012-01-03,232.4
368,2012-01-04,233.2
369,2012-01-05,234.3
370,2012-01-06,235.2
371,2012-01-07,236.0
372,2012-01-08,236.0
373,2012-01-09,236.6
374,2012-01-10,237.2
375,2012-01-11,237.5
376,2012-01-12,237.9
377,2012-01-13,238.1
378,2012-01-14,238.6
379,2012-01-15,238.7
380,2012-01-16,238.3
381,2012-01-17,237.9
382,2012-01-18,238.6
383,2012-01-19,244.7
384,2012-01-20,255.7
385,2012-01-21,273.3
386,2012-01-22,282.4
387,2012-01-23,287.5
388,2012-01-24,290.3
389,2012-01-25,296.8
390,2012-01-26,317.0
391,2012-01-27,325.1
392,2012-01-28,329.7
393,2012-01-29,334.3
394,2012-01-30,337.5
395,2012-01-31,340.2
396,2012-02-01,344.2
397,2012-02-02,345.6
398,2012-02-03,347.6
399,2012-02-04,349.6
400,2012-02-05,351.6
401,2012-02-06,353.3
402,2012-02-07,355.9
403,2012-02-08,357.7
404,2012-02-09,359.6
405,2012-02-10,363.1
406,2012-02-11,366.1
407,2012-02-12,370.1
408,2012-02-13,374.4
409,2012-02-14,375.7
410,2012-02-15,377.4
411,2012-02-16,378.4
412,2012-02-17,379.8
413,2012-02-18,381.3
414,2012-02-19,382.1
415,2012-02-20,383.6
416,2012-02-21,384.8
417,2012-02-22,386.6
418,2012-02-23,388.0
419,2012-02-24,389.2
420,2012-02-25,391.0
421,2012-02-26,392.2
422,2012-02-27,393.0
423,2012-02-28,395.0
424,2012-02-29,400.9
425,2012-03-01,404.9
426,2012-03-02,406.4
427,2012-03-03,407.4
428,2012-03-04,409.5
429,2012-03-05,411.0
430,2012-03-06,413.5
431,2012-03-07,414.0
432,2012-03-08,414.5
433,2012-03-09,416.0
434,2012-03-10,417.5
435,2012-03-11,419.6
436,2012-03-12,420.7
437,2012-03-13,437.2
438,2012-03-14,462.3
439,2012-03-15,501.6
440,2012-03-16,560.6
441,2012-03-17,593.5
442,2012-03-18,613.4
443,2012-03-19,625.6
444,2012-03-20,638.6
445,2012-03-21,654.3
446,2012-03-22,678.5
447,2012-03-23,693.6
448,2012-03-24,704.4
449,2012-03-25,716.4
450,2012-03-26,726.3
451,2012-03-27,733.4
452,2012-03-28,732.8
453,2012-03-29,733.4
454,2012-03-30,735.4
455,2012-03-31,739.5
456,2012-04-01,734.7
457,2012-04-02,734.1
458,2012-04-03,736.5
459,2012-04-04,740.6
460,2012-04-05,748.5
461,2012-04-06,756.2
462,2012-04-07,761.7
463,2012-04-08,768.8
464,2012-04-09,775.6
465,2012-04-10,784.0
466,2012-04-11,796.8
467,2012-04-12,805.8
468,2012-04-13,815.1
469,2012-04-14,821.4
470,2012-04-15,827.7
471,2012-04-16,835.2
472,2012-04-17,843.5
473,2012-04-18,854.8
474,2012-04-19,878.2
475,2012-04-20,899.7
476,2012-04-21,926.9
477,2012-04-22,961.2
478,2012-04-23,1000.0
479,2012-04-24,1018.0
480,2012-04-25,1036.0
481,2012-04-26,1039.0
482,2012-04-27,1025.0
483,2012-04-28,1023.0
484,2012-04-29,1022.0
485,2012-04-30,1020.0
486,2012-05-01,1018.0
487,2012-05-02,1016.0
488,2012-05-03,1018.0
489,2012-05-04,1017.0
490,2012-05-05,1014.0
491,2012-05-06,1012.0
492,2012-05-07,1012.0
493,2012-05-08,1013.0
494,2012-05-09,1026.0
495,2012-05-10,1046.0
496,2012-05-11,1064.0
497,2012-05-12,1080.0
498,2012-05-13,1089.0
499,2012-05-14,1093.0
500,2012-05-15,1091.0
501,2012-05-16,1088.0
502,2012-05-17,1088.0
503,2012-05-18,1085.0
504,2012-05-19,1083.0
505,2012-05-20,1082.0
506,2012-05-21,1081.0
507,2012-05-22,1080.0
508,2012-05-23,1081.0
509,2012-05-24,1081.0
510,2012-05-25,1083.0
511,2012-05-26,1085.0
512,2012-05-27,1085.0
513,2012-05-28,1082.0
514,2012-05-29,1081.0
515,2012-05-30,1078.0
516,2012-05-31,1078.0
517,2012-06-01,1078.0
518,2012-06-02,1077.0
519,2012-06-03,1076.0
520,2012-06-04,1087.0
521,2012-06-05,1087.0
522,2012-06-06,1083.0
523,2012-06-07,1081.0
524,2012-06-08,1079.0
525,2012-06-09,1076.0
526,2012-06-10,1073.0
527,2012-06-11,1072.0
528,2012-06-12,1070.0
529,2012-06-13,1069.0
530,2012-06-14,1066.0
531,2012-06-15,1063.0
532,2012-06-16,1060.0
533,2012-06-17,1057.0
534,2012-06-18,1053.0
535,2012-06-19,1050.0
536,2012-06-20,1046.0
537,2012-06-21,1043.0
538,2012-06-22,1041.0
539,2012-06-23,1039.0
540,2012-06-24,1035.0
541,2012-06-25,1032.0
542,2012-06-26,1029.0
543,2012-06-27,1025.0
544,2012-06-28,1022.0
545,2012-06-29,1018.0
546,2012-06-30,1015.0
547,2012-07-01,1012.0
548,2012-07-02,1008.0
549,2012-07-03,1005.0
550,2012-07-04,1001.0
551,2012-07-05,997.0
552,2012-07-06,993.2
553,2012-07-07,988.6
554,2012-07-08,984.8
555,2012-07-09,981.0
556,2012-07-10,977.3
557,2012-07-11,972.8
558,2012-07-12,968.4
559,2012-07-13,964.6
560,2012-07-14,960.2
561,2012-07-15,955.8
562,2012-07-16,951.4
563,2012-07-17,947.7
564,2012-07-18,944.1
565,2012-07-19,940.4
566,2012-07-20,936.8
567,2012-07-21,933.1
568,2012-07-22,929.5
569,2012-07-23,925.9
570,2012-07-24,921.5
571,2012-07-25,915.0
572,2012-07-26,910.0
573,2012-07-27,905.0
574,2012-07-28,899.2
575,2012-07-29,894.2
576,2012-07-30,889.1
577,2012-07-31,884.1
578,2012-08-01,879.1
579,2012-08-02,874.8
580,2012-08-03,869.8
581,2012-08-04,865.6
582,2012-08-05,860.6
583,2012-08-06,855.7
584,2012-08-07,850.8
585,2012-08-08,846.6
586,2012-08-09,841.7
587,2012-08-10,837.5
588,2012-08-11,833.3
589,2012-08-12,828.4
590,2012-08-13,823.4
591,2012-08-14,820.0
592,2012-08-15,815.8
593,2012-08-16,813.0
594,2012-08-17,807.4
595,2012-08-18,802.6
596,2012-08-19,797.7
597,2012-08-20,792.9
598,2012-08-21,788.8
599,2012-08-22,784.7
600,2012-08-23,780.6
601,2012-08-24,775.8
602,2012-08-25,771.8
603,2012-08-26,767.7
604,2012-08-27,763.0
605,2012-08-28,758.6
606,2012-08-29,754.4
607,2012-08-30,750.4
608,2012-08-31,746.5
609,2012-09-01,742.6
610,2012-09-02,738.2
611,2012-09-03,734.3
612,2012-09-04,730.2
613,2012-09-05,725.6
614,2012-09-06,722.4
615,2012-09-07,718.1
616,2012-09-08,714.3
617,2012-09-09,710.4
618,2012-09-10,706.4
619,2012-09-11,702.8
620,2012-09-12,699.4
621,2012-09-13,694.8
622,2012-09-14,691.0
623,2012-09-15,687.4
624,2012-09-16,683.6
625,2012-09-17,675.9
626,2012-09-18,665.2
627,2012-09-19,654.6
628,2012-09-20,644.0
629,2012-09-21,634.0
630,2012-09-22,624.0
631,2012-09-23,615.0
632,2012-09-24,602.6
633,2012-09-25,586.9
634,2012-09-26,571.2
635,2012-09-27,556.2
636,2012-09-28,540.8
637,2012-09-29,526.2
638,2012-09-30,511.1
639,2012-10-01,501.0
640,2012-10-02,489.0
641,2012-10-03,472.0
642,2012-10-04,458.0
643,2012-10-05,444.0
644,2012-10-06,430.0
645,2012-10-07,418.0
646,2012-10-08,405.0
647,2012-10-09,396.0
648,2012-10-10,387.0
649,2012-10-11,378.0
650,2012-10-12,369.0
651,2012-10-13,360.0
652,2012-10-14,351.0
653,2012-10-15,343.0
654,2012-10-16,334.0
655,2012-10-17,325.0
656,2012-10-18,316.0
657,2012-10-19,307.0
658,2012-10-20,300.0
659,2012-10-21,292.0
660,2012-10-22,294.0
661,2012-10-23,286.0
662,2012-10-24,285.0
663,2012-10-25,278.0
664,2012-10-26,271.0
665,2012-10-27,264.0
666,2012-10-28,257.0
667,2012-10-29,251.0
668,2012-10-30,248.0
669,2012-10-31,248.0
670,2012-11-01,247.0
671,2012-11-02,242.0
672,2012-11-03,236.0
673,2012-11-04,232.0
674,2012-11-05,226.0
675,2012-11-06,220.0
676,2012-11-07,215.0
677,2012-11-08,213.0
678,2012-11-09,208.0
679,2012-11-10,203.0
680,2012-11-11,197.0
681,2012-11-12,191.0
682,2012-11-13,188.0
683,2012-11-14,184.0
684,2012-11-15,179.0
685,2012-11-16,174.0
686,2012-11-17,184.0
687,2012-11-18,184.0
688,2012-11-19,189.0
689,2012-11-20,210.0
690,2012-11-21,230.0
691,2012-11-22,236.0
692,2012-11-23,240.0
693,2012-11-24,244.0
694,2012-11-25,246.0
695,2012-11-26,248.0
696,2012-11-27,251.0
697,2012-11-28,254.0
698,2012-11-29,265.0
699,2012-11-30,291.0
700,2012-12-01,321.0
701,2012-12-02,389.0
702,2012-12-03,409.0
703,2012-12-04,438.0
704,2012-12-05,489.0
705,2012-12-06,513.0
706,2012-12-07,529.0
707,2012-12-08,541.0
708,2012-12-09,550.0
709,2012-12-10,559.0
710,2012-12-11,568.0
711,2012-12-12,582.0
712,2012-12-13,584.0
713,2012-12-14,589.0
714,2012-12-15,597.0
715,2012-12-16,611.0
716,2012-12-17,629.0
717,2012-12-18,641.0
718,2012-12-19,647.0
719,2012-12-20,655.0
720,2012-12-21,673.0
721,2012-12-22,682.0
722,2012-12-23,703.0
723,2012-12-24,705.0
724,2012-12-25,714.0
725,2012-12-26,721.0
726,2012-12-27,725.0
727,2012-12-28,729.0
728,2012-12-29,731.0
729,2012-12-30,733.0
730,2012-12-31,734.0
731,2013-01-01,734.0
732,2013-01-02,734.0
733,2013-01-03,733.0
734,2013-01-04,733.0
735,2013-01-05,733.0
736,2013-01-06,734.0
737,2013-01-07,733.0
738,2013-01-08,733.0
739,2013-01-09,735.0
740,2013-01-10,733.0
741,2013-01-11,733.0
742,2013-01-12,732.0
743,2013-01-13,734.0
744,2013-01-14,732.0
745,2013-01-15,732.0
746,2013-01-16,732.0
747,2013-01-17,731.0
748,2013-01-18,731.0
749,2013-01-19,732.0
750,2013-01-20,732.0
751,2013-01-21,732.0
752,2013-01-22,732.0
753,2013-01-23,734.0
754,2013-01-24,737.0
755,2013-01-25,737.0
756,2013-01-26,737.0
757,2013-01-27,736.0
758,2013-01-28,734.0
759,2013-01-29,733.0
760,2013-01-30,734.0
761,2013-01-31,733.0
762,2013-02-01,734.0
763,2013-02-02,733.0
764,2013-02-03,734.0
765,2013-02-04,733.0
766,2013-02-05,733.0
767,2013-02-06,732.0
768,2013-02-07,733.0
769,2013-02-08,733.0
770,2013-02-09,732.0
771,2013-02-10,731.0
772,2013-02-11,731.0
773,2013-02-12,731.0
774,2013-02-13,732.0
775,2013-02-14,732.0
776,2013-02-15,732.0
777,2013-02-16,732.0
778,2013-02-17,731.0
779,2013-02-18,731.0
780,2013-02-19,733.0
781,2013-02-20,732.0
782,2013-02-21,730.0
783,2013-02-22,730.0
784,2013-02-23,729.0
785,2013-02-24,724.0
786,2013-02-25,726.0
787,2013-02-26,726.0
788,2013-02-27,728.0
789,2013-02-28,728.0
790,2013-03-01,729.0
791,2013-03-02,731.0
792,2013-03-03,733.0
793,2013-03-04,732.0
794,2013-03-05,734.0
795,2013-03-06,737.0
796,2013-03-07,733.0
797,2013-03-08,732.0
798,2013-03-09,732.0
799,2013-03-10,731.0
800,2013-03-11,733.0
801,2013-03-12,733.0
802,2013-03-13,734.0
803,2013-03-14,735.0
804,2013-03-15,735.0
805,2013-03-16,736.0
806,2013-03-17,735.0
807,2013-03-18,735.0
808,2013-03-19,739.0
809,2013-03-20,750.0
810,2013-03-21,745.0
811,2013-03-22,741.0
812,2013-03-23,740.0
813,2013-03-24,739.0
814,2013-03-25,741.0
815,2013-03-26,741.0
816,2013-03-27,742.0
817,2013-03-28,742.0
818,2013-03-29,741.0
819,2013-03-30,741.0
820,2013-03-31,750.0
821,2013-04-01,748.0
822,2013-04-02,747.0
823,2013-04-03,745.0
824,2013-04-04,749.0
825,2013-04-05,748.0
826,2013-04-06,753.0
827,2013-04-07,758.0
828,2013-04-08,752.0
829,2013-04-09,749.0
830,2013-04-10,750.0
831,2013-04-11,763.0
832,2013-04-12,785.0
833,2013-04-13,806.0
834,2013-04-14,825.0
835,2013-04-15,844.0
836,2013-04-16,858.0
837,2013-04-17,870.0
838,2013-04-18,883.0
839,2013-04-19,895.0
840,2013-04-20,904.0
841,2013-04-21,916.0
842,2013-04-22,926.0
843,2013-04-23,934.0
844,2013-04-24,943.0
845,2013-04-25,949.0
846,2013-04-26,956.0
847,2013-04-27,963.0
848,2013-04-28,968.0
849,2013-04-29,974.0
850,2013-04-30,978.0
851,2013-05-01,979.0
852,2013-05-02,983.0
853,2013-05-03,987.0
854,2013-05-04,990.0
855,2013-05-05,992.0
856,2013-05-06,999.0
857,2013-05-07,1000.0
858,2013-05-08,1010.0
859,2013-05-09,1010.0
860,2013-05-10,1020.0
861,2013-05-11,1020.0
862,2013-05-12,1020.0
863,2013-05-13,1020.0
864,2013-05-14,1020.0
865,2013-05-15,1020.0
866,2013-05-16,1030.0
867,2013-05-17,1040.0
868,2013-05-18,1040.0
869,2013-05-19,1040.0
870,2013-05-20,1040.0
871,2013-05-21,1040.0
872,2013-05-22,1030.0
873,2013-05-23,1030.0
874,2013-05-24,1030.0
875,2013-05-25,1030.0
876,2013-05-26,1030.0
877,2013-05-27,1040.0
878,2013-05-28,1060.0
879,2013-05-29,1060.0
880,2013-05-30,1060.0
881,2013-05-31,1060.0
882,2013-06-01,1060.0
883,2013-06-02,1060.0
884,2013-06-03,1060.0
885,2013-06-04,1060.0
886,2013-06-05,1050.0
887,2013-06-06,1050.0
888,2013-06-07,1050.0
889,2013-06-08,1040.0
890,2013-06-09,1040.0
891,2013-06-10,1040.0
892,2013-06-11,1030.0
893,2013-06-12,1030.0
894,2013-06-13,1030.0
895,2013-06-14,1020.0
896,2013-06-15,1020.0
897,2013-06-16,1010.0
898,2013-06-17,1010.0
899,2013-06-18,1010.0
900,2013-06-19,1010.0
901,2013-06-20,1000.0
902,2013-06-21,999.0
903,2013-06-22,995.0
904,2013-06-23,992.0
905,2013-06-24,993.0
906,2013-06-25,1020.0
907,2013-06-26,1020.0
908,2013-06-27,1020.0
909,2013-06-28,1020.0
910,2013-06-29,1010.0
911,2013-06-30,1010.0
912,2013-07-01,1010.0
913,2013-07-02,1000.0
914,2013-07-03,1000.0
915,2013-07-04,995.0
916,2013-07-05,992.0
917,2013-07-06,987.0
918,2013-07-07,983.0
919,2013-07-08,978.0
920,2013-07-09,973.0
921,2013-07-10,968.0
922,2013-07-11,964.0
923,2013-07-12,959.0
924,2013-07-13,955.0
925,2013-07-14,951.0
926,2013-07-15,947.0
927,2013-07-16,943.0
928,2013-07-17,938.0
929,2013-07-18,935.0
930,2013-07-19,931.0
931,2013-07-20,926.0
932,2013-07-21,922.0
933,2013-07-22,917.0
934,2013-07-23,913.0
935,2013-07-24,909.0
936,2013-07-25,905.0
937,2013-07-26,901.0
938,2013-07-27,897.0
939,2013-07-28,893.0
940,2013-07-29,888.0
941,2013-07-30,884.0
942,2013-07-31,880.0
943,2013-08-01,876.0
944,2013-08-02,871.0
945,2013-08-03,867.0
946,2013-08-04,863.0
947,2013-08-05,859.0
948,2013-08-06,855.0
949,2013-08-07,851.0
950,2013-08-08,847.0
951,2013-08-09,843.0
952,2013-08-10,840.0
953,2013-08-11,836.0
954,2013-08-12,832.0
955,2013-08-13,828.0
956,2013-08-14,823.0
957,2013-08-15,819.0
958,2013-08-16,814.0
959,2013-08-17,811.0
960,2013-08-18,806.0
961,2013-08-19,802.0
962,2013-08-20,798.0
963,2013-08-21,796.0
964,2013-08-22,792.0
965,2013-08-23,787.0
966,2013-08-24,783.0
967,2013-08-25,778.0
968,2013-08-26,773.0
969,2013-08-27,768.0
970,2013-08-28,764.0
971,2013-08-29,759.0
972,2013-08-30,754.0
973,2013-08-31,750.0
974,2013-09-01,746.0
975,2013-09-02,741.0
976,2013-09-03,737.0
977,2013-09-04,733.0
978,2013-09-05,729.0
979,2013-09-06,724.0
980,2013-09-07,722.0
981,2013-09-08,718.0
982,2013-09-09,714.0
983,2013-09-10,710.0
984,2013-09-11,700.0
985,2013-09-12,687.0
986,2013-09-13,676.0
987,2013-09-14,664.0
988,2013-09-15,652.0
989,2013-09-16,637.0
990,2013-09-17,620.0
991,2013-09-18,602.0
992,2013-09-19,586.0
993,2013-09-20,569.0
994,2013-09-21,560.0
995,2013-09-22,544.0
996,2013-09-23,529.0
997,2013-09-24,513.0
998,2013-09-25,499.0
999,2013-09-26,483.0
1000,2013-09-27,468.0
1001,2013-09-28,453.0
1002,2013-09-29,441.0
1003,2013-09-30,435.0
1004,2013-10-01,424.0
1005,2013-10-02,410.0
1006,2013-10-03,396.0
1007,2013-10-04,384.0
1008,2013-10-05,373.0
1009,2013-10-06,363.0
1010,2013-10-07,353.0
1011,2013-10-08,343.0
1012,2013-10-09,333.0
1013,2013-10-10,323.0
1014,2013-10-11,313.0
1015,2013-10-12,305.0
1016,2013-10-13,295.0
1017,2013-10-14,285.0
1018,2013-10-15,275.0
1019,2013-10-16,267.0
1020,2013-10-17,257.0
1021,2013-10-18,248.0
1022,2013-10-19,239.0
1023,2013-10-20,231.0
1024,2013-10-21,222.0
1025,2013-10-22,214.0
1026,2013-10-23,205.0
1027,2013-10-24,197.0
1028,2013-10-25,189.0
1029,2013-10-26,181.0
1030,2013-10-27,173.0
1031,2013-10-28,167.0
1032,2013-10-29,161.0
1033,2013-10-30,154.0
1034,2013-10-31,146.0
1035,2013-11-01,143.0
1036,2013-11-02,144.0
1037,2013-11-03,144.0
1038,2013-11-04,143.0
1039,2013-11-05,144.0
1040,2013-11-06,144.0
1041,2013-11-07,144.0
1042,2013-11-08,144.0
1043,2013-11-09,144.0
1044,2013-11-10,144.0
1045,2013-11-11,144.0
1046,2013-11-12,143.0
1047,2013-11-13,143.0
1048,2013-11-14,143.0
1049,2013-11-15,143.0
1050,2013-11-16,143.0
1051,2013-11-17,143.0
1052,2013-11-18,142.0
1053,2013-11-19,151.0
1054,2013-11-20,163.0
1055,2013-11-21,164.0
1056,2013-11-22,164.0
1057,2013-11-23,164.0
1058,2013-11-24,164.0
1059,2013-11-25,164.0
1060,2013-11-26,164.0
1061,2013-11-27,164.0
1062,2013-11-28,164.0
1063,2013-11-29,164.0
1064,2013-11-30,164.0
1065,2013-12-01,164.0
1066,2013-12-02,166.0
1067,2013-12-03,166.0
1068,2013-12-04,164.0
1069,2013-12-05,164.0
1070,2013-12-06,165.0
1071,2013-12-07,165.0
1072,2013-12-08,165.0
1073,2013-12-09,165.0
1074,2013-12-10,165.0
1075,2013-12-11,164.0
1076,2013-12-12,164.0
1077,2013-12-13,164.0
1078,2013-12-14,164.0
1079,2013-12-15,164.0
1080,2013-12-16,164.0
1081,2013-12-17,164.0
1082,2013-12-18,164.0
1083,2013-12-19,165.0
1084,2013-12-20,164.0
1085,2013-12-21,164.0
1086,2013-12-22,164.0
1087,2013-12-23,164.0
1088,2013-12-24,164.0
1089,2013-12-25,163.0
1090,2013-12-26,163.0
1091,2013-12-27,159.0
1092,2013-12-28,159.0
1093,2013-12-29,158.0
1094,2013-12-30,157.0
1095,2013-12-31,157.0
1096,2014-01-01,156.0
1097,2014-01-02,156.0
1098,2014-01-03,155.0
1099,2014-01-04,155.0
1100,2014-01-05,154.0
1101,2014-01-06,153.0
1102,2014-01-07,153.0
1103,2014-01-08,152.0
1104,2014-01-09,152.0
1105,2014-01-10,152.0
1106,2014-01-11,154.0
1107,2014-01-12,154.0
1108,2014-01-13,154.0
1109,2014-01-14,153.0
1110,2014-01-15,153.0
1111,2014-01-16,152.0
1112,2014-01-17,152.0
1113,2014-01-18,151.0
1114,2014-01-19,151.0
1115,2014-01-20,150.0
1116,2014-01-21,149.0
1117,2014-01-22,149.0
1118,2014-01-23,148.0
1119,2014-01-24,148.0
1120,2014-01-25,149.0
1121,2014-01-26,149.0
1122,2014-01-27,149.0
1123,2014-01-28,150.0
1124,2014-01-29,166.0
1125,2014-01-30,168.0
1126,2014-01-31,169.0
1127,2014-02-01,169.0
1128,2014-02-02,170.0
1129,2014-02-03,170.0
1130,2014-02-04,170.0
1131,2014-02-05,170.0
1132,2014-02-06,171.0
1133,2014-02-07,177.0
1134,2014-02-08,185.0
1135,2014-02-09,237.0
1136,2014-02-10,255.0
1137,2014-02-11,264.0
1138,2014-02-12,272.0
1139,2014-02-13,296.0
1140,2014-02-14,311.0
1141,2014-02-15,323.0
1142,2014-02-16,334.0
1143,2014-02-17,339.0
1144,2014-02-18,344.0
1145,2014-02-19,350.0
1146,2014-02-20,354.0
1147,2014-02-21,357.0
1148,2014-02-22,359.0
1149,2014-02-23,362.0
1150,2014-02-24,364.0
1151,2014-02-25,366.0
1152,2014-02-26,372.0
1153,2014-02-27,381.0
1154,2014-02-28,388.0
1155,2014-03-01,395.0
1156,2014-03-02,406.0
1157,2014-03-03,436.0
1158,2014-03-04,454.0
1159,2014-03-05,482.0
1160,2014-03-06,512.0
1161,2014-03-07,527.0
1162,2014-03-08,539.0
1163,2014-03-09,585.0
1164,2014-03-10,656.0
1165,2014-03-11,685.0
1166,2014-03-12,705.0
1167,2014-03-13,721.0
1168,2014-03-14,733.0
1169,2014-03-15,743.0
1170,2014-03-16,751.0
1171,2014-03-17,760.0
1172,2014-03-18,765.0
1173,2014-03-19,770.0
1174,2014-03-20,775.0
1175,2014-03-21,779.0
1176,2014-03-22,783.0
1177,2014-03-23,785.0
1178,2014-03-24,787.0
1179,2014-03-25,797.0
1180,2014-03-26,807.0
1181,2014-03-27,813.0
1182,2014-03-28,824.0
1183,2014-03-29,873.0
1184,2014-03-30,889.0
1185,2014-03-31,902.0
1186,2014-04-01,910.0
1187,2014-04-02,916.0
1188,2014-04-03,924.0
1189,2014-04-04,930.0
1190,2014-04-05,935.0
1191,2014-04-06,942.0
1192,2014-04-07,949.0
1193,2014-04-08,958.0
1194,2014-04-09,967.0
1195,2014-04-10,976.0
1196,2014-04-11,985.0
1197,2014-04-12,994.0
1198,2014-04-13,1000.0
1199,2014-04-14,1010.0
1200,2014-04-15,1010.0
1201,2014-04-16,1010.0
1202,2014-04-17,1020.0
1203,2014-04-18,1020.0
1204,2014-04-19,1020.0
1205,2014-04-20,1020.0
1206,2014-04-21,1020.0
1207,2014-04-22,1030.0
1208,2014-04-23,1030.0
1209,2014-04-24,1040.0
1210,2014-04-25,1050.0
1211,2014-04-26,1050.0
1212,2014-04-27,1050.0
1213,2014-04-28,1050.0
1214,2014-04-29,1060.0
1215,2014-04-30,1060.0
1216,2014-05-01,1060.0
1217,2014-05-02,1060.0
1218,2014-05-03,1060.0
1219,2014-05-04,1060.0
1220,2014-05-05,1060.0
1221,2014-05-06,1050.0
1222,2014-05-07,1050.0
1223,2014-05-08,1060.0
1224,2014-05-09,1070.0
1225,2014-05-10,1070.0
1226,2014-05-11,1070.0
1227,2014-05-12,1060.0
1228,2014-05-13,1060.0
1229,2014-05-14,1060.0
1230,2014-05-15,1060.0
1231,2014-05-16,1050.0
1232,2014-05-17,1050.0
1233,2014-05-18,1050.0
1234,2014-05-19,1050.0
1235,2014-05-20,1050.0
1236,2014-05-21,1040.0
1237,2014-05-22,1040.0
1238,2014-05-23,1040.0
1239,2014-05-24,1030.0
1240,2014-05-25,1030.0
1241,2014-05-26,1020.0
1242,2014-05-27,1020.0
1243,2014-05-28,1020.0
1244,2014-05-29,1010.0
1245,2014-05-30,1010.0
1246,2014-05-31,1000.0
1247,2014-06-01,998.0
1248,2014-06-02,993.0
1249,2014-06-03,989.0
1250,2014-06-04,984.0
1251,2014-06-05,979.0
1252,2014-06-06,974.0
1253,2014-06-07,969.0
1254,2014-06-08,965.0
1255,2014-06-09,959.0
1256,2014-06-10,954.0
1257,2014-06-11,949.0
1258,2014-06-12,944.0
1259,2014-06-13,940.0
1260,2014-06-14,935.0
1261,2014-06-15,930.0
1262,2014-06-16,926.0
1263,2014-06-17,924.0
1264,2014-06-18,922.0
1265,2014-06-19,918.0
1266,2014-06-20,914.0
1267,2014-06-21,909.0
1268,2014-06-22,904.0
1269,2014-06-23,899.0
1270,2014-06-24,897.0
1271,2014-06-25,896.0
1272,2014-06-26,895.0
1273,2014-06-27,891.0
1274,2014-06-28,887.0
1275,2014-06-29,883.0
1276,2014-06-30,878.0
1277,2014-07-01,874.0
1278,2014-07-02,869.0
1279,2014-07-03,864.0
1280,2014-07-04,859.0
1281,2014-07-05,854.0
1282,2014-07-06,849.0
1283,2014-07-07,845.0
1284,2014-07-08,841.0
1285,2014-07-09,837.0
1286,2014-07-10,834.0
1287,2014-07-11,830.0
1288,2014-07-12,826.0
1289,2014-07-13,821.0
1290,2014-07-14,816.0
1291,2014-07-15,811.0
1292,2014-07-16,807.0
1293,2014-07-17,801.0
1294,2014-07-18,793.0
1295,2014-07-19,785.0
1296,2014-07-20,777.0
1297,2014-07-21,767.0
1298,2014-07-22,763.0
1299,2014-07-23,759.0
1300,2014-07-24,755.0
1301,2014-07-25,750.0
1302,2014-07-26,746.0
1303,2014-07-27,742.0
1304,2014-07-28,737.0
1305,2014-07-29,733.0
1306,2014-07-30,729.0
1307,2014-07-31,724.0
1308,2014-08-01,720.0
1309,2014-08-02,715.0
1310,2014-08-03,711.0
1311,2014-08-04,708.0
1312,2014-08-05,707.0
1313,2014-08-06,705.0
1314,2014-08-07,701.0
1315,2014-08-08,698.0
1316,2014-08-09,694.0
1317,2014-08-10,691.0
1318,2014-08-11,688.0
1319,2014-08-12,684.0
1320,2014-08-13,680.0
1321,2014-08-14,676.0
1322,2014-08-15,671.0
1323,2014-08-16,667.0
1324,2014-08-17,663.0
1325,2014-08-18,658.0
1326,2014-08-19,654.0
1327,2014-08-20,650.0
1328,2014-08-21,646.0
1329,2014-08-22,642.0
1330,2014-08-23,638.0
1331,2014-08-24,633.0
1332,2014-08-25,630.0
1333,2014-08-26,625.0
1334,2014-08-27,621.0
1335,2014-08-28,617.0
1336,2014-08-29,614.0
1337,2014-08-30,610.0
1338,2014-08-31,606.0
1339,2014-09-01,602.0
1340,2014-09-02,598.0
1341,2014-09-03,594.0
1342,2014-09-04,592.0
1343,2014-09-05,588.0
1344,2014-09-06,584.0
1345,2014-09-07,581.0
1346,2014-09-08,577.0
1347,2014-09-09,573.0
1348,2014-09-10,569.0
1349,2014-09-11,561.0
1350,2014-09-12,549.0
1351,2014-09-13,537.0
1352,2014-09-14,525.0
1353,2014-09-15,513.0
1354,2014-09-16,502.0
1355,2014-09-17,490.0
1356,2014-09-18,479.0
1357,2014-09-19,468.0
1358,2014-09-20,457.0
1359,2014-09-21,446.0
1360,2014-09-22,436.0
1361,2014-09-23,426.0
1362,2014-09-24,416.0
1363,2014-09-25,412.0
1364,2014-09-26,406.0
1365,2014-09-27,397.0
1366,2014-09-28,387.0
1367,2014-09-29,378.0
1368,2014-09-30,370.0
1369,2014-10-01,359.0
1370,2014-10-02,350.0
1371,2014-10-03,342.0
1372,2014-10-04,333.0
1373,2014-10-05,324.0
1374,2014-10-06,315.0
1375,2014-10-07,307.0
1376,2014-10-08,298.0
1377,2014-10-09,290.0
1378,2014-10-10,282.0
1379,2014-10-11,274.0
1380,2014-10-12,265.0
1381,2014-10-13,259.0
1382,2014-10-14,258.0
1383,2014-10-15,260.0
1384,2014-10-16,259.0
1385,2014-10-17,258.0
1386,2014-10-18,257.0
1387,2014-10-19,256.0
1388,2014-10-20,253.0
1389,2014-10-21,251.0
1390,2014-10-22,250.0
1391,2014-10-23,257.0
1392,2014-10-24,257.0
1393,2014-10-25,268.0
1394,2014-10-26,274.0
1395,2014-10-27,274.0
1396,2014-10-28,273.0
1397,2014-10-29,273.0
1398,2014-10-30,272.0
1399,2014-10-31,280.0
1400,2014-11-01,281.0
1401,2014-11-02,281.0
1402,2014-11-03,280.0
1403,2014-11-04,279.0
1404,2014-11-05,279.0
1405,2014-11-06,278.0
1406,2014-11-07,278.0
1407,2014-11-08,278.0
1408,2014-11-09,277.0
1409,2014-11-10,277.0
1410,2014-11-11,277.0
1411,2014-11-12,276.0
1412,2014-11-13,282.0
1413,2014-11-14,284.0
1414,2014-11-15,284.0
1415,2014-11-16,284.0
1416,2014-11-17,284.0
1417,2014-11-18,283.0
1418,2014-11-19,285.0
1419,2014-11-20,288.0
1420,2014-11-21,292.0
1421,2014-11-22,305.0
1422,2014-11-23,307.0
1423,2014-11-24,307.0
1424,2014-11-25,308.0
1425,2014-11-26,308.0
1426,2014-11-27,308.0
1427,2014-11-28,312.0
1428,2014-11-29,335.0
1429,2014-11-30,347.0
1430,2014-12-01,359.0
1431,2014-12-02,365.0
1432,2014-12-03,398.0
1433,2014-12-04,413.0
1434,2014-12-05,423.0
1435,2014-12-06,437.0
1436,2014-12-07,444.0
1437,2014-12-08,448.0
1438,2014-12-09,453.0
1439,2014-12-10,465.0
1440,2014-12-11,500.0
1441,2014-12-12,510.0
1442,2014-12-13,521.0
1443,2014-12-14,532.0
1444,2014-12-15,541.0
1445,2014-12-16,549.0
1446,2014-12-17,557.0
1447,2014-12-18,565.0
1448,2014-12-19,576.0
1449,2014-12-20,602.0
1450,2014-12-21,646.0
1451,2014-12-22,667.0
1452,2014-12-23,683.0
1453,2014-12-24,702.0
1454,2014-12-25,713.0
1455,2014-12-26,720.0
1456,2014-12-27,727.0
1457,2014-12-28,726.0
1458,2014-12-29,726.0
1459,2014-12-30,726.0
1460,2014-12-31,725.0
1461,2015-01-01,724.0
1462,2015-01-02,724.0
1463,2015-01-03,724.0
1464,2015-01-04,724.0
1465,2015-01-05,724.0
1466,2015-01-06,724.0
1467,2015-01-07,724.0
1468,2015-01-08,723.0
1469,2015-01-09,722.0
1470,2015-01-10,722.0
1471,2015-01-11,721.0
1472,2015-01-12,722.0
1473,2015-01-13,717.0
1474,2015-01-14,720.0
1475,2015-01-15,720.0
1476,2015-01-16,726.0
1477,2015-01-17,727.0
1478,2015-01-18,733.0
1479,2015-01-19,733.0
1480,2015-01-20,731.0
1481,2015-01-21,728.0
1482,2015-01-22,727.0
1483,2015-01-23,729.0
1484,2015-01-24,731.0
1485,2015-01-25,732.0
1486,2015-01-26,733.0
1487,2015-01-27,733.0
1488,2015-01-28,733.0
1489,2015-01-29,733.0
1490,2015-01-30,735.0
1491,2015-01-31,734.0
1492,2015-02-01,735.0
1493,2015-02-02,743.0
1494,2015-02-03,743.0
1495,2015-02-04,743.0
1496,2015-02-05,741.0
1497,2015-02-06,743.0
1498,2015-02-07,739.0
1499,2015-02-08,738.0
1500,2015-02-09,739.0
1501,2015-02-10,734.0
1502,2015-02-11,732.0
1503,2015-02-12,731.0
1504,2015-02-13,730.0
1505,2015-02-14,730.0
1506,2015-02-15,730.0
1507,2015-02-16,730.0
1508,2015-02-17,729.0
1509,2015-02-18,729.0
1510,2015-02-19,729.0
1511,2015-02-20,729.0
1512,2015-02-21,729.0
1513,2015-02-22,727.0
1514,2015-02-23,726.0
1515,2015-02-24,725.0
1516,2015-02-25,726.0
1517,2015-02-26,727.0
1518,2015-02-27,733.0
1519,2015-02-28,735.0
1520,2015-03-01,736.0
1521,2015-03-02,737.0
1522,2015-03-03,737.0
1523,2015-03-04,737.0
1524,2015-03-05,738.0
1525,2015-03-06,738.0
1526,2015-03-07,739.0
1527,2015-03-08,740.0
1528,2015-03-09,740.0
1529,2015-03-10,740.0
1530,2015-03-11,748.0
1531,2015-03-12,750.0
1532,2015-03-13,750.0
1533,2015-03-14,750.0
1534,2015-03-15,750.0
1535,2015-03-16,752.0
1536,2015-03-17,751.0
1537,2015-03-18,750.0
1538,2015-03-19,750.0
1539,2015-03-20,749.0
1540,2015-03-21,749.0
1541,2015-03-22,752.0
1542,2015-03-23,760.0
1543,2015-03-24,768.0
1544,2015-03-25,770.0
1545,2015-03-26,772.0
1546,2015-03-27,772.0
1547,2015-03-28,772.0
1548,2015-03-29,771.0
1549,2015-03-30,771.0
1550,2015-03-31,770.0
1551,2015-04-01,768.0
1552,2015-04-02,765.0
1553,2015-04-03,763.0
1554,2015-04-04,762.0
1555,2015-04-05,767.0
1556,2015-04-06,766.0
1557,2015-04-07,767.0
1558,2015-04-08,766.0
1559,2015-04-09,766.0
1560,2015-04-10,765.0
1561,2015-04-11,764.0
1562,2015-04-12,763.0
1563,2015-04-13,761.0
1564,2015-04-14,761.0
1565,2015-04-15,758.0
1566,2015-04-16,755.0
1567,2015-04-17,753.0
1568,2015-04-18,752.0
1569,2015-04-19,749.0
1570,2015-04-20,746.0
1571,2015-04-21,745.0
1572,2015-04-22,743.0
1573,2015-04-23,741.0
1574,2015-04-24,741.0
1575,2015-04-25,743.0
1576,2015-04-26,742.0
1577,2015-04-27,739.0
1578,2015-04-28,735.0
1579,2015-04-29,733.0
1580,2015-04-30,729.0
1581,2015-05-01,726.0
1582,2015-05-02,722.0
1583,2015-05-03,719.0
1584,2015-05-04,716.0
1585,2015-05-05,712.0
1586,2015-05-06,709.0
1587,2015-05-07,704.0
1588,2015-05-08,701.0
1589,2015-05-09,697.0
1590,2015-05-10,695.0
1591,2015-05-11,693.0
1592,2015-05-12,695.0
1593,2015-05-13,695.0
1594,2015-05-14,693.0
1595,2015-05-15,691.0
1596,2015-05-16,689.0
1597,2015-05-17,687.0
1598,2015-05-18,685.0
1599,2015-05-19,683.0
1600,2015-05-20,685.0
1601,2015-05-21,686.0
1602,2015-05-22,685.0
1603,2015-05-23,685.0
1604,2015-05-24,683.0
1605,2015-05-25,680.0
1606,2015-05-26,678.0
1607,2015-05-27,674.0
1608,2015-05-28,671.0
1609,2015-05-29,668.0
1610,2015-05-30,665.0
1611,2015-05-31,662.0
1612,2015-06-01,659.0
1613,2015-06-02,656.0
1614,2015-06-03,656.0
1615,2015-06-04,654.0
1616,2015-06-05,651.0
1617,2015-06-06,647.0
1618,2015-06-07,644.0
1619,2015-06-08,643.0
1620,2015-06-09,644.0
1621,2015-06-10,641.0
1622,2015-06-11,638.0
1623,2015-06-12,634.0
1624,2015-06-13,630.0
1625,2015-06-14,624.0
1626,2015-06-15,621.0
1627,2015-06-16,617.0
1628,2015-06-17,613.0
1629,2015-06-18,609.0
1630,2015-06-19,606.0
1631,2015-06-20,601.0
1632,2015-06-21,598.0
1633,2015-06-22,594.0
1634,2015-06-23,590.0
1635,2015-06-24,586.0
1636,2015-06-25,582.0
1637,2015-06-26,579.0
1638,2015-06-27,575.0
1639,2015-06-28,572.0
1640,2015-06-29,568.0
1641,2015-06-30,564.0
1642,2015-07-01,561.0
1643,2015-07-02,557.0
1644,2015-07-03,554.0
1645,2015-07-04,551.0
1646,2015-07-05,547.0
1647,2015-07-06,543.0
1648,2015-07-07,543.0
1649,2015-07-08,543.0
1650,2015-07-09,543.0
1651,2015-07-10,540.0
1652,2015-07-11,537.0
1653,2015-07-12,535.0
1654,2015-07-13,532.0
1655,2015-07-14,528.0
1656,2015-07-15,524.0
1657,2015-07-16,521.0
1658,2015-07-17,517.0
1659,2015-07-18,514.0
1660,2015-07-19,510.0
1661,2015-07-20,507.0
1662,2015-07-21,503.0
1663,2015-07-22,501.0
1664,2015-07-23,497.0
1665,2015-07-24,493.0
1666,2015-07-25,489.0
1667,2015-07-26,486.0
1668,2015-07-27,482.0
1669,2015-07-28,479.0
1670,2015-07-29,476.0
1671,2015-07-30,472.0
1672,2015-07-31,469.0
1673,2015-08-01,467.0
1674,2015-08-02,463.0
1675,2015-08-03,461.0
1676,2015-08-04,457.0
1677,2015-08-05,454.0
1678,2015-08-06,452.0
1679,2015-08-07,448.0
1680,2015-08-08,444.0
1681,2015-08-09,441.0
1682,2015-08-10,438.0
1683,2015-08-11,434.0
1684,2015-08-12,431.0
1685,2015-08-13,428.0
1686,2015-08-14,424.0
1687,2015-08-15,421.0
1688,2015-08-16,418.0
1689,2015-08-17,414.0
1690,2015-08-18,411.0
1691,2015-08-19,408.0
1692,2015-08-20,405.0
1693,2015-08-21,402.0
1694,2015-08-22,399.0
1695,2015-08-23,396.0
1696,2015-08-24,393.0
1697,2015-08-25,390.0
1698,2015-08-26,387.0
1699,2015-08-27,383.0
1700,2015-08-28,381.0
1701,2015-08-29,378.0
1702,2015-08-30,376.0
1703,2015-08-31,372.0
1704,2015-09-01,369.0
1705,2015-09-02,366.0
1706,2015-09-03,364.0
1707,2015-09-04,361.0
1708,2015-09-05,358.0
1709,2015-09-06,355.0
1710,2015-09-07,352.0
1711,2015-09-08,350.0
1712,2015-09-09,347.0
1713,2015-09-10,345.0
1714,2015-09-11,343.0
1715,2015-09-12,340.0
1716,2015-09-13,337.0
1717,2015-09-14,335.0
1718,2015-09-15,335.0
1719,2015-09-16,337.0
1720,2015-09-17,339.0
1721,2015-09-18,337.0
1722,2015-09-19,334.0
1723,2015-09-20,332.0
1724,2015-09-21,327.0
1725,2015-09-22,320.0
1726,2015-09-23,300.0
1727,2015-09-24,263.0
1728,2015-09-25,227.0
1729,2015-09-26,194.0
1730,2015-09-27,165.0
1731,2015-09-28,165.0
1732,2015-09-29,165.0
1733,2015-09-30,164.0
1734,2015-10-01,165.0
1735,2015-10-02,164.0
1736,2015-10-03,164.0
1737,2015-10-04,162.0
1738,2015-10-05,161.0
1739,2015-10-06,160.0
1740,2015-10-07,158.0
1741,2015-10-08,157.0
1742,2015-10-09,155.0
1743,2015-10-10,154.0
1744,2015-10-11,152.0
1745,2015-10-12,151.0
1746,2015-10-13,150.0
1747,2015-10-14,148.0
1748,2015-10-15,147.0
1749,2015-10-16,146.0
1750,2015-10-17,147.0
1751,2015-10-18,147.0
1752,2015-10-19,146.0
1753,2015-10-20,144.0
1754,2015-10-21,143.0
1755,2015-10-22,141.0
1756,2015-10-23,140.0
1757,2015-10-24,138.0
1758,2015-10-25,136.0
1759,2015-10-26,136.0
1760,2015-10-27,135.0
1761,2015-10-28,135.0
1762,2015-10-29,134.0
1763,2015-10-30,133.0
1764,2015-10-31,132.0
1765,2015-11-01,133.0
1766,2015-11-02,135.0
1767,2015-11-03,135.0
1768,2015-11-04,134.0
1769,2015-11-05,134.0
1770,2015-11-06,134.0
1771,2015-11-07,134.0
1772,2015-11-08,138.0
1773,2015-11-09,141.0
1774,2015-11-10,141.0
1775,2015-11-11,141.0
1776,2015-11-12,142.0
1777,2015-11-13,142.0
1778,2015-11-14,142.0
1779,2015-11-15,146.0
1780,2015-11-16,146.0
1781,2015-11-17,146.0
1782,2015-11-18,146.0
1783,2015-11-19,147.0
1784,2015-11-20,147.0
1785,2015-11-21,148.0
1786,2015-11-22,148.0
1787,2015-11-23,148.0
1788,2015-11-24,151.0
1789,2015-11-25,152.0
1790,2015-11-26,152.0
1791,2015-11-27,151.0
1792,2015-11-28,151.0
1793,2015-11-29,151.0
1794,2015-11-30,151.0
1795,2015-12-01,150.0
1796,2015-12-02,151.0
1797,2015-12-03,154.0
1798,2015-12-04,155.0
1799,2015-12-05,155.0
1800,2015-12-06,159.0
1801,2015-12-07,165.0
1802,2015-12-08,169.0
1803,2015-12-09,179.0
1804,2015-12-10,216.0
1805,2015-12-11,222.0
1806,2015-12-12,226.0
1807,2015-12-13,235.0
1808,2015-12-14,238.0
1809,2015-12-15,239.0
1810,2015-12-16,240.0
1811,2015-12-17,242.0
1812,2015-12-18,250.0
1813,2015-12-19,253.0
1814,2015-12-20,257.0
1815,2015-12-21,266.0
1816,2015-12-22,276.0
1817,2015-12-23,289.0
1818,2015-12-24,298.0
1819,2015-12-25,300.0
1820,2015-12-26,301.0
1821,2015-12-27,303.0
1822,2015-12-28,305.0
1823,2015-12-29,306.0
1824,2015-12-30,308.0
1825,2015-12-31,310.0
1826,2016-01-01,311.0
1827,2016-01-02,313.0
1828,2016-01-03,315.0
1829,2016-01-04,316.0
1830,2016-01-05,318.0
1831,2016-01-06,320.0
1832,2016-01-07,322.0
1833,2016-01-08,322.0
1834,2016-01-09,324.0
1835,2016-01-10,324.0
1836,2016-01-11,324.0
1837,2016-01-12,325.0
1838,2016-01-13,333.0
1839,2016-01-14,340.0
1840,2016-01-15,341.0
1841,2016-01-16,344.0
1842,2016-01-17,361.0
1843,2016-01-18,389.0
1844,2016-01-19,423.0
1845,2016-01-20,440.0
1846,2016-01-21,450.0
1847,2016-01-22,464.0
1848,2016-01-23,482.0
1849,2016-01-24,491.0
1850,2016-01-25,498.0
1851,2016-01-26,504.0
1852,2016-01-27,510.0
1853,2016-01-28,517.0
1854,2016-01-29,568.0
1855,2016-01-30,618.0
1856,2016-01-31,641.0
1857,2016-02-01,654.0
1858,2016-02-02,668.0
1859,2016-02-03,679.0
1860,2016-02-04,688.0
1861,2016-02-05,694.0
1862,2016-02-06,700.0
1863,2016-02-07,706.0
1864,2016-02-08,713.0
1865,2016-02-09,721.0
1866,2016-02-10,726.0
1867,2016-02-11,728.0
1868,2016-02-12,729.0
1869,2016-02-13,729.0
1870,2016-02-14,730.0
1871,2016-02-15,731.0
1872,2016-02-16,731.0
1873,2016-02-17,739.0
1874,2016-02-18,735.0
1875,2016-02-19,735.0
1876,2016-02-20,732.0
1877,2016-02-21,731.0
1878,2016-02-22,731.0
1879,2016-02-23,730.0
1880,2016-02-24,730.0
1881,2016-02-25,730.0
1882,2016-02-26,731.0
1883,2016-02-27,731.0
1884,2016-02-28,730.0
1885,2016-02-29,730.0
1886,2016-03-01,730.0
1887,2016-03-02,732.0
1888,2016-03-03,734.0
1889,2016-03-04,737.0
1890,2016-03-05,762.0
1891,2016-03-06,760.0
1892,2016-03-07,748.0
1893,2016-03-08,744.0
1894,2016-03-09,747.0
1895,2016-03-10,762.0
1896,2016-03-11,755.0
1897,2016-03-12,754.0
1898,2016-03-13,759.0
1899,2016-03-14,754.0
1900,2016-03-15,747.0
1901,2016-03-16,744.0
1902,2016-03-17,743.0
1903,2016-03-18,742.0
1904,2016-03-19,741.0
1905,2016-03-20,751.0
1906,2016-03-21,751.0
1907,2016-03-22,745.0
1908,2016-03-23,742.0
1909,2016-03-24,740.0
1910,2016-03-25,739.0
1911,2016-03-26,739.0
1912,2016-03-27,739.0
1913,2016-03-28,738.0
1914,2016-03-29,736.0
1915,2016-03-30,736.0
1916,2016-03-31,736.0
1917,2016-04-01,736.0
1918,2016-04-02,737.0
1919,2016-04-03,738.0
1920,2016-04-04,739.0
1921,2016-04-05,746.0
1922,2016-04-06,769.0
1923,2016-04-07,796.0
1924,2016-04-08,827.0
1925,2016-04-09,860.0
1926,2016-04-10,891.0
1927,2016-04-11,920.0
1928,2016-04-12,938.0
1929,2016-04-13,934.0
1930,2016-04-14,934.0
1931,2016-04-15,932.0
1932,2016-04-16,931.0
1933,2016-04-17,933.0
1934,2016-04-18,934.0
1935,2016-04-19,936.0
1936,2016-04-20,938.0
1937,2016-04-21,935.0
1938,2016-04-22,942.0
1939,2016-04-23,937.0
1940,2016-04-24,937.0
1941,2016-04-25,934.0
1942,2016-04-26,933.0
1943,2016-04-27,943.0
1944,2016-04-28,961.0
1945,2016-04-29,978.0
1946,2016-04-30,993.0
1947,2016-05-01,1000.0
1948,2016-05-02,1020.0
1949,2016-05-03,1030.0
1950,2016-05-04,1050.0
1951,2016-05-05,1060.0
1952,2016-05-06,1070.0
1953,2016-05-07,1080.0
1954,2016-05-08,1080.0
1955,2016-05-09,1080.0
1956,2016-05-10,1080.0
1957,2016-05-11,1070.0
1958,2016-05-12,1070.0
1959,2016-05-13,1070.0
1960,2016-05-14,1070.0
1961,2016-05-15,1070.0
1962,2016-05-16,1080.0
1963,2016-05-17,1080.0
1964,2016-05-18,1080.0
1965,2016-05-19,1090.0
1966,2016-05-20,1100.0
1967,2016-05-21,1100.0
1968,2016-05-22,1100.0
1969,2016-05-23,1090.0
1970,2016-05-24,1080.0
1971,2016-05-25,1080.0
1972,2016-05-26,1080.0
1973,2016-05-27,1080.0
1974,2016-05-28,1080.0
1975,2016-05-29,1080.0
1976,2016-05-30,1080.0
1977,2016-05-31,1070.0
1978,2016-06-01,1070.0
1979,2016-06-02,1080.0
1980,2016-06-03,1080.0
1981,2016-06-04,1080.0
1982,2016-06-05,1080.0
1983,2016-06-06,1080.0
1984,2016-06-07,1070.0
1985,2016-06-08,1070.0
1986,2016-06-09,1070.0
1987,2016-06-10,1070.0
1988,2016-06-11,1070.0
1989,2016-06-12,1070.0
1990,2016-06-13,1060.0
1991,2016-06-14,1060.0
1992,2016-06-15,1070.0
1993,2016-06-16,1070.0
1994,2016-06-17,1070.0
1995,2016-06-18,1090.0
1996,2016-06-19,1080.0
1997,2016-06-20,1080.0
1998,2016-06-21,1080.0
1999,2016-06-22,1080.0
2000,2016-06-23,1070.0
2001,2016-06-24,1070.0
2002,2016-06-25,1070.0
2003,2016-06-26,1060.0
2004,2016-06-27,1060.0
2005,2016-06-28,1050.0
2006,2016-06-29,1050.0
2007,2016-06-30,1040.0
2008,2016-07-01,1040.0
2009,2016-07-02,1030.0
2010,2016-07-03,1030.0
2011,2016-07-04,1020.0
2012,2016-07-05,1020.0
2013,2016-07-06,1010.0
2014,2016-07-07,1010.0
2015,2016-07-08,997.0
2016,2016-07-09,1000.0
2017,2016-07-10,996.0
2018,2016-07-11,992.0
2019,2016-07-12,984.0
2020,2016-07-13,979.0
2021,2016-07-14,974.0
2022,2016-07-15,968.0
2023,2016-07-16,963.0
2024,2016-07-17,958.0
2025,2016-07-18,952.0
2026,2016-07-19,947.0
2027,2016-07-20,942.0
2028,2016-07-21,937.0
2029,2016-07-22,930.0
2030,2016-07-23,925.0
2031,2016-07-24,920.0
2032,2016-07-25,916.0
2033,2016-07-26,911.0
2034,2016-07-27,906.0
2035,2016-07-28,901.0
2036,2016-07-29,897.0
2037,2016-07-30,893.0
2038,2016-07-31,888.0
2039,2016-08-01,882.0
2040,2016-08-02,876.0
2041,2016-08-03,871.0
2042,2016-08-04,866.0
2043,2016-08-05,861.0
2044,2016-08-06,856.0
2045,2016-08-07,851.0
2046,2016-08-08,845.0
2047,2016-08-09,841.0
2048,2016-08-10,836.0
2049,2016-08-11,828.0
2050,2016-08-12,823.0
2051,2016-08-13,817.0
2052,2016-08-14,812.0
2053,2016-08-15,806.0
2054,2016-08-16,802.0
2055,2016-08-17,796.0
2056,2016-08-18,792.0
2057,2016-08-19,787.0
2058,2016-08-20,782.0
2059,2016-08-21,777.0
2060,2016-08-22,772.0
2061,2016-08-23,770.0
2062,2016-08-24,766.0
2063,2016-08-25,760.0
2064,2016-08-26,756.0
2065,2016-08-27,751.0
2066,2016-08-28,747.0
2067,2016-08-29,742.0
2068,2016-08-30,738.0
2069,2016-08-31,734.0
2070,2016-09-01,729.0
2071,2016-09-02,724.0
2072,2016-09-03,722.0
2073,2016-09-04,717.0
2074,2016-09-05,713.0
2075,2016-09-06,710.0
2076,2016-09-07,705.0
2077,2016-09-08,701.0
2078,2016-09-09,695.0
2079,2016-09-10,691.0
2080,2016-09-11,687.0
2081,2016-09-12,683.0
2082,2016-09-13,670.0
2083,2016-09-14,661.0
2084,2016-09-15,654.0
2085,2016-09-16,647.0
2086,2016-09-17,640.0
2087,2016-09-18,634.0
2088,2016-09-19,627.0
2089,2016-09-20,622.0
2090,2016-09-21,615.0
2091,2016-09-22,610.0
2092,2016-09-23,604.0
2093,2016-09-24,597.0
2094,2016-09-25,591.0
2095,2016-09-26,585.0
2096,2016-09-27,580.0
2097,2016-09-28,574.0
2098,2016-09-29,568.0
2099,2016-09-30,563.0
2100,2016-10-01,559.0
2101,2016-10-02,557.0
2102,2016-10-03,552.0
2103,2016-10-04,548.0
2104,2016-10-05,542.0
2105,2016-10-06,538.0
2106,2016-10-07,534.0
2107,2016-10-08,530.0
2108,2016-10-09,527.0
2109,2016-10-10,522.0
2110,2016-10-11,516.0
2111,2016-10-12,509.0
2112,2016-10-13,501.0
2113,2016-10-14,519.0
2114,2016-10-15,519.0
2115,2016-10-16,528.0
2116,2016-10-17,537.0
2117,2016-10-18,534.0
2118,2016-10-19,525.0
2119,2016-10-20,516.0
2120,2016-10-21,506.0
2121,2016-10-22,496.0
2122,2016-10-23,487.0
2123,2016-10-24,483.0
2124,2016-10-25,502.0
2125,2016-10-26,498.0
2126,2016-10-27,500.0
2127,2016-10-28,499.0
2128,2016-10-29,508.0
2129,2016-10-30,512.0
2130,2016-10-31,515.0
2131,2016-11-01,520.0
2132,2016-11-02,512.0
2133,2016-11-03,497.0
2134,2016-11-04,482.0
2135,2016-11-05,466.0
2136,2016-11-06,451.0
2137,2016-11-07,435.0
2138,2016-11-08,420.0
2139,2016-11-09,404.0
2140,2016-11-10,398.0
2141,2016-11-11,400.0
2142,2016-11-12,405.0
2143,2016-11-13,407.0
2144,2016-11-14,409.0
2145,2016-11-15,418.0
2146,2016-11-16,421.0
2147,2016-11-17,422.0
2148,2016-11-18,423.0
2149,2016-11-19,432.0
2150,2016-11-20,444.0
2151,2016-11-21,450.0
2152,2016-11-22,456.0
2153,2016-11-23,461.0
2154,2016-11-24,463.0
2155,2016-11-25,467.0
2156,2016-11-26,474.0
2157,2016-11-27,478.0
2158,2016-11-28,485.0
2159,2016-11-29,487.0
2160,2016-11-30,491.0
2161,2016-12-01,493.0
2162,2016-12-02,495.0
2163,2016-12-03,497.0
2164,2016-12-04,499.0
2165,2016-12-05,501.0
2166,2016-12-06,503.0
2167,2016-12-07,505.0
2168,2016-12-08,510.0
2169,2016-12-09,528.0
2170,2016-12-10,543.0
2171,2016-12-11,559.0
2172,2016-12-12,576.0
2173,2016-12-13,592.0
2174,2016-12-14,609.0
2175,2016-12-15,626.0
2176,2016-12-16,643.0
2177,2016-12-17,660.0
2178,2016-12-18,678.0
2179,2016-12-19,696.0
2180,2016-12-20,714.0
2181,2016-12-21,732.0
2182,2016-12-22,741.0
2183,2016-12-23,743.0
2184,2016-12-24,739.0
2185,2016-12-25,737.0
2186,2016-12-26,737.0
2187,2016-12-27,736.0
2188,2016-12-28,735.0
2189,2016-12-29,735.0
2190,2016-12-30,735.0
2191,2016-12-31,734.0
2192,2017-01-01,734.0
2193,2017-01-02,735.0
2194,2017-01-03,739.0
2195,2017-01-04,735.0
2196,2017-01-05,734.0
2197,2017-01-06,734.0
2198,2017-01-07,739.0
2199,2017-01-08,770.0
2200,2017-01-09,764.0
2201,2017-01-10,758.0
2202,2017-01-11,759.0
2203,2017-01-12,752.0
2204,2017-01-13,747.0
2205,2017-01-14,744.0
2206,2017-01-15,743.0
2207,2017-01-16,741.0
2208,2017-01-17,739.0
2209,2017-01-18,743.0
2210,2017-01-19,741.0
2211,2017-01-20,740.0
2212,2017-01-21,738.0
2213,2017-01-22,739.0
2214,2017-01-23,737.0
2215,2017-01-24,736.0
2216,2017-01-25,735.0
2217,2017-01-26,735.0
2218,2017-01-27,735.0
2219,2017-01-28,735.0
2220,2017-01-29,733.0
2221,2017-01-30,734.0
2222,2017-01-31,734.0
2223,2017-02-01,733.0
2224,2017-02-02,736.0
2225,2017-02-03,741.0
2226,2017-02-04,739.0
2227,2017-02-05,741.0
2228,2017-02-06,748.0
2229,2017-02-07,772.0
2230,2017-02-08,789.0
2231,2017-02-09,814.0
2232,2017-02-10,782.0
2233,2017-02-11,765.0
2234,2017-02-12,760.0
2235,2017-02-13,755.0
2236,2017-02-14,752.0
2237,2017-02-15,751.0
2238,2017-02-16,755.0
2239,2017-02-17,752.0
2240,2017-02-18,752.0
2241,2017-02-19,750.0
2242,2017-02-20,766.0
2243,2017-02-21,758.0
2244,2017-02-22,752.0
2245,2017-02-23,748.0
2246,2017-02-24,748.0
2247,2017-02-25,746.0
2248,2017-02-26,745.0
2249,2017-02-27,744.0
2250,2017-02-28,742.0
2251,2017-03-01,741.0
2252,2017-03-02,740.0
2253,2017-03-03,740.0
2254,2017-03-04,743.0
2255,2017-03-05,741.0
2256,2017-03-06,739.0
2257,2017-03-07,739.0
2258,2017-03-08,740.0
2259,2017-03-09,739.0
2260,2017-03-10,738.0
2261,2017-03-11,738.0
2262,2017-03-12,739.0
2263,2017-03-13,739.0
2264,2017-03-14,739.0
2265,2017-03-15,741.0
2266,2017-03-16,742.0
2267,2017-03-17,743.0
2268,2017-03-18,745.0
2269,2017-03-19,746.0
2270,2017-03-20,747.0
2271,2017-03-21,754.0
2272,2017-03-22,750.0
2273,2017-03-23,747.0
2274,2017-03-24,748.0
2275,2017-03-25,745.0
2276,2017-03-26,748.0
2277,2017-03-27,743.0
2278,2017-03-28,742.0
2279,2017-03-29,743.0
2280,2017-03-30,745.0
2281,2017-03-31,742.0
2282,2017-04-01,742.0
2283,2017-04-02,743.0
2284,2017-04-03,742.0
2285,2017-04-04,743.0
2286,2017-04-05,743.0
2287,2017-04-06,751.0
2288,2017-04-07,751.0
2289,2017-04-08,747.0
2290,2017-04-09,745.0
2291,2017-04-10,743.0
2292,2017-04-11,745.0
2293,2017-04-12,751.0
2294,2017-04-13,749.0
2295,2017-04-14,745.0
2296,2017-04-15,744.0
2297,2017-04-16,745.0
2298,2017-04-17,746.0
2299,2017-04-18,748.0
2300,2017-04-19,748.0
2301,2017-04-20,748.0
2302,2017-04-21,747.0
2303,2017-04-22,748.0
2304,2017-04-23,748.0
2305,2017-04-24,754.0
2306,2017-04-25,750.0
2307,2017-04-26,758.0
2308,2017-04-27,754.0
2309,2017-04-28,751.0
2310,2017-04-29,751.0
2311,2017-04-30,752.0
2312,2017-05-01,753.0
2313,2017-05-02,758.0
2314,2017-05-03,762.0
2315,2017-05-04,765.0
2316,2017-05-05,766.0
2317,2017-05-06,762.0
2318,2017-05-07,759.0
2319,2017-05-08,759.0
2320,2017-05-09,759.0
2321,2017-05-10,758.0
2322,2017-05-11,785.0
2323,2017-05-12,839.0
2324,2017-05-13,883.0
2325,2017-05-14,921.0
2326,2017-05-15,956.0
2327,2017-05-16,999.0
2328,2017-05-17,1020.0
2329,2017-05-18,1020.0
2330,2017-05-19,1020.0
2331,2017-05-20,1020.0
2332,2017-05-21,1030.0
2333,2017-05-22,1030.0
2334,2017-05-23,1030.0
2335,2017-05-24,1050.0
2336,2017-05-25,1090.0
2337,2017-05-26,1100.0
2338,2017-05-27,1100.0
2339,2017-05-28,1100.0
2340,2017-05-29,1100.0
2341,2017-05-30,1090.0
2342,2017-05-31,1090.0
2343,2017-06-01,1080.0
2344,2017-06-02,1080.0
2345,2017-06-03,1080.0
2346,2017-06-04,1080.0
2347,2017-06-05,1080.0
2348,2017-06-06,1080.0
2349,2017-06-07,1080.0
2350,2017-06-08,1090.0
2351,2017-06-09,1090.0
2352,2017-06-10,1080.0
2353,2017-06-11,1090.0
2354,2017-06-12,1080.0
2355,2017-06-13,1080.0
2356,2017-06-14,1080.0
2357,2017-06-15,1080.0
2358,2017-06-16,1070.0
2359,2017-06-17,1070.0
2360,2017-06-18,1070.0
2361,2017-06-19,1070.0
2362,2017-06-20,1070.0
2363,2017-06-21,1080.0
2364,2017-06-22,1070.0
2365,2017-06-23,1070.0
2366,2017-06-24,1070.0
2367,2017-06-25,1070.0
2368,2017-06-26,1070.0
2369,2017-06-27,1070.0
2370,2017-06-28,1070.0
2371,2017-06-29,1070.0
2372,2017-06-30,1060.0
2373,2017-07-01,1060.0
2374,2017-07-02,1060.0
2375,2017-07-03,1060.0
2376,2017-07-04,1050.0
2377,2017-07-05,1050.0
2378,2017-07-06,1050.0
2379,2017-07-07,1040.0
2380,2017-07-08,1040.0
2381,2017-07-09,1040.0
2382,2017-07-10,1040.0
2383,2017-07-11,1030.0
2384,2017-07-12,1030.0
2385,2017-07-13,1030.0
2386,2017-07-14,1030.0
2387,2017-07-15,1020.0
2388,2017-07-16,1020.0
2389,2017-07-17,1020.0
2390,2017-07-18,1010.0
2391,2017-07-19,1010.0
2392,2017-07-20,1010.0
2393,2017-07-21,1000.0
2394,2017-07-22,1000.0
2395,2017-07-23,999.0
2396,2017-07-24,995.0
2397,2017-07-25,992.0
2398,2017-07-26,990.0
2399,2017-07-27,987.0
2400,2017-07-28,984.0
2401,2017-07-29,981.0
2402,2017-07-30,979.0
2403,2017-07-31,975.0
2404,2017-08-01,973.0
2405,2017-08-02,970.0
2406,2017-08-03,966.0
2407,2017-08-04,963.0
2408,2017-08-05,961.0
2409,2017-08-06,961.0
2410,2017-08-07,962.0
2411,2017-08-08,959.0
2412,2017-08-09,956.0
2413,2017-08-10,952.0
2414,2017-08-11,949.0
2415,2017-08-12,945.0
2416,2017-08-13,941.0
2417,2017-08-14,938.0
2418,2017-08-15,935.0
2419,2017-08-16,932.0
2420,2017-08-17,929.0
2421,2017-08-18,924.0
2422,2017-08-19,922.0
2423,2017-08-20,917.0
2424,2017-08-21,914.0
2425,2017-08-22,911.0
2426,2017-08-23,909.0
2427,2017-08-24,905.0
2428,2017-08-25,902.0
2429,2017-08-26,898.0
2430,2017-08-27,895.0
2431,2017-08-28,891.0
2432,2017-08-29,888.0
2433,2017-08-30,884.0
2434,2017-08-31,881.0
2435,2017-09-01,878.0
2436,2017-09-02,875.0
2437,2017-09-03,872.0
2438,2017-09-04,869.0
2439,2017-09-05,868.0
2440,2017-09-06,865.0
2441,2017-09-07,864.0
2442,2017-09-08,861.0
2443,2017-09-09,858.0
2444,2017-09-10,855.0
2445,2017-09-11,848.0
2446,2017-09-12,827.0
2447,2017-09-13,797.0
2448,2017-09-14,769.0
2449,2017-09-15,742.0
2450,2017-09-16,714.0
2451,2017-09-17,687.0
2452,2017-09-18,660.0
2453,2017-09-19,634.0
2454,2017-09-20,608.0
2455,2017-09-21,576.0
2456,2017-09-22,539.0
2457,2017-09-23,508.0
2458,2017-09-24,471.0
2459,2017-09-25,439.0
2460,2017-09-26,407.0
2461,2017-09-27,376.0
2462,2017-09-28,347.0
2463,2017-09-29,319.0
2464,2017-09-30,291.0
2465,2017-10-01,264.0
2466,2017-10-02,238.0
2467,2017-10-03,205.0
2468,2017-10-04,167.0
2469,2017-10-05,142.0
2470,2017-10-06,137.0
2471,2017-10-07,135.0
2472,2017-10-08,133.0
2473,2017-10-09,129.0
2474,2017-10-10,127.0
2475,2017-10-11,115.0
2476,2017-10-12,104.0
2477,2017-10-13,105.0
2478,2017-10-14,105.0
2479,2017-10-15,105.0
2480,2017-10-16,106.0
2481,2017-10-17,106.0
2482,2017-10-18,106.0
2483,2017-10-19,109.0
2484,2017-10-20,113.0
2485,2017-10-21,116.0
2486,2017-10-22,118.0
2487,2017-10-23,119.0
2488,2017-10-24,120.0
2489,2017-10-25,121.0
2490,2017-10-26,122.0
2491,2017-10-27,122.0
2492,2017-10-28,122.0
2493,2017-10-29,122.0
2494,2017-10-30,121.0
2495,2017-10-31,120.0
2496,2017-11-01,121.0
2497,2017-11-02,124.0
2498,2017-11-03,131.0
2499,2017-11-04,141.0
2500,2017-11-05,146.0
2501,2017-11-06,150.0
2502,2017-11-07,153.0
2503,2017-11-08,164.0
2504,2017-11-09,183.0
2505,2017-11-10,198.0
2506,2017-11-11,206.0
2507,2017-11-12,210.0
2508,2017-11-13,221.0
2509,2017-11-14,227.0
2510,2017-11-15,252.0
2511,2017-11-16,294.0
2512,2017-11-17,306.0
2513,2017-11-18,313.0
2514,2017-11-19,319.0
2515,2017-11-20,340.0
2516,2017-11-21,353.0
2517,2017-11-22,362.0
2518,2017-11-23,371.0
2519,2017-11-24,378.0
2520,2017-11-25,384.0
2521,2017-11-26,401.0
2522,2017-11-27,414.0
2523,2017-11-28,421.0
2524,2017-11-29,427.0
2525,2017-11-30,432.0
2526,2017-12-01,438.0
2527,2017-12-02,445.0
2528,2017-12-03,451.0
2529,2017-12-04,455.0
2530,2017-12-05,459.0
2531,2017-12-06,463.0
2532,2017-12-07,466.0
2533,2017-12-08,469.0
2534,2017-12-09,473.0
2535,2017-12-10,476.0
2536,2017-12-11,479.0
2537,2017-12-12,482.0
2538,2017-12-13,484.0
2539,2017-12-14,487.0
2540,2017-12-15,490.0
2541,2017-12-16,493.0
2542,2017-12-17,494.0
2543,2017-12-18,497.0
2544,2017-12-19,501.0
2545,2017-12-20,505.0
2546,2017-12-21,507.0
2547,2017-12-22,509.0
2548,2017-12-23,511.0
2549,2017-12-24,513.0
2550,2017-12-25,515.0
2551,2017-12-26,516.0
2552,2017-12-27,519.0
2553,2017-12-28,520.0
2554,2017-12-29,522.0
2555,2017-12-30,524.0
2556,2017-12-31,526.0
2557,2018-01-01,529.0
