,datetime,WILLOW_CREEK_LAKE_AT_HEPPNER__OR.
0,2011-01-01,2066.93
1,2011-01-02,2066.59
2,2011-01-03,2066.08
3,2011-01-04,2065.53
4,2011-01-05,2065.02
5,2011-01-06,2064.63
6,2011-01-07,2064.62
7,2011-01-08,2064.62
8,2011-01-09,2064.58
9,2011-01-10,2064.46
10,2011-01-11,2064.25
11,2011-01-12,2064.11
12,2011-01-13,2064.1
13,2011-01-14,2064.37
14,2011-01-15,2064.94
15,2011-01-16,2066.68
16,2011-01-17,2069.07
17,2011-01-18,2070.32
18,2011-01-19,2071.0
19,2011-01-20,2071.22
20,2011-01-21,2071.89
21,2011-01-22,2072.96
22,2011-01-23,2073.23
23,2011-01-24,2073.16
24,2011-01-25,2072.69
25,2011-01-26,2071.87
26,2011-01-27,2070.91
27,2011-01-28,2070.08
28,2011-01-29,2069.36
29,2011-01-30,2068.55
30,2011-01-31,2067.74
31,2011-02-01,2066.92
32,2011-02-02,2066.24
33,2011-02-03,2066.02
34,2011-02-04,2065.86
35,2011-02-05,2065.67
36,2011-02-06,2065.59
37,2011-02-07,2065.74
38,2011-02-08,2065.99
39,2011-02-09,2066.2
40,2011-02-10,2066.4
41,2011-02-11,2066.59
42,2011-02-12,2066.79
43,2011-02-13,2066.98
44,2011-02-14,2067.18
45,2011-02-15,2067.52
46,2011-02-16,2067.84
47,2011-02-17,2068.12
48,2011-02-18,2068.4
49,2011-02-19,2068.65
50,2011-02-20,2068.86
51,2011-02-21,2069.03
52,2011-02-22,2069.2
53,2011-02-23,2069.35
54,2011-02-24,2069.45
55,2011-02-25,2069.39
56,2011-02-26,2069.32
57,2011-02-27,2069.46
58,2011-02-28,2069.53
59,2011-03-01,2069.6
60,2011-03-02,2069.76
61,2011-03-03,2070.09
62,2011-03-04,2070.48
63,2011-03-05,2070.91
64,2011-03-06,2071.39
65,2011-03-07,2071.86
66,2011-03-08,2072.27
67,2011-03-09,2072.58
68,2011-03-10,2072.92
69,2011-03-11,2073.25
70,2011-03-12,2073.37
71,2011-03-13,2073.45
72,2011-03-14,2073.62
73,2011-03-15,2073.9
74,2011-03-16,2074.35
75,2011-03-17,2074.71
76,2011-03-18,2074.96
77,2011-03-19,2075.21
78,2011-03-20,2075.24
79,2011-03-21,2075.26
80,2011-03-22,2075.25
81,2011-03-23,2075.18
82,2011-03-24,2075.09
83,2011-03-25,2074.98
84,2011-03-26,2074.84
85,2011-03-27,2074.68
86,2011-03-28,2074.6
87,2011-03-29,2074.88
88,2011-03-30,2076.57
89,2011-03-31,2078.02
90,2011-04-01,2079.0
91,2011-04-02,2079.68
92,2011-04-03,2079.76
93,2011-04-04,2079.46
94,2011-04-05,2079.39
95,2011-04-06,2079.21
96,2011-04-07,2078.8
97,2011-04-08,2078.17
98,2011-04-09,2077.34
99,2011-04-10,2076.35
100,2011-04-11,2075.58
101,2011-04-12,2075.3
102,2011-04-13,2075.42
103,2011-04-14,2075.53
104,2011-04-15,2075.71
105,2011-04-16,2076.45
106,2011-04-17,2077.75
107,2011-04-18,2078.53
108,2011-04-19,2078.53
109,2011-04-20,2078.27
110,2011-04-21,2077.83
111,2011-04-22,2077.2
112,2011-04-23,2076.63
113,2011-04-24,2076.15
114,2011-04-25,2075.77
115,2011-04-26,2075.52
116,2011-04-27,2075.24
117,2011-04-28,2075.07
118,2011-04-29,2075.09
119,2011-04-30,2075.06
120,2011-05-01,2074.98
121,2011-05-02,2075.06
122,2011-05-03,2075.43
123,2011-05-04,2075.75
124,2011-05-05,2076.08
125,2011-05-06,2076.49
126,2011-05-07,2077.04
127,2011-05-08,2077.82
128,2011-05-09,2078.38
129,2011-05-10,2078.64
130,2011-05-11,2078.91
131,2011-05-12,2079.16
132,2011-05-13,2079.26
133,2011-05-14,2082.4733333333334
134,2011-05-15,2085.686666666667
135,2011-05-16,2088.9
136,2011-05-17,2090.27
137,2011-05-18,2090.53
138,2011-05-19,2090.17
139,2011-05-20,2089.53
140,2011-05-21,2088.72
141,2011-05-22,2087.74
142,2011-05-23,2086.6
143,2011-05-24,2085.33
144,2011-05-25,2084.05
145,2011-05-26,2082.91
146,2011-05-27,2081.66
147,2011-05-28,2080.43
148,2011-05-29,2079.23
149,2011-05-30,2078.55
150,2011-05-31,2078.04
151,2011-06-01,2077.65
152,2011-06-02,2085.39
153,2011-06-03,2089.67
154,2011-06-04,2091.74
155,2011-06-05,2092.34
156,2011-06-06,2092.24
157,2011-06-07,2091.6
158,2011-06-08,2090.84
159,2011-06-09,2090.05
160,2011-06-10,2089.08
161,2011-06-11,2087.99
162,2011-06-12,2086.73
163,2011-06-13,2085.54
164,2011-06-14,2084.36
165,2011-06-15,2083.04
166,2011-06-16,2081.62
167,2011-06-17,2080.33
168,2011-06-18,2079.3
169,2011-06-19,2078.22
170,2011-06-20,2077.33
171,2011-06-21,2076.77
172,2011-06-22,2076.3
173,2011-06-23,2075.75
174,2011-06-24,2075.45
175,2011-06-25,2075.27
176,2011-06-26,2075.05
177,2011-06-27,2075.04
178,2011-06-28,2075.22
179,2011-06-29,2075.34
180,2011-06-30,2075.44
181,2011-07-01,2075.53
182,2011-07-02,2075.59
183,2011-07-03,2075.6
184,2011-07-04,2075.6
185,2011-07-05,2075.63
186,2011-07-06,2075.68
187,2011-07-07,2075.7
188,2011-07-08,2075.71
189,2011-07-09,2075.68
190,2011-07-10,2075.61
191,2011-07-11,2075.54
192,2011-07-12,2075.47
193,2011-07-13,2075.39
194,2011-07-14,2075.28
195,2011-07-15,2075.19
196,2011-07-16,2075.16
197,2011-07-17,2075.13
198,2011-07-18,2075.09
199,2011-07-19,2075.06
200,2011-07-20,2075.09
201,2011-07-21,2075.08
202,2011-07-22,2075.07
203,2011-07-23,2075.07
204,2011-07-24,2075.08
205,2011-07-25,2075.08
206,2011-07-26,2075.1
207,2011-07-27,2075.12
208,2011-07-28,2075.14
209,2011-07-29,2075.14
210,2011-07-30,2075.13
211,2011-07-31,2075.09
212,2011-08-01,2075.05
213,2011-08-02,2074.99
214,2011-08-03,2074.91
215,2011-08-04,2074.83
216,2011-08-05,2074.74
217,2011-08-06,2074.65
218,2011-08-07,2074.56
219,2011-08-08,2074.45
220,2011-08-09,2074.34
221,2011-08-10,2074.22
222,2011-08-11,2074.11
223,2011-08-12,2074.01
224,2011-08-13,2073.91
225,2011-08-14,2073.82
226,2011-08-15,2073.73
227,2011-08-16,2073.65
228,2011-08-17,2073.55
229,2011-08-18,2073.44
230,2011-08-19,2073.34
231,2011-08-20,2073.25
232,2011-08-21,2073.18
233,2011-08-22,2073.1
234,2011-08-23,2073.04
235,2011-08-24,2072.97
236,2011-08-25,2072.9
237,2011-08-26,2072.83
238,2011-08-27,2072.76
239,2011-08-28,2072.67
240,2011-08-29,2072.58
241,2011-08-30,2072.48
242,2011-08-31,2072.38
243,2011-09-01,2072.3
244,2011-09-02,2072.22
245,2011-09-03,2072.15
246,2011-09-04,2072.1
247,2011-09-05,2072.05
248,2011-09-06,2071.99
249,2011-09-07,2071.93
250,2011-09-08,2071.87
251,2011-09-09,2071.8
252,2011-09-10,2071.73
253,2011-09-11,2071.67
254,2011-09-12,2071.6
255,2011-09-13,2071.52
256,2011-09-14,2071.44
257,2011-09-15,2071.34
258,2011-09-16,2071.26
259,2011-09-17,2071.2
260,2011-09-18,2071.14
261,2011-09-19,2071.09
262,2011-09-20,2071.04
263,2011-09-21,2071.0
264,2011-09-22,2070.95
265,2011-09-23,2070.9
266,2011-09-24,2070.85
267,2011-09-25,2070.8
268,2011-09-26,2070.78
269,2011-09-27,2070.77
270,2011-09-28,2070.76
271,2011-09-29,2070.74
272,2011-09-30,2070.71
273,2011-10-01,2070.66
274,2011-10-02,2070.62
275,2011-10-03,2070.59
276,2011-10-04,2070.58
277,2011-10-05,2070.59
278,2011-10-06,2070.61
279,2011-10-07,2070.63
280,2011-10-08,2070.61
281,2011-10-09,2070.58
282,2011-10-10,2070.61
283,2011-10-11,2070.58
284,2011-10-12,2070.52
285,2011-10-13,2070.46
286,2011-10-14,2070.39
287,2011-10-15,2070.34
288,2011-10-16,2070.33
289,2011-10-17,2070.31
290,2011-10-18,2070.29
291,2011-10-19,2070.28
292,2011-10-20,2070.27
293,2011-10-21,2070.26
294,2011-10-22,2070.26
295,2011-10-23,2070.24
296,2011-10-24,2070.22
297,2011-10-25,2070.2
298,2011-10-26,2070.17
299,2011-10-27,2070.12
300,2011-10-28,2070.09
301,2011-10-29,2070.06
302,2011-10-30,2070.03
303,2011-10-31,2069.99
304,2011-11-01,2069.96
305,2011-11-02,2069.89
306,2011-11-03,2069.87
307,2011-11-04,2069.83
308,2011-11-05,2069.8
309,2011-11-06,2069.77
310,2011-11-07,2069.61
311,2011-11-08,2069.35
312,2011-11-09,2069.06
313,2011-11-10,2068.79
314,2011-11-11,2068.53
315,2011-11-12,2068.26
316,2011-11-13,2068.0
317,2011-11-14,2067.72
318,2011-11-15,2067.45
319,2011-11-16,2067.24
320,2011-11-17,2066.94
321,2011-11-18,2066.7
322,2011-11-19,2066.44
323,2011-11-20,2066.17
324,2011-11-21,2065.95
325,2011-11-22,2065.69
326,2011-11-23,2065.39
327,2011-11-24,2065.14
328,2011-11-25,2064.87
329,2011-11-26,2064.64
330,2011-11-27,2064.33
331,2011-11-28,2064.06
332,2011-11-29,2063.78
333,2011-11-30,2063.51
334,2011-12-01,2063.24
335,2011-12-02,2062.99
336,2011-12-03,2062.84
337,2011-12-04,2062.8
338,2011-12-05,2062.74
339,2011-12-06,2062.7
340,2011-12-07,2062.66
341,2011-12-08,2062.6
342,2011-12-09,2062.57
343,2011-12-10,2062.58
344,2011-12-11,2062.6
345,2011-12-12,2062.62
346,2011-12-13,2062.63
347,2011-12-14,2062.64
348,2011-12-15,2062.66
349,2011-12-16,2062.68
350,2011-12-17,2062.71
351,2011-12-18,2062.75
352,2011-12-19,2062.78
353,2011-12-20,2062.78
354,2011-12-21,2062.78
355,2011-12-22,2062.75
356,2011-12-23,2062.75
357,2011-12-24,2062.78
358,2011-12-25,2062.8
359,2011-12-26,2062.82
360,2011-12-27,2062.85
361,2011-12-28,2062.9
362,2011-12-29,2062.98
363,2011-12-30,2063.08
364,2011-12-31,2063.17
365,2012-01-01,2063.23
366,2012-01-02,2063.28
367,2012-01-03,2063.34
368,2012-01-04,2063.39
369,2012-01-05,2063.43
370,2012-01-06,2063.47
371,2012-01-07,2063.52
372,2012-01-08,2063.55
373,2012-01-09,2063.59
374,2012-01-10,2063.62
375,2012-01-11,2063.63
376,2012-01-12,2063.63
377,2012-01-13,2063.65
378,2012-01-14,2063.69
379,2012-01-15,2063.72
380,2012-01-16,2063.74
381,2012-01-17,2063.79
382,2012-01-18,2063.87
383,2012-01-19,2064.05
384,2012-01-20,2064.34
385,2012-01-21,2064.51
386,2012-01-22,2064.65
387,2012-01-23,2064.75
388,2012-01-24,2064.82
389,2012-01-25,2064.92
390,2012-01-26,2065.03
391,2012-01-27,2065.1
392,2012-01-28,2065.16
393,2012-01-29,2065.19
394,2012-01-30,2065.2
395,2012-01-31,2065.22
396,2012-02-01,2065.2
397,2012-02-02,2065.19
398,2012-02-03,2065.15
399,2012-02-04,2065.12
400,2012-02-05,2065.09
401,2012-02-06,2065.06
402,2012-02-07,2065.05
403,2012-02-08,2065.06
404,2012-02-09,2065.09
405,2012-02-10,2065.14
406,2012-02-11,2065.2
407,2012-02-12,2065.25
408,2012-02-13,2065.29
409,2012-02-14,2065.38
410,2012-02-15,2065.47
411,2012-02-16,2065.54
412,2012-02-17,2065.64
413,2012-02-18,2065.72
414,2012-02-19,2065.8
415,2012-02-20,2065.92
416,2012-02-21,2066.11
417,2012-02-22,2066.41
418,2012-02-23,2066.72
419,2012-02-24,2067.0
420,2012-02-25,2067.25
421,2012-02-26,2067.48
422,2012-02-27,2067.69
423,2012-02-28,2067.9
424,2012-02-29,2068.07
425,2012-03-01,2068.25
426,2012-03-02,2068.42
427,2012-03-03,2068.58
428,2012-03-04,2068.8
429,2012-03-05,2069.04
430,2012-03-06,2069.29
431,2012-03-07,2069.52
432,2012-03-08,2069.75
433,2012-03-09,2069.98
434,2012-03-10,2070.22
435,2012-03-11,2070.47
436,2012-03-12,2070.73
437,2012-03-13,2070.96
438,2012-03-14,2071.21
439,2012-03-15,2071.53
440,2012-03-16,2072.11
441,2012-03-17,2072.62
442,2012-03-18,2073.01
443,2012-03-19,2073.26
444,2012-03-20,2073.41
445,2012-03-21,2073.62
446,2012-03-22,2073.91
447,2012-03-23,2074.27
448,2012-03-24,2074.62
449,2012-03-25,2074.97
450,2012-03-26,2075.21
451,2012-03-27,2075.27
452,2012-03-28,2075.29
453,2012-03-29,2075.29
454,2012-03-30,2075.35
455,2012-03-31,2075.57
456,2012-04-01,2075.69
457,2012-04-02,2075.75
458,2012-04-03,2075.73
459,2012-04-04,2075.75
460,2012-04-05,2075.73
461,2012-04-06,2075.68
462,2012-04-07,2075.6
463,2012-04-08,2075.49
464,2012-04-09,2075.47
465,2012-04-10,2075.48
466,2012-04-11,2075.58
467,2012-04-12,2075.78
468,2012-04-13,2075.94
469,2012-04-14,2076.05
470,2012-04-15,2076.14
471,2012-04-16,2076.35
472,2012-04-17,2076.64
473,2012-04-18,2076.81
474,2012-04-19,2076.9
475,2012-04-20,2077.04
476,2012-04-21,2077.2
477,2012-04-22,2077.3
478,2012-04-23,2077.28
479,2012-04-24,2076.97
480,2012-04-25,2076.56
481,2012-04-26,2076.31
482,2012-04-27,2076.13
483,2012-04-28,2076.03
484,2012-04-29,2075.85
485,2012-04-30,2075.75
486,2012-05-01,2075.9
487,2012-05-02,2076.0
488,2012-05-03,2076.06
489,2012-05-04,2075.97
490,2012-05-05,2075.84
491,2012-05-06,2075.66
492,2012-05-07,2075.51
493,2012-05-08,2075.73
494,2012-05-09,2076.03
495,2012-05-10,2076.12
496,2012-05-11,2076.16
497,2012-05-12,2076.14
498,2012-05-13,2076.06
499,2012-05-14,2075.99
500,2012-05-15,2076.0
501,2012-05-16,2076.02
502,2012-05-17,2076.02
503,2012-05-18,2076.0
504,2012-05-19,2075.98
505,2012-05-20,2075.96
506,2012-05-21,2075.97
507,2012-05-22,2076.01
508,2012-05-23,2076.02
509,2012-05-24,2076.01
510,2012-05-25,2076.07
511,2012-05-26,2076.09
512,2012-05-27,2076.09
513,2012-05-28,2076.07
514,2012-05-29,2076.04
515,2012-05-30,2075.98
516,2012-05-31,2075.95
517,2012-06-01,2075.96
518,2012-06-02,2075.99
519,2012-06-03,2076.01
520,2012-06-04,2076.11
521,2012-06-05,2076.32
522,2012-06-06,2076.51
523,2012-06-07,2076.67
524,2012-06-08,2076.75
525,2012-06-09,2076.91
526,2012-06-10,2077.04
527,2012-06-11,2077.06
528,2012-06-12,2076.96
529,2012-06-13,2076.8
530,2012-06-14,2076.6
531,2012-06-15,2076.44
532,2012-06-16,2076.32
533,2012-06-17,2076.15
534,2012-06-18,2076.05
535,2012-06-19,2076.03
536,2012-06-20,2076.01
537,2012-06-21,2075.98
538,2012-06-22,2075.965
539,2012-06-23,2075.95
540,2012-06-24,2075.86
541,2012-06-25,2075.75
542,2012-06-26,2075.7
543,2012-06-27,2075.64
544,2012-06-28,2075.54
545,2012-06-29,2075.44
546,2012-06-30,2075.39
547,2012-07-01,2075.39
548,2012-07-02,2075.39
549,2012-07-03,2075.21
550,2012-07-04,2075.13
551,2012-07-05,2075.06
552,2012-07-06,2074.99
553,2012-07-07,2074.88
554,2012-07-08,2074.78
555,2012-07-09,2074.69
556,2012-07-10,2074.55
557,2012-07-11,2074.4
558,2012-07-12,2074.24
559,2012-07-13,2074.06
560,2012-07-14,2073.91
561,2012-07-15,2073.74
562,2012-07-16,2073.59
563,2012-07-17,2073.53
564,2012-07-18,2073.4
565,2012-07-19,2073.25
566,2012-07-20,2073.1
567,2012-07-21,2072.95
568,2012-07-22,2072.77
569,2012-07-23,2072.63
570,2012-07-24,2072.49
571,2012-07-25,2072.35
572,2012-07-26,2072.22
573,2012-07-27,2072.06
574,2012-07-28,2071.92
575,2012-07-29,2071.79
576,2012-07-30,2071.63
577,2012-07-31,2071.48
578,2012-08-01,2071.28
579,2012-08-02,2071.09
580,2012-08-03,2070.9
581,2012-08-04,2070.67
582,2012-08-05,2070.42
583,2012-08-06,2070.17
584,2012-08-07,2069.9
585,2012-08-08,2069.63
586,2012-08-09,2069.36
587,2012-08-10,2069.09
588,2012-08-11,2068.82
589,2012-08-12,2068.55
590,2012-08-13,2068.27
591,2012-08-14,2068.0
592,2012-08-15,2067.72
593,2012-08-16,2067.44
594,2012-08-17,2067.15
595,2012-08-18,2066.87
596,2012-08-19,2066.59
597,2012-08-20,2066.31
598,2012-08-21,2066.01
599,2012-08-22,2065.71
600,2012-08-23,2065.41
601,2012-08-24,2065.12
602,2012-08-25,2064.83
603,2012-08-26,2064.54
604,2012-08-27,2064.25
605,2012-08-28,2063.96
606,2012-08-29,2063.67
607,2012-08-30,2063.38
608,2012-08-31,2063.08
609,2012-09-01,2062.84
610,2012-09-02,2062.64
611,2012-09-03,2062.44
612,2012-09-04,2062.27
613,2012-09-05,2062.11
614,2012-09-06,2061.95
615,2012-09-07,2061.8
616,2012-09-08,2061.65
617,2012-09-09,2061.48
618,2012-09-10,2061.32
619,2012-09-11,2061.17
620,2012-09-12,2061.02
621,2012-09-13,2060.87
622,2012-09-14,2060.72
623,2012-09-15,2060.58
624,2012-09-16,2060.47
625,2012-09-17,2060.35
626,2012-09-18,2060.25
627,2012-09-19,2060.16
628,2012-09-20,2060.05
629,2012-09-21,2059.94
630,2012-09-22,2059.84
631,2012-09-23,2059.75
632,2012-09-24,2059.65
633,2012-09-25,2059.52
634,2012-09-26,2059.39
635,2012-09-27,2059.25
636,2012-09-28,2059.11
637,2012-09-29,2058.96
638,2012-09-30,2058.81
639,2012-10-01,2058.67
640,2012-10-02,2058.51
641,2012-10-03,2058.35
642,2012-10-04,2058.21
643,2012-10-05,2058.06
644,2012-10-06,2057.92
645,2012-10-07,2057.78
646,2012-10-08,2057.65
647,2012-10-09,2057.53
648,2012-10-10,2057.44
649,2012-10-11,2057.38
650,2012-10-12,2057.33
651,2012-10-13,2057.29
652,2012-10-14,2057.25
653,2012-10-15,2057.24
654,2012-10-16,2057.22
655,2012-10-17,2057.19
656,2012-10-18,2057.16
657,2012-10-19,2057.13
658,2012-10-20,2057.11
659,2012-10-21,2057.09
660,2012-10-22,2057.07
661,2012-10-23,2057.07
662,2012-10-24,2057.08
663,2012-10-25,2057.08
664,2012-10-26,2057.09
665,2012-10-27,2057.11
666,2012-10-28,2057.15
667,2012-10-29,2057.19
668,2012-10-30,2057.22
669,2012-10-31,2057.26
670,2012-11-01,2057.27
671,2012-11-02,2057.26
672,2012-11-03,2057.26
673,2012-11-04,2057.24
674,2012-11-05,2057.23
675,2012-11-06,2057.22
676,2012-11-07,2057.22
677,2012-11-08,2057.23
678,2012-11-09,2057.25
679,2012-11-10,2057.28
680,2012-11-11,2057.32
681,2012-11-12,2057.36
682,2012-11-13,2057.4
683,2012-11-14,2057.41
684,2012-11-15,2057.42
685,2012-11-16,2057.44
686,2012-11-17,2057.46
687,2012-11-18,2057.57
688,2012-11-19,2057.45
689,2012-11-20,2057.48
690,2012-11-21,2057.54
691,2012-11-22,2057.58
692,2012-11-23,2057.61
693,2012-11-24,2057.63
694,2012-11-25,2057.67
695,2012-11-26,2057.7
696,2012-11-27,2057.71
697,2012-11-28,2057.73
698,2012-11-29,2057.74
699,2012-11-30,2057.81
700,2012-12-01,2057.87
701,2012-12-02,2058.09
702,2012-12-03,2058.26
703,2012-12-04,2058.36
704,2012-12-05,2058.45
705,2012-12-06,2058.52
706,2012-12-07,2058.59
707,2012-12-08,2058.64
708,2012-12-09,2058.7
709,2012-12-10,2058.76
710,2012-12-11,2058.83
711,2012-12-12,2058.89
712,2012-12-13,2058.94
713,2012-12-14,2058.98
714,2012-12-15,2059.01
715,2012-12-16,2059.09
716,2012-12-17,2059.12
717,2012-12-18,2059.15
718,2012-12-19,2059.27
719,2012-12-20,2059.19
720,2012-12-21,2059.28
721,2012-12-22,2059.34
722,2012-12-23,2059.37
723,2012-12-24,2059.41
724,2012-12-25,2059.48
725,2012-12-26,2059.57
726,2012-12-27,2059.62
727,2012-12-28,2059.65
728,2012-12-29,2059.69
729,2012-12-30,2059.74
730,2012-12-31,2059.75
731,2013-01-01,2059.78
732,2013-01-02,2059.81
733,2013-01-03,2059.84
734,2013-01-04,2059.88
735,2013-01-05,2059.93
736,2013-01-06,2060.0
737,2013-01-07,2060.07
738,2013-01-08,2060.2
739,2013-01-09,2060.39
740,2013-01-10,2060.64
741,2013-01-11,2060.88
742,2013-01-12,2061.03
743,2013-01-13,2061.17
744,2013-01-14,2061.31
745,2013-01-15,2061.46
746,2013-01-16,2061.58
747,2013-01-17,2061.68
748,2013-01-18,2061.8
749,2013-01-19,2061.91
750,2013-01-20,2062.01
751,2013-01-21,2062.1
752,2013-01-22,2062.19
753,2013-01-23,2062.29
754,2013-01-24,2062.4
755,2013-01-25,2062.59
756,2013-01-26,2062.88
757,2013-01-27,2063.18
758,2013-01-28,2063.46
759,2013-01-29,2063.72
760,2013-01-30,2064.01
761,2013-01-31,2064.4
762,2013-02-01,2064.76
763,2013-02-02,2065.09
764,2013-02-03,2065.37
765,2013-02-04,2065.54
766,2013-02-05,2065.62
767,2013-02-06,2065.66
768,2013-02-07,2065.66
769,2013-02-08,2065.64
770,2013-02-09,2065.58
771,2013-02-10,2065.52
772,2013-02-11,2065.52
773,2013-02-12,2065.6
774,2013-02-13,2065.65
775,2013-02-14,2065.74
776,2013-02-15,2065.85
777,2013-02-16,2065.97
778,2013-02-17,2066.09
779,2013-02-18,2066.21
780,2013-02-19,2066.33
781,2013-02-20,2066.45
782,2013-02-21,2066.56
783,2013-02-22,2066.66
784,2013-02-23,2066.76
785,2013-02-24,2066.84
786,2013-02-25,2066.93
787,2013-02-26,2067.04
788,2013-02-27,2067.13
789,2013-02-28,2067.24
790,2013-03-01,2067.41
791,2013-03-02,2067.66
792,2013-03-03,2067.98
793,2013-03-04,2068.29
794,2013-03-05,2068.58
795,2013-03-06,2068.88
796,2013-03-07,2069.16
797,2013-03-08,2069.41
798,2013-03-09,2069.63
799,2013-03-10,2069.83
800,2013-03-11,2070.05
801,2013-03-12,2070.3
802,2013-03-13,2070.61
803,2013-03-14,2070.99
804,2013-03-15,2071.46
805,2013-03-16,2071.91
806,2013-03-17,2072.23
807,2013-03-18,2072.43
808,2013-03-19,2072.5
809,2013-03-20,2072.58
810,2013-03-21,2072.72
811,2013-03-22,2072.8
812,2013-03-23,2072.85
813,2013-03-24,2072.88
814,2013-03-25,2072.91
815,2013-03-26,2073.03
816,2013-03-27,2073.17
817,2013-03-28,2073.35
818,2013-03-29,2073.59
819,2013-03-30,2073.92
820,2013-03-31,2074.35
821,2013-04-01,2074.75
822,2013-04-02,2075.07
823,2013-04-03,2075.43
824,2013-04-04,2075.69
825,2013-04-05,2075.88
826,2013-04-06,2075.87
827,2013-04-07,2075.82
828,2013-04-08,2075.72
829,2013-04-09,2075.49
830,2013-04-10,2075.35
831,2013-04-11,2075.43
832,2013-04-12,2075.6
833,2013-04-13,2075.73
834,2013-04-14,2075.84
835,2013-04-15,2075.95
836,2013-04-16,2076.0
837,2013-04-17,2076.04
838,2013-04-18,2076.12
839,2013-04-19,2076.4
840,2013-04-20,2077.23
841,2013-04-21,2077.96
842,2013-04-22,2078.33
843,2013-04-23,2078.25
844,2013-04-24,2078.03
845,2013-04-25,2077.7
846,2013-04-26,2077.28
847,2013-04-27,2076.8
848,2013-04-28,2076.32
849,2013-04-29,2076.04
850,2013-04-30,2076.1
851,2013-05-01,2076.26
852,2013-05-02,2076.35
853,2013-05-03,2076.41
854,2013-05-04,2076.46
855,2013-05-05,2076.46
856,2013-05-06,2076.41
857,2013-05-07,2076.36
858,2013-05-08,2076.34
859,2013-05-09,2076.35
860,2013-05-10,2076.36
861,2013-05-11,2076.36
862,2013-05-12,2076.34
863,2013-05-13,2076.32
864,2013-05-14,2076.31
865,2013-05-15,2076.27
866,2013-05-16,2076.22
867,2013-05-17,2076.12
868,2013-05-18,2076.02
869,2013-05-19,2075.93
870,2013-05-20,2075.84
871,2013-05-21,2075.78
872,2013-05-22,2075.74
873,2013-05-23,2075.68
874,2013-05-24,2075.7
875,2013-05-25,2075.75
876,2013-05-26,2075.82
877,2013-05-27,2075.91
878,2013-05-28,2076.06
879,2013-05-29,2076.23
880,2013-05-30,2076.47
881,2013-05-31,2076.63
882,2013-06-01,2076.7
883,2013-06-02,2076.74
884,2013-06-03,2076.76
885,2013-06-04,2076.75
886,2013-06-05,2076.71
887,2013-06-06,2076.63
888,2013-06-07,2076.52
889,2013-06-08,2076.45
890,2013-06-09,2076.4
891,2013-06-10,2076.39
892,2013-06-11,2076.39
893,2013-06-12,2076.4
894,2013-06-13,2076.4
895,2013-06-14,2076.42
896,2013-06-15,2076.39
897,2013-06-16,2076.33
898,2013-06-17,2076.24
899,2013-06-18,2076.13
900,2013-06-19,2076.03
901,2013-06-20,2075.93
902,2013-06-21,2075.87
903,2013-06-22,2075.81
904,2013-06-23,2075.77
905,2013-06-24,2075.78
906,2013-06-25,2075.8
907,2013-06-26,2075.79
908,2013-06-27,2075.76
909,2013-06-28,2075.71
910,2013-06-29,2075.63
911,2013-06-30,2075.54
912,2013-07-01,2075.44
913,2013-07-02,2075.33
914,2013-07-03,2075.19
915,2013-07-04,2075.04
916,2013-07-05,2074.9
917,2013-07-06,2074.76
918,2013-07-07,2074.61
919,2013-07-08,2074.48
920,2013-07-09,2074.38
921,2013-07-10,2074.26
922,2013-07-11,2074.14
923,2013-07-12,2074.02
924,2013-07-13,2073.91
925,2013-07-14,2073.81
926,2013-07-15,2073.69
927,2013-07-16,2073.59
928,2013-07-17,2073.47
929,2013-07-18,2073.34
930,2013-07-19,2073.2
931,2013-07-20,2073.06
932,2013-07-21,2072.9
933,2013-07-22,2072.72
934,2013-07-23,2072.51
935,2013-07-24,2072.3
936,2013-07-25,2072.07
937,2013-07-26,2071.84
938,2013-07-27,2071.58
939,2013-07-28,2071.32
940,2013-07-29,2071.1
941,2013-07-30,2070.94
942,2013-07-31,2070.78
943,2013-08-01,2070.62
944,2013-08-02,2070.47
945,2013-08-03,2070.32
946,2013-08-04,2070.17
947,2013-08-05,2070.0
948,2013-08-06,2069.8
949,2013-08-07,2069.6
950,2013-08-08,2069.4
951,2013-08-09,2069.16
952,2013-08-10,2068.95
953,2013-08-11,2068.75
954,2013-08-12,2068.55
955,2013-08-13,2068.35
956,2013-08-14,2068.14
957,2013-08-15,2067.93
958,2013-08-16,2067.75
959,2013-08-17,2067.57
960,2013-08-18,2067.38
961,2013-08-19,2067.18
962,2013-08-20,2066.97
963,2013-08-21,2066.77
964,2013-08-22,2066.56
965,2013-08-23,2066.32
966,2013-08-24,2066.08
967,2013-08-25,2065.88
968,2013-08-26,2065.66
969,2013-08-27,2065.44
970,2013-08-28,2065.25
971,2013-08-29,2065.06
972,2013-08-30,2064.88
973,2013-08-31,2064.7
974,2013-09-01,2064.52
975,2013-09-02,2064.35
976,2013-09-03,2064.11
977,2013-09-04,2063.88
978,2013-09-05,2063.67
979,2013-09-06,2063.45
980,2013-09-07,2063.23
981,2013-09-08,2063.0
982,2013-09-09,2062.76
983,2013-09-10,2062.52
984,2013-09-11,2062.31
985,2013-09-12,2062.11
986,2013-09-13,2061.9
987,2013-09-14,2061.69
988,2013-09-15,2061.5
989,2013-09-16,2061.28
990,2013-09-17,2061.08
991,2013-09-18,2060.87
992,2013-09-19,2060.66
993,2013-09-20,2060.52
994,2013-09-21,2060.42
995,2013-09-22,2060.34
996,2013-09-23,2060.24
997,2013-09-24,2060.18
998,2013-09-25,2060.1
999,2013-09-26,2060.03
1000,2013-09-27,2059.98
1001,2013-09-28,2059.91
1002,2013-09-29,2059.88
1003,2013-09-30,2059.89
1004,2013-10-01,2059.85
1005,2013-10-02,2059.81
1006,2013-10-03,2059.76
1007,2013-10-04,2059.72
1008,2013-10-05,2059.67
1009,2013-10-06,2059.6
1010,2013-10-07,2059.53
1011,2013-10-08,2059.49
1012,2013-10-09,2059.47
1013,2013-10-10,2059.45
1014,2013-10-11,2059.42
1015,2013-10-12,2059.38
1016,2013-10-13,2059.34
1017,2013-10-14,2059.29
1018,2013-10-15,2059.26
1019,2013-10-16,2059.22
1020,2013-10-17,2059.18
1021,2013-10-18,2059.14
1022,2013-10-19,2059.09
1023,2013-10-20,2059.05
1024,2013-10-21,2059.0
1025,2013-10-22,2058.96
1026,2013-10-23,2058.91
1027,2013-10-24,2058.86
1028,2013-10-25,2058.82
1029,2013-10-26,2058.77
1030,2013-10-27,2058.75
1031,2013-10-28,2058.74
1032,2013-10-29,2058.74
1033,2013-10-30,2058.72
1034,2013-10-31,2058.71
1035,2013-11-01,2058.71
1036,2013-11-02,2058.71
1037,2013-11-03,2058.7
1038,2013-11-04,2058.71
1039,2013-11-05,2058.73
1040,2013-11-06,2058.76
1041,2013-11-07,2058.81
1042,2013-11-08,2058.85
1043,2013-11-09,2058.87
1044,2013-11-10,2058.88
1045,2013-11-11,2058.88
1046,2013-11-12,2058.88
1047,2013-11-13,2058.86
1048,2013-11-14,2058.85
1049,2013-11-15,2058.85
1050,2013-11-16,2058.82
1051,2013-11-17,2058.81
1052,2013-11-18,2058.8
1053,2013-11-19,2058.8
1054,2013-11-20,2058.8
1055,2013-11-21,2058.76
1056,2013-11-22,2058.72
1057,2013-11-23,2058.7
1058,2013-11-24,2058.68
1059,2013-11-25,2058.66
1060,2013-11-26,2058.65
1061,2013-11-27,2058.63
1062,2013-11-28,2058.61
1063,2013-11-29,2058.6
1064,2013-11-30,2058.6
1065,2013-12-01,2058.6
1066,2013-12-02,2058.6
1067,2013-12-03,2058.58
1068,2013-12-04,2058.51
1069,2013-12-05,2058.45
1070,2013-12-06,2058.41
1071,2013-12-07,2058.36
1072,2013-12-08,2058.32
1073,2013-12-09,2058.29
1074,2013-12-10,2058.25
1075,2013-12-11,2058.22
1076,2013-12-12,2058.21
1077,2013-12-13,2058.2
1078,2013-12-14,2058.2
1079,2013-12-15,2058.2
1080,2013-12-16,2058.2
1081,2013-12-17,2058.2
1082,2013-12-18,2058.19
1083,2013-12-19,2058.16
1084,2013-12-20,2058.17
1085,2013-12-21,2058.21
1086,2013-12-22,2058.28
1087,2013-12-23,2058.38
1088,2013-12-24,2058.48
1089,2013-12-25,2058.54
1090,2013-12-26,2058.6
1091,2013-12-27,2058.66
1092,2013-12-28,2058.7
1093,2013-12-29,2058.74
1094,2013-12-30,2058.77
1095,2013-12-31,2058.79
1096,2014-01-01,2058.82
1097,2014-01-02,2058.86
1098,2014-01-03,2058.87
1099,2014-01-04,2058.88
1100,2014-01-05,2058.87
1101,2014-01-06,2058.89
1102,2014-01-07,2058.95
1103,2014-01-08,2059.0
1104,2014-01-09,2059.06
1105,2014-01-10,2059.16
1106,2014-01-11,2059.13
1107,2014-01-12,2059.2
1108,2014-01-13,2059.24
1109,2014-01-14,2059.3
1110,2014-01-15,2059.33
1111,2014-01-16,2059.36
1112,2014-01-17,2059.38
1113,2014-01-18,2059.4
1114,2014-01-19,2059.43
1115,2014-01-20,2059.45
1116,2014-01-21,2059.46
1117,2014-01-22,2059.49
1118,2014-01-23,2059.5
1119,2014-01-24,2059.49
1120,2014-01-25,2059.48
1121,2014-01-26,2059.48
1122,2014-01-27,2059.49
1123,2014-01-28,2059.52
1124,2014-01-29,2059.68
1125,2014-01-30,2059.83
1126,2014-01-31,2059.95
1127,2014-02-01,2060.03
1128,2014-02-02,2060.1
1129,2014-02-03,2060.19
1130,2014-02-04,2060.24
1131,2014-02-05,2060.25
1132,2014-02-06,2060.3
1133,2014-02-07,2060.37
1134,2014-02-08,2060.47
1135,2014-02-09,2060.56
1136,2014-02-10,2060.66
1137,2014-02-11,2060.84
1138,2014-02-12,2061.56
1139,2014-02-13,2062.61
1140,2014-02-14,2063.55
1141,2014-02-15,2064.45
1142,2014-02-16,2065.33
1143,2014-02-17,2066.03
1144,2014-02-18,2066.63
1145,2014-02-19,2067.12
1146,2014-02-20,2067.44
1147,2014-02-21,2067.67
1148,2014-02-22,2067.87
1149,2014-02-23,2068.04
1150,2014-02-24,2068.19
1151,2014-02-25,2068.37
1152,2014-02-26,2068.53
1153,2014-02-27,2068.72
1154,2014-02-28,2068.94
1155,2014-03-01,2069.19
1156,2014-03-02,2069.48
1157,2014-03-03,2070.01
1158,2014-03-04,2070.6
1159,2014-03-05,2070.96
1160,2014-03-06,2071.11
1161,2014-03-07,2071.01
1162,2014-03-08,2070.85
1163,2014-03-09,2070.63
1164,2014-03-10,2072.81
1165,2014-03-11,2073.8
1166,2014-03-12,2073.37
1167,2014-03-13,2072.76
1168,2014-03-14,2072.71
1169,2014-03-15,2073.11
1170,2014-03-16,2072.93
1171,2014-03-17,2072.68
1172,2014-03-18,2072.5
1173,2014-03-19,2072.5
1174,2014-03-20,2072.63
1175,2014-03-21,2072.88
1176,2014-03-22,2073.14
1177,2014-03-23,2073.34
1178,2014-03-24,2073.51
1179,2014-03-25,2073.68
1180,2014-03-26,2073.87
1181,2014-03-27,2074.05
1182,2014-03-28,2074.28
1183,2014-03-29,2074.6
1184,2014-03-30,2075.0
1185,2014-03-31,2075.39
1186,2014-04-01,2075.67
1187,2014-04-02,2075.76
1188,2014-04-03,2075.79
1189,2014-04-04,2075.83
1190,2014-04-05,2075.86
1191,2014-04-06,2075.98
1192,2014-04-07,2076.13
1193,2014-04-08,2076.26
1194,2014-04-09,2076.29
1195,2014-04-10,2076.18
1196,2014-04-11,2076.14
1197,2014-04-12,2076.2
1198,2014-04-13,2076.3
1199,2014-04-14,2076.33
1200,2014-04-15,2076.24
1201,2014-04-16,2076.21
1202,2014-04-17,2076.28
1203,2014-04-18,2076.35
1204,2014-04-19,2076.4
1205,2014-04-20,2076.46
1206,2014-04-21,2076.45
1207,2014-04-22,2076.4
1208,2014-04-23,2076.3
1209,2014-04-24,2076.22
1210,2014-04-25,2076.21
1211,2014-04-26,2076.24
1212,2014-04-27,2076.26
1213,2014-04-28,2076.26
1214,2014-04-29,2076.27
1215,2014-04-30,2076.45
1216,2014-05-01,2076.65
1217,2014-05-02,2076.66
1218,2014-05-03,2076.66
1219,2014-05-04,2076.67
1220,2014-05-05,2076.69
1221,2014-05-06,2076.65
1222,2014-05-07,2076.7
1223,2014-05-08,2076.67
1224,2014-05-09,2076.68
1225,2014-05-10,2076.69
1226,2014-05-11,2076.7
1227,2014-05-12,2076.68
1228,2014-05-13,2076.63
1229,2014-05-14,2076.57
1230,2014-05-15,2076.54
1231,2014-05-16,2076.5
1232,2014-05-17,2076.45
1233,2014-05-18,2076.45
1234,2014-05-19,2076.46
1235,2014-05-20,2076.44
1236,2014-05-21,2076.42
1237,2014-05-22,2076.37
1238,2014-05-23,2076.31
1239,2014-05-24,2076.26
1240,2014-05-25,2076.21
1241,2014-05-26,2076.15
1242,2014-05-27,2076.12
1243,2014-05-28,2076.11
1244,2014-05-29,2076.12
1245,2014-05-30,2076.11
1246,2014-05-31,2076.09
1247,2014-06-01,2076.07
1248,2014-06-02,2076.04
1249,2014-06-03,2075.99
1250,2014-06-04,2075.94
1251,2014-06-05,2075.88
1252,2014-06-06,2075.81
1253,2014-06-07,2075.72
1254,2014-06-08,2075.62
1255,2014-06-09,2075.52
1256,2014-06-10,2075.43
1257,2014-06-11,2075.35
1258,2014-06-12,2075.24
1259,2014-06-13,2075.18
1260,2014-06-14,2075.14
1261,2014-06-15,2075.05
1262,2014-06-16,2074.94
1263,2014-06-17,2074.87
1264,2014-06-18,2074.81
1265,2014-06-19,2074.73
1266,2014-06-20,2074.63
1267,2014-06-21,2074.52
1268,2014-06-22,2074.41
1269,2014-06-23,2074.3
1270,2014-06-24,2074.18
1271,2014-06-25,2074.07
1272,2014-06-26,2074.01
1273,2014-06-27,2073.97
1274,2014-06-28,2073.89
1275,2014-06-29,2073.76
1276,2014-06-30,2073.63
1277,2014-07-01,2073.51
1278,2014-07-02,2073.4
1279,2014-07-03,2073.27
1280,2014-07-04,2073.15
1281,2014-07-05,2073.04
1282,2014-07-06,2072.9
1283,2014-07-07,2072.76
1284,2014-07-08,2072.61
1285,2014-07-09,2072.44
1286,2014-07-10,2072.27
1287,2014-07-11,2072.1
1288,2014-07-12,2071.94
1289,2014-07-13,2071.77
1290,2014-07-14,2071.6
1291,2014-07-15,2071.4
1292,2014-07-16,2071.14
1293,2014-07-17,2070.86
1294,2014-07-18,2070.59
1295,2014-07-19,2070.32
1296,2014-07-20,2070.06
1297,2014-07-21,2069.81
1298,2014-07-22,2069.57
1299,2014-07-23,2069.32
1300,2014-07-24,2069.08
1301,2014-07-25,2068.83
1302,2014-07-26,2068.58
1303,2014-07-27,2068.34
1304,2014-07-28,2068.08
1305,2014-07-29,2067.83
1306,2014-07-30,2067.56
1307,2014-07-31,2067.29
1308,2014-08-01,2067.03
1309,2014-08-02,2066.77
1310,2014-08-03,2066.51
1311,2014-08-04,2066.26
1312,2014-08-05,2066.03
1313,2014-08-06,2065.83
1314,2014-08-07,2065.63
1315,2014-08-08,2065.43
1316,2014-08-09,2065.25
1317,2014-08-10,2065.11
1318,2014-08-11,2064.96
1319,2014-08-12,2064.78
1320,2014-08-13,2064.57
1321,2014-08-14,2064.38
1322,2014-08-15,2064.16
1323,2014-08-16,2063.94
1324,2014-08-17,2063.71
1325,2014-08-18,2063.46
1326,2014-08-19,2063.21
1327,2014-08-20,2062.94
1328,2014-08-21,2062.67
1329,2014-08-22,2062.41
1330,2014-08-23,2062.14
1331,2014-08-24,2061.86
1332,2014-08-25,2061.59
1333,2014-08-26,2061.31
1334,2014-08-27,2061.02
1335,2014-08-28,2060.71
1336,2014-08-29,2060.41
1337,2014-08-30,2060.12
1338,2014-08-31,2059.81
1339,2014-09-01,2059.52
1340,2014-09-02,2059.21
1341,2014-09-03,2058.9
1342,2014-09-04,2058.58
1343,2014-09-05,2058.25
1344,2014-09-06,2057.92
1345,2014-09-07,2057.58
1346,2014-09-08,2057.23
1347,2014-09-09,2056.89
1348,2014-09-10,2056.54
1349,2014-09-11,2056.23
1350,2014-09-12,2055.96
1351,2014-09-13,2055.7
1352,2014-09-14,2055.44
1353,2014-09-15,2055.17
1354,2014-09-16,2054.91
1355,2014-09-17,2054.64
1356,2014-09-18,2054.42
1357,2014-09-19,2054.3
1358,2014-09-20,2054.17
1359,2014-09-21,2054.05
1360,2014-09-22,2053.92
1361,2014-09-23,2053.8
1362,2014-09-24,2053.69
1363,2014-09-25,2053.56
1364,2014-09-26,2053.42
1365,2014-09-27,2053.26
1366,2014-09-28,2053.12
1367,2014-09-29,2052.95
1368,2014-09-30,2052.77
1369,2014-10-01,2052.6
1370,2014-10-02,2052.48
1371,2014-10-03,2052.39
1372,2014-10-04,2052.3
1373,2014-10-05,2052.22
1374,2014-10-06,2052.13
1375,2014-10-07,2052.04
1376,2014-10-08,2051.94
1377,2014-10-09,2051.84
1378,2014-10-10,2051.76
1379,2014-10-11,2051.65
1380,2014-10-12,2051.57
1381,2014-10-13,2051.49
1382,2014-10-14,2051.41
1383,2014-10-15,2051.35
1384,2014-10-16,2051.28
1385,2014-10-17,2051.24
1386,2014-10-18,2051.19
1387,2014-10-19,2051.14
1388,2014-10-20,2051.13
1389,2014-10-21,2051.07
1390,2014-10-22,2051.01
1391,2014-10-23,2050.93
1392,2014-10-24,2050.87
1393,2014-10-25,2050.82
1394,2014-10-26,2050.73
1395,2014-10-27,2050.67
1396,2014-10-28,2050.63
1397,2014-10-29,2050.6
1398,2014-10-30,2050.58
1399,2014-10-31,2050.55
1400,2014-11-01,2050.53
1401,2014-11-02,2050.53
1402,2014-11-03,2050.52
1403,2014-11-04,2050.5
1404,2014-11-05,2050.52
1405,2014-11-06,2050.44
1406,2014-11-07,2050.4
1407,2014-11-08,2050.38
1408,2014-11-09,2050.33
1409,2014-11-10,2050.29
1410,2014-11-11,2050.25
1411,2014-11-12,2050.2
1412,2014-11-13,2050.18
1413,2014-11-14,2050.14
1414,2014-11-15,2050.1
1415,2014-11-16,2050.09
1416,2014-11-17,2050.08
1417,2014-11-18,2050.06
1418,2014-11-19,2050.05
1419,2014-11-20,2050.04
1420,2014-11-21,2050.11
1421,2014-11-22,2050.26
1422,2014-11-23,2050.35
1423,2014-11-24,2050.37
1424,2014-11-25,2050.38
1425,2014-11-26,2050.43
1426,2014-11-27,2050.45
1427,2014-11-28,2050.47
1428,2014-11-29,2050.53
1429,2014-11-30,2050.54
1430,2014-12-01,2050.51
1431,2014-12-02,2050.48
1432,2014-12-03,2050.44
1433,2014-12-04,2050.42
1434,2014-12-05,2050.42
1435,2014-12-06,2050.48
1436,2014-12-07,2050.5
1437,2014-12-08,2050.53
1438,2014-12-09,2050.57
1439,2014-12-10,2050.57
1440,2014-12-11,2050.57
1441,2014-12-12,2050.61
1442,2014-12-13,2050.68
1443,2014-12-14,2050.73
1444,2014-12-15,2050.77
1445,2014-12-16,2050.81
1446,2014-12-17,2050.83
1447,2014-12-18,2050.9
1448,2014-12-19,2050.88
1449,2014-12-20,2050.97
1450,2014-12-21,2051.08
1451,2014-12-22,2051.21
1452,2014-12-23,2051.4
1453,2014-12-24,2051.64
1454,2014-12-25,2051.84
1455,2014-12-26,2052.02
1456,2014-12-27,2052.19
1457,2014-12-28,2052.36
1458,2014-12-29,2052.56
1459,2014-12-30,2052.57
1460,2014-12-31,2052.62
1461,2015-01-01,2052.75
1462,2015-01-02,2052.91
1463,2015-01-03,2053.13
1464,2015-01-04,2053.38
1465,2015-01-05,2054.31
1466,2015-01-06,2055.55
1467,2015-01-07,2056.57
1468,2015-01-08,2057.35
1469,2015-01-09,2057.99
1470,2015-01-10,2058.53
1471,2015-01-11,2059.0
1472,2015-01-12,2059.42
1473,2015-01-13,2059.78
1474,2015-01-14,2060.09
1475,2015-01-15,2060.39
1476,2015-01-16,2060.65
1477,2015-01-17,2061.0
1478,2015-01-18,2061.4
1479,2015-01-19,2061.81
1480,2015-01-20,2062.19
1481,2015-01-21,2062.51
1482,2015-01-22,2062.81
1483,2015-01-23,2063.08
1484,2015-01-24,2063.32
1485,2015-01-25,2063.55
1486,2015-01-26,2063.79
1487,2015-01-27,2064.04
1488,2015-01-28,2064.27
1489,2015-01-29,2064.49
1490,2015-01-30,2064.7
1491,2015-01-31,2064.88
1492,2015-02-01,2065.09
1493,2015-02-02,2065.32
1494,2015-02-03,2065.55
1495,2015-02-04,2065.79
1496,2015-02-05,2066.03
1497,2015-02-06,2066.28
1498,2015-02-07,2066.58
1499,2015-02-08,2066.93
1500,2015-02-09,2067.26
1501,2015-02-10,2067.66
1502,2015-02-11,2068.06
1503,2015-02-12,2068.43
1504,2015-02-13,2068.76
1505,2015-02-14,2069.06
1506,2015-02-15,2069.31
1507,2015-02-16,2069.54
1508,2015-02-17,2069.75
1509,2015-02-18,2069.95
1510,2015-02-19,2070.13
1511,2015-02-20,2070.29
1512,2015-02-21,2070.42
1513,2015-02-22,2070.53
1514,2015-02-23,2070.61
1515,2015-02-24,2070.72
1516,2015-02-25,2070.82
1517,2015-02-26,2070.92
1518,2015-02-27,2071.08
1519,2015-02-28,2071.22
1520,2015-03-01,2071.31
1521,2015-03-02,2071.44
1522,2015-03-03,2071.53
1523,2015-03-04,2071.62
1524,2015-03-05,2071.74
1525,2015-03-06,2071.85
1526,2015-03-07,2071.96
1527,2015-03-08,2072.06
1528,2015-03-09,2072.17
1529,2015-03-10,2072.27
1530,2015-03-11,2072.37
1531,2015-03-12,2072.47
1532,2015-03-13,2072.58
1533,2015-03-14,2072.63
1534,2015-03-15,2072.69
1535,2015-03-16,2072.75
1536,2015-03-17,2072.83
1537,2015-03-18,2072.9
1538,2015-03-19,2072.95
1539,2015-03-20,2073.02
1540,2015-03-21,2073.1
1541,2015-03-22,2073.22
1542,2015-03-23,2073.43
1543,2015-03-24,2073.55
1544,2015-03-25,2073.75
1545,2015-03-26,2073.92
1546,2015-03-27,2074.11
1547,2015-03-28,2074.32
1548,2015-03-29,2074.58
1549,2015-03-30,2074.84
1550,2015-03-31,2075.08
1551,2015-04-01,2075.33
1552,2015-04-02,2075.57
1553,2015-04-03,2075.8
1554,2015-04-04,2076.04
1555,2015-04-05,2076.32
1556,2015-04-06,2076.6
1557,2015-04-07,2076.7
1558,2015-04-08,2076.7
1559,2015-04-09,2076.71
1560,2015-04-10,2076.71
1561,2015-04-11,2076.71
1562,2015-04-12,2076.71
1563,2015-04-13,2076.71
1564,2015-04-14,2076.7
1565,2015-04-15,2076.69
1566,2015-04-16,2076.65
1567,2015-04-17,2076.61
1568,2015-04-18,2076.53
1569,2015-04-19,2076.45
1570,2015-04-20,2076.35
1571,2015-04-21,2076.27
1572,2015-04-22,2076.21
1573,2015-04-23,2076.14
1574,2015-04-24,2076.08
1575,2015-04-25,2075.99
1576,2015-04-26,2075.89
1577,2015-04-27,2075.83
1578,2015-04-28,2075.79
1579,2015-04-29,2075.73
1580,2015-04-30,2075.68
1581,2015-05-01,2075.6
1582,2015-05-02,2075.47
1583,2015-05-03,2075.34
1584,2015-05-04,2075.24
1585,2015-05-05,2075.17
1586,2015-05-06,2075.11
1587,2015-05-07,2075.04
1588,2015-05-08,2074.94
1589,2015-05-09,2074.84
1590,2015-05-10,2074.77
1591,2015-05-11,2074.71
1592,2015-05-12,2074.66
1593,2015-05-13,2074.76
1594,2015-05-14,2074.71
1595,2015-05-15,2074.56
1596,2015-05-16,2074.39
1597,2015-05-17,2074.23
1598,2015-05-18,2074.05
1599,2015-05-19,2073.91
1600,2015-05-20,2073.8
1601,2015-05-21,2073.73
1602,2015-05-22,2073.64
1603,2015-05-23,2073.56
1604,2015-05-24,2073.48
1605,2015-05-25,2073.38
1606,2015-05-26,2073.28
1607,2015-05-27,2073.16
1608,2015-05-28,2073.04
1609,2015-05-29,2072.93
1610,2015-05-30,2072.78
1611,2015-05-31,2072.63
1612,2015-06-01,2072.47
1613,2015-06-02,2072.31
1614,2015-06-03,2072.19
1615,2015-06-04,2072.1
1616,2015-06-05,2072.03
1617,2015-06-06,2071.94
1618,2015-06-07,2071.84
1619,2015-06-08,2071.73
1620,2015-06-09,2071.61
1621,2015-06-10,2071.48
1622,2015-06-11,2071.35
1623,2015-06-12,2071.23
1624,2015-06-13,2071.1
1625,2015-06-14,2070.98
1626,2015-06-15,2070.86
1627,2015-06-16,2070.69
1628,2015-06-17,2070.47
1629,2015-06-18,2070.24
1630,2015-06-19,2070.02
1631,2015-06-20,2069.81
1632,2015-06-21,2069.59
1633,2015-06-22,2069.37
1634,2015-06-23,2069.15
1635,2015-06-24,2068.92
1636,2015-06-25,2068.7
1637,2015-06-26,2068.49
1638,2015-06-27,2068.27
1639,2015-06-28,2068.05
1640,2015-06-29,2067.86
1641,2015-06-30,2067.7
1642,2015-07-01,2067.54
1643,2015-07-02,2067.35
1644,2015-07-03,2067.16
1645,2015-07-04,2066.95
1646,2015-07-05,2066.75
1647,2015-07-06,2066.53
1648,2015-07-07,2066.29
1649,2015-07-08,2066.06
1650,2015-07-09,2065.82
1651,2015-07-10,2065.57
1652,2015-07-11,2065.35
1653,2015-07-12,2065.14
1654,2015-07-13,2064.93
1655,2015-07-14,2064.7
1656,2015-07-15,2064.46
1657,2015-07-16,2064.25
1658,2015-07-17,2064.04
1659,2015-07-18,2063.83
1660,2015-07-19,2063.62
1661,2015-07-20,2063.39
1662,2015-07-21,2063.16
1663,2015-07-22,2062.91
1664,2015-07-23,2062.63
1665,2015-07-24,2062.35
1666,2015-07-25,2062.07
1667,2015-07-26,2061.78
1668,2015-07-27,2061.5
1669,2015-07-28,2061.22
1670,2015-07-29,2060.95
1671,2015-07-30,2060.67
1672,2015-07-31,2060.39
1673,2015-08-01,2060.11
1674,2015-08-02,2059.82
1675,2015-08-03,2059.53
1676,2015-08-04,2059.26
1677,2015-08-05,2059.03
1678,2015-08-06,2058.83
1679,2015-08-07,2058.63
1680,2015-08-08,2058.42
1681,2015-08-09,2058.24
1682,2015-08-10,2058.04
1683,2015-08-11,2057.84
1684,2015-08-12,2057.64
1685,2015-08-13,2057.42
1686,2015-08-14,2057.14
1687,2015-08-15,2056.86
1688,2015-08-16,2056.59
1689,2015-08-17,2056.33
1690,2015-08-18,2056.06
1691,2015-08-19,2055.8
1692,2015-08-20,2055.51
1693,2015-08-21,2055.23
1694,2015-08-22,2054.96
1695,2015-08-23,2054.7
1696,2015-08-24,2054.43
1697,2015-08-25,2054.16
1698,2015-08-26,2053.89
1699,2015-08-27,2053.62
1700,2015-08-28,2053.35
1701,2015-08-29,2053.06
1702,2015-08-30,2052.78
1703,2015-08-31,2052.5
1704,2015-09-01,2052.23
1705,2015-09-02,2051.96
1706,2015-09-03,2051.68
1707,2015-09-04,2051.46
1708,2015-09-05,2051.33
1709,2015-09-06,2051.2
1710,2015-09-07,2051.09
1711,2015-09-08,2050.97
1712,2015-09-09,2050.85
1713,2015-09-10,2050.73
1714,2015-09-11,2050.61
1715,2015-09-12,2050.49
1716,2015-09-13,2050.34
1717,2015-09-14,2050.21
1718,2015-09-15,2050.08
1719,2015-09-16,2049.96
1720,2015-09-17,2049.85
1721,2015-09-18,2049.72
1722,2015-09-19,2049.62
1723,2015-09-20,2049.5
1724,2015-09-21,2049.4
1725,2015-09-22,2049.28
1726,2015-09-23,2049.17
1727,2015-09-24,2049.06
1728,2015-09-25,2048.95
1729,2015-09-26,2048.83
1730,2015-09-27,2048.71
1731,2015-09-28,2048.59
1732,2015-09-29,2048.49
1733,2015-09-30,2048.38
1734,2015-10-01,2048.27
1735,2015-10-02,2048.16
1736,2015-10-03,2048.06
1737,2015-10-04,2047.98
1738,2015-10-05,2047.9
1739,2015-10-06,2047.79
1740,2015-10-07,2047.69
1741,2015-10-08,2047.59
1742,2015-10-09,2047.49
1743,2015-10-10,2047.37
1744,2015-10-11,2047.27
1745,2015-10-12,2047.15
1746,2015-10-13,2047.05
1747,2015-10-14,2046.94
1748,2015-10-15,2046.83
1749,2015-10-16,2046.72
1750,2015-10-17,2046.63
1751,2015-10-18,2046.52
1752,2015-10-19,2046.42
1753,2015-10-20,2046.31
1754,2015-10-21,2046.21
1755,2015-10-22,2046.15
1756,2015-10-23,2046.12
1757,2015-10-24,2046.08
1758,2015-10-25,2046.07
1759,2015-10-26,2046.04
1760,2015-10-27,2046.02
1761,2015-10-28,2046.02
1762,2015-10-29,2046.0
1763,2015-10-30,2046.0
1764,2015-10-31,2046.01
1765,2015-11-01,2046.02
1766,2015-11-02,2046.02
1767,2015-11-03,2046.01
1768,2015-11-04,2046.01
1769,2015-11-05,2046.01
1770,2015-11-06,2046.01
1771,2015-11-07,2046.0
1772,2015-11-08,2046.02
1773,2015-11-09,2046.03
1774,2015-11-10,2046.04
1775,2015-11-11,2046.04
1776,2015-11-12,2046.06
1777,2015-11-13,2046.05
1778,2015-11-14,2046.05
1779,2015-11-15,2046.03
1780,2015-11-16,2046.06
1781,2015-11-17,2046.05
1782,2015-11-18,2046.03
1783,2015-11-19,2046.12
1784,2015-11-20,2046.16
1785,2015-11-21,2046.18
1786,2015-11-22,2046.18
1787,2015-11-23,2046.2
1788,2015-11-24,2046.27
1789,2015-11-25,2046.28
1790,2015-11-26,2046.26
1791,2015-11-27,2046.26
1792,2015-11-28,2046.26
1793,2015-11-29,2046.25
1794,2015-11-30,2046.24
1795,2015-12-01,2046.23
1796,2015-12-02,2046.25
1797,2015-12-03,2046.32
1798,2015-12-04,2046.38
1799,2015-12-05,2046.49
1800,2015-12-06,2046.48
1801,2015-12-07,2046.57
1802,2015-12-08,2046.77
1803,2015-12-09,2046.82
1804,2015-12-10,2046.99
1805,2015-12-11,2047.14
1806,2015-12-12,2047.28
1807,2015-12-13,2047.4
1808,2015-12-14,2047.51
1809,2015-12-15,2047.61
1810,2015-12-16,2047.71
1811,2015-12-17,2047.85
1812,2015-12-18,2048.01
1813,2015-12-19,2048.26
1814,2015-12-20,2048.49
1815,2015-12-21,2048.67
1816,2015-12-22,2048.82
1817,2015-12-23,2048.96
1818,2015-12-24,2049.05
1819,2015-12-25,2049.15
1820,2015-12-26,2049.23
1821,2015-12-27,2049.32
1822,2015-12-28,2049.41
1823,2015-12-29,2049.49
1824,2015-12-30,2049.55
1825,2015-12-31,2049.57
1826,2016-01-01,2049.58
1827,2016-01-02,2049.6
1828,2016-01-03,2049.62
1829,2016-01-04,2049.66
1830,2016-01-05,2049.71
1831,2016-01-06,2049.77
1832,2016-01-07,2049.83
1833,2016-01-08,2049.87
1834,2016-01-09,2049.9
1835,2016-01-10,2049.94
1836,2016-01-11,2049.96
1837,2016-01-12,2050.04
1838,2016-01-13,2050.09
1839,2016-01-14,2050.16
1840,2016-01-15,2050.23
1841,2016-01-16,2050.31
1842,2016-01-17,2050.43
1843,2016-01-18,2050.65
1844,2016-01-19,2050.84
1845,2016-01-20,2051.16
1846,2016-01-21,2051.46
1847,2016-01-22,2051.76
1848,2016-01-23,2052.12
1849,2016-01-24,2052.44
1850,2016-01-25,2052.72
1851,2016-01-26,2052.97
1852,2016-01-27,2053.21
1853,2016-01-28,2053.39
1854,2016-01-29,2053.64
1855,2016-01-30,2053.86
1856,2016-01-31,2054.06
1857,2016-02-01,2054.25
1858,2016-02-02,2054.4
1859,2016-02-03,2054.56
1860,2016-02-04,2054.7
1861,2016-02-05,2054.82
1862,2016-02-06,2054.96
1863,2016-02-07,2055.06
1864,2016-02-08,2055.17
1865,2016-02-09,2055.29
1866,2016-02-10,2055.42
1867,2016-02-11,2055.59
1868,2016-02-12,2055.84
1869,2016-02-13,2056.12
1870,2016-02-14,2056.62
1871,2016-02-15,2057.48
1872,2016-02-16,2058.31
1873,2016-02-17,2059.02
1874,2016-02-18,2059.81
1875,2016-02-19,2060.47
1876,2016-02-20,2061.05
1877,2016-02-21,2061.56
1878,2016-02-22,2062.0
1879,2016-02-23,2062.38
1880,2016-02-24,2062.71
1881,2016-02-25,2063.0
1882,2016-02-26,2063.27
1883,2016-02-27,2063.54
1884,2016-02-28,2063.82
1885,2016-02-29,2064.09
1886,2016-03-01,2064.42
1887,2016-03-02,2064.79
1888,2016-03-03,2065.16
1889,2016-03-04,2065.56
1890,2016-03-05,2065.94
1891,2016-03-06,2066.62
1892,2016-03-07,2067.31
1893,2016-03-08,2067.92
1894,2016-03-09,2068.48
1895,2016-03-10,2068.98
1896,2016-03-11,2069.46
1897,2016-03-12,2069.99
1898,2016-03-13,2070.48
1899,2016-03-14,2071.02
1900,2016-03-15,2071.54
1901,2016-03-16,2072.07
1902,2016-03-17,2072.61
1903,2016-03-18,2073.08
1904,2016-03-19,2073.54
1905,2016-03-20,2074.03
1906,2016-03-21,2074.51
1907,2016-03-22,2074.72
1908,2016-03-23,2074.65
1909,2016-03-24,2074.54
1910,2016-03-25,2074.33
1911,2016-03-26,2074.02
1912,2016-03-27,2073.63
1913,2016-03-28,2073.44
1914,2016-03-29,2073.54
1915,2016-03-30,2073.68
1916,2016-03-31,2073.77
1917,2016-04-01,2073.81
1918,2016-04-02,2073.83
1919,2016-04-03,2073.86
1920,2016-04-04,2074.05
1921,2016-04-05,2074.32
1922,2016-04-06,2074.56
1923,2016-04-07,2074.8
1924,2016-04-08,2075.03
1925,2016-04-09,2075.28
1926,2016-04-10,2075.51
1927,2016-04-11,2075.72
1928,2016-04-12,2075.9
1929,2016-04-13,2076.1
1930,2016-04-14,2076.2
1931,2016-04-15,2076.22
1932,2016-04-16,2076.2
1933,2016-04-17,2076.16
1934,2016-04-18,2076.17
1935,2016-04-19,2076.2
1936,2016-04-20,2076.21
1937,2016-04-21,2076.2
1938,2016-04-22,2076.22
1939,2016-04-23,2076.2
1940,2016-04-24,2076.19
1941,2016-04-25,2076.18
1942,2016-04-26,2076.15
1943,2016-04-27,2076.14
1944,2016-04-28,2076.15
1945,2016-04-29,2076.15
1946,2016-04-30,2076.1
1947,2016-05-01,2076.04
1948,2016-05-02,2075.97
1949,2016-05-03,2075.87
1950,2016-05-04,2075.87
1951,2016-05-05,2075.86
1952,2016-05-06,2075.81
1953,2016-05-07,2075.76
1954,2016-05-08,2075.65
1955,2016-05-09,2075.56
1956,2016-05-10,2075.46
1957,2016-05-11,2075.35
1958,2016-05-12,2075.24
1959,2016-05-13,2075.12
1960,2016-05-14,2075.08
1961,2016-05-15,2075.03
1962,2016-05-16,2075.13
1963,2016-05-17,2075.14
1964,2016-05-18,2075.05
1965,2016-05-19,2074.93
1966,2016-05-20,2074.82
1967,2016-05-21,2074.73
1968,2016-05-22,2074.69
1969,2016-05-23,2074.63
1970,2016-05-24,2074.58
1971,2016-05-25,2074.52
1972,2016-05-26,2074.46
1973,2016-05-27,2074.39
1974,2016-05-28,2074.33
1975,2016-05-29,2074.26
1976,2016-05-30,2074.17
1977,2016-05-31,2074.1
1978,2016-06-01,2074.04
1979,2016-06-02,2073.97
1980,2016-06-03,2073.91
1981,2016-06-04,2073.84
1982,2016-06-05,2073.75
1983,2016-06-06,2073.65
1984,2016-06-07,2073.55
1985,2016-06-08,2073.44
1986,2016-06-09,2073.33
1987,2016-06-10,2073.24
1988,2016-06-11,2073.14
1989,2016-06-12,2073.03
1990,2016-06-13,2072.91
1991,2016-06-14,2072.78
1992,2016-06-15,2072.68
1993,2016-06-16,2072.59
1994,2016-06-17,2072.49
1995,2016-06-18,2072.42
1996,2016-06-19,2072.37
1997,2016-06-20,2072.28
1998,2016-06-21,2072.18
1999,2016-06-22,2072.09
2000,2016-06-23,2071.95
2001,2016-06-24,2071.77
2002,2016-06-25,2071.59
2003,2016-06-26,2071.4
2004,2016-06-27,2071.22
2005,2016-06-28,2071.03
2006,2016-06-29,2070.83
2007,2016-06-30,2070.65
2008,2016-07-01,2070.49
2009,2016-07-02,2070.33
2010,2016-07-03,2070.15
2011,2016-07-04,2069.97
2012,2016-07-05,2069.8
2013,2016-07-06,2069.64
2014,2016-07-07,2069.47
2015,2016-07-08,2069.34
2016,2016-07-09,2069.17
2017,2016-07-10,2068.96
2018,2016-07-11,2068.76
2019,2016-07-12,2068.55
2020,2016-07-13,2068.36
2021,2016-07-14,2068.13
2022,2016-07-15,2067.87
2023,2016-07-16,2067.61
2024,2016-07-17,2067.36
2025,2016-07-18,2067.09
2026,2016-07-19,2066.82
2027,2016-07-20,2066.57
2028,2016-07-21,2066.31
2029,2016-07-22,2066.02
2030,2016-07-23,2065.75
2031,2016-07-24,2065.49
2032,2016-07-25,2065.23
2033,2016-07-26,2064.95
2034,2016-07-27,2064.67
2035,2016-07-28,2064.4
2036,2016-07-29,2064.12
2037,2016-07-30,2063.81
2038,2016-07-31,2063.51
2039,2016-08-01,2063.23
2040,2016-08-02,2062.94
2041,2016-08-03,2062.71
2042,2016-08-04,2062.47
2043,2016-08-05,2062.22
2044,2016-08-06,2061.97
2045,2016-08-07,2061.71
2046,2016-08-08,2061.46
2047,2016-08-09,2061.19
2048,2016-08-10,2060.93
2049,2016-08-11,2060.67
2050,2016-08-12,2060.4
2051,2016-08-13,2060.14
2052,2016-08-14,2059.87
2053,2016-08-15,2059.61
2054,2016-08-16,2059.38
2055,2016-08-17,2059.14
2056,2016-08-18,2058.9
2057,2016-08-19,2058.65
2058,2016-08-20,2058.41
2059,2016-08-21,2058.15
2060,2016-08-22,2057.89
2061,2016-08-23,2057.65
2062,2016-08-24,2057.41
2063,2016-08-25,2057.16
2064,2016-08-26,2056.92
2065,2016-08-27,2056.66
2066,2016-08-28,2056.42
2067,2016-08-29,2056.18
2068,2016-08-30,2055.93
2069,2016-08-31,2055.68
2070,2016-09-01,2055.43
2071,2016-09-02,2055.18
2072,2016-09-03,2054.93
2073,2016-09-04,2054.69
2074,2016-09-05,2054.44
2075,2016-09-06,2054.21
2076,2016-09-07,2053.98
2077,2016-09-08,2053.72
2078,2016-09-09,2053.48
2079,2016-09-10,2053.23
2080,2016-09-11,2052.97
2081,2016-09-12,2052.72
2082,2016-09-13,2052.47
2083,2016-09-14,2052.27
2084,2016-09-15,2052.11
2085,2016-09-16,2051.95
2086,2016-09-17,2051.79
2087,2016-09-18,2051.64
2088,2016-09-19,2051.49
2089,2016-09-20,2051.37
2090,2016-09-21,2051.24
2091,2016-09-22,2051.12
2092,2016-09-23,2050.99
2093,2016-09-24,2050.87
2094,2016-09-25,2050.76
2095,2016-09-26,2050.65
2096,2016-09-27,2050.52
2097,2016-09-28,2050.4
2098,2016-09-29,2050.28
2099,2016-09-30,2050.15
2100,2016-10-01,2050.02
2101,2016-10-02,2049.91
2102,2016-10-03,2049.78
2103,2016-10-04,2049.61
2104,2016-10-05,2049.47
2105,2016-10-06,2049.33
2106,2016-10-07,2049.23
2107,2016-10-08,2049.14
2108,2016-10-09,2049.03
2109,2016-10-10,2048.92
2110,2016-10-11,2048.81
2111,2016-10-12,2048.7
2112,2016-10-13,2048.64
2113,2016-10-14,2048.57
2114,2016-10-15,2048.51
2115,2016-10-16,2048.47
2116,2016-10-17,2048.42
2117,2016-10-18,2048.36
2118,2016-10-19,2048.34
2119,2016-10-20,2048.27
2120,2016-10-21,2048.25
2121,2016-10-22,2048.2
2122,2016-10-23,2048.16
2123,2016-10-24,2048.12
2124,2016-10-25,2048.08
2125,2016-10-26,2048.06
2126,2016-10-27,2048.04
2127,2016-10-28,2048.01
2128,2016-10-29,2048.01
2129,2016-10-30,2048.03
2130,2016-10-31,2048.02
2131,2016-11-01,2048.01
2132,2016-11-02,2048.0
2133,2016-11-03,2047.95
2134,2016-11-04,2047.91
2135,2016-11-05,2047.87
2136,2016-11-06,2047.85
2137,2016-11-07,2047.84
2138,2016-11-08,2047.84
2139,2016-11-09,2047.84
2140,2016-11-10,2047.82
2141,2016-11-11,2047.81
2142,2016-11-12,2047.8
2143,2016-11-13,2047.8
2144,2016-11-14,2047.81
2145,2016-11-15,2047.79
2146,2016-11-16,2047.78
2147,2016-11-17,2047.76
2148,2016-11-18,2047.74
2149,2016-11-19,2047.73
2150,2016-11-20,2047.7
2151,2016-11-21,2047.68
2152,2016-11-22,2047.7
2153,2016-11-23,2047.69
2154,2016-11-24,2047.75
2155,2016-11-25,2047.73
2156,2016-11-26,2047.65
2157,2016-11-27,2047.65
2158,2016-11-28,2047.64
2159,2016-11-29,2047.64
2160,2016-11-30,2047.62
2161,2016-12-01,2047.61
2162,2016-12-02,2047.6
2163,2016-12-03,2047.6
2164,2016-12-04,2047.6
2165,2016-12-05,2047.61
2166,2016-12-06,2047.61
2167,2016-12-07,2047.6791525423728
2168,2016-12-08,2047.7483050847457
2169,2016-12-09,2047.8174576271185
2170,2016-12-10,2047.8866101694914
2171,2016-12-11,2047.9557627118643
2172,2016-12-12,2048.0249152542374
2173,2016-12-13,2048.09406779661
2174,2016-12-14,2048.163220338983
2175,2016-12-15,2048.232372881356
2176,2016-12-16,2048.301525423729
2177,2016-12-17,2048.3706779661015
2178,2016-12-18,2048.4398305084746
2179,2016-12-19,2048.5089830508473
2180,2016-12-20,2048.5781355932204
2181,2016-12-21,2048.647288135593
2182,2016-12-22,2048.716440677966
2183,2016-12-23,2048.785593220339
2184,2016-12-24,2048.854745762712
2185,2016-12-25,2048.9238983050845
2186,2016-12-26,2048.9930508474577
2187,2016-12-27,2049.0622033898303
2188,2016-12-28,2049.1313559322034
2189,2016-12-29,2049.200508474576
2190,2016-12-30,2049.269661016949
2191,2016-12-31,2049.338813559322
2192,2017-01-01,2049.407966101695
2193,2017-01-02,2049.4771186440676
2194,2017-01-03,2049.5462711864407
2195,2017-01-04,2049.6154237288133
2196,2017-01-05,2049.6845762711864
2197,2017-01-06,2049.7537288135595
2198,2017-01-07,2049.822881355932
2199,2017-01-08,2049.8920338983053
2200,2017-01-09,2049.961186440678
2201,2017-01-10,2050.030338983051
2202,2017-01-11,2050.0994915254237
2203,2017-01-12,2050.168644067797
2204,2017-01-13,2050.2377966101694
2205,2017-01-14,2050.3069491525425
2206,2017-01-15,2050.376101694915
2207,2017-01-16,2050.4452542372883
2208,2017-01-17,2050.514406779661
2209,2017-01-18,2050.583559322034
2210,2017-01-19,2050.6527118644067
2211,2017-01-20,2050.72186440678
2212,2017-01-21,2050.7910169491524
2213,2017-01-22,2050.8601694915255
2214,2017-01-23,2050.929322033898
2215,2017-01-24,2050.9984745762713
2216,2017-01-25,2051.067627118644
2217,2017-01-26,2051.136779661017
2218,2017-01-27,2051.2059322033897
2219,2017-01-28,2051.275084745763
2220,2017-01-29,2051.3442372881354
2221,2017-01-30,2051.4133898305085
2222,2017-01-31,2051.482542372881
2223,2017-02-01,2051.5516949152543
2224,2017-02-02,2051.620847457627
2225,2017-02-03,2051.69
2226,2017-02-04,2051.91
2227,2017-02-05,2052.37
2228,2017-02-06,2053.02
2229,2017-02-07,2053.66
2230,2017-02-08,2054.17
2231,2017-02-09,2055.29
2232,2017-02-10,2056.69
2233,2017-02-11,2057.69
2234,2017-02-12,2058.45
2235,2017-02-13,2059.05
2236,2017-02-14,2059.53
2237,2017-02-15,2060.03
2238,2017-02-16,2060.81
2239,2017-02-17,2061.85
2240,2017-02-18,2062.72
2241,2017-02-19,2063.47
2242,2017-02-20,2064.13
2243,2017-02-21,2064.9
2244,2017-02-22,2065.65
2245,2017-02-23,2066.33
2246,2017-02-24,2066.91
2247,2017-02-25,2067.41
2248,2017-02-26,2067.87
2249,2017-02-27,2068.26
2250,2017-02-28,2068.6
2251,2017-03-01,2068.9
2252,2017-03-02,2069.19
2253,2017-03-03,2069.46
2254,2017-03-04,2069.77
2255,2017-03-05,2070.09
2256,2017-03-06,2070.39
2257,2017-03-07,2070.69
2258,2017-03-08,2071.07
2259,2017-03-09,2071.75
2260,2017-03-10,2072.35
2261,2017-03-11,2072.6
2262,2017-03-12,2072.65
2263,2017-03-13,2072.56
2264,2017-03-14,2072.57
2265,2017-03-15,2072.61
2266,2017-03-16,2072.62
2267,2017-03-17,2072.79
2268,2017-03-18,2073.57
2269,2017-03-19,2074.14
2270,2017-03-20,2074.2
2271,2017-03-21,2073.99
2272,2017-03-22,2073.81
2273,2017-03-23,2073.6
2274,2017-03-24,2073.57
2275,2017-03-25,2073.64
2276,2017-03-26,2073.69
2277,2017-03-27,2074.06
2278,2017-03-28,2074.35
2279,2017-03-29,2074.55
2280,2017-03-30,2074.8
2281,2017-03-31,2074.91
2282,2017-04-01,2074.86
2283,2017-04-02,2074.66
2284,2017-04-03,2074.73
2285,2017-04-04,2074.98
2286,2017-04-05,2075.13
2287,2017-04-06,2075.28
2288,2017-04-07,2075.46
2289,2017-04-08,2075.68
2290,2017-04-09,2075.82
2291,2017-04-10,2075.86
2292,2017-04-11,2075.84
2293,2017-04-12,2075.86
2294,2017-04-13,2076.01
2295,2017-04-14,2076.16
2296,2017-04-15,2076.29
2297,2017-04-16,2076.4
2298,2017-04-17,2076.51
2299,2017-04-18,2076.9
2300,2017-04-19,2077.51
2301,2017-04-20,2077.53
2302,2017-04-21,2077.3
2303,2017-04-22,2076.98
2304,2017-04-23,2076.66
2305,2017-04-24,2076.46
2306,2017-04-25,2076.47
2307,2017-04-26,2077.31
2308,2017-04-27,2078.27
2309,2017-04-28,2078.41
2310,2017-04-29,2078.12
2311,2017-04-30,2077.5
2312,2017-05-01,2076.92
2313,2017-05-02,2076.55
2314,2017-05-03,2076.42
2315,2017-05-04,2076.49
2316,2017-05-05,2076.63
2317,2017-05-06,2076.72
2318,2017-05-07,2076.68
2319,2017-05-08,2076.53
2320,2017-05-09,2076.48
2321,2017-05-10,2076.49
2322,2017-05-11,2076.46
2323,2017-05-12,2076.47
2324,2017-05-13,2076.45
2325,2017-05-14,2076.4
2326,2017-05-15,2076.28
2327,2017-05-16,2076.2
2328,2017-05-17,2076.15
2329,2017-05-18,2076.18
2330,2017-05-19,2076.22
2331,2017-05-20,2076.24
2332,2017-05-21,2076.23
2333,2017-05-22,2076.23
2334,2017-05-23,2076.22
2335,2017-05-24,2076.17
2336,2017-05-25,2076.17
2337,2017-05-26,2076.19
2338,2017-05-27,2076.18
2339,2017-05-28,2076.14
2340,2017-05-29,2076.07
2341,2017-05-30,2076.05
2342,2017-05-31,2076.05
2343,2017-06-01,2076.05
2344,2017-06-02,2076.04
2345,2017-06-03,2076.01
2346,2017-06-04,2075.94
2347,2017-06-05,2075.91
2348,2017-06-06,2075.87
2349,2017-06-07,2075.83
2350,2017-06-08,2075.79
2351,2017-06-09,2075.79
2352,2017-06-10,2075.8
2353,2017-06-11,2075.79
2354,2017-06-12,2075.74
2355,2017-06-13,2075.67
2356,2017-06-14,2075.6
2357,2017-06-15,2075.56
2358,2017-06-16,2075.53
2359,2017-06-17,2075.5
2360,2017-06-18,2075.45
2361,2017-06-19,2075.39
2362,2017-06-20,2075.3
2363,2017-06-21,2075.22
2364,2017-06-22,2075.13
2365,2017-06-23,2075.03
2366,2017-06-24,2074.93
2367,2017-06-25,2074.81
2368,2017-06-26,2074.73
2369,2017-06-27,2074.67
2370,2017-06-28,2074.59
2371,2017-06-29,2074.52
2372,2017-06-30,2074.42
2373,2017-07-01,2074.3
2374,2017-07-02,2074.16
2375,2017-07-03,2074.02
2376,2017-07-04,2073.88
2377,2017-07-05,2073.73
2378,2017-07-06,2073.56
2379,2017-07-07,2073.37
2380,2017-07-08,2073.19
2381,2017-07-09,2073.0
2382,2017-07-10,2072.79
2383,2017-07-11,2072.58
2384,2017-07-12,2072.36
2385,2017-07-13,2072.09
2386,2017-07-14,2071.79
2387,2017-07-15,2071.49
2388,2017-07-16,2071.19
2389,2017-07-17,2070.9
2390,2017-07-18,2070.6
2391,2017-07-19,2070.3
2392,2017-07-20,2070.0
2393,2017-07-21,2069.7
2394,2017-07-22,2069.41
2395,2017-07-23,2069.11
2396,2017-07-24,2068.8
2397,2017-07-25,2068.49
2398,2017-07-26,2068.19
2399,2017-07-27,2067.88
2400,2017-07-28,2067.56
2401,2017-07-29,2067.24
2402,2017-07-30,2066.93
2403,2017-07-31,2066.61
2404,2017-08-01,2066.29
2405,2017-08-02,2065.97
2406,2017-08-03,2065.68
2407,2017-08-04,2065.38
2408,2017-08-05,2065.08
2409,2017-08-06,2064.78
2410,2017-08-07,2064.48
2411,2017-08-08,2064.17
2412,2017-08-09,2063.87
2413,2017-08-10,2063.56
2414,2017-08-11,2063.27
2415,2017-08-12,2062.97
2416,2017-08-13,2062.69
2417,2017-08-14,2062.43
2418,2017-08-15,2062.19
2419,2017-08-16,2061.9
2420,2017-08-17,2061.59
2421,2017-08-18,2061.28
2422,2017-08-19,2060.97
2423,2017-08-20,2060.65
2424,2017-08-21,2060.35
2425,2017-08-22,2060.04
2426,2017-08-23,2059.74
2427,2017-08-24,2059.43
2428,2017-08-25,2059.1
2429,2017-08-26,2058.79
2430,2017-08-27,2058.47
2431,2017-08-28,2058.18
2432,2017-08-29,2057.91
2433,2017-08-30,2057.62
2434,2017-08-31,2057.35
2435,2017-09-01,2057.07
2436,2017-09-02,2056.79
2437,2017-09-03,2056.51
2438,2017-09-04,2056.24
2439,2017-09-05,2055.96
2440,2017-09-06,2055.68
2441,2017-09-07,2055.4
2442,2017-09-08,2055.12
2443,2017-09-09,2054.84
2444,2017-09-10,2054.56
2445,2017-09-11,2054.28
2446,2017-09-12,2054.01
2447,2017-09-13,2053.75
2448,2017-09-14,2053.53
2449,2017-09-15,2053.33
2450,2017-09-16,2053.14
2451,2017-09-17,2052.95
2452,2017-09-18,2052.81
2453,2017-09-19,2052.73
2454,2017-09-20,2052.69
2455,2017-09-21,2052.63
2456,2017-09-22,2052.58
2457,2017-09-23,2052.53
2458,2017-09-24,2052.49
2459,2017-09-25,2052.45
2460,2017-09-26,2052.41
2461,2017-09-27,2052.37
2462,2017-09-28,2052.33
2463,2017-09-29,2052.29
2464,2017-09-30,2052.23
2465,2017-10-01,2052.19
2466,2017-10-02,2052.15
2467,2017-10-03,2052.11
2468,2017-10-04,2052.07
2469,2017-10-05,2052.03
2470,2017-10-06,2051.99
2471,2017-10-07,2051.95
2472,2017-10-08,2051.9
2473,2017-10-09,2051.86
2474,2017-10-10,2051.81
2475,2017-10-11,2051.77
2476,2017-10-12,2051.57
2477,2017-10-13,2051.13
2478,2017-10-14,2050.7
2479,2017-10-15,2050.26
2480,2017-10-16,2049.83
2481,2017-10-17,2049.38
2482,2017-10-18,2048.95
2483,2017-10-19,2048.51
2484,2017-10-20,2048.11
2485,2017-10-21,2047.76
2486,2017-10-22,2047.33
2487,2017-10-23,2047.14
2488,2017-10-24,2047.07
2489,2017-10-25,2047.07
2490,2017-10-26,2047.06
2491,2017-10-27,2047.07
2492,2017-10-28,2047.07
2493,2017-10-29,2047.07
2494,2017-10-30,2047.05
2495,2017-10-31,2047.06
2496,2017-11-01,2047.05
2497,2017-11-02,2047.04
2498,2017-11-03,2047.04
2499,2017-11-04,2047.06
2500,2017-11-05,2047.05
2501,2017-11-06,2047.05
2502,2017-11-07,2047.05
2503,2017-11-08,2047.05
2504,2017-11-09,2047.07
2505,2017-11-10,2047.1
2506,2017-11-11,2047.12
2507,2017-11-12,2047.17
2508,2017-11-13,2047.16
2509,2017-11-14,2047.19
2510,2017-11-15,2047.21
2511,2017-11-16,2047.25
2512,2017-11-17,2047.28
2513,2017-11-18,2047.3
2514,2017-11-19,2047.34
2515,2017-11-20,2047.35
2516,2017-11-21,2047.27
2517,2017-11-22,2047.35
2518,2017-11-23,2047.44
2519,2017-11-24,2047.53
2520,2017-11-25,2047.62
2521,2017-11-26,2047.72
2522,2017-11-27,2047.84
2523,2017-11-28,2047.95
2524,2017-11-29,2048.05
2525,2017-11-30,2048.13
2526,2017-12-01,2048.2
2527,2017-12-02,2048.28
2528,2017-12-03,2048.35
2529,2017-12-04,2048.41
2530,2017-12-05,2048.46
2531,2017-12-06,2048.5
2532,2017-12-07,2048.54
2533,2017-12-08,2048.59
2534,2017-12-09,2048.63
2535,2017-12-10,2048.67
2536,2017-12-11,2048.72
2537,2017-12-12,2048.75
2538,2017-12-13,2048.79
2539,2017-12-14,2048.84
2540,2017-12-15,2048.9
2541,2017-12-16,2048.96
2542,2017-12-17,2049.03
2543,2017-12-18,2049.08
2544,2017-12-19,2049.14
2545,2017-12-20,2049.2
2546,2017-12-21,2049.26
2547,2017-12-22,2049.33
2548,2017-12-23,2049.36
2549,2017-12-24,2049.39
2550,2017-12-25,2049.44
2551,2017-12-26,2049.5
2552,2017-12-27,2049.58
2553,2017-12-28,2049.68
2554,2017-12-29,2049.87
2555,2017-12-30,2050.18
2556,2017-12-31,2050.4
2557,2018-01-01,2050.59
