agency_cd	site_no	datetime	113795_62614_32400	113795_62614_32400_cd
5s	15s	20d	14n	10s
USGS	14162100	2013-09-30	1323.95	A
USGS	14162100	2013-10-01	1324.03	A
USGS	14162100	2013-10-02	1322.09	A
USGS	14162100	2013-10-03	1319.46	A
USGS	14162100	2013-10-04	1316.30	A
USGS	14162100	2013-10-05	1312.81	A
USGS	14162100	2013-10-06	1309.13	A
USGS	14162100	2013-10-07	1305.97	A
USGS	14162100	2013-10-08	1303.60	A
USGS	14162100	2013-10-09	1301.37	A
USGS	14162100	2013-10-10	1298.91	A
USGS	14162100	2013-10-11	1296.30	A
USGS	14162100	2013-10-12	1293.57	A
USGS	14162100	2013-10-13	1290.61	A
USGS	14162100	2013-10-14	1287.50	A
USGS	14162100	2013-10-15	1285.14	A
USGS	14162100	2013-10-16	1283.12	A
USGS	14162100	2013-10-17	1281.05	A
USGS	14162100	2013-10-18	1278.92	A
USGS	14162100	2013-10-19	1276.72	A
USGS	14162100	2013-10-20	1274.46	A
USGS	14162100	2013-10-21	1272.15	A
USGS	14162100	2013-10-22	1269.78	A
USGS	14162100	2013-10-23	1267.33	A
USGS	14162100	2013-10-24	1264.86	A
USGS	14162100	2013-10-25	1262.33	A
USGS	14162100	2013-10-26	1259.74	A
USGS	14162100	2013-10-27	1257.19	A
USGS	14162100	2013-10-28	1254.59	A
USGS	14162100	2013-10-29	1251.90	A
USGS	14162100	2013-10-30	1249.16	A
USGS	14162100	2013-10-31	1246.37	A
USGS	14162100	2013-11-01	1243.51	A
USGS	14162100	2013-11-02	1241.31	A
USGS	14162100	2013-11-03	1238.55	A
USGS	14162100	2013-11-04	1235.05	A
USGS	14162100	2013-11-05	1233.34	A
USGS	14162100	2013-11-06	1231.74	A
USGS	14162100	2013-11-07	1228.95	A
USGS	14162100	2013-11-08	1223.97	A
USGS	14162100	2013-11-09	1217.54	A
USGS	14162100	2013-11-10	1210.83	A
USGS	14162100	2013-11-11	1204.38	A
USGS	14162100	2013-11-12	1197.58	A
USGS	14162100	2013-11-13	1191.94	A
USGS	14162100	2013-11-14	1187.78	A
USGS	14162100	2013-11-15	1184.52	A
USGS	14162100	2013-11-16	1183.99	A
USGS	14162100	2013-11-17	1182.60	A
USGS	14162100	2013-11-18	1182.44	A
USGS	14162100	2013-11-19	1192.49	A
USGS	14162100	2013-11-20	1192.23	A
USGS	14162100	2013-11-21	1187.39	A
USGS	14162100	2013-11-22	1184.03	A
USGS	14162100	2013-11-23	1182.35	A
USGS	14162100	2013-11-24	1181.38	A
USGS	14162100	2013-11-25	1180.99	A
USGS	14162100	2013-11-26	1180.74	A
USGS	14162100	2013-11-27	1180.62	A
USGS	14162100	2013-11-28	1180.07	A
USGS	14162100	2013-11-29	1180.16	A
USGS	14162100	2013-11-30	1180.07	A
USGS	14162100	2013-12-01	1181.86	A
USGS	14162100	2013-12-02	1199.79	A
USGS	14162100	2013-12-03	1198.71	A
USGS	14162100	2013-12-04	1194.10	A
USGS	14162100	2013-12-05	1189.97	A
USGS	14162100	2013-12-06	1187.11	A
USGS	14162100	2013-12-07	1184.25	A
USGS	14162100	2013-12-08	1181.91	A
USGS	14162100	2013-12-09	1180.35	A
USGS	14162100	2013-12-10	1179.98	A
USGS	14162100	2013-12-11	1180.14	A
USGS	14162100	2013-12-12	1180.19	A
USGS	14162100	2013-12-13	1180.52	A
USGS	14162100	2013-12-14	1180.59	A
USGS	14162100	2013-12-15	1180.40	A
USGS	14162100	2013-12-16	1180.04	A
USGS	14162100	2013-12-17	1180.75	A
USGS	14162100	2013-12-18	1181.18	A
USGS	14162100	2013-12-19	1181.35	A
USGS	14162100	2013-12-20	1181.68	A
USGS	14162100	2013-12-21	1185.77	A
USGS	14162100	2013-12-22	1188.87	A
USGS	14162100	2013-12-23	1187.39	A
USGS	14162100	2013-12-24	1185.47	A
USGS	14162100	2013-12-25	1183.73	A
USGS	14162100	2013-12-26	1182.10	A
USGS	14162100	2013-12-27	1180.73	A
USGS	14162100	2013-12-28	1180.69	A
USGS	14162100	2013-12-29	1180.00	A
USGS	14162100	2013-12-30	1180.43	A
USGS	14162100	2013-12-31	1180.71	A
USGS	14162100	2014-01-01	1180.47	A
USGS	14162100	2014-01-02	1180.02	A
USGS	14162100	2014-01-03	1180.63	A
USGS	14162100	2014-01-04	1180.89	A
USGS	14162100	2014-01-05	1180.93	A
USGS	14162100	2014-01-06	1180.83	A
USGS	14162100	2014-01-07	1180.95	A
USGS	14162100	2014-01-08	1185.51	A
USGS	14162100	2014-01-09	1197.69	A
USGS	14162100	2014-01-10	1202.91	A
USGS	14162100	2014-01-11	1202.92	A
USGS	14162100	2014-01-12	1206.70	A
USGS	14162100	2014-01-13	1214.42	A
USGS	14162100	2014-01-14	1220.37	A
USGS	14162100	2014-01-15	1225.29	A
USGS	14162100	2014-01-16	1228.57	A
USGS	14162100	2014-01-17	1230.92	A
USGS	14162100	2014-01-18	1232.67	A
USGS	14162100	2014-01-19	1233.93	A
USGS	14162100	2014-01-20	1234.82	A
USGS	14162100	2014-01-21	1235.44	A
USGS	14162100	2014-01-22	1235.83	A
USGS	14162100	2014-01-23	1236.05	A
USGS	14162100	2014-01-24	1236.47	A
USGS	14162100	2014-01-25	1237.04	A
USGS	14162100	2014-01-26	1237.51	A
USGS	14162100	2014-01-27	1237.91	A
USGS	14162100	2014-01-28	1238.55	A
USGS	14162100	2014-01-29	1245.38	A
USGS	14162100	2014-01-30	1249.08	A
USGS	14162100	2014-01-31	1248.47	A
USGS	14162100	2014-02-01	1246.87	A
USGS	14162100	2014-02-02	1244.78	A
USGS	14162100	2014-02-03	1242.35	A
USGS	14162100	2014-02-04	1239.59	A
USGS	14162100	2014-02-05	1237.86	A
USGS	14162100	2014-02-06	1237.22	A
USGS	14162100	2014-02-07	1236.65	A
USGS	14162100	2014-02-08	1236.75	A
USGS	14162100	2014-02-09	1240.82	A
USGS	14162100	2014-02-10	1243.34	A
USGS	14162100	2014-02-11	1247.26	A
USGS	14162100	2014-02-12	1275.52	A
USGS	14162100	2014-02-13	1292.76	A
USGS	14162100	2014-02-14	1309.36	A
USGS	14162100	2014-02-15	1321.07	A
USGS	14162100	2014-02-16	1327.25	A
USGS	14162100	2014-02-17	1329.04	A
USGS	14162100	2014-02-18	1331.42	A
USGS	14162100	2014-02-19	1329.63	A
USGS	14162100	2014-02-20	1324.79	A
USGS	14162100	2014-02-21	1319.19	A
USGS	14162100	2014-02-22	1312.77	A
USGS	14162100	2014-02-23	1305.55	A
USGS	14162100	2014-02-24	1299.97	A
USGS	14162100	2014-02-25	1298.37	A
USGS	14162100	2014-02-26	1297.63	A
USGS	14162100	2014-02-27	1296.87	A
USGS	14162100	2014-02-28	1295.89	A
USGS	14162100	2014-03-01	1295.36	A
USGS	14162100	2014-03-02	1297.58	A
USGS	14162100	2014-03-03	1300.82	A
USGS	14162100	2014-03-04	1300.28	A
USGS	14162100	2014-03-05	1299.07	A
USGS	14162100	2014-03-06	1299.85	A
USGS	14162100	2014-03-07	1300.25	A
USGS	14162100	2014-03-08	1299.74	A
USGS	14162100	2014-03-09	1305.18	A
USGS	14162100	2014-03-10	1311.42	A
USGS	14162100	2014-03-11	1313.20	A
USGS	14162100	2014-03-12	1312.77	A
USGS	14162100	2014-03-13	1311.24	A
USGS	14162100	2014-03-14	1309.26	A
USGS	14162100	2014-03-15	1307.83	A
USGS	14162100	2014-03-16	1307.51	A
USGS	14162100	2014-03-17	1307.91	A
USGS	14162100	2014-03-18	1308.57	A
USGS	14162100	2014-03-19	1309.43	A
USGS	14162100	2014-03-20	1310.45	A
USGS	14162100	2014-03-21	1311.39	A
USGS	14162100	2014-03-22	1312.20	A
USGS	14162100	2014-03-23	1312.91	A
USGS	14162100	2014-03-24	1313.58	A
USGS	14162100	2014-03-25	1314.29	A
USGS	14162100	2014-03-26	1315.31	A
USGS	14162100	2014-03-27	1317.52	A
USGS	14162100	2014-03-28	1322.06	A
USGS	14162100	2014-03-29	1326.67	A
USGS	14162100	2014-03-30	1327.47	A
USGS	14162100	2014-03-31	1326.89	A
USGS	14162100	2014-04-01	1325.42	A
USGS	14162100	2014-04-02	1323.87	A
USGS	14162100	2014-04-03	1323.62	A
USGS	14162100	2014-04-04	1323.94	A
USGS	14162100	2014-04-05	1324.91	A
USGS	14162100	2014-04-06	1327.41	A
USGS	14162100	2014-04-07	1329.26	A
USGS	14162100	2014-04-08	1330.51	A
USGS	14162100	2014-04-09	1331.37	A
USGS	14162100	2014-04-10	1331.89	A
USGS	14162100	2014-04-11	1332.25	A
USGS	14162100	2014-04-12	1332.77	A
USGS	14162100	2014-04-13	1333.33	A
USGS	14162100	2014-04-14	1333.77	A
USGS	14162100	2014-04-15	1334.15	A
USGS	14162100	2014-04-16	1334.47	A
USGS	14162100	2014-04-17	1334.90	A
USGS	14162100	2014-04-18	1335.30	A
USGS	14162100	2014-04-19	1335.61	A
USGS	14162100	2014-04-20	1335.87	A
USGS	14162100	2014-04-21	1336.22	A
USGS	14162100	2014-04-22	1336.83	A
USGS	14162100	2014-04-23	1338.14	A
USGS	14162100	2014-04-24	1343.37	A
USGS	14162100	2014-04-25	1345.32	A
USGS	14162100	2014-04-26	1345.58	A
USGS	14162100	2014-04-27	1345.83	A
USGS	14162100	2014-04-28	1346.43	A
USGS	14162100	2014-04-29	1346.85	A
USGS	14162100	2014-04-30	1347.22	A
USGS	14162100	2014-05-01	1347.61	A
USGS	14162100	2014-05-02	1347.93	A
USGS	14162100	2014-05-03	1348.12	A
USGS	14162100	2014-05-04	1347.87	A
USGS	14162100	2014-05-05	1347.94	A
USGS	14162100	2014-05-06	1348.18	A
USGS	14162100	2014-05-07	1348.50	A
USGS	14162100	2014-05-08	1348.96	A
USGS	14162100	2014-05-09	1349.99	A
USGS	14162100	2014-05-10	1350.22	A
USGS	14162100	2014-05-11	1349.83	A
USGS	14162100	2014-05-12	1350.04	A
USGS	14162100	2014-05-13	1350.42	A
USGS	14162100	2014-05-14	1350.48	A
USGS	14162100	2014-05-15	1350.47	A
USGS	14162100	2014-05-16	1350.39	A
USGS	14162100	2014-05-17	1350.24	A
USGS	14162100	2014-05-18	1350.17	A
USGS	14162100	2014-05-19	1350.11	A
USGS	14162100	2014-05-20	1350.01	A
USGS	14162100	2014-05-21	1350.08	A
USGS	14162100	2014-05-22	1350.15	A
USGS	14162100	2014-05-23	1350.18	A
USGS	14162100	2014-05-24	1350.07	A
USGS	14162100	2014-05-25	1349.98	A
USGS	14162100	2014-05-26	1350.00	A
USGS	14162100	2014-05-27	1350.01	A
USGS	14162100	2014-05-28	1350.10	A
USGS	14162100	2014-05-29	1350.11	A
USGS	14162100	2014-05-30	1350.07	A
USGS	14162100	2014-05-31	1350.03	A
USGS	14162100	2014-06-01	1350.05	A
USGS	14162100	2014-06-02	1350.09	A
USGS	14162100	2014-06-03	1350.09	A
USGS	14162100	2014-06-04	1350.09	A
USGS	14162100	2014-06-05	1349.79	A
USGS	14162100	2014-06-06	1349.11	A
USGS	14162100	2014-06-07	1348.42	A
USGS	14162100	2014-06-08	1347.71	A
USGS	14162100	2014-06-09	1347.00	A
USGS	14162100	2014-06-10	1346.27	A
USGS	14162100	2014-06-11	1345.53	A
USGS	14162100	2014-06-12	1344.79	A
USGS	14162100	2014-06-13	1344.32	A
USGS	14162100	2014-06-14	1344.04	A
USGS	14162100	2014-06-15	1343.91	A
USGS	14162100	2014-06-16	1343.99	A
USGS	14162100	2014-06-17	1344.25	A
USGS	14162100	2014-06-18	1344.43	A
USGS	14162100	2014-06-19	1344.56	A
USGS	14162100	2014-06-20	1344.67	A
USGS	14162100	2014-06-21	1344.76	A
USGS	14162100	2014-06-22	1344.83	A
USGS	14162100	2014-06-23	1344.90	A
USGS	14162100	2014-06-24	1344.95	A
USGS	14162100	2014-06-25	1345.06	A
USGS	14162100	2014-06-26	1345.20	A
USGS	14162100	2014-06-27	1345.55	A
USGS	14162100	2014-06-28	1345.90	A
USGS	14162100	2014-06-29	1346.13	A
USGS	14162100	2014-06-30	1346.30	A
USGS	14162100	2014-07-01	1346.43	A
USGS	14162100	2014-07-02	1346.54	A
USGS	14162100	2014-07-03	1346.61	A
USGS	14162100	2014-07-04	1346.68	A
USGS	14162100	2014-07-05	1346.74	A
USGS	14162100	2014-07-06	1346.79	A
USGS	14162100	2014-07-07	1346.82	A
USGS	14162100	2014-07-08	1346.86	A
USGS	14162100	2014-07-09	1346.88	A
USGS	14162100	2014-07-10	1346.90	A
USGS	14162100	2014-07-11	1346.92	A
USGS	14162100	2014-07-12	1346.92	A
USGS	14162100	2014-07-13	1346.92	A
USGS	14162100	2014-07-14	1346.92	A
USGS	14162100	2014-07-15	1346.92	A
USGS	14162100	2014-07-16	1346.91	A
USGS	14162100	2014-07-17	1346.88	A
USGS	14162100	2014-07-18	1346.86	A
USGS	14162100	2014-07-19	1346.83	A
USGS	14162100	2014-07-20	1346.79	A
USGS	14162100	2014-07-21	1346.63	A
USGS	14162100	2014-07-22	1346.27	A
USGS	14162100	2014-07-23	1346.00	A
USGS	14162100	2014-07-24	1345.68	A
USGS	14162100	2014-07-25	1345.32	A
USGS	14162100	2014-07-26	1344.96	A
USGS	14162100	2014-07-27	1344.59	A
USGS	14162100	2014-07-28	1344.22	A
USGS	14162100	2014-07-29	1343.85	A
USGS	14162100	2014-07-30	1343.46	A
USGS	14162100	2014-07-31	1342.83	A
USGS	14162100	2014-08-01	1341.97	A
USGS	14162100	2014-08-02	1341.10	A
USGS	14162100	2014-08-03	1340.23	A
USGS	14162100	2014-08-04	1339.36	A
USGS	14162100	2014-08-05	1338.48	A
USGS	14162100	2014-08-06	1337.58	A
USGS	14162100	2014-08-07	1336.68	A
USGS	14162100	2014-08-08	1335.77	A
USGS	14162100	2014-08-09	1334.87	A
USGS	14162100	2014-08-10	1333.96	A
USGS	14162100	2014-08-11	1333.06	A
USGS	14162100	2014-08-12	1332.09	A
USGS	14162100	2014-08-13	1331.13	A
USGS	14162100	2014-08-14	1330.17	A
USGS	14162100	2014-08-15	1329.20	A
USGS	14162100	2014-08-16	1328.21	A
USGS	14162100	2014-08-17	1327.22	A
USGS	14162100	2014-08-18	1326.24	A
USGS	14162100	2014-08-19	1325.23	A
USGS	14162100	2014-08-20	1324.23	A
USGS	14162100	2014-08-21	1323.22	A
USGS	14162100	2014-08-22	1322.19	A
USGS	14162100	2014-08-23	1321.17	A
USGS	14162100	2014-08-24	1320.14	A
USGS	14162100	2014-08-25	1319.11	A
USGS	14162100	2014-08-26	1318.08	A
USGS	14162100	2014-08-27	1316.99	A
USGS	14162100	2014-08-28	1315.90	A
USGS	14162100	2014-08-29	1314.81	A
USGS	14162100	2014-08-30	1313.74	A
USGS	14162100	2014-08-31	1312.66	A
USGS	14162100	2014-09-01	1311.56	A
USGS	14162100	2014-09-02	1310.44	A
USGS	14162100	2014-09-03	1309.29	A
USGS	14162100	2014-09-04	1308.11	A
USGS	14162100	2014-09-05	1306.92	A
USGS	14162100	2014-09-06	1305.72	A
USGS	14162100	2014-09-07	1304.52	A
USGS	14162100	2014-09-08	1303.31	A
USGS	14162100	2014-09-09	1302.10	A
USGS	14162100	2014-09-10	1301.44	A
USGS	14162100	2014-09-11	1301.30	A
USGS	14162100	2014-09-12	1300.37	A
USGS	14162100	2014-09-13	1299.09	A
USGS	14162100	2014-09-14	1297.80	A
USGS	14162100	2014-09-15	1296.51	A
USGS	14162100	2014-09-16	1295.20	A
USGS	14162100	2014-09-17	1293.90	A
USGS	14162100	2014-09-18	1292.57	A
USGS	14162100	2014-09-19	1291.23	A
USGS	14162100	2014-09-20	1289.88	A
USGS	14162100	2014-09-21	1288.50	A
USGS	14162100	2014-09-22	1287.11	A
USGS	14162100	2014-09-23	1285.70	A
USGS	14162100	2014-09-24	1284.49	A
USGS	14162100	2014-09-25	1283.20	A
USGS	14162100	2014-09-26	1281.81	A
USGS	14162100	2014-09-27	1280.36	A
USGS	14162100	2014-09-28	1278.82	A
USGS	14162100	2014-09-29	1277.18	A
USGS	14162100	2014-09-30	1275.10	A
USGS	14162100	2014-10-01	1272.98	A
USGS	14162100	2014-10-02	1270.79	A
USGS	14162100	2014-10-03	1268.56	A
USGS	14162100	2014-10-04	1266.31	A
USGS	14162100	2014-10-05	1264.01	A
USGS	14162100	2014-10-06	1261.67	A
USGS	14162100	2014-10-07	1259.29	A
USGS	14162100	2014-10-08	1256.90	A
USGS	14162100	2014-10-09	1254.46	A
USGS	14162100	2014-10-10	1251.98	A
USGS	14162100	2014-10-11	1249.51	A
USGS	14162100	2014-10-12	1246.98	A
USGS	14162100	2014-10-13	1244.39	A
USGS	14162100	2014-10-14	1241.76	A
USGS	14162100	2014-10-15	1239.21	A
USGS	14162100	2014-10-16	1236.35	A
USGS	14162100	2014-10-17	1232.94	A
USGS	14162100	2014-10-18	1229.31	A
USGS	14162100	2014-10-19	1225.49	A
USGS	14162100	2014-10-20	1221.33	A
USGS	14162100	2014-10-21	1217.33	A
USGS	14162100	2014-10-22	1213.62	A
USGS	14162100	2014-10-23	1215.04	A
USGS	14162100	2014-10-24	1211.91	A
USGS	14162100	2014-10-25	1207.79	A
USGS	14162100	2014-10-26	1208.31	A
USGS	14162100	2014-10-27	1207.62	A
USGS	14162100	2014-10-28	1205.34	A
USGS	14162100	2014-10-29	1204.49	A
USGS	14162100	2014-10-30	1201.81	A
USGS	14162100	2014-10-31	1206.55	A
USGS	14162100	2014-11-01	1203.57	A
USGS	14162100	2014-11-02	1197.66	A
USGS	14162100	2014-11-03	1194.23	A
USGS	14162100	2014-11-04	1198.60	A
USGS	14162100	2014-11-05	1204.05	A
USGS	14162100	2014-11-06	1206.45	A
USGS	14162100	2014-11-07	1206.52	A
USGS	14162100	2014-11-08	1205.60	A
USGS	14162100	2014-11-09	1204.25	A
USGS	14162100	2014-11-10	1202.61	A
USGS	14162100	2014-11-11	1200.60	A
USGS	14162100	2014-11-12	1198.31	A
USGS	14162100	2014-11-13	1200.87	A
USGS	14162100	2014-11-14	1222.43	A
USGS	14162100	2014-11-15	1222.06	A
USGS	14162100	2014-11-16	1217.36	A
USGS	14162100	2014-11-17	1210.37	A
USGS	14162100	2014-11-18	1201.55	A
USGS	14162100	2014-11-19	1191.54	A
USGS	14162100	2014-11-20	1181.17	A
USGS	14162100	2014-11-21	1182.90	A
USGS	14162100	2014-11-22	1213.92	A
USGS	14162100	2014-11-23	1218.70	A
USGS	14162100	2014-11-24	1219.13	A
USGS	14162100	2014-11-25	1222.03	A
USGS	14162100	2014-11-26	1220.54	A
USGS	14162100	2014-11-27	1215.81	A
USGS	14162100	2014-11-28	1223.60	A
USGS	14162100	2014-11-29	1235.72	A
USGS	14162100	2014-11-30	1233.01	A
USGS	14162100	2014-12-01	1226.78	A
USGS	14162100	2014-12-02	1220.98	A
USGS	14162100	2014-12-03	1212.37	A
USGS	14162100	2014-12-04	1202.90	A
USGS	14162100	2014-12-05	1193.32	A
USGS	14162100	2014-12-06	1188.62	A
USGS	14162100	2014-12-07	1186.22	A
USGS	14162100	2014-12-08	1184.31	A
USGS	14162100	2014-12-09	1183.55	A
USGS	14162100	2014-12-10	1183.66	A
USGS	14162100	2014-12-11	1184.62	A
USGS	14162100	2014-12-12	1183.87	A
USGS	14162100	2014-12-13	1181.80	A
USGS	14162100	2014-12-14	1180.34	A
USGS	14162100	2014-12-15	1180.02	A
USGS	14162100	2014-12-16	1180.63	A
USGS	14162100	2014-12-17	1180.42	A
USGS	14162100	2014-12-18	1179.61	A
USGS	14162100	2014-12-19	1181.86	A
USGS	14162100	2014-12-20	1215.65	A
USGS	14162100	2014-12-21	1267.89	A
USGS	14162100	2014-12-22	1284.14	A
USGS	14162100	2014-12-23		
USGS	14162100	2014-12-24		
USGS	14162100	2014-12-25		
USGS	14162100	2014-12-26		
USGS	14162100	2014-12-27	1227.38	A
USGS	14162100	2014-12-28	1210.28	A
USGS	14162100	2014-12-29	1196.02	A
USGS	14162100	2014-12-30	1188.37	A
USGS	14162100	2014-12-31	1184.17	A
USGS	14162100	2015-01-01	1182.01	A
USGS	14162100	2015-01-02	1180.84	A
USGS	14162100	2015-01-03	1180.67	A
USGS	14162100	2015-01-04	1181.02	A
USGS	14162100	2015-01-05	1181.94	A
USGS	14162100	2015-01-06	1181.93	A
USGS	14162100	2015-01-07	1183.42	A
USGS	14162100	2015-01-08	1181.68	A
USGS	14162100	2015-01-09	1181.38	A
USGS	14162100	2015-01-10	1180.53	A
USGS	14162100	2015-01-11	1180.40	A
USGS	14162100	2015-01-12	1180.47	A
USGS	14162100	2015-01-13	1180.13	A
USGS	14162100	2015-01-14	1179.94	A
USGS	14162100	2015-01-15	1180.17	A
USGS	14162100	2015-01-16	1189.91	A
USGS	14162100	2015-01-17	1201.95	A
USGS	14162100	2015-01-18	1216.63	A
USGS	14162100	2015-01-19	1217.15	A
USGS	14162100	2015-01-20	1213.20	A
USGS	14162100	2015-01-21	1211.64	A
USGS	14162100	2015-01-22	1210.27	A
USGS	14162100	2015-01-23	1207.86	A
USGS	14162100	2015-01-24	1204.72	A
USGS	14162100	2015-01-25	1200.96	A
USGS	14162100	2015-01-26	1196.89	A
USGS	14162100	2015-01-27	1194.73	A
USGS	14162100	2015-01-28	1193.69	A
USGS	14162100	2015-01-29	1192.32	A
USGS	14162100	2015-01-30	1191.41	A
USGS	14162100	2015-01-31	1191.59	A
USGS	14162100	2015-02-01	1192.53	A
USGS	14162100	2015-02-02	1195.97	A
USGS	14162100	2015-02-03	1199.93	A
USGS	14162100	2015-02-04	1203.99	A
USGS	14162100	2015-02-05	1205.91	A
USGS	14162100	2015-02-06	1208.25	A
USGS	14162100	2015-02-07	1220.78	A
USGS	14162100	2015-02-08	1224.70	A
USGS	14162100	2015-02-09	1227.04	A
USGS	14162100	2015-02-10	1236.57	A
USGS	14162100	2015-02-11	1240.35	A
USGS	14162100	2015-02-12	1243.10	A
USGS	14162100	2015-02-13	1245.33	A
USGS	14162100	2015-02-14	1247.34	A
USGS	14162100	2015-02-15	1249.11	A
USGS	14162100	2015-02-16	1250.70	A
USGS	14162100	2015-02-17	1252.04	A
USGS	14162100	2015-02-18	1253.18	A
USGS	14162100	2015-02-19	1254.19	A
USGS	14162100	2015-02-20	1255.06	A
USGS	14162100	2015-02-21	1255.84	A
USGS	14162100	2015-02-22	1256.52	A
USGS	14162100	2015-02-23	1257.12	A
USGS	14162100	2015-02-24	1257.68	A
USGS	14162100	2015-02-25	1258.18	A
USGS	14162100	2015-02-26	1258.70	A
USGS	14162100	2015-02-27	1259.53	A
USGS	14162100	2015-02-28	1260.18	A
USGS	14162100	2015-03-01	1260.67	A
USGS	14162100	2015-03-02	1261.14	A
USGS	14162100	2015-03-03	1261.55	A
USGS	14162100	2015-03-04	1261.91	A
USGS	14162100	2015-03-05	1262.26	A
USGS	14162100	2015-03-06	1262.60	A
USGS	14162100	2015-03-07	1262.91	A
USGS	14162100	2015-03-08	1263.19	A
USGS	14162100	2015-03-09	1263.45	A
USGS	14162100	2015-03-10	1263.70	A
USGS	14162100	2015-03-11	1264.04	A
USGS	14162100	2015-03-12	1264.41	A
USGS	14162100	2015-03-13	1264.67	A
USGS	14162100	2015-03-14	1265.11	A
USGS	14162100	2015-03-15	1266.91	A
USGS	14162100	2015-03-16	1268.61	A
USGS	14162100	2015-03-17	1269.68	A
USGS	14162100	2015-03-18	1270.47	A
USGS	14162100	2015-03-19	1271.12	A
USGS	14162100	2015-03-20	1271.69	A
USGS	14162100	2015-03-21	1272.30	A
USGS	14162100	2015-03-22	1272.91	A
USGS	14162100	2015-03-23	1273.86	A
USGS	14162100	2015-03-24	1276.66	A
USGS	14162100	2015-03-25	1279.04	A
USGS	14162100	2015-03-26	1280.99	A
USGS	14162100	2015-03-27	1282.45	A
USGS	14162100	2015-03-28	1283.95	A
USGS	14162100	2015-03-29	1285.16	A
USGS	14162100	2015-03-30	1286.14	A
USGS	14162100	2015-03-31	1287.25	A
USGS	14162100	2015-04-01	1288.42	A
USGS	14162100	2015-04-02	1289.50	A
USGS	14162100	2015-04-03	1290.47	A
USGS	14162100	2015-04-04	1291.37	A
USGS	14162100	2015-04-05	1292.20	A
USGS	14162100	2015-04-06	1292.99	A
USGS	14162100	2015-04-07	1293.77	A
USGS	14162100	2015-04-08	1294.58	A
USGS	14162100	2015-04-09	1295.37	A
USGS	14162100	2015-04-10	1296.06	A
USGS	14162100	2015-04-11	1296.94	A
USGS	14162100	2015-04-12	1297.90	A
USGS	14162100	2015-04-13	1298.78	A
USGS	14162100	2015-04-14	1299.66	A
USGS	14162100	2015-04-15	1300.51	A
USGS	14162100	2015-04-16	1301.36	A
USGS	14162100	2015-04-17	1302.15	A
USGS	14162100	2015-04-18	1302.84	A
USGS	14162100	2015-04-19	1303.43	A
USGS	14162100	2015-04-20	1303.94	A
USGS	14162100	2015-04-21	1304.39	A
USGS	14162100	2015-04-22	1304.78	A
USGS	14162100	2015-04-23	1305.17	A
USGS	14162100	2015-04-24	1305.58	A
USGS	14162100	2015-04-25	1306.09	A
USGS	14162100	2015-04-26	1306.58	A
USGS	14162100	2015-04-27	1306.99	A
USGS	14162100	2015-04-28	1307.36	A
USGS	14162100	2015-04-29	1307.69	A
USGS	14162100	2015-04-30	1307.98	A
USGS	14162100	2015-05-01	1308.14	A
USGS	14162100	2015-05-02	1308.22	A
USGS	14162100	2015-05-03	1308.28	A
USGS	14162100	2015-05-04	1308.32	A
USGS	14162100	2015-05-05	1308.34	A
USGS	14162100	2015-05-06	1308.36	A
USGS	14162100	2015-05-07	1308.36	A
USGS	14162100	2015-05-08	1308.35	A
USGS	14162100	2015-05-09	1308.32	A
USGS	14162100	2015-05-10	1308.27	A
USGS	14162100	2015-05-11	1308.24	A
USGS	14162100	2015-05-12	1308.27	A
USGS	14162100	2015-05-13	1308.28	A
USGS	14162100	2015-05-14	1308.27	A
USGS	14162100	2015-05-15	1308.23	A
USGS	14162100	2015-05-16	1308.20	A
USGS	14162100	2015-05-17	1308.15	A
USGS	14162100	2015-05-18	1308.15	A
USGS	14162100	2015-05-19	1308.15	A
USGS	14162100	2015-05-20	1308.13	A
USGS	14162100	2015-05-21	1308.15	A
USGS	14162100	2015-05-22	1308.18	A
USGS	14162100	2015-05-23	1308.18	A
USGS	14162100	2015-05-24	1308.16	A
USGS	14162100	2015-05-25	1308.12	A
USGS	14162100	2015-05-26	1308.06	A
USGS	14162100	2015-05-27	1307.99	A
USGS	14162100	2015-05-28	1307.91	A
USGS	14162100	2015-05-29	1307.82	A
USGS	14162100	2015-05-30	1307.72	A
USGS	14162100	2015-05-31	1307.61	A
USGS	14162100	2015-06-01	1307.53	A
USGS	14162100	2015-06-02	1307.45	A
USGS	14162100	2015-06-03	1307.36	A
USGS	14162100	2015-06-04	1307.24	A
USGS	14162100	2015-06-05	1307.11	A
USGS	14162100	2015-06-06	1306.98	A
USGS	14162100	2015-06-07	1306.83	A
USGS	14162100	2015-06-08	1306.69	A
USGS	14162100	2015-06-09	1306.54	A
USGS	14162100	2015-06-10	1306.23	A
USGS	14162100	2015-06-11	1305.76	A
USGS	14162100	2015-06-12	1305.29	A
USGS	14162100	2015-06-13	1304.80	A
USGS	14162100	2015-06-14	1304.31	A
USGS	14162100	2015-06-15	1303.80	A
USGS	14162100	2015-06-16	1303.31	A
USGS	14162100	2015-06-17	1302.81	A
USGS	14162100	2015-06-18	1302.29	A
USGS	14162100	2015-06-19	1301.79	A
USGS	14162100	2015-06-20	1301.27	A
USGS	14162100	2015-06-21	1300.74	A
USGS	14162100	2015-06-22	1300.21	A
USGS	14162100	2015-06-23	1299.68	A
USGS	14162100	2015-06-24	1299.15	A
USGS	14162100	2015-06-25	1298.61	A
USGS	14162100	2015-06-26	1298.09	A
USGS	14162100	2015-06-27	1297.54	A
USGS	14162100	2015-06-28	1297.00	A
USGS	14162100	2015-06-29	1296.46	A
USGS	14162100	2015-06-30	1295.90	A
USGS	14162100	2015-07-01	1295.34	A
USGS	14162100	2015-07-02	1294.77	A
USGS	14162100	2015-07-03	1294.19	A
USGS	14162100	2015-07-04	1293.61	A
USGS	14162100	2015-07-05	1293.02	A
USGS	14162100	2015-07-06	1292.42	A
USGS	14162100	2015-07-07	1291.82	A
USGS	14162100	2015-07-08	1291.23	A
USGS	14162100	2015-07-09	1290.63	A
USGS	14162100	2015-07-10	1290.05	A
USGS	14162100	2015-07-11	1289.46	A
USGS	14162100	2015-07-12	1288.84	A
USGS	14162100	2015-07-13	1288.23	A
USGS	14162100	2015-07-14	1287.62	A
USGS	14162100	2015-07-15	1286.98	A
USGS	14162100	2015-07-16	1286.34	A
USGS	14162100	2015-07-17	1285.69	A
USGS	14162100	2015-07-18	1285.04	A
USGS	14162100	2015-07-19	1284.39	A
USGS	14162100	2015-07-20	1283.72	A
USGS	14162100	2015-07-21	1283.05	A
USGS	14162100	2015-07-22	1282.38	A
USGS	14162100	2015-07-23	1281.70	A
USGS	14162100	2015-07-24	1281.02	A
USGS	14162100	2015-07-25	1280.34	A
USGS	14162100	2015-07-26	1279.66	A
USGS	14162100	2015-07-27	1278.97	A
USGS	14162100	2015-07-28	1278.28	A
USGS	14162100	2015-07-29	1277.58	A
USGS	14162100	2015-07-30	1276.86	A
USGS	14162100	2015-07-31	1276.15	A
USGS	14162100	2015-08-01	1275.43	A
USGS	14162100	2015-08-02	1274.69	A
USGS	14162100	2015-08-03	1273.98	A
USGS	14162100	2015-08-04	1273.25	A
USGS	14162100	2015-08-05	1272.52	A
USGS	14162100	2015-08-06	1271.77	A
USGS	14162100	2015-08-07	1271.00	A
USGS	14162100	2015-08-08	1270.25	A
USGS	14162100	2015-08-09	1269.49	A
USGS	14162100	2015-08-10	1268.73	A
USGS	14162100	2015-08-11	1267.91	A
USGS	14162100	2015-08-12	1267.07	A
USGS	14162100	2015-08-13	1266.22	A
USGS	14162100	2015-08-14	1265.38	A
USGS	14162100	2015-08-15	1264.53	A
USGS	14162100	2015-08-16	1263.67	A
USGS	14162100	2015-08-17	1262.81	A
USGS	14162100	2015-08-18	1261.93	A
USGS	14162100	2015-08-19	1261.06	A
USGS	14162100	2015-08-20	1260.18	A
USGS	14162100	2015-08-21	1259.27	A
USGS	14162100	2015-08-22	1258.36	A
USGS	14162100	2015-08-23	1257.47	A
USGS	14162100	2015-08-24	1256.57	A
USGS	14162100	2015-08-25	1255.65	A
USGS	14162100	2015-08-26	1254.81	A
USGS	14162100	2015-08-27	1254.18	A
USGS	14162100	2015-08-28	1253.59	A
USGS	14162100	2015-08-29	1253.06	A
USGS	14162100	2015-08-30	1252.55	A
USGS	14162100	2015-08-31	1252.05	A
USGS	14162100	2015-09-01	1251.49	A
USGS	14162100	2015-09-02	1250.96	A
USGS	14162100	2015-09-03	1250.46	A
USGS	14162100	2015-09-04	1249.92	A
USGS	14162100	2015-09-05	1249.42	A
USGS	14162100	2015-09-06	1248.88	A
USGS	14162100	2015-09-07	1248.31	A
USGS	14162100	2015-09-08	1247.74	A
USGS	14162100	2015-09-09	1247.18	A
USGS	14162100	2015-09-10	1246.59	A
USGS	14162100	2015-09-11	1246.00	A
USGS	14162100	2015-09-12	1245.41	A
USGS	14162100	2015-09-13	1244.81	A
USGS	14162100	2015-09-14	1244.20	A
USGS	14162100	2015-09-15	1243.60	A
USGS	14162100	2015-09-16	1242.99	A
USGS	14162100	2015-09-17	1242.89	A
USGS	14162100	2015-09-18	1242.60	A
USGS	14162100	2015-09-19	1242.07	A
USGS	14162100	2015-09-20	1241.49	A
USGS	14162100	2015-09-21	1240.89	A
USGS	14162100	2015-09-22	1240.27	A
USGS	14162100	2015-09-23	1239.63	A
USGS	14162100	2015-09-24	1238.99	A
USGS	14162100	2015-09-25	1238.34	A
USGS	14162100	2015-09-26	1237.68	A
USGS	14162100	2015-09-27	1237.01	A
USGS	14162100	2015-09-28	1236.33	A
USGS	14162100	2015-09-29	1235.63	A
USGS	14162100	2015-09-30	1234.91	A
USGS	14162100	2015-10-01	1234.19	A
USGS	14162100	2015-10-02	1233.45	A
USGS	14162100	2015-10-03	1232.70	A
USGS	14162100	2015-10-04	1231.93	A
USGS	14162100	2015-10-05	1231.16	A
USGS	14162100	2015-10-06	1230.39	A
USGS	14162100	2015-10-07	1229.60	A
USGS	14162100	2015-10-08	1228.80	A
USGS	14162100	2015-10-09	1228.01	A
USGS	14162100	2015-10-10	1227.24	A
USGS	14162100	2015-10-11	1226.51	A
USGS	14162100	2015-10-12	1225.73	A
USGS	14162100	2015-10-13	1224.91	A
USGS	14162100	2015-10-14	1224.09	A
USGS	14162100	2015-10-15	1223.25	A
USGS	14162100	2015-10-16	1222.40	A
USGS	14162100	2015-10-17	1221.57	A
USGS	14162100	2015-10-18	1220.74	A
USGS	14162100	2015-10-19	1219.85	A
USGS	14162100	2015-10-20	1218.95	A
USGS	14162100	2015-10-21	1218.04	A
USGS	14162100	2015-10-22	1217.10	A
USGS	14162100	2015-10-23	1216.13	A
USGS	14162100	2015-10-24	1215.17	A
USGS	14162100	2015-10-25	1214.32	A
USGS	14162100	2015-10-26	1213.74	A
USGS	14162100	2015-10-27	1212.90	A
USGS	14162100	2015-10-28	1212.15	A
USGS	14162100	2015-10-29	1211.66	A
USGS	14162100	2015-10-30	1211.36	A
USGS	14162100	2015-10-31	1213.07	A
USGS	14162100	2015-11-01	1220.00	A
USGS	14162100	2015-11-02	1222.37	A
USGS	14162100	2015-11-03	1222.93	A
USGS	14162100	2015-11-04	1222.99	A
USGS	14162100	2015-11-05	1222.78	A
USGS	14162100	2015-11-06	1222.41	A
USGS	14162100	2015-11-07	1221.99	A
USGS	14162100	2015-11-08	1223.12	A
USGS	14162100	2015-11-09	1222.57	A
USGS	14162100	2015-11-10	1219.25	A
USGS	14162100	2015-11-11	1215.58	A
USGS	14162100	2015-11-12	1211.11	A
USGS	14162100	2015-11-13	1207.25	A
USGS	14162100	2015-11-14	1203.11	A
USGS	14162100	2015-11-15	1198.40	A
USGS	14162100	2015-11-16	1193.81	A
USGS	14162100	2015-11-17	1203.87	A
USGS	14162100	2015-11-18	1215.55	A
USGS	14162100	2015-11-19	1229.37	A
USGS	14162100	2015-11-20	1230.90	A
USGS	14162100	2015-11-21	1226.43	A
USGS	14162100	2015-11-22	1220.02	A
USGS	14162100	2015-11-23	1212.89	A
USGS	14162100	2015-11-24	1205.75	A
USGS	14162100	2015-11-25	1198.78	A
USGS	14162100	2015-11-26	1192.71	A
USGS	14162100	2015-11-27	1188.61	A
USGS	14162100	2015-11-28	1187.13	A
USGS	14162100	2015-11-29	1186.59	A
USGS	14162100	2015-11-30	1185.80	A
USGS	14162100	2015-12-01	1184.80	A
USGS	14162100	2015-12-02	1185.62	A
USGS	14162100	2015-12-03	1183.32	A
USGS	14162100	2015-12-04	1183.21	A
USGS	14162100	2015-12-05	1181.74	A
USGS	14162100	2015-12-06	1181.09	A
USGS	14162100	2015-12-07	1224.42	A
USGS	14162100	2015-12-08	1238.65	A
USGS	14162100	2015-12-09	1247.98	A
USGS	14162100	2015-12-10	1251.14	A
USGS	14162100	2015-12-11	1249.05	A
USGS	14162100	2015-12-12	1251.08	A
USGS	14162100	2015-12-13	1255.75	A
USGS	14162100	2015-12-14	1250.27	A
USGS	14162100	2015-12-15	1241.54	A
USGS	14162100	2015-12-16	1229.90	A
USGS	14162100	2015-12-17	1236.87	A
USGS	14162100	2015-12-18	1253.65	A
USGS	14162100	2015-12-19	1252.71	A
USGS	14162100	2015-12-20	1250.99	A
USGS	14162100	2015-12-21	1254.12	A
USGS	14162100	2015-12-22	1254.96	A
USGS	14162100	2015-12-23	1250.56	A
USGS	14162100	2015-12-24	1243.63	A
USGS	14162100	2015-12-25	1234.07	A
USGS	14162100	2015-12-26	1221.59	A
USGS	14162100	2015-12-27	1206.33	A
USGS	14162100	2015-12-28	1193.77	A
USGS	14162100	2015-12-29	1187.59	A
USGS	14162100	2015-12-30	1184.51	A
USGS	14162100	2015-12-31	1184.56	A
USGS	14162100	2016-01-01	1184.59	A
USGS	14162100	2016-01-02	1184.75	A
USGS	14162100	2016-01-03	1184.68	A
USGS	14162100	2016-01-04	1184.55	A
USGS	14162100	2016-01-05	1184.85	A
USGS	14162100	2016-01-06	1185.63	A
USGS	14162100	2016-01-07	1186.33	A
USGS	14162100	2016-01-08	1186.86	A
USGS	14162100	2016-01-09	1186.97	A
USGS	14162100	2016-01-10	1186.48	A
USGS	14162100	2016-01-11	1186.07	A
USGS	14162100	2016-01-12	1189.39	A
USGS	14162100	2016-01-13	1192.54	A
USGS	14162100	2016-01-14	1191.93	A
USGS	14162100	2016-01-15	1188.09	A
USGS	14162100	2016-01-16	1192.25	A
USGS	14162100	2016-01-17	1198.86	A
USGS	14162100	2016-01-18	1200.78	A
USGS	14162100	2016-01-19	1202.27	A
USGS	14162100	2016-01-20	1204.83	A
USGS	14162100	2016-01-21	1200.15	A
USGS	14162100	2016-01-22	1197.04	A
USGS	14162100	2016-01-23	1197.65	A
USGS	14162100	2016-01-24	1197.80	A
USGS	14162100	2016-01-25	1195.95	A
USGS	14162100	2016-01-26	1192.97	A
USGS	14162100	2016-01-27	1190.55	A
USGS	14162100	2016-01-28	1200.85	A
USGS	14162100	2016-01-29	1212.77	A
USGS	14162100	2016-01-30	1217.55	A
USGS	14162100	2016-01-31	1216.68	A
USGS	14162100	2016-02-01	1214.73	A
USGS	14162100	2016-02-02	1214.77	A
USGS	14162100	2016-02-03	1214.28	A
USGS	14162100	2016-02-04	1217.25	A
USGS	14162100	2016-02-05	1221.01	A
USGS	14162100	2016-02-06	1225.55	A
USGS	14162100	2016-02-07	1229.93	A
USGS	14162100	2016-02-08	1235.18	A
USGS	14162100	2016-02-09	1240.64	A
USGS	14162100	2016-02-10	1245.13	A
USGS	14162100	2016-02-11	1248.84	A
USGS	14162100	2016-02-12	1252.44	A
USGS	14162100	2016-02-13	1256.10	A
USGS	14162100	2016-02-14	1265.26	A
USGS	14162100	2016-02-15	1272.86	A
USGS	14162100	2016-02-16	1276.33	A
USGS	14162100	2016-02-17	1276.23	A
USGS	14162100	2016-02-18	1275.93	A
USGS	14162100	2016-02-19	1276.41	A
USGS	14162100	2016-02-20	1277.69	A
USGS	14162100	2016-02-21	1279.01	A
USGS	14162100	2016-02-22	1280.46	A
USGS	14162100	2016-02-23	1281.95	A
USGS	14162100	2016-02-24	1283.35	A
USGS	14162100	2016-02-25	1284.69	A
USGS	14162100	2016-02-26	1286.05	A
USGS	14162100	2016-02-27	1288.36	A
USGS	14162100	2016-02-28	1290.42	A
USGS	14162100	2016-02-29	1292.15	A
USGS	14162100	2016-03-01	1293.88	A
USGS	14162100	2016-03-02	1294.70	A
USGS	14162100	2016-03-03	1295.73	A
USGS	14162100	2016-03-04	1295.96	A
USGS	14162100	2016-03-05	1294.97	A
USGS	14162100	2016-03-06	1294.42	A
USGS	14162100	2016-03-07	1293.50	A
USGS	14162100	2016-03-08	1292.30	A
USGS	14162100	2016-03-09	1292.19	A
USGS	14162100	2016-03-10	1294.55	A
USGS	14162100	2016-03-11	1296.59	A
USGS	14162100	2016-03-12	1298.41	A
USGS	14162100	2016-03-13	1301.40	A
USGS	14162100	2016-03-14	1305.75	A
USGS	14162100	2016-03-15	1309.11	A
USGS	14162100	2016-03-16	1312.37	A
USGS	14162100	2016-03-17	1314.96	A
USGS	14162100	2016-03-18	1314.19	A
USGS	14162100	2016-03-19	1313.13	A
USGS	14162100	2016-03-20	1312.34	A
USGS	14162100	2016-03-21	1312.13	A
USGS	14162100	2016-03-22	1312.63	A
USGS	14162100	2016-03-23	1313.27	A
USGS	14162100	2016-03-24	1314.63	A
USGS	14162100	2016-03-25	1315.61	A
USGS	14162100	2016-03-26	1316.06	A
USGS	14162100	2016-03-27	1317.24	A
USGS	14162100	2016-03-28	1318.30	A
USGS	14162100	2016-03-29	1319.03	A
USGS	14162100	2016-03-30	1319.55	A
USGS	14162100	2016-03-31	1320.30	A
USGS	14162100	2016-04-01	1321.39	A
USGS	14162100	2016-04-02	1322.63	A
USGS	14162100	2016-04-03	1323.82	A
USGS	14162100	2016-04-04	1325.11	A
USGS	14162100	2016-04-05	1326.18	A
USGS	14162100	2016-04-06	1327.12	A
USGS	14162100	2016-04-07	1328.06	A
USGS	14162100	2016-04-08	1329.01	A
USGS	14162100	2016-04-09	1329.92	A
USGS	14162100	2016-04-10	1330.71	A
USGS	14162100	2016-04-11	1331.38	A
USGS	14162100	2016-04-12	1332.05	A
USGS	14162100	2016-04-13	1332.68	A
USGS	14162100	2016-04-14	1333.76	A
USGS	14162100	2016-04-15	1335.13	A
USGS	14162100	2016-04-16	1336.25	A
USGS	14162100	2016-04-17	1337.29	A
USGS	14162100	2016-04-18	1338.23	A
USGS	14162100	2016-04-19	1339.06	A
USGS	14162100	2016-04-20	1339.87	A
USGS	14162100	2016-04-21	1340.46	A
USGS	14162100	2016-04-22	1340.30	A
USGS	14162100	2016-04-23	1340.30	A
USGS	14162100	2016-04-24	1341.00	A
USGS	14162100	2016-04-25	1341.57	A
USGS	14162100	2016-04-26	1342.07	A
USGS	14162100	2016-04-27	1342.51	A
USGS	14162100	2016-04-28	1342.84	A
USGS	14162100	2016-04-29	1343.20	A
USGS	14162100	2016-04-30	1343.56	A
USGS	14162100	2016-05-01	1343.89	A
USGS	14162100	2016-05-02	1344.15	A
USGS	14162100	2016-05-03	1344.42	A
USGS	14162100	2016-05-04	1344.75	A
USGS	14162100	2016-05-05	1345.02	A
USGS	14162100	2016-05-06	1345.07	A
USGS	14162100	2016-05-07	1344.86	A
USGS	14162100	2016-05-08	1344.54	A
USGS	14162100	2016-05-09	1344.18	A
USGS	14162100	2016-05-10	1343.78	A
USGS	14162100	2016-05-11	1343.39	A
USGS	14162100	2016-05-12	1342.96	A
USGS	14162100	2016-05-13	1342.19	A
USGS	14162100	2016-05-14	1341.65	A
USGS	14162100	2016-05-15	1341.54	A
USGS	14162100	2016-05-16	1341.64	A
USGS	14162100	2016-05-17	1341.81	A
USGS	14162100	2016-05-18	1341.87	A
USGS	14162100	2016-05-19	1341.21	A
USGS	14162100	2016-05-20	1340.65	A
USGS	14162100	2016-05-21	1340.08	A
USGS	14162100	2016-05-22	1339.54	A
USGS	14162100	2016-05-23	1339.06	A
USGS	14162100	2016-05-24	1338.54	A
USGS	14162100	2016-05-25	1337.98	A
USGS	14162100	2016-05-26	1337.49	A
USGS	14162100	2016-05-27	1337.12	A
USGS	14162100	2016-05-28	1336.74	A
USGS	14162100	2016-05-29	1336.35	A
USGS	14162100	2016-05-30	1335.94	A
USGS	14162100	2016-05-31	1335.53	A
USGS	14162100	2016-06-01	1335.10	A
USGS	14162100	2016-06-02	1334.66	A
USGS	14162100	2016-06-03	1333.84	A
USGS	14162100	2016-06-04	1332.76	A
USGS	14162100	2016-06-05	1331.65	A
USGS	14162100	2016-06-06	1330.53	A
USGS	14162100	2016-06-07	1329.41	A
USGS	14162100	2016-06-08	1328.26	A
USGS	14162100	2016-06-09	1327.11	A
USGS	14162100	2016-06-10	1326.17	A
USGS	14162100	2016-06-11	1325.28	A
USGS	14162100	2016-06-12	1324.33	A
USGS	14162100	2016-06-13	1323.38	A
USGS	14162100	2016-06-14	1322.61	A
USGS	14162100	2016-06-15	1321.84	A
USGS	14162100	2016-06-16	1321.08	A
USGS	14162100	2016-06-17	1320.42	A
USGS	14162100	2016-06-18	1319.76	A
USGS	14162100	2016-06-19	1319.07	A
USGS	14162100	2016-06-20	1318.50	A
USGS	14162100	2016-06-21	1318.25	A
USGS	14162100	2016-06-22	1318.20	A
USGS	14162100	2016-06-23	1318.20	A
USGS	14162100	2016-06-24	1318.22	A
USGS	14162100	2016-06-25	1318.21	A
USGS	14162100	2016-06-26	1318.19	A
USGS	14162100	2016-06-27	1318.18	A
USGS	14162100	2016-06-28	1318.15	A
USGS	14162100	2016-06-29	1318.12	A
USGS	14162100	2016-06-30	1318.09	A
USGS	14162100	2016-07-01	1318.05	A
USGS	14162100	2016-07-02	1318.01	A
USGS	14162100	2016-07-03	1317.97	A
USGS	14162100	2016-07-04	1317.91	A
USGS	14162100	2016-07-05	1317.87	A
USGS	14162100	2016-07-06	1317.81	A
USGS	14162100	2016-07-07	1317.75	A
USGS	14162100	2016-07-08	1317.80	A
USGS	14162100	2016-07-09	1317.87	A
USGS	14162100	2016-07-10	1317.97	A
USGS	14162100	2016-07-11	1318.06	A
USGS	14162100	2016-07-12	1318.08	A
USGS	14162100	2016-07-13	1318.07	A
USGS	14162100	2016-07-14	1318.04	A
USGS	14162100	2016-07-15	1317.60	A
USGS	14162100	2016-07-16	1316.86	A
USGS	14162100	2016-07-17	1316.10	A
USGS	14162100	2016-07-18	1315.36	A
USGS	14162100	2016-07-19	1314.61	A
USGS	14162100	2016-07-20	1313.85	A
USGS	14162100	2016-07-21	1313.07	A
USGS	14162100	2016-07-22	1312.30	A
USGS	14162100	2016-07-23	1311.53	A
USGS	14162100	2016-07-24	1310.75	A
USGS	14162100	2016-07-25	1309.96	A
USGS	14162100	2016-07-26	1309.18	A
USGS	14162100	2016-07-27	1308.39	A
USGS	14162100	2016-07-28	1307.59	A
USGS	14162100	2016-07-29	1306.72	A
USGS	14162100	2016-07-30	1305.83	A
USGS	14162100	2016-07-31	1304.94	A
USGS	14162100	2016-08-01	1304.04	A
USGS	14162100	2016-08-02	1303.14	A
USGS	14162100	2016-08-03	1302.24	A
USGS	14162100	2016-08-04	1301.31	A
USGS	14162100	2016-08-05	1300.39	A
USGS	14162100	2016-08-06	1299.47	A
USGS	14162100	2016-08-07	1298.52	A
USGS	14162100	2016-08-08	1297.59	A
USGS	14162100	2016-08-09	1296.74	A
USGS	14162100	2016-08-10	1295.93	A
USGS	14162100	2016-08-11	1295.12	A
USGS	14162100	2016-08-12	1294.30	A
USGS	14162100	2016-08-13	1293.47	A
USGS	14162100	2016-08-14	1292.63	A
USGS	14162100	2016-08-15	1291.77	A
USGS	14162100	2016-08-16	1290.92	A
USGS	14162100	2016-08-17	1290.06	A
USGS	14162100	2016-08-18	1289.19	A
USGS	14162100	2016-08-19	1288.31	A
USGS	14162100	2016-08-20	1287.43	A
USGS	14162100	2016-08-21	1286.54	A
USGS	14162100	2016-08-22	1285.63	A
USGS	14162100	2016-08-23	1284.71	A
USGS	14162100	2016-08-24	1283.77	A
USGS	14162100	2016-08-25	1282.83	A
USGS	14162100	2016-08-26	1281.89	A
USGS	14162100	2016-08-27	1280.95	A
USGS	14162100	2016-08-28	1279.99	A
USGS	14162100	2016-08-29	1279.03	A
USGS	14162100	2016-08-30	1278.06	A
USGS	14162100	2016-08-31	1277.08	A
USGS	14162100	2016-09-01	1276.12	A
USGS	14162100	2016-09-02	1275.16	A
USGS	14162100	2016-09-03	1274.18	A
USGS	14162100	2016-09-04	1273.19	A
USGS	14162100	2016-09-05	1272.18	A
USGS	14162100	2016-09-06	1271.19	A
USGS	14162100	2016-09-07	1270.21	A
USGS	14162100	2016-09-08	1269.20	A
USGS	14162100	2016-09-09	1268.17	A
USGS	14162100	2016-09-10	1267.12	A
USGS	14162100	2016-09-11	1266.08	A
USGS	14162100	2016-09-12	1265.01	A
USGS	14162100	2016-09-13	1263.94	A
USGS	14162100	2016-09-14	1262.85	A
USGS	14162100	2016-09-15	1261.76	A
USGS	14162100	2016-09-16	1260.68	A
USGS	14162100	2016-09-17	1259.58	A
USGS	14162100	2016-09-18	1258.54	A
USGS	14162100	2016-09-19	1257.50	A
USGS	14162100	2016-09-20	1256.39	A
USGS	14162100	2016-09-21	1255.30	A
USGS	14162100	2016-09-22	1254.27	A
USGS	14162100	2016-09-23	1253.17	A
USGS	14162100	2016-09-24	1252.06	A
USGS	14162100	2016-09-25	1250.94	A
USGS	14162100	2016-09-26	1249.79	A
USGS	14162100	2016-09-27	1248.64	A
USGS	14162100	2016-09-28	1247.48	A
USGS	14162100	2016-09-29	1246.29	A
USGS	14162100	2016-09-30	1245.10	A
USGS	14162100	2016-10-01	1243.90	A
USGS	14162100	2016-10-02	1242.70	A
USGS	14162100	2016-10-03	1241.49	A
USGS	14162100	2016-10-04	1240.54	A
USGS	14162100	2016-10-05	1240.84	A
USGS	14162100	2016-10-06	1241.09	A
USGS	14162100	2016-10-07	1241.06	A
USGS	14162100	2016-10-08	1240.81	A
USGS	14162100	2016-10-09	1240.02	A
USGS	14162100	2016-10-10	1239.57	A
USGS	14162100	2016-10-11	1239.00	A
USGS	14162100	2016-10-12	1238.13	A
USGS	14162100	2016-10-13	1238.22	A
USGS	14162100	2016-10-14	1243.44	A
USGS	14162100	2016-10-15	1249.06	A
USGS	14162100	2016-10-16	1254.59	A
USGS	14162100	2016-10-17	1261.74	A
USGS	14162100	2016-10-18	1270.64	A
USGS	14162100	2016-10-19	1274.46	A
USGS	14162100	2016-10-20	1276.22	A
USGS	14162100	2016-10-21	1276.45	A
USGS	14162100	2016-10-22	1274.56	A
USGS	14162100	2016-10-23	1271.61	A
USGS	14162100	2016-10-24	1268.33	A
USGS	14162100	2016-10-25	1264.56	A
USGS	14162100	2016-10-26	1260.81	A
USGS	14162100	2016-10-27	1257.39	A
USGS	14162100	2016-10-28	1253.48	A
USGS	14162100	2016-10-29	1248.76	A
USGS	14162100	2016-10-30	1243.41	A
USGS	14162100	2016-10-31	1238.54	A
USGS	14162100	2016-11-01	1232.50	A
USGS	14162100	2016-11-02	1225.98	A
USGS	14162100	2016-11-03	1222.86	A
USGS	14162100	2016-11-04	1220.63	A
USGS	14162100	2016-11-05	1218.11	A
USGS	14162100	2016-11-06	1215.77	A
USGS	14162100	2016-11-07	1213.04	A
USGS	14162100	2016-11-08	1209.94	A
USGS	14162100	2016-11-09	1206.52	A
USGS	14162100	2016-11-10	1202.86	A
USGS	14162100	2016-11-11	1198.94	A
USGS	14162100	2016-11-12	1194.94	A
USGS	14162100	2016-11-13	1190.65	A
USGS	14162100	2016-11-14	1189.81	A
USGS	14162100	2016-11-15	1195.35	A
USGS	14162100	2016-11-16	1195.04	A
USGS	14162100	2016-11-17	1190.03	A
USGS	14162100	2016-11-18	1186.85	A
USGS	14162100	2016-11-19	1183.95	A
USGS	14162100	2016-11-20	1183.01	A
USGS	14162100	2016-11-21	1185.90	A
USGS	14162100	2016-11-22	1187.42	A
USGS	14162100	2016-11-23	1186.38	A
USGS	14162100	2016-11-24	1181.41	A
USGS	14162100	2016-11-25	1181.28	A
USGS	14162100	2016-11-26	1183.18	A
USGS	14162100	2016-11-27	1184.11	A
USGS	14162100	2016-11-28	1188.22	A
USGS	14162100	2016-11-29	1185.75	A
USGS	14162100	2016-11-30	1185.39	A
USGS	14162100	2016-12-01	1183.07	A
USGS	14162100	2016-12-02	1181.23	A
USGS	14162100	2016-12-03	1181.02	A
USGS	14162100	2016-12-04	1184.16	A
USGS	14162100	2016-12-05	1182.21	A
USGS	14162100	2016-12-06	1180.72	A
USGS	14162100	2016-12-07	1180.42	A
USGS	14162100	2016-12-08	1180.88	A
USGS	14162100	2016-12-09	1188.70	A
USGS	14162100	2016-12-10	1191.79	A
USGS	14162100	2016-12-11	1190.90	A
USGS	14162100	2016-12-12	1188.05	A
USGS	14162100	2016-12-13	1186.04	A
USGS	14162100	2016-12-14	1185.76	A
USGS	14162100	2016-12-15	1189.46	A
USGS	14162100	2016-12-16	1188.94	A
USGS	14162100	2016-12-17	1185.50	A
USGS	14162100	2016-12-18	1184.50	A
USGS	14162100	2016-12-19	1184.60	A
USGS	14162100	2016-12-20	1208.72	A
USGS	14162100	2016-12-21	1212.13	A
USGS	14162100	2016-12-22	1208.55	A
USGS	14162100	2016-12-23	1205.27	A
USGS	14162100	2016-12-24	1200.73	A
USGS	14162100	2016-12-25	1195.96	A
USGS	14162100	2016-12-26	1194.30	A
USGS	14162100	2016-12-27	1195.55	A
USGS	14162100	2016-12-28	1195.02	A
USGS	14162100	2016-12-29	1192.27	A
USGS	14162100	2016-12-30	1188.48	A
USGS	14162100	2016-12-31	1185.21	A
USGS	14162100	2017-01-01	1183.17	A
USGS	14162100	2017-01-02	1181.39	A
USGS	14162100	2017-01-03	1181.03	A
USGS	14162100	2017-01-04	1181.09	A
USGS	14162100	2017-01-05	1180.96	A
USGS	14162100	2017-01-06	1180.74	A
USGS	14162100	2017-01-07	1180.60	A
USGS	14162100	2017-01-08	1184.62	A
USGS	14162100	2017-01-09	1194.80	A
USGS	14162100	2017-01-10	1194.26	A
USGS	14162100	2017-01-11	1194.19	A
USGS	14162100	2017-01-12	1190.63	A
USGS	14162100	2017-01-13	1186.36	A
USGS	14162100	2017-01-14	1182.19	A
USGS	14162100	2017-01-15	1180.80	A
USGS	14162100	2017-01-16	1180.59	A
USGS	14162100	2017-01-17	1181.66	A
USGS	14162100	2017-01-18	1197.58	A
USGS	14162100	2017-01-19	1211.85	A
USGS	14162100	2017-01-20	1219.22	A
USGS	14162100	2017-01-21	1223.59	A
USGS	14162100	2017-01-22	1227.20	A
USGS	14162100	2017-01-23	1228.38	A
USGS	14162100	2017-01-24	1227.07	A
USGS	14162100	2017-01-25	1224.96	A
USGS	14162100	2017-01-26	1222.24	A
USGS	14162100	2017-01-27	1219.05	A
USGS	14162100	2017-01-28	1215.49	A
USGS	14162100	2017-01-29	1211.85	A
USGS	14162100	2017-01-30	1208.27	A
USGS	14162100	2017-01-31	1205.68	A
USGS	14162100	2017-02-01	1204.34	A
USGS	14162100	2017-02-02	1203.75	A
USGS	14162100	2017-02-03	1205.15	A
USGS	14162100	2017-02-04	1218.03	A
USGS	14162100	2017-02-05	1236.85	A
USGS	14162100	2017-02-06	1243.58	A
USGS	14162100	2017-02-07	1246.19	A
USGS	14162100	2017-02-08	1251.48	A
USGS	14162100	2017-02-09	1261.79	A
USGS	14162100	2017-02-10	1265.28	A
USGS	14162100	2017-02-11	1260.83	A
USGS	14162100	2017-02-12	1255.65	A
USGS	14162100	2017-02-13	1253.01	A
USGS	14162100	2017-02-14		
USGS	14162100	2017-02-15	1254.32	A
USGS	14162100	2017-02-16	1262.26	A
USGS	14162100	2017-02-17	1268.07	A
USGS	14162100	2017-02-18	1270.95	A
USGS	14162100	2017-02-19	1272.78	A
USGS	14162100	2017-02-20	1274.48	A
USGS	14162100	2017-02-21	1277.90	A
USGS	14162100	2017-02-22	1280.40	A
USGS	14162100	2017-02-23	1281.71	A
USGS	14162100	2017-02-24	1283.07	A
USGS	14162100	2017-02-25	1284.58	A
USGS	14162100	2017-02-26	1286.20	A
USGS	14162100	2017-02-27	1287.67	A
USGS	14162100	2017-02-28	1289.03	A
USGS	14162100	2017-03-01	1290.31	A
USGS	14162100	2017-03-02	1291.50	A
USGS	14162100	2017-03-03	1292.83	A
USGS	14162100	2017-03-04	1294.89	A
USGS	14162100	2017-03-05	1296.57	A
USGS	14162100	2017-03-06	1297.99	A
USGS	14162100	2017-03-07	1299.61	A
USGS	14162100	2017-03-08	1305.78	A
USGS	14162100	2017-03-09	1314.84	A
USGS	14162100	2017-03-10	1319.84	A
USGS	14162100	2017-03-11	1320.78	A
USGS	14162100	2017-03-12	1320.61	A
USGS	14162100	2017-03-13	1319.83	A
USGS	14162100	2017-03-14	1319.93	A
USGS	14162100	2017-03-15	1320.28	A
USGS	14162100	2017-03-16	1321.57	A
USGS	14162100	2017-03-17	1320.72	A
USGS	14162100	2017-03-18	1320.78	A
USGS	14162100	2017-03-19	1320.55	A
USGS	14162100	2017-03-20	1318.95	A
USGS	14162100	2017-03-21	1317.04	A
USGS	14162100	2017-03-22	1315.13	A
USGS	14162100	2017-03-23	1314.85	A
USGS	14162100	2017-03-24	1316.48	A
USGS	14162100	2017-03-25	1318.18	A
USGS	14162100	2017-03-26	1319.57	A
USGS	14162100	2017-03-27	1321.32	A
USGS	14162100	2017-03-28	1321.01	A
USGS	14162100	2017-03-29	1321.67	A
USGS	14162100	2017-03-30	1323.36	A
USGS	14162100	2017-03-31	1323.78	A
USGS	14162100	2017-04-01	1324.59	A
USGS	14162100	2017-04-02	1325.25	A
USGS	14162100	2017-04-03	1325.82	A
USGS	14162100	2017-04-04	1326.37	A
USGS	14162100	2017-04-05	1326.73	A
USGS	14162100	2017-04-06	1327.23	A
USGS	14162100	2017-04-07	1327.80	A
USGS	14162100	2017-04-08	1328.25	A
USGS	14162100	2017-04-09	1328.47	A
USGS	14162100	2017-04-10	1328.61	A
USGS	14162100	2017-04-11	1328.67	A
USGS	14162100	2017-04-12	1328.79	A
USGS	14162100	2017-04-13	1329.28	A
USGS	14162100	2017-04-14	1330.15	A
USGS	14162100	2017-04-15	1331.03	A
USGS	14162100	2017-04-16	1331.81	A
USGS	14162100	2017-04-17	1332.63	A
USGS	14162100	2017-04-18	1334.76	A
USGS	14162100	2017-04-19	1336.31	A
USGS	14162100	2017-04-20	1337.73	A
USGS	14162100	2017-04-21	1338.68	A
USGS	14162100	2017-04-22	1339.15	A
USGS	14162100	2017-04-23	1339.47	A
USGS	14162100	2017-04-24	1341.15	A
USGS	14162100	2017-04-25	1342.67	A
USGS	14162100	2017-04-26	1343.70	A
USGS	14162100	2017-04-27	1344.08	A
USGS	14162100	2017-04-28	1344.23	A
USGS	14162100	2017-04-29	1344.49	A
USGS	14162100	2017-04-30	1344.58	A
USGS	14162100	2017-05-01	1344.62	A
USGS	14162100	2017-05-02	1345.04	A
USGS	14162100	2017-05-03	1345.78	A
USGS	14162100	2017-05-04	1346.95	A
USGS	14162100	2017-05-05	1347.98	A
USGS	14162100	2017-05-06	1348.01	A
USGS	14162100	2017-05-07	1347.79	A
USGS	14162100	2017-05-08	1347.84	A
USGS	14162100	2017-05-09	1348.00	A
USGS	14162100	2017-05-10	1348.18	A
USGS	14162100	2017-05-11	1348.48	A
USGS	14162100	2017-05-12	1348.43	A
USGS	14162100	2017-05-13	1348.41	A
USGS	14162100	2017-05-14	1348.43	A
USGS	14162100	2017-05-15	1348.37	A
USGS	14162100	2017-05-16	1349.79	A
USGS	14162100	2017-05-17	1350.31	A
USGS	14162100	2017-05-18	1350.16	A
USGS	14162100	2017-05-19	1349.90	A
USGS	14162100	2017-05-20	1349.83	A
USGS	14162100	2017-05-21	1349.86	A
USGS	14162100	2017-05-22	1349.97	A
USGS	14162100	2017-05-23	1350.07	A
USGS	14162100	2017-05-24	1350.02	A
USGS	14162100	2017-05-25	1349.93	A
USGS	14162100	2017-05-26	1349.92	A
USGS	14162100	2017-05-27	1349.93	A
USGS	14162100	2017-05-28	1349.92	A
USGS	14162100	2017-05-29	1349.90	A
USGS	14162100	2017-05-30	1349.82	A
USGS	14162100	2017-05-31	1349.74	A
USGS	14162100	2017-06-01	1349.71	A
USGS	14162100	2017-06-02	1349.78	A
USGS	14162100	2017-06-03	1349.82	A
USGS	14162100	2017-06-04	1349.82	A
USGS	14162100	2017-06-05	1349.80	A
USGS	14162100	2017-06-06	1349.84	A
USGS	14162100	2017-06-07	1349.87	A
USGS	14162100	2017-06-08	1350.02	A
USGS	14162100	2017-06-09	1350.11	A
USGS	14162100	2017-06-10	1350.21	A
USGS	14162100	2017-06-11	1350.16	A
USGS	14162100	2017-06-12	1350.06	A
USGS	14162100	2017-06-13	1350.03	A
USGS	14162100	2017-06-14	1349.97	A
USGS	14162100	2017-06-15	1350.07	A
USGS	14162100	2017-06-16	1350.22	A
USGS	14162100	2017-06-17	1350.30	A
USGS	14162100	2017-06-18	1350.33	A
USGS	14162100	2017-06-19	1350.34	A
USGS	14162100	2017-06-20	1350.33	A
USGS	14162100	2017-06-21	1350.29	A
USGS	14162100	2017-06-22	1350.26	A
USGS	14162100	2017-06-23	1350.22	A
USGS	14162100	2017-06-24	1350.17	A
USGS	14162100	2017-06-25	1350.09	A
USGS	14162100	2017-06-26	1350.09	A
USGS	14162100	2017-06-27	1350.09	A
USGS	14162100	2017-06-28	1350.08	A
USGS	14162100	2017-06-29	1350.05	A
USGS	14162100	2017-06-30	1350.02	A
USGS	14162100	2017-07-01	1350.00	A
USGS	14162100	2017-07-02	1349.99	A
USGS	14162100	2017-07-03	1349.98	A
USGS	14162100	2017-07-04	1349.96	A
USGS	14162100	2017-07-05	1349.93	A
USGS	14162100	2017-07-06	1349.89	A
USGS	14162100	2017-07-07	1349.87	A
USGS	14162100	2017-07-08	1349.87	A
USGS	14162100	2017-07-09	1349.87	A
USGS	14162100	2017-07-10	1349.86	A
USGS	14162100	2017-07-11	1349.85	A
USGS	14162100	2017-07-12	1349.84	A
USGS	14162100	2017-07-13	1349.82	A
USGS	14162100	2017-07-14	1349.81	A
USGS	14162100	2017-07-15	1349.78	A
USGS	14162100	2017-07-16	1349.76	A
USGS	14162100	2017-07-17	1349.73	A
USGS	14162100	2017-07-18	1349.69	A
USGS	14162100	2017-07-19	1349.66	A
USGS	14162100	2017-07-20	1349.63	A
USGS	14162100	2017-07-21	1349.59	A
USGS	14162100	2017-07-22	1349.55	A
USGS	14162100	2017-07-23	1349.52	A
USGS	14162100	2017-07-24	1349.48	A
USGS	14162100	2017-07-25	1349.45	A
USGS	14162100	2017-07-26	1349.41	A
USGS	14162100	2017-07-27	1349.36	A
USGS	14162100	2017-07-28	1349.31	A
USGS	14162100	2017-07-29	1349.26	A
USGS	14162100	2017-07-30	1349.21	A
USGS	14162100	2017-07-31	1349.16	A
USGS	14162100	2017-08-01		
USGS	14162100	2017-08-02	1347.88	A
USGS	14162100	2017-08-03	1346.78	A
USGS	14162100	2017-08-04	1345.67	A
USGS	14162100	2017-08-05	1344.57	A
USGS	14162100	2017-08-06	1343.43	A
USGS	14162100	2017-08-07	1342.30	A
USGS	14162100	2017-08-08	1341.19	A
USGS	14162100	2017-08-09	1340.05	A
USGS	14162100	2017-08-10	1338.91	A
USGS	14162100	2017-08-11	1337.76	A
USGS	14162100	2017-08-12	1336.59	A
USGS	14162100	2017-08-13	1335.45	A
USGS	14162100	2017-08-14	1334.28	A
USGS	14162100	2017-08-15	1333.09	A
USGS	14162100	2017-08-16	1331.91	A
USGS	14162100	2017-08-17	1330.72	A
USGS	14162100	2017-08-18	1329.53	A
USGS	14162100	2017-08-19	1328.33	A
USGS	14162100	2017-08-20	1327.11	A
USGS	14162100	2017-08-21	1325.91	A
USGS	14162100	2017-08-22	1324.71	A
USGS	14162100	2017-08-23	1323.50	A
USGS	14162100	2017-08-24	1322.27	A
USGS	14162100	2017-08-25	1320.99	A
USGS	14162100	2017-08-26	1319.72	A
USGS	14162100	2017-08-27	1318.44	A
USGS	14162100	2017-08-28	1317.18	A
USGS	14162100	2017-08-29	1315.88	A
USGS	14162100	2017-08-30	1314.58	A
USGS	14162100	2017-08-31	1313.27	A
USGS	14162100	2017-09-01	1311.98	A
USGS	14162100	2017-09-02	1310.67	A
USGS	14162100	2017-09-03	1309.34	A
USGS	14162100	2017-09-04	1307.99	A
USGS	14162100	2017-09-05	1306.62	A
USGS	14162100	2017-09-06	1305.27	A
USGS	14162100	2017-09-07	1304.07	A
USGS	14162100	2017-09-08	1302.94	A
USGS	14162100	2017-09-09	1302.24	A
USGS	14162100	2017-09-10	1301.71	A
USGS	14162100	2017-09-11	1301.40	A
USGS	14162100	2017-09-12	1301.10	A
USGS	14162100	2017-09-13	1300.80	A
USGS	14162100	2017-09-14	1300.49	A
USGS	14162100	2017-09-15	1300.19	A
USGS	14162100	2017-09-16	1299.88	A
USGS	14162100	2017-09-17	1299.60	A
USGS	14162100	2017-09-18	1299.50	A
USGS	14162100	2017-09-19	1300.63	A
USGS	14162100	2017-09-20	1302.64	A
USGS	14162100	2017-09-21	1303.24	A
USGS	14162100	2017-09-22	1302.92	A
USGS	14162100	2017-09-23	1302.44	A
USGS	14162100	2017-09-24	1301.86	A
USGS	14162100	2017-09-25	1301.24	A
USGS	14162100	2017-09-26	1300.61	A
USGS	14162100	2017-09-27	1299.95	A
USGS	14162100	2017-09-28	1299.28	A
USGS	14162100	2017-09-29	1298.59	A
USGS	14162100	2017-09-30	1297.91	A
USGS	14162100	2017-10-01	1297.25	A
USGS	14162100	2017-10-02	1296.56	A
USGS	14162100	2017-10-03	1295.84	A
USGS	14162100	2017-10-04	1295.05	A
USGS	14162100	2017-10-05	1294.26	A
USGS	14162100	2017-10-06	1293.44	A
USGS	14162100	2017-10-07	1292.64	A
USGS	14162100	2017-10-08	1291.84	A
USGS	14162100	2017-10-09	1291.03	A
USGS	14162100	2017-10-10	1289.55	A
USGS	14162100	2017-10-11	1285.72	A
USGS	14162100	2017-10-12	1282.62	A
USGS	14162100	2017-10-13	1281.31	A
USGS	14162100	2017-10-14	1278.28	A
USGS	14162100	2017-10-15	1274.56	A
USGS	14162100	2017-10-16	1270.56	A
USGS	14162100	2017-10-17	1266.35	A
USGS	14162100	2017-10-18	1261.90	A
USGS	14162100	2017-10-19	1257.77	A
USGS	14162100	2017-10-20	1256.25	A
USGS	14162100	2017-10-21	1261.71	A
USGS	14162100	2017-10-22	1277.20	A
USGS	14162100	2017-10-23	1278.98	A
USGS	14162100	2017-10-24	1277.53	A
USGS	14162100	2017-10-25	1275.00	A
USGS	14162100	2017-10-26	1271.89	A
USGS	14162100	2017-10-27	1268.21	A
USGS	14162100	2017-10-28	1264.13	A
USGS	14162100	2017-10-29	1259.78	A
USGS	14162100	2017-10-30	1255.18	A
USGS	14162100	2017-10-31	1250.42	A
USGS	14162100	2017-11-01	1245.45	A
USGS	14162100	2017-11-02	1240.43	A
USGS	14162100	2017-11-03	1236.00	A
USGS	14162100	2017-11-04	1230.39	A
USGS	14162100	2017-11-05	1224.77	A
USGS	14162100	2017-11-06	1219.37	A
USGS	14162100	2017-11-07	1213.17	A
USGS	14162100	2017-11-08	1206.07	A
USGS	14162100	2017-11-09	1201.88	A
USGS	14162100	2017-11-10	1203.03	A
USGS	14162100	2017-11-11	1204.79	A
USGS	14162100	2017-11-12	1202.85	A
USGS	14162100	2017-11-13	1204.01	A
USGS	14162100	2017-11-14	1205.07	A
USGS	14162100	2017-11-15	1204.42	A
USGS	14162100	2017-11-16	1206.41	A
USGS	14162100	2017-11-17	1203.66	A
USGS	14162100	2017-11-18	1194.79	A
USGS	14162100	2017-11-19	1184.82	A
USGS	14162100	2017-11-20	1204.06	A
USGS	14162100	2017-11-21	1211.14	A
USGS	14162100	2017-11-22	1203.95	A
USGS	14162100	2017-11-23	1213.59	A
USGS	14162100	2017-11-24	1215.04	A
USGS	14162100	2017-11-25	1203.97	A
USGS	14162100	2017-11-26	1194.52	A
USGS	14162100	2017-11-27	1188.44	A
USGS	14162100	2017-11-28	1185.42	A
USGS	14162100	2017-11-29	1184.13	A
USGS	14162100	2017-11-30	1181.67	A
USGS	14162100	2017-12-01	1180.89	A
USGS	14162100	2017-12-02	1181.39	A
USGS	14162100	2017-12-03	1183.07	A
USGS	14162100	2017-12-04	1183.78	A
USGS	14162100	2017-12-05	1183.40	A
USGS	14162100	2017-12-06	1182.20	A
USGS	14162100	2017-12-07	1180.25	A
USGS	14162100	2017-12-08	1180.73	A
USGS	14162100	2017-12-09	1180.92	A
USGS	14162100	2017-12-10	1180.57	A
USGS	14162100	2017-12-11	1180.18	A
USGS	14162100	2017-12-12	1180.45	A
USGS	14162100	2017-12-13	1181.74	A
USGS	14162100	2017-12-14	1182.55	A
USGS	14162100	2017-12-15	1183.09	A
USGS	14162100	2017-12-16	1183.47	A
USGS	14162100	2017-12-17	1183.56	A
USGS	14162100	2017-12-18	1183.51	A
USGS	14162100	2017-12-19	1184.28	A
USGS	14162100	2017-12-20	1185.91	A
USGS	14162100	2017-12-21	1186.67	A
USGS	14162100	2017-12-22	1186.58	A
USGS	14162100	2017-12-23	1186.54	A
USGS	14162100	2017-12-24	1186.74	A
USGS	14162100	2017-12-25	1189.03	A
USGS	14162100	2017-12-26	1190.40	A
USGS	14162100	2017-12-27	1188.89	A
USGS	14162100	2017-12-28	1188.55	A
USGS	14162100	2017-12-29	1197.79	A
USGS	14162100	2017-12-30	1209.72	A
USGS	14162100	2017-12-31	1210.59	A
USGS	14162100	2018-01-01	1207.25	A
