agency_cd	site_no	datetime	213437_00054_32400	213437_00054_32400_cd
5s	15s	20d	14n	10s
USGS	11108133	2013-01-01	290800	A
USGS	11108133	2013-01-02	292000	A
USGS	11108133	2013-01-03	292600	A
USGS	11108133	2013-01-04	291500	A
USGS	11108133	2013-01-05	290300	A
USGS	11108133	2013-01-06	289400	A
USGS	11108133	2013-01-07	288100	A
USGS	11108133	2013-01-08	286900	A
USGS	11108133	2013-01-09	287300	A
USGS	11108133	2013-01-10	287100	A
USGS	11108133	2013-01-11	285800	A
USGS	11108133	2013-01-12	284600	A
USGS	11108133	2013-01-13	283600	A
USGS	11108133	2013-01-14	282300	A
USGS	11108133	2013-01-15	282800	A
USGS	11108133	2013-01-16	284900	A
USGS	11108133	2013-01-17	285600	A
USGS	11108133	2013-01-18	284300	A
USGS	11108133	2013-01-19	282800	A
USGS	11108133	2013-01-20	281200	A
USGS	11108133	2013-01-21	279700	A
USGS	11108133	2013-01-22	279900	A
USGS	11108133	2013-01-23	281700	A
USGS	11108133	2013-01-24	283400	A
USGS	11108133	2013-01-25	283000	A
USGS	11108133	2013-01-26	282000	A
USGS	11108133	2013-01-27	280900	A
USGS	11108133	2013-01-28	279700	A
USGS	11108133	2013-01-29	281200	A
USGS	11108133	2013-01-30	284400	A
USGS	11108133	2013-01-31	286500	A
USGS	11108133	2013-02-01	286400	A
USGS	11108133	2013-02-02	284900	A
USGS	11108133	2013-02-03	283500	A
USGS	11108133	2013-02-04	282200	A
USGS	11108133	2013-02-05	283400	A
USGS	11108133	2013-02-06	286500	A
USGS	11108133	2013-02-07	288200	A
USGS	11108133	2013-02-08	288900	A
USGS	11108133	2013-02-09	287900	A
USGS	11108133	2013-02-10	287000	A
USGS	11108133	2013-02-11	285900	A
USGS	11108133	2013-02-12	286600	A
USGS	11108133	2013-02-13	289100	A
USGS	11108133	2013-02-14	289000	A
USGS	11108133	2013-02-15	287700	A
USGS	11108133	2013-02-16	286400	A
USGS	11108133	2013-02-17	285000	A
USGS	11108133	2013-02-18	283600	A
USGS	11108133	2013-02-19	284000	A
USGS	11108133	2013-02-20	286100	A
USGS	11108133	2013-02-21	286900	A
USGS	11108133	2013-02-22	285700	A
USGS	11108133	2013-02-23	284300	A
USGS	11108133	2013-02-24	283000	A
USGS	11108133	2013-02-25	281600	A
USGS	11108133	2013-02-26	281900	A
USGS	11108133	2013-02-27	283900	A
USGS	11108133	2013-02-28	284500	A
USGS	11108133	2013-03-01	283900	A
USGS	11108133	2013-03-02	282000	A
USGS	11108133	2013-03-03	280300	A
USGS	11108133	2013-03-04	278400	A
USGS	11108133	2013-03-05	278600	A
USGS	11108133	2013-03-06	280800	A
USGS	11108133	2013-03-07	281700	A
USGS	11108133	2013-03-08	281200	A
USGS	11108133	2013-03-09	279800	A
USGS	11108133	2013-03-10	278400	A
USGS	11108133	2013-03-11	278800	A
USGS	11108133	2013-03-12	280200	A
USGS	11108133	2013-03-13	280900	A
USGS	11108133	2013-03-14	281100	A
USGS	11108133	2013-03-15	281200	A
USGS	11108133	2013-03-16	280200	A
USGS	11108133	2013-03-17	278500	A
USGS	11108133	2013-03-18	278800	A
USGS	11108133	2013-03-19	280600	A
USGS	11108133	2013-03-20	281800	A
USGS	11108133	2013-03-21	282800	A
USGS	11108133	2013-03-22	283500	A
USGS	11108133	2013-03-23	282100	A
USGS	11108133	2013-03-24	280300	A
USGS	11108133	2013-03-25	280900	A
USGS	11108133	2013-03-26	282900	A
USGS	11108133	2013-03-27	284400	A
USGS	11108133	2013-03-28	285900	A
USGS	11108133	2013-03-29	286900	A
USGS	11108133	2013-03-30	285000	A
USGS	11108133	2013-03-31	283300	A
USGS	11108133	2013-04-01	283700	A
USGS	11108133	2013-04-02	286000	A
USGS	11108133	2013-04-03	288000	A
USGS	11108133	2013-04-04	289200	A
USGS	11108133	2013-04-05	290300	A
USGS	11108133	2013-04-06	290300	A
USGS	11108133	2013-04-07	288700	A
USGS	11108133	2013-04-08	289000	A
USGS	11108133	2013-04-09	291000	A
USGS	11108133	2013-04-10	293100	A
USGS	11108133	2013-04-11	294600	A
USGS	11108133	2013-04-12	296000	A
USGS	11108133	2013-04-13	294800	A
USGS	11108133	2013-04-14	293000	A
USGS	11108133	2013-04-15	291100	A
USGS	11108133	2013-04-16	291400	A
USGS	11108133	2013-04-17	293300	A
USGS	11108133	2013-04-18	294200	A
USGS	11108133	2013-04-19	293400	A
USGS	11108133	2013-04-20	291500	A
USGS	11108133	2013-04-21	289600	A
USGS	11108133	2013-04-22	287600	A
USGS	11108133	2013-04-23	288200	A
USGS	11108133	2013-04-24	290600	A
USGS	11108133	2013-04-25	292000	A
USGS	11108133	2013-04-26	290300	A
USGS	11108133	2013-04-27	288500	A
USGS	11108133	2013-04-28	286700	A
USGS	11108133	2013-04-29	285000	A
USGS	11108133	2013-04-30	284200	A
USGS	11108133	2013-05-01	286900	A
USGS	11108133	2013-05-02	287800	A
USGS	11108133	2013-05-03	287000	A
USGS	11108133	2013-05-04	285000	A
USGS	11108133	2013-05-05	283200	A
USGS	11108133	2013-05-06	281600	A
USGS	11108133	2013-05-07	281300	A
USGS	11108133	2013-05-08	283900	A
USGS	11108133	2013-05-09	285800	A
USGS	11108133	2013-05-10	284800	A
USGS	11108133	2013-05-11	283100	A
USGS	11108133	2013-05-12	281500	A
USGS	11108133	2013-05-13	279700	A
USGS	11108133	2013-05-14	278900	A
USGS	11108133	2013-05-15	281200	A
USGS	11108133	2013-05-16	281600	A
USGS	11108133	2013-05-17	279800	A
USGS	11108133	2013-05-18	277900	A
USGS	11108133	2013-05-19	276100	A
USGS	11108133	2013-05-20	276400	A
USGS	11108133	2013-05-21	278400	A
USGS	11108133	2013-05-22	279100	A
USGS	11108133	2013-05-23	278700	A
USGS	11108133	2013-05-24	276600	A
USGS	11108133	2013-05-25	274600	A
USGS	11108133	2013-05-26	273900	A
USGS	11108133	2013-05-27	274900	A
USGS	11108133	2013-05-28	274800	A
USGS	11108133	2013-05-29	275700	A
USGS	11108133	2013-05-30	276200	A
USGS	11108133	2013-05-31	274300	A
USGS	11108133	2013-06-01	272400	A
USGS	11108133	2013-06-02	270400	A
USGS	11108133	2013-06-03	268500	A
USGS	11108133	2013-06-04	267900	A
USGS	11108133	2013-06-05	270200	A
USGS	11108133	2013-06-06	270900	A
USGS	11108133	2013-06-07	269700	A
USGS	11108133	2013-06-08	267600	A
USGS	11108133	2013-06-09	265500	A
USGS	11108133	2013-06-10	264500	A
USGS	11108133	2013-06-11	266200	A
USGS	11108133	2013-06-12	266200	A
USGS	11108133	2013-06-13	266300	A
USGS	11108133	2013-06-14	265700	A
USGS	11108133	2013-06-15	263800	A
USGS	11108133	2013-06-16	261900	A
USGS	11108133	2013-06-17	260100	A
USGS	11108133	2013-06-18	260000	A
USGS	11108133	2013-06-19	261600	A
USGS	11108133	2013-06-20	262200	A
USGS	11108133	2013-06-21	261600	A
USGS	11108133	2013-06-22	259700	A
USGS	11108133	2013-06-23	257900	A
USGS	11108133	2013-06-24	256200	A
USGS	11108133	2013-06-25	256000	A
USGS	11108133	2013-06-26	256700	A
USGS	11108133	2013-06-27	257500	A
USGS	11108133	2013-06-28	258400	A
USGS	11108133	2013-06-29	256800	A
USGS	11108133	2013-06-30	254800	A
USGS	11108133	2013-07-01	255400	A
USGS	11108133	2013-07-02	257400	A
USGS	11108133	2013-07-03	258700	A
USGS	11108133	2013-07-04	260100	A
USGS	11108133	2013-07-05	261200	A
USGS	11108133	2013-07-06	262800	A
USGS	11108133	2013-07-07	262700	A
USGS	11108133	2013-07-08	262400	A
USGS	11108133	2013-07-09	264700	A
USGS	11108133	2013-07-10	266800	A
USGS	11108133	2013-07-11	267200	A
USGS	11108133	2013-07-12	269600	A
USGS	11108133	2013-07-13	271200	A
USGS	11108133	2013-07-14	269400	A
USGS	11108133	2013-07-15	269900	A
USGS	11108133	2013-07-16	271600	A
USGS	11108133	2013-07-17	272700	A
USGS	11108133	2013-07-18	274300	A
USGS	11108133	2013-07-19	275700	A
USGS	11108133	2013-07-20	276500	A
USGS	11108133	2013-07-21	277700	A
USGS	11108133	2013-07-22	278900	A
USGS	11108133	2013-07-23	279700	A
USGS	11108133	2013-07-24	281800	A
USGS	11108133	2013-07-25	282700	A
USGS	11108133	2013-07-26	283100	A
USGS	11108133	2013-07-27	285800	A
USGS	11108133	2013-07-28	288300	A
USGS	11108133	2013-07-29	290100	A
USGS	11108133	2013-07-30	291300	A
USGS	11108133	2013-07-31	292000	A
USGS	11108133	2013-08-01	292200	A
USGS	11108133	2013-08-02	292300	A
USGS	11108133	2013-08-03	292300	A
USGS	11108133	2013-08-04	290600	A
USGS	11108133	2013-08-05	288900	A
USGS	11108133	2013-08-06	289800	A
USGS	11108133	2013-08-07	292100	A
USGS	11108133	2013-08-08	293800	A
USGS	11108133	2013-08-09	292700	A
USGS	11108133	2013-08-10	291100	A
USGS	11108133	2013-08-11	289600	A
USGS	11108133	2013-08-12	288000	A
USGS	11108133	2013-08-13	288400	A
USGS	11108133	2013-08-14	290000	A
USGS	11108133	2013-08-15	291300	A
USGS	11108133	2013-08-16	291600	A
USGS	11108133	2013-08-17	290000	A
USGS	11108133	2013-08-18	288400	A
USGS	11108133	2013-08-19	286600	A
USGS	11108133	2013-08-20	287300	A
USGS	11108133	2013-08-21	289000	A
USGS	11108133	2013-08-22	290500	A
USGS	11108133	2013-08-23	290300	A
USGS	11108133	2013-08-24	288400	A
USGS	11108133	2013-08-25	286500	A
USGS	11108133	2013-08-26	284600	A
USGS	11108133	2013-08-27	285800	A
USGS	11108133	2013-08-28	287900	A
USGS	11108133	2013-08-29	289300	A
USGS	11108133	2013-08-30	287500	A
USGS	11108133	2013-08-31	285400	A
USGS	11108133	2013-09-01	283500	A
USGS	11108133	2013-09-02	281700	A
USGS	11108133	2013-09-03	281000	A
USGS	11108133	2013-09-04	283200	A
USGS	11108133	2013-09-05	284400	A
USGS	11108133	2013-09-06	284800	A
USGS	11108133	2013-09-07	282800	A
USGS	11108133	2013-09-08	281100	A
USGS	11108133	2013-09-09	280900	A
USGS	11108133	2013-09-10	282100	A
USGS	11108133	2013-09-11	282900	A
USGS	11108133	2013-09-12	284100	A
USGS	11108133	2013-09-13	285600	A
USGS	11108133	2013-09-14	284200	A
USGS	11108133	2013-09-15	282500	A
USGS	11108133	2013-09-16	281900	A
USGS	11108133	2013-09-17	283300	A
USGS	11108133	2013-09-18	284000	A
USGS	11108133	2013-09-19	285400	A
USGS	11108133	2013-09-20	285400	A
USGS	11108133	2013-09-21	283700	A
USGS	11108133	2013-09-22	282100	A
USGS	11108133	2013-09-23	282700	A
USGS	11108133	2013-09-24	284400	A
USGS	11108133	2013-09-25	285400	A
USGS	11108133	2013-09-26	284700	A
USGS	11108133	2013-09-27	285300	A
USGS	11108133	2013-09-28	285900	A
USGS	11108133	2013-09-29	284200	A
USGS	11108133	2013-09-30	284900	A
USGS	11108133	2013-10-01	286900	A
USGS	11108133	2013-10-02	288500	A
USGS	11108133	2013-10-03	289000	A
USGS	11108133	2013-10-04	289500	A
USGS	11108133	2013-10-05	288200	A
USGS	11108133	2013-10-06	286500	A
USGS	11108133	2013-10-07	284600	A
USGS	11108133	2013-10-08	284100	A
USGS	11108133	2013-10-09	286300	A
USGS	11108133	2013-10-10	286900	A
USGS	11108133	2013-10-11	285500	A
USGS	11108133	2013-10-12	283700	A
USGS	11108133	2013-10-13	282200	A
USGS	11108133	2013-10-14	280500	A
USGS	11108133	2013-10-15	278600	A
USGS	11108133	2013-10-16	277400	A
USGS	11108133	2013-10-17	279000	A
USGS	11108133	2013-10-18	277000	A
USGS	11108133	2013-10-19	275000	A
USGS	11108133	2013-10-20	273100	A
USGS	11108133	2013-10-21	272100	A
USGS	11108133	2013-10-22	273400	A
USGS	11108133	2013-10-23	274400	A
USGS	11108133	2013-10-24	274900	A
USGS	11108133	2013-10-25	275300	A
USGS	11108133	2013-10-26	274900	A
USGS	11108133	2013-10-27	273100	A
USGS	11108133	2013-10-28	273400	A
USGS	11108133	2013-10-29	275700	A
USGS	11108133	2013-10-30	277000	A
USGS	11108133	2013-10-31	277500	A
USGS	11108133	2013-11-01	277700	A
USGS	11108133	2013-11-02	275800	A
USGS	11108133	2013-11-03	273800	A
USGS	11108133	2013-11-04	274700	A
USGS	11108133	2013-11-05	276000	A
USGS	11108133	2013-11-06	278800	A
USGS	11108133	2013-11-07	280300	A
USGS	11108133	2013-11-08	280100	A
USGS	11108133	2013-11-09	278000	A
USGS	11108133	2013-11-10	276000	A
USGS	11108133	2013-11-11	275900	A
USGS	11108133	2013-11-12	276700	A
USGS	11108133	2013-11-13	276200	A
USGS	11108133	2013-11-14	276000	A
USGS	11108133	2013-11-15	276400	A
USGS	11108133	2013-11-16	276000	A
USGS	11108133	2013-11-17	274400	A
USGS	11108133	2013-11-18	274200	A
USGS	11108133	2013-11-19	273800	A
USGS	11108133	2013-11-20	273600	A
USGS	11108133	2013-11-21	273100	A
USGS	11108133	2013-11-22	273700	A
USGS	11108133	2013-11-23	274100	A
USGS	11108133	2013-11-24	272800	A
USGS	11108133	2013-11-25	273200	A
USGS	11108133	2013-11-26	275000	A
USGS	11108133	2013-11-27	276400	A
USGS	11108133	2013-11-28	276500	A
USGS	11108133	2013-11-29	275000	A
USGS	11108133	2013-11-30	273600	A
USGS	11108133	2013-12-01	272200	A
USGS	11108133	2013-12-02	273100	A
USGS	11108133	2013-12-03	275500	A
USGS	11108133	2013-12-04	277000	A
USGS	11108133	2013-12-05	277700	A
USGS	11108133	2013-12-06	278300	A
USGS	11108133	2013-12-07	276900	A
USGS	11108133	2013-12-08	275500	A
USGS	11108133	2013-12-09	276500	A
USGS	11108133	2013-12-10	279300	A
USGS	11108133	2013-12-11	282000	A
USGS	11108133	2013-12-12	284300	A
USGS	11108133	2013-12-13	286200	A
USGS	11108133	2013-12-14	286200	A
USGS	11108133	2013-12-15	284500	A
USGS	11108133	2013-12-16	284900	A
USGS	11108133	2013-12-17	287000	A
USGS	11108133	2013-12-18	289200	A
USGS	11108133	2013-12-19	291600	A
USGS	11108133	2013-12-20	294200	A
USGS	11108133	2013-12-21	295800	A
USGS	11108133	2013-12-22	295200	A
USGS	11108133	2013-12-23	293700	A
USGS	11108133	2013-12-24	293400	A
USGS	11108133	2013-12-25	294500	A
USGS	11108133	2013-12-26	294700	A
USGS	11108133	2013-12-27	293300	A
USGS	11108133	2013-12-28	291700	A
USGS	11108133	2013-12-29	290200	A
USGS	11108133	2013-12-30	288700	A
USGS	11108133	2013-12-31	287700	A
USGS	11108133	2014-01-01	289400	A
USGS	11108133	2014-01-02	289700	A
USGS	11108133	2014-01-03	288500	A
USGS	11108133	2014-01-04	286800	A
USGS	11108133	2014-01-05	285100	A
USGS	11108133	2014-01-06	283400	A
USGS	11108133	2014-01-07	284600	A
USGS	11108133	2014-01-08	286800	A
USGS	11108133	2014-01-09	287300	A
USGS	11108133	2014-01-10	286400	A
USGS	11108133	2014-01-11	284900	A
USGS	11108133	2014-01-12	283300	A
USGS	11108133	2014-01-13	281700	A
USGS	11108133	2014-01-14	282400	A
USGS	11108133	2014-01-15	284900	A
USGS	11108133	2014-01-16	285900	A
USGS	11108133	2014-01-17	284300	A
USGS	11108133	2014-01-18	282700	A
USGS	11108133	2014-01-19	281200	A
USGS	11108133	2014-01-20	279700	A
USGS	11108133	2014-01-21	280200	A
USGS	11108133	2014-01-22	282400	A
USGS	11108133	2014-01-23	283000	A
USGS	11108133	2014-01-24	281700	A
USGS	11108133	2014-01-25	280100	A
USGS	11108133	2014-01-26	278500	A
USGS	11108133	2014-01-27	276900	A
USGS	11108133	2014-01-28	276200	A
USGS	11108133	2014-01-29	278400	A
USGS	11108133	2014-01-30	279200	A
USGS	11108133	2014-01-31	278800	A
USGS	11108133	2014-02-01	277200	A
USGS	11108133	2014-02-02	275800	A
USGS	11108133	2014-02-03	274800	A
USGS	11108133	2014-02-04	274400	A
USGS	11108133	2014-02-05	277000	A
USGS	11108133	2014-02-06	278500	A
USGS	11108133	2014-02-07	277600	A
USGS	11108133	2014-02-08	276500	A
USGS	11108133	2014-02-09	275300	A
USGS	11108133	2014-02-10	274300	A
USGS	11108133	2014-02-11	273300	A
USGS	11108133	2014-02-12	273000	A
USGS	11108133	2014-02-13	274900	A
USGS	11108133	2014-02-14	274800	A
USGS	11108133	2014-02-15	273700	A
USGS	11108133	2014-02-16	272700	A
USGS	11108133	2014-02-17	271600	A
USGS	11108133	2014-02-18	271500	A
USGS	11108133	2014-02-19	273700	A
USGS	11108133	2014-02-20	274600	A
USGS	11108133	2014-02-21	273600	A
USGS	11108133	2014-02-22	272500	A
USGS	11108133	2014-02-23	271600	A
USGS	11108133	2014-02-24	270200	A
USGS	11108133	2014-02-25	270200	A
USGS	11108133	2014-02-26	272700	A
USGS	11108133	2014-02-27	273200	A
USGS	11108133	2014-02-28	272600	A
USGS	11108133	2014-03-01	271900	A
USGS	11108133	2014-03-02	273700	A
USGS	11108133	2014-03-03	277000	A
USGS	11108133	2014-03-04	283500	A
USGS	11108133	2014-03-05	281800	A
USGS	11108133	2014-03-06	282900	A
USGS	11108133	2014-03-07	282700	A
USGS	11108133	2014-03-08	281900	A
USGS	11108133	2014-03-09	281100	A
USGS	11108133	2014-03-10	282600	A
USGS	11108133	2014-03-11	285000	A
USGS	11108133	2014-03-12	286800	A
USGS	11108133	2014-03-13	287900	A
USGS	11108133	2014-03-14	287700	A
USGS	11108133	2014-03-15	286400	A
USGS	11108133	2014-03-16	285000	A
USGS	11108133	2014-03-17	283700	A
USGS	11108133	2014-03-18	282200	A
USGS	11108133	2014-03-19	280800	A
USGS	11108133	2014-03-20	279300	A
USGS	11108133	2014-03-21	280100	A
USGS	11108133	2014-03-22	278700	A
USGS	11108133	2014-03-23	277200	A
USGS	11108133	2014-03-24	275700	A
USGS	11108133	2014-03-25	274200	A
USGS	11108133	2014-03-26	272800	A
USGS	11108133	2014-03-27	273200	A
USGS	11108133	2014-03-28	272800	A
USGS	11108133	2014-03-29	271200	A
USGS	11108133	2014-03-30	270000	A
USGS	11108133	2014-03-31	268500	A
USGS	11108133	2014-04-01	269400	A
USGS	11108133	2014-04-02	273100	A
USGS	11108133	2014-04-03	274500	A
USGS	11108133	2014-04-04	273300	A
USGS	11108133	2014-04-05	272000	A
USGS	11108133	2014-04-06	270800	A
USGS	11108133	2014-04-07	269500	A
USGS	11108133	2014-04-08	268300	A
USGS	11108133	2014-04-09	269800	A
USGS	11108133	2014-04-10	269900	A
USGS	11108133	2014-04-11	268500	A
USGS	11108133	2014-04-12	267200	A
USGS	11108133	2014-04-13	266000	A
USGS	11108133	2014-04-14	264700	A
USGS	11108133	2014-04-15	265600	A
USGS	11108133	2014-04-16	268200	A
USGS	11108133	2014-04-17	268400	A
USGS	11108133	2014-04-18	266900	A
USGS	11108133	2014-04-19	265600	A
USGS	11108133	2014-04-20	264300	A
USGS	11108133	2014-04-21	263000	A
USGS	11108133	2014-04-22	261500	A
USGS	11108133	2014-04-23	260000	A
USGS	11108133	2014-04-24	258600	A
USGS	11108133	2014-04-25	257100	A
USGS	11108133	2014-04-26	255700	A
USGS	11108133	2014-04-27	254400	A
USGS	11108133	2014-04-28	252900	A
USGS	11108133	2014-04-29	251500	A
USGS	11108133	2014-04-30	249900	A
USGS	11108133	2014-05-01	248400	A
USGS	11108133	2014-05-02	247000	A
USGS	11108133	2014-05-03	245600	A
USGS	11108133	2014-05-04	244200	A
USGS	11108133	2014-05-05	242800	A
USGS	11108133	2014-05-06	241400	A
USGS	11108133	2014-05-07	240100	A
USGS	11108133	2014-05-08	239000	A
USGS	11108133	2014-05-09	237800	A
USGS	11108133	2014-05-10	236400	A
USGS	11108133	2014-05-11	234900	A
USGS	11108133	2014-05-12	233400	A
USGS	11108133	2014-05-13	231800	A
USGS	11108133	2014-05-14	230100	A
USGS	11108133	2014-05-15	228400	A
USGS	11108133	2014-05-16	226700	A
USGS	11108133	2014-05-17	225000	A
USGS	11108133	2014-05-18	223400	A
USGS	11108133	2014-05-19	221700	A
USGS	11108133	2014-05-20	219900	A
USGS	11108133	2014-05-21	218300	A
USGS	11108133	2014-05-22	216600	A
USGS	11108133	2014-05-23	215000	A
USGS	11108133	2014-05-24	213400	A
USGS	11108133	2014-05-25	211800	A
USGS	11108133	2014-05-26	210300	A
USGS	11108133	2014-05-27	208600	A
USGS	11108133	2014-05-28	206900	A
USGS	11108133	2014-05-29	206000	A
USGS	11108133	2014-05-30	204300	A
USGS	11108133	2014-05-31	202700	A
USGS	11108133	2014-06-01	201200	A
USGS	11108133	2014-06-02	199500	A
USGS	11108133	2014-06-03	197900	A
USGS	11108133	2014-06-04	196300	A
USGS	11108133	2014-06-05	194700	A
USGS	11108133	2014-06-06	193000	A
USGS	11108133	2014-06-07	192500	A
USGS	11108133	2014-06-08	189700	A
USGS	11108133	2014-06-09	188200	A
USGS	11108133	2014-06-10	186500	A
USGS	11108133	2014-06-11	185000	A
USGS	11108133	2014-06-12	183400	A
USGS	11108133	2014-06-13	181800	A
USGS	11108133	2014-06-14	180300	A
USGS	11108133	2014-06-15	178700	A
USGS	11108133	2014-06-16	177100	A
USGS	11108133	2014-06-17	175500	A
USGS	11108133	2014-06-18	173900	A
USGS	11108133	2014-06-19	172300	A
USGS	11108133	2014-06-20	170600	A
USGS	11108133	2014-06-21	169000	A
USGS	11108133	2014-06-22	167400	A
USGS	11108133	2014-06-23	165700	A
USGS	11108133	2014-06-24	164200	A
USGS	11108133	2014-06-25	162400	A
USGS	11108133	2014-06-26	160800	A
USGS	11108133	2014-06-27	159000	A
USGS	11108133	2014-06-28	157400	A
USGS	11108133	2014-06-29	155800	A
USGS	11108133	2014-06-30	154300	A
USGS	11108133	2014-07-01	152600	A
USGS	11108133	2014-07-02	151000	A
USGS	11108133	2014-07-03	149400	A
USGS	11108133	2014-07-04	147800	A
USGS	11108133	2014-07-05	146300	A
USGS	11108133	2014-07-06	147300	A
USGS	11108133	2014-07-07	148900	A
USGS	11108133	2014-07-08	147300	A
USGS	11108133	2014-07-09	148000	A
USGS	11108133	2014-07-10	150100	A
USGS	11108133	2014-07-11	150600	A
USGS	11108133	2014-07-12	149400	A
USGS	11108133	2014-07-13	148300	A
USGS	11108133	2014-07-14	147200	A
USGS	11108133	2014-07-15	147400	A
USGS	11108133	2014-07-16	150800	A
USGS	11108133	2014-07-17	152100	A
USGS	11108133	2014-07-18	151700	A
USGS	11108133	2014-07-19	150700	A
USGS	11108133	2014-07-20	149700	A
USGS	11108133	2014-07-21	148600	A
USGS	11108133	2014-07-22	148800	A
USGS	11108133	2014-07-23	152400	A
USGS	11108133	2014-07-24	154900	A
USGS	11108133	2014-07-25	154200	A
USGS	11108133	2014-07-26	152800	A
USGS	11108133	2014-07-27	151600	A
USGS	11108133	2014-07-28	150300	A
USGS	11108133	2014-07-29	149900	A
USGS	11108133	2014-07-30	152900	A
USGS	11108133	2014-07-31	155200	A
USGS	11108133	2014-08-01	152800	A
USGS	11108133	2014-08-02	152700	A
USGS	11108133	2014-08-03	152700	A
USGS	11108133	2014-08-04	151500	A
USGS	11108133	2014-08-05	150200	A
USGS	11108133	2014-08-06	149600	A
USGS	11108133	2014-08-07	152500	A
USGS	11108133	2014-08-08	153700	A
USGS	11108133	2014-08-09	152400	A
USGS	11108133	2014-08-10	151200	A
USGS	11108133	2014-08-11	150000	A
USGS	11108133	2014-08-12	148800	A
USGS	11108133	2014-08-13	147600	A
USGS	11108133	2014-08-14	146400	A
USGS	11108133	2014-08-15	147300	A
USGS	11108133	2014-08-16	145000	A
USGS	11108133	2014-08-17	144000	A
USGS	11108133	2014-08-18	145000	A
USGS	11108133	2014-08-19	144500	A
USGS	11108133	2014-08-20	142500	A
USGS	11108133	2014-08-21	141900	A
USGS	11108133	2014-08-22	141100	A
USGS	11108133	2014-08-23	140000	A
USGS	11108133	2014-08-24	138400	A
USGS	11108133	2014-08-25	140500	A
USGS	11108133	2014-08-26	138700	A
USGS	11108133	2014-08-27	137800	A
USGS	11108133	2014-08-28	137000	A
USGS	11108133	2014-08-29	135900	A
USGS	11108133	2014-08-30	134800	A
USGS	11108133	2014-08-31	134100	A
USGS	11108133	2014-09-01	133200	A
USGS	11108133	2014-09-02	132200	A
USGS	11108133	2014-09-03	131300	A
USGS	11108133	2014-09-04	130400	A
USGS	11108133	2014-09-05	129500	A:e
USGS	11108133	2014-09-06	128600	A:e
USGS	11108133	2014-09-07	127900	A:e
USGS	11108133	2014-09-08	127400	A:e
USGS	11108133	2014-09-09	126800	A:e
USGS	11108133	2014-09-10	127000	A:e
USGS	11108133	2014-09-11	126600	A:e
USGS	11108133	2014-09-12	125500	A:e
USGS	11108133	2014-09-13	124600	A:e
USGS	11108133	2014-09-14	124200	A:e
USGS	11108133	2014-09-15	123500	A:e
USGS	11108133	2014-09-16	122500	A:e
USGS	11108133	2014-09-17	121600	A:e
USGS	11108133	2014-09-18	122200	A:e
USGS	11108133	2014-09-19	121100	A:e
USGS	11108133	2014-09-20	120200	A:e
USGS	11108133	2014-09-21	118300	A:e
USGS	11108133	2014-09-22	117000	A:e
USGS	11108133	2014-09-23	116400	A:e
USGS	11108133	2014-09-24	116000	A:e
USGS	11108133	2014-09-25	114400	A:e
USGS	11108133	2014-09-26	113700	A:e
USGS	11108133	2014-09-27	112500	A:e
USGS	11108133	2014-09-28	111400	A:e
USGS	11108133	2014-09-29	110200	A:e
USGS	11108133	2014-09-30	108500	A:e
USGS	11108133	2014-10-01	108700	A:e
USGS	11108133	2014-10-02	108000	A:e
USGS	11108133	2014-10-03	107500	A:e
USGS	11108133	2014-10-04	106500	A:e
USGS	11108133	2014-10-05	103300	A:e
USGS	11108133	2014-10-06	103200	A:e
USGS	11108133	2014-10-07	101500	A:e
USGS	11108133	2014-10-08	100800	A:e
USGS	11108133	2014-10-09	100300	A:e
USGS	11108133	2014-10-10	99940	A:e
USGS	11108133	2014-10-11	98390	A:e
USGS	11108133	2014-10-12	97210	A:e
USGS	11108133	2014-10-13	96040	A:e
USGS	11108133	2014-10-14	94870	A:e
USGS	11108133	2014-10-15	97920	A:e
USGS	11108133	2014-10-16	99020	A:e
USGS	11108133	2014-10-17	97210	A:e
USGS	11108133	2014-10-18	97210	A:e
USGS	11108133	2014-10-19	95860	A:e
USGS	11108133	2014-10-20	94470	A:e
USGS	11108133	2014-10-21	95220	A:e
USGS	11108133	2014-10-22	96790	A:e
USGS	11108133	2014-10-23	98870	A:e
USGS	11108133	2014-10-24	97800	A:e
USGS	11108133	2014-10-25	96740	A:e
USGS	11108133	2014-10-26	95420	A:e
USGS	11108133	2014-10-27	94000	A:e
USGS	11108133	2014-10-28	93580	A:e
USGS	11108133	2014-10-29	94760	A:e
USGS	11108133	2014-10-30	97210	A:e
USGS	11108133	2014-10-31	98390	A:e
USGS	11108133	2014-11-01	96270	A:e
USGS	11108133	2014-11-02	95810	A:e
USGS	11108133	2014-11-03	94290	A:e
USGS	11108133	2014-11-04	93720	A:e
USGS	11108133	2014-11-05	95690	A:e
USGS	11108133	2014-11-06	96040	A:e
USGS	11108133	2014-11-07	98160	A:e
USGS	11108133	2014-11-08	97210	A:e
USGS	11108133	2014-11-09	96270	A:e
USGS	11108133	2014-11-10	95810	A:e
USGS	11108133	2014-11-11	95220	A:e
USGS	11108133	2014-11-12	96160	A:e
USGS	11108133	2014-11-13	97210	A:e
USGS	11108133	2014-11-14	96040	A:e
USGS	11108133	2014-11-15	94990	A:e
USGS	11108133	2014-11-16	95340	A:e
USGS	11108133	2014-11-17	94060	A:e
USGS	11108133	2014-11-18	93720	A:e
USGS	11108133	2014-11-19	93720	A:e
USGS	11108133	2014-11-20	96040	A:e
USGS	11108133	2014-11-21	97210	A:e
USGS	11108133	2014-11-22	95460	A:e
USGS	11108133	2014-11-23	94410	A:e
USGS	11108133	2014-11-24	95460	A:e
USGS	11108133	2014-11-25	97980	A:e
USGS	11108133	2014-11-26	99580	A:e
USGS	11108133	2014-11-27	100500	A:e
USGS	11108133	2014-11-28	100800	A:e
USGS	11108133	2014-11-29	100400	A:e
USGS	11108133	2014-11-30	98390	A:e
USGS	11108133	2014-12-01	97210	A:e
USGS	11108133	2014-12-02	97210	A:e
USGS	11108133	2014-12-03	100500	A:e
USGS	11108133	2014-12-04	102000	A:e
USGS	11108133	2014-12-05	103200	A:e
USGS	11108133	2014-12-06	102000	A:e
USGS	11108133	2014-12-07	101700	A:e
USGS	11108133	2014-12-08	100800	A:e
USGS	11108133	2014-12-09	100800	A:e
USGS	11108133	2014-12-10	103300	A:e
USGS	11108133	2014-12-11	107400	A:e
USGS	11108133	2014-12-12	108100	A:e
USGS	11108133	2014-12-13	112900	A:e
USGS	11108133	2014-12-14	112800	A:e
USGS	11108133	2014-12-15	111800	A:e
USGS	11108133	2014-12-16	110700	A:e
USGS	11108133	2014-12-17	115000	A:e
USGS	11108133	2014-12-18	114200	A:e
USGS	11108133	2014-12-19	113300	A:e
USGS	11108133	2014-12-20	115700	A:e
USGS	11108133	2014-12-21	116500	A:e
USGS	11108133	2014-12-22	116400	A:e
USGS	11108133	2014-12-23	116000	A:e
USGS	11108133	2014-12-24	117700	A:e
USGS	11108133	2014-12-25	118700	A:e
USGS	11108133	2014-12-26	118500	A:e
USGS	11108133	2014-12-27	119400	A:e
USGS	11108133	2014-12-28	118300	A:e
USGS	11108133	2014-12-29	116400	A:e
USGS	11108133	2014-12-30	117000	A:e
USGS	11108133	2014-12-31	119400	A:e
USGS	11108133	2015-01-01	120200	A:e
USGS	11108133	2015-01-02	120200	A:e
USGS	11108133	2015-01-03	121000	A:e
USGS	11108133	2015-01-04	118300	A:e
USGS	11108133	2015-01-05	117800	A:e
USGS	11108133	2015-01-06	115700	A:e
USGS	11108133	2015-01-07	119800	A:e
USGS	11108133	2015-01-08	119200	A:e
USGS	11108133	2015-01-09	118500	A:e
USGS	11108133	2015-01-10	116600	A:e
USGS	11108133	2015-01-11	116400	A:e
USGS	11108133	2015-01-12	114800	A:e
USGS	11108133	2015-01-13	113800	A:e
USGS	11108133	2015-01-14	113800	A:e
USGS	11108133	2015-01-15	116600	A:e
USGS	11108133	2015-01-16	116000	A:e
USGS	11108133	2015-01-17	115700	A:e
USGS	11108133	2015-01-18	114200	A:e
USGS	11108133	2015-01-19	113300	A:e
USGS	11108133	2015-01-20	112500	A:e
USGS	11108133	2015-01-21	115700	A:e
USGS	11108133	2015-01-22	117900	A:e
USGS	11108133	2015-01-23	118300	A:e
USGS	11108133	2015-01-24	117400	A:e
USGS	11108133	2015-01-25	116500	A:e
USGS	11108133	2015-01-26	115300	A:e
USGS	11108133	2015-01-27	114300	A:e
USGS	11108133	2015-01-28	114400	A:e
USGS	11108133	2015-01-29	115700	A:e
USGS	11108133	2015-01-30	113200	A:e
USGS	11108133	2015-01-31	114100	A:e
USGS	11108133	2015-02-01	111600	A:e
USGS	11108133	2015-02-02	110800	A:e
USGS	11108133	2015-02-03	111300	A:e
USGS	11108133	2015-02-04	113800	A:e
USGS	11108133	2015-02-05	114400	A:e
USGS	11108133	2015-02-06	114200	A:e
USGS	11108133	2015-02-07	113900	A:e
USGS	11108133	2015-02-08	111800	A:e
USGS	11108133	2015-02-09	111400	A:e
USGS	11108133	2015-02-10	111600	A:e
USGS	11108133	2015-02-11	113900	A:e
USGS	11108133	2015-02-12	113300	A:e
USGS	11108133	2015-02-13	112900	A:e
USGS	11108133	2015-02-14	112400	A:e
USGS	11108133	2015-02-15	110500	A:e
USGS	11108133	2015-02-16	109500	A:e
USGS	11108133	2015-02-17	108400	A:e
USGS	11108133	2015-02-18	107900	A:e
USGS	11108133	2015-02-19	106600	A:e
USGS	11108133	2015-02-20	106800	A:e
USGS	11108133	2015-02-21	104900	A:e
USGS	11108133	2015-02-22	104200	A:e
USGS	11108133	2015-02-23	102600	A:e
USGS	11108133	2015-02-24	101700	A:e
USGS	11108133	2015-02-25	100200	A:e
USGS	11108133	2015-02-26	99580	A:e
USGS	11108133	2015-02-27	98750	A:e
USGS	11108133	2015-02-28	98390	A:e
USGS	11108133	2015-03-01	97210	A:e
USGS	11108133	2015-03-02	96620	A:e
USGS	11108133	2015-03-03	96160	A:e
USGS	11108133	2015-03-04	99460	A:e
USGS	11108133	2015-03-05	100200	A:e
USGS	11108133	2015-03-06	99580	A:e
USGS	11108133	2015-03-07	98390	A:e
USGS	11108133	2015-03-08	97100	A:e
USGS	11108133	2015-03-09	96270	A:e
USGS	11108133	2015-03-10	95810	A:e
USGS	11108133	2015-03-11	95570	A:e
USGS	11108133	2015-03-12	96620	A:e
USGS	11108133	2015-03-13	96040	A:e
USGS	11108133	2015-03-14	94640	A:e
USGS	11108133	2015-03-15	93370	A:e
USGS	11108133	2015-03-16	91310	A:e
USGS	11108133	2015-03-17	90400	A:e
USGS	11108133	2015-03-18	91760	A:e
USGS	11108133	2015-03-19	92570	A:e
USGS	11108133	2015-03-20	93020	A:e
USGS	11108133	2015-03-21	92450	A:e
USGS	11108133	2015-03-22	92360	A:e
USGS	11108133	2015-03-23	91650	A:e
USGS	11108133	2015-03-24	90290	A:e
USGS	11108133	2015-03-25	92570	A:e
USGS	11108133	2015-03-26	92570	A:e
USGS	11108133	2015-03-27	95810	A:e
USGS	11108133	2015-03-28	94480	A:e
USGS	11108133	2015-03-29	92110	A:e
USGS	11108133	2015-03-30	91200	A:e
USGS	11108133	2015-03-31	93260	A:e
USGS	11108133	2015-04-01	95110	A:e
USGS	11108133	2015-04-02	96270	A:e
USGS	11108133	2015-04-03	96390	A:e
USGS	11108133	2015-04-04	95220	A:e
USGS	11108133	2015-04-05	93480	A:e
USGS	11108133	2015-04-06	92450	A:e
USGS	11108133	2015-04-07	91420	A:e
USGS	11108133	2015-04-08	93140	A:e
USGS	11108133	2015-04-09	96040	A:e
USGS	11108133	2015-04-10	96980	A:e
USGS	11108133	2015-04-11	95810	A:e
USGS	11108133	2015-04-12	95570	A:e
USGS	11108133	2015-04-13	95570	A:e
USGS	11108133	2015-04-14	92340	A:e
USGS	11108133	2015-04-15	95460	A:e
USGS	11108133	2015-04-16	97800	A:e
USGS	11108133	2015-04-17	97800	A:e
USGS	11108133	2015-04-18	97570	A:e
USGS	11108133	2015-04-19	95220	A:e
USGS	11108133	2015-04-20	93950	A:e
USGS	11108133	2015-04-21	92910	A:e
USGS	11108133	2015-04-22	95340	A:e
USGS	11108133	2015-04-23	97680	A:e
USGS	11108133	2015-04-24	98390	A:e
USGS	11108133	2015-04-25	97210	A:e
USGS	11108133	2015-04-26	95920	A:e
USGS	11108133	2015-04-27	95110	A:e
USGS	11108133	2015-04-28	96270	A:e
USGS	11108133	2015-04-29	98870	A:e
USGS	11108133	2015-04-30	100100	A:e
USGS	11108133	2015-05-01	100500	A:e
USGS	11108133	2015-05-02	99760	A:e
USGS	11108133	2015-05-03	98480	A:e
USGS	11108133	2015-05-04	98660	A:e
USGS	11108133	2015-05-05	101000	A:e
USGS	11108133	2015-05-06	102400	A:e
USGS	11108133	2015-05-07	103400	A:e
USGS	11108133	2015-05-08	105300	A:e
USGS	11108133	2015-05-09	107500	A:e
USGS	11108133	2015-05-10	104900	A:e
USGS	11108133	2015-05-11	106200	A:e
USGS	11108133	2015-05-12	108400	A:e
USGS	11108133	2015-05-13	109800	A:e
USGS	11108133	2015-05-14	111800	A:e
USGS	11108133	2015-05-15	109900	A:e
USGS	11108133	2015-05-16	108800	A:e
USGS	11108133	2015-05-17	108300	A:e
USGS	11108133	2015-05-18	108600	A:e
USGS	11108133	2015-05-19	112400	A:e
USGS	11108133	2015-05-20	113100	A:e
USGS	11108133	2015-05-21	113500	A:e
USGS	11108133	2015-05-22	112700	A:e
USGS	11108133	2015-05-23	110500	A:e
USGS	11108133	2015-05-24	109600	A:e
USGS	11108133	2015-05-25	109600	A:e
USGS	11108133	2015-05-26	112100	A:e
USGS	11108133	2015-05-27	113000	A:e
USGS	11108133	2015-05-28	113800	A:e
USGS	11108133	2015-05-29	113400	A:e
USGS	11108133	2015-05-30	112200	A:e
USGS	11108133	2015-05-31	111000	A:e
USGS	11108133	2015-06-01	111300	A:e
USGS	11108133	2015-06-02	112400	A:e
USGS	11108133	2015-06-03	113200	A:e
USGS	11108133	2015-06-04	113500	A:e
USGS	11108133	2015-06-05	113800	A:e
USGS	11108133	2015-06-06	113500	A:e
USGS	11108133	2015-06-07	111600	A:e
USGS	11108133	2015-06-08	110500	A:e
USGS	11108133	2015-06-09	110600	A:e
USGS	11108133	2015-06-10	112400	A:e
USGS	11108133	2015-06-11	113300	A:e
USGS	11108133	2015-06-12	112500	A:e
USGS	11108133	2015-06-13	111500	A:e
USGS	11108133	2015-06-14	109000	A:e
USGS	11108133	2015-06-15	108100	A:e
USGS	11108133	2015-06-16	107900	A:e
USGS	11108133	2015-06-17	110000	A:e
USGS	11108133	2015-06-18	110900	A:e
USGS	11108133	2015-06-19	111900	A:e
USGS	11108133	2015-06-20	110600	A:e
USGS	11108133	2015-06-21	108000	A:e
USGS	11108133	2015-06-22	107900	A:e
USGS	11108133	2015-06-23	108700	A:e
USGS	11108133	2015-06-24	110600	A:e
USGS	11108133	2015-06-25	111900	A:e
USGS	11108133	2015-06-26	112300	A:e
USGS	11108133	2015-06-27	111800	A:e
USGS	11108133	2015-06-28	110200	A:e
USGS	11108133	2015-06-29	109200	A:e
USGS	11108133	2015-06-30	110500	A:e
USGS	11108133	2015-07-01	111400	A:e
USGS	11108133	2015-07-02	113000	A:e
USGS	11108133	2015-07-03	114400	A:e
USGS	11108133	2015-07-04	115600	A:e
USGS	11108133	2015-07-05	116400	A:e
USGS	11108133	2015-07-06	116000	A:e
USGS	11108133	2015-07-07	118100	A:e
USGS	11108133	2015-07-08	119800	A:e
USGS	11108133	2015-07-09	121100	A:e
USGS	11108133	2015-07-10	123100	A:e
USGS	11108133	2015-07-11	123600	A:e
USGS	11108133	2015-07-12	122000	A:e
USGS	11108133	2015-07-13	121100	A:e
USGS	11108133	2015-07-14	120800	A:e
USGS	11108133	2015-07-15	123500	A:e
USGS	11108133	2015-07-16	124800	A:e
USGS	11108133	2015-07-17	125500	A:e
USGS	11108133	2015-07-18	125000	A:e
USGS	11108133	2015-07-19	123900	A:e
USGS	11108133	2015-07-20	122800	A:e
USGS	11108133	2015-07-21	122000	A:e
USGS	11108133	2015-07-22	125200	A:e
USGS	11108133	2015-07-23	126800	A:e
USGS	11108133	2015-07-24	127700	A:e
USGS	11108133	2015-07-25	126700	A:e
USGS	11108133	2015-07-26	125000	A:e
USGS	11108133	2015-07-27	123900	A:e
USGS	11108133	2015-07-28	123100	A:e
USGS	11108133	2015-07-29	125000	A:e
USGS	11108133	2015-07-30	126200	A:e
USGS	11108133	2015-07-31	127100	A:e
USGS	11108133	2015-08-01	126200	A:e
USGS	11108133	2015-08-02	125000	A:e
USGS	11108133	2015-08-03	123800	A:e
USGS	11108133	2015-08-04	123600	A:e
USGS	11108133	2015-08-05	125800	A:e
USGS	11108133	2015-08-06	126800	A:e
USGS	11108133	2015-08-07	126800	A:e
USGS	11108133	2015-08-08	126200	A:e
USGS	11108133	2015-08-09	124700	A:e
USGS	11108133	2015-08-10	124200	A:e
USGS	11108133	2015-08-11	126000	A:e
USGS	11108133	2015-08-12	126800	A:e
USGS	11108133	2015-08-13	127400	A:e
USGS	11108133	2015-08-14	127000	A:e
USGS	11108133	2015-08-15	125900	A:e
USGS	11108133	2015-08-16	124600	A:e
USGS	11108133	2015-08-17	123900	A:e
USGS	11108133	2015-08-18	126700	A:e
USGS	11108133	2015-08-19	125600	A:e
USGS	11108133	2015-08-20	125200	A:e
USGS	11108133	2015-08-21	123900	A:e
USGS	11108133	2015-08-22	122500	A:e
USGS	11108133	2015-08-23	121400	A:e
USGS	11108133	2015-08-24	120800	A:e
USGS	11108133	2015-08-25	122700	A:e
USGS	11108133	2015-08-26	123100	A:e
USGS	11108133	2015-08-27	123100	A:e
USGS	11108133	2015-08-28	122400	A:e
USGS	11108133	2015-08-29	121200	A:e
USGS	11108133	2015-08-30	119800	A:e
USGS	11108133	2015-08-31	119200	A:e
USGS	11108133	2015-09-01	120600	A:e
USGS	11108133	2015-09-02	120700	A:e
USGS	11108133	2015-09-03	120800	A:e
USGS	11108133	2015-09-04	120700	A:e
USGS	11108133	2015-09-05	118900	A:e
USGS	11108133	2015-09-06	117500	A:e
USGS	11108133	2015-09-07	116400	A:e
USGS	11108133	2015-09-08	115100	A:e
USGS	11108133	2015-09-09	114400	A:e
USGS	11108133	2015-09-10	113800	A:e
USGS	11108133	2015-09-11	114200	A:e
USGS	11108133	2015-09-12	113500	A:e
USGS	11108133	2015-09-13	111900	A:e
USGS	11108133	2015-09-14	111600	A:e
USGS	11108133	2015-09-15	117200	A:e
USGS	11108133	2015-09-16	122800	A:e
USGS	11108133	2015-09-17	126000	A:e
USGS	11108133	2015-09-18	125000	A:e
USGS	11108133	2015-09-19	124100	A:e
USGS	11108133	2015-09-20	123200	A:e
USGS	11108133	2015-09-21	121000	A:e
USGS	11108133	2015-09-22	121200	A:e
USGS	11108133	2015-09-23	120300	A:e
USGS	11108133	2015-09-24	121200	A:e
USGS	11108133	2015-09-25	120200	A:e
USGS	11108133	2015-09-26	119200	A:e
USGS	11108133	2015-09-27	117900	A:e
USGS	11108133	2015-09-28	116800	A:e
USGS	11108133	2015-09-29	115600	A:e
USGS	11108133	2015-09-30	114400	A:e
USGS	11108133	2015-10-01	114300	A:e
USGS	11108133	2015-10-02	112500	A:e
USGS	11108133	2015-10-03	110600	A:e
USGS	11108133	2015-10-04	109400	A:e
USGS	11108133	2015-10-05	108100	A:e
USGS	11108133	2015-10-06	107400	A:e
USGS	11108133	2015-10-07	106900	A:e
USGS	11108133	2015-10-08	109100	A:e
USGS	11108133	2015-10-09	109400	A:e
USGS	11108133	2015-10-10	108300	A:e
USGS	11108133	2015-10-11	106800	A:e
USGS	11108133	2015-10-12	105600	A:e
USGS	11108133	2015-10-13	104400	A:e
USGS	11108133	2015-10-14	103100	A:e
USGS	11108133	2015-10-15	101500	A:e
USGS	11108133	2015-10-16	100900	A:e
USGS	11108133	2015-10-17	99580	A:e
USGS	11108133	2015-10-18	98160	A:e
USGS	11108133	2015-10-19	97330	A:e
USGS	11108133	2015-10-20	99700	A:e
USGS	11108133	2015-10-21	101100	A:e
USGS	11108133	2015-10-22	102100	A:e
USGS	11108133	2015-10-23	103000	A:e
USGS	11108133	2015-10-24	100800	A:e
USGS	11108133	2015-10-25	100400	A:e
USGS	11108133	2015-10-26	100300	A:e
USGS	11108133	2015-10-27	101700	A:e
USGS	11108133	2015-10-28	102200	A:e
USGS	11108133	2015-10-29	104000	A:e
USGS	11108133	2015-10-30	104000	A:e
USGS	11108133	2015-10-31	104200	A:e
USGS	11108133	2015-11-01	103400	A:e
USGS	11108133	2015-11-02	102000	A:e
USGS	11108133	2015-11-03	104200	A:e
USGS	11108133	2015-11-04	104400	A:e
USGS	11108133	2015-11-05	106100	A:e
USGS	11108133	2015-11-06	107000	A:e
USGS	11108133	2015-11-07	107000	A:e
USGS	11108133	2015-11-08	105900	A:e
USGS	11108133	2015-11-09	104700	A:e
USGS	11108133	2015-11-10	104400	A:e
USGS	11108133	2015-11-11	106300	A:e
USGS	11108133	2015-11-12	108000	A:e
USGS	11108133	2015-11-13	107600	A:e
USGS	11108133	2015-11-14	105400	A:e
USGS	11108133	2015-11-15	105300	A:e
USGS	11108133	2015-11-16	104400	A:e
USGS	11108133	2015-11-17	103200	A:e
USGS	11108133	2015-11-18	106800	A:e
USGS	11108133	2015-11-19	107900	A:e
USGS	11108133	2015-11-20	108500	A:e
USGS	11108133	2015-11-21	106900	A:e
USGS	11108133	2015-11-22	106900	A:e
USGS	11108133	2015-11-23	105100	A:e
USGS	11108133	2015-11-24	104700	A:e
USGS	11108133	2015-11-25	107500	A:e
USGS	11108133	2015-11-26	109900	A:e
USGS	11108133	2015-11-27	110600	A:e
USGS	11108133	2015-11-28	110600	A:e
USGS	11108133	2015-11-29	109900	A:e
USGS	11108133	2015-11-30	108100	A:e
USGS	11108133	2015-12-01	111500	A:e
USGS	11108133	2015-12-02	112700	A:e
USGS	11108133	2015-12-03	112900	A:e
USGS	11108133	2015-12-04	113000	A:e
USGS	11108133	2015-12-05	113300	A:e
USGS	11108133	2015-12-06	112500	A:e
USGS	11108133	2015-12-07	112000	A:e
USGS	11108133	2015-12-08	113200	A:e
USGS	11108133	2015-12-09	114200	A:e
USGS	11108133	2015-12-10	115100	A:e
USGS	11108133	2015-12-11	116000	A:e
USGS	11108133	2015-12-12	115700	A:e
USGS	11108133	2015-12-13	113900	A:e
USGS	11108133	2015-12-14	113900	A:e
USGS	11108133	2015-12-15	114800	A:e
USGS	11108133	2015-12-16	118900	A:e
USGS	11108133	2015-12-17	121100	A:e
USGS	11108133	2015-12-18	122800	A:e
USGS	11108133	2015-12-19	124300	A:e
USGS	11108133	2015-12-20	122800	A:e
USGS	11108133	2015-12-21	121800	A:e
USGS	11108133	2015-12-22	122000	A:e
USGS	11108133	2015-12-23	125400	A:e
USGS	11108133	2015-12-24	127400	A:e
USGS	11108133	2015-12-25	128200	A:e
USGS	11108133	2015-12-26	127300	A:e
USGS	11108133	2015-12-27	127500	A:e
USGS	11108133	2015-12-28	125400	A:e
USGS	11108133	2015-12-29	125500	A:e
USGS	11108133	2015-12-30	128600	A:e
USGS	11108133	2015-12-31	130000	A:e
USGS	11108133	2016-01-01	131600	A:e
USGS	11108133	2016-01-02	130400	A:e
USGS	11108133	2016-01-03	128200	A:e
USGS	11108133	2016-01-04	127900	A:e
USGS	11108133	2016-01-05	127400	A:e
USGS	11108133	2016-01-06	129500	A:e
USGS	11108133	2016-01-07	128800	A:e
USGS	11108133	2016-01-08	127900	A:e
USGS	11108133	2016-01-09	126700	A:e
USGS	11108133	2016-01-10	125800	A:e
USGS	11108133	2016-01-11	125200	A:e
USGS	11108133	2016-01-12	124300	A:e
USGS	11108133	2016-01-13	123800	A:e
USGS	11108133	2016-01-14	123100	A:e
USGS	11108133	2016-01-15	122400	A:e
USGS	11108133	2016-01-16	121800	A:e
USGS	11108133	2016-01-17	121100	A:e
USGS	11108133	2016-01-18	120300	A:e
USGS	11108133	2016-01-19	119800	A:e
USGS	11108133	2016-01-20	119900	A:e
USGS	11108133	2016-01-21	118500	A:e
USGS	11108133	2016-01-22	117900	A:e
USGS	11108133	2016-01-23	117500	A:e
USGS	11108133	2016-01-24	116600	A:e
USGS	11108133	2016-01-25	115700	A:e
USGS	11108133	2016-01-26	114800	A:e
USGS	11108133	2016-01-27	113900	A:e
USGS	11108133	2016-01-28	113700	A:e
USGS	11108133	2016-01-29	112700	A:e
USGS	11108133	2016-01-30	97980	A:e
USGS	11108133	2016-01-31	111000	A:e
USGS	11108133	2016-02-01	110500	A:e
USGS	11108133	2016-02-02	110000	A:e
USGS	11108133	2016-02-03	110500	A:e
USGS	11108133	2016-02-04	109100	A:e
USGS	11108133	2016-02-05	108700	A:e
USGS	11108133	2016-02-06	108000	A:e
USGS	11108133	2016-02-07	107200	A:e
USGS	11108133	2016-02-08	106000	A:e
USGS	11108133	2016-02-09	104900	A:e
USGS	11108133	2016-02-10	103700	A:e
USGS	11108133	2016-02-11	102500	A:e
USGS	11108133	2016-02-12	101600	A:e
USGS	11108133	2016-02-13	100400	A:e
USGS	11108133	2016-02-14	99460	A:e
USGS	11108133	2016-02-15	98390	A:e
USGS	11108133	2016-02-16	97210	A:e
USGS	11108133	2016-02-17	96160	A:e
USGS	11108133	2016-02-18	94870	A:e
USGS	11108133	2016-02-19	94060	A:e
USGS	11108133	2016-02-20	92570	A:e
USGS	11108133	2016-02-21	91990	A:e
USGS	11108133	2016-02-22	90740	A:e
USGS	11108133	2016-02-23	89690	A:e
USGS	11108133	2016-02-24	88820	A:e
USGS	11108133	2016-02-25	87200	A:e
USGS	11108133	2016-02-26	85990	A:e
USGS	11108133	2016-02-27	84730	A:e
USGS	11108133	2016-02-28	83210	A:e
USGS	11108133	2016-02-29	84080	A:e
USGS	11108133	2016-03-01	89720	A:e
USGS	11108133	2016-03-02	92340	A:e
USGS	11108133	2016-03-03	90860	A:e
USGS	11108133	2016-03-04	89160	A:e
USGS	11108133	2016-03-05	92570	A:e
USGS	11108133	2016-03-06	91200	A:e
USGS	11108133	2016-03-07	90520	A:e
USGS	11108133	2016-03-08	96040	A:e
USGS	11108133	2016-03-09	104400	A:e
USGS	11108133	2016-03-10	103300	A:e
USGS	11108133	2016-03-11	102300	A:e
USGS	11108133	2016-03-12	101400	A:e
USGS	11108133	2016-03-13	100100	A:e
USGS	11108133	2016-03-14	100200	A:e
USGS	11108133	2016-03-15	104000	A:e
USGS	11108133	2016-03-16	107500	A:e
USGS	11108133	2016-03-17	110900	A:e
USGS	11108133	2016-03-18	113700	A:e
USGS	11108133	2016-03-19	116400	A:e
USGS	11108133	2016-03-20	115900	A:e
USGS	11108133	2016-03-21	116000	A:e
USGS	11108133	2016-03-22	118700	A:e
USGS	11108133	2016-03-23	121600	A:e
USGS	11108133	2016-03-24	124300	A:e
USGS	11108133	2016-03-25	126600	A:e
USGS	11108133	2016-03-26	128800	A:e
USGS	11108133	2016-03-27	127900	A:e
USGS	11108133	2016-03-28	127800	A:e
USGS	11108133	2016-03-29	129800	A:e
USGS	11108133	2016-03-30	132600	A:e
USGS	11108133	2016-03-31	133600	A:e
USGS	11108133	2016-04-01	133900	A:e
USGS	11108133	2016-04-02	133000	A:e
USGS	11108133	2016-04-03	131700	A:e
USGS	11108133	2016-04-04	131500	A:e
USGS	11108133	2016-04-05	135000	A:e
USGS	11108133	2016-04-06	137800	A:e
USGS	11108133	2016-04-07	139300	A:e
USGS	11108133	2016-04-08	139300	A:e
USGS	11108133	2016-04-09	139300	A:e
USGS	11108133	2016-04-10	139600	A:e
USGS	11108133	2016-04-11	139600	A:e
USGS	11108133	2016-04-12	142500	A:e
USGS	11108133	2016-04-13	143800	A:e
USGS	11108133	2016-04-14	144100	A:e
USGS	11108133	2016-04-15	143100	A:e
USGS	11108133	2016-04-16	143100	A:e
USGS	11108133	2016-04-17	141600	A:e
USGS	11108133	2016-04-18	141100	A:e
USGS	11108133	2016-04-19	145500	A:e
USGS	11108133	2016-04-20	148600	A:e
USGS	11108133	2016-04-21	151900	A:e
USGS	11108133	2016-04-22	155300	A:e
USGS	11108133	2016-04-23	157000	A:e
USGS	11108133	2016-04-24	161800	A:e
USGS	11108133	2016-04-25	164300	A:e
USGS	11108133	2016-04-26	173200	A:e
USGS	11108133	2016-04-27	174000	A:e
USGS	11108133	2016-04-28	172900	A:e
USGS	11108133	2016-04-29	172900	A:e
USGS	11108133	2016-04-30	184400	A:e
USGS	11108133	2016-05-01	177900	A:e
USGS	11108133	2016-05-02	176800	A:e
USGS	11108133	2016-05-03	175600	A:e
USGS	11108133	2016-05-04	174000	A:e
USGS	11108133	2016-05-05	174800	A:e
USGS	11108133	2016-05-06	194900	A:e
USGS	11108133	2016-05-07	179500	A:e
USGS	11108133	2016-05-08	178500	A:e
USGS	11108133	2016-05-09	179500	A:e
USGS	11108133	2016-05-10	182500	A:e
USGS	11108133	2016-05-11	185400	A:e
USGS	11108133	2016-05-12	188200	A:e
USGS	11108133	2016-05-13	190600	A:e
USGS	11108133	2016-05-14	191500	A:e
USGS	11108133	2016-05-15	190500	A:e
USGS	11108133	2016-05-16	192100	A:e
USGS	11108133	2016-05-17	195200	A:e
USGS	11108133	2016-05-18	198100	A:e
USGS	11108133	2016-05-19	201100	A:e
USGS	11108133	2016-05-20	204000	A:e
USGS	11108133	2016-05-21	204600	A:e
USGS	11108133	2016-05-22	203800	A:e
USGS	11108133	2016-05-23	202600	A:e
USGS	11108133	2016-05-24	201600	A:e
USGS	11108133	2016-05-25	203100	A:e
USGS	11108133	2016-05-26	205200	A:e
USGS	11108133	2016-05-27	205900	A:e
USGS	11108133	2016-05-28	204800	A:e
USGS	11108133	2016-05-29	203900	A:e
USGS	11108133	2016-05-30	202800	A:e
USGS	11108133	2016-05-31	203900	A:e
USGS	11108133	2016-06-01	206900	A:e
USGS	11108133	2016-06-02	212800	A:e
USGS	11108133	2016-06-03	209300	A:e
USGS	11108133	2016-06-04	208200	A:e
USGS	11108133	2016-06-05	207000	A:e
USGS	11108133	2016-06-06	205800	A:e
USGS	11108133	2016-06-07	207500	A:e
USGS	11108133	2016-06-08	209800	A:e
USGS	11108133	2016-06-09	212800	A:e
USGS	11108133	2016-06-10	213600	A:e
USGS	11108133	2016-06-11	211700	A:e
USGS	11108133	2016-06-12	211700	A:e
USGS	11108133	2016-06-13	211200	A:e
USGS	11108133	2016-06-14	215000	A:e
USGS	11108133	2016-06-15	218600	A:e
USGS	11108133	2016-06-16	221700	A:e
USGS	11108133	2016-06-17	223700	A:e
USGS	11108133	2016-06-18	225700	A:e
USGS	11108133	2016-06-19	224400	A:e
USGS	11108133	2016-06-20	226200	A:e
USGS	11108133	2016-06-21	229500	A:e
USGS	11108133	2016-06-22	232500	A:e
USGS	11108133	2016-06-23	234600	A:e
USGS	11108133	2016-06-24	236600	A:e
USGS	11108133	2016-06-25	237100	A:e
USGS	11108133	2016-06-26	236400	A:e
USGS	11108133	2016-06-27	237900	A:e
USGS	11108133	2016-06-28	241000	A:e
USGS	11108133	2016-06-29	243800	A:e
USGS	11108133	2016-06-30	246300	A:e
USGS	11108133	2016-07-01	248700	A:e
USGS	11108133	2016-07-02	250000	A:e
USGS	11108133	2016-07-03	249100	A:e
USGS	11108133	2016-07-04	248600	A:e
USGS	11108133	2016-07-05	253800	A:e
USGS	11108133	2016-07-06	257100	A:e
USGS	11108133	2016-07-07	256200	A:e
USGS	11108133	2016-07-08	255200	A:e
USGS	11108133	2016-07-09	254400	A:e
USGS	11108133	2016-07-10	253300	A:e
USGS	11108133	2016-07-11	252600	A:e
USGS	11108133	2016-07-12	251500	A:e
USGS	11108133	2016-07-13	252700	A:e
USGS	11108133	2016-07-14	253900	A:e
USGS	11108133	2016-07-15	254700	A:e
USGS	11108133	2016-07-16	253900	A:e
USGS	11108133	2016-07-17	253100	A:e
USGS	11108133	2016-07-18	252000	A:e
USGS	11108133	2016-07-19	252400	A:e
USGS	11108133	2016-07-20	252300	A:e
USGS	11108133	2016-07-21	251000	A:e
USGS	11108133	2016-07-22	249900	A:e
USGS	11108133	2016-07-23	249100	A:e
USGS	11108133	2016-07-24	248000	A:e
USGS	11108133	2016-07-25	247100	A:e
USGS	11108133	2016-07-26	248400	A:e
USGS	11108133	2016-07-27	249800	A:e
USGS	11108133	2016-07-28	250200	A:e
USGS	11108133	2016-07-29	243600	A:e
USGS	11108133	2016-07-30	248700	A:e
USGS	11108133	2016-07-31	247800	A:e
USGS	11108133	2016-08-01	246600	A:e
USGS	11108133	2016-08-02	247700	A:e
USGS	11108133	2016-08-03	249600	A:e
USGS	11108133	2016-08-04	250600	A:e
USGS	11108133	2016-08-05	251300	A:e
USGS	11108133	2016-08-06	250400	A:e
USGS	11108133	2016-08-07	249500	A:e
USGS	11108133	2016-08-08	248400	A:e
USGS	11108133	2016-08-09	249700	A:e
USGS	11108133	2016-08-10	250700	A:e
USGS	11108133	2016-08-11	250500	A:e
USGS	11108133	2016-08-12	250000	A:e
USGS	11108133	2016-08-13	249000	A:e
USGS	11108133	2016-08-14	248000	A:e
USGS	11108133	2016-08-15	246800	A:e
USGS	11108133	2016-08-16	246200	A:e
USGS	11108133	2016-08-17	248500	A:e
USGS	11108133	2016-08-18	249100	A:e
USGS	11108133	2016-08-19	248500	A:e
USGS	11108133	2016-08-20	247400	A:e
USGS	11108133	2016-08-21	246400	A:e
USGS	11108133	2016-08-22	245400	A:e
USGS	11108133	2016-08-23	246100	A:e
USGS	11108133	2016-08-24	246700	A:e
USGS	11108133	2016-08-25	246300	A:e
USGS	11108133	2016-08-26	244900	A:e
USGS	11108133	2016-08-27	244100	A:e
USGS	11108133	2016-08-28	243100	A:e
USGS	11108133	2016-08-29	241700	A:e
USGS	11108133	2016-08-30	242800	A:e
USGS	11108133	2016-08-31	244400	A:e
USGS	11108133	2016-09-01	244300	A:e
USGS	11108133	2016-09-02	243000	A:e
USGS	11108133	2016-09-03	242000	A:e
USGS	11108133	2016-09-04	241000	A:e
USGS	11108133	2016-09-05	239800	A:e
USGS	11108133	2016-09-06	239600	A:e
USGS	11108133	2016-09-07	241000	A:e
USGS	11108133	2016-09-08	241000	A:e
USGS	11108133	2016-09-09	239900	A:e
USGS	11108133	2016-09-10	238900	A:e
USGS	11108133	2016-09-11	237700	A:e
USGS	11108133	2016-09-12	236500	A:e
USGS	11108133	2016-09-13	237800	A:e
USGS	11108133	2016-09-14	239100	A:e
USGS	11108133	2016-09-15	239300	A:e
USGS	11108133	2016-09-16	239000	A:e
USGS	11108133	2016-09-17	237500	A:e
USGS	11108133	2016-09-18	236500	A:e
USGS	11108133	2016-09-19	235400	A:e
USGS	11108133	2016-09-20	236000	A:e
USGS	11108133	2016-09-21	236800	A:e
USGS	11108133	2016-09-22	235300	A:e
USGS	11108133	2016-09-23	234000	A:e
USGS	11108133	2016-09-24	233300	A:e
USGS	11108133	2016-09-25	231600	A:e
USGS	11108133	2016-09-26	230300	A:e
USGS	11108133	2016-09-27	231300	A:e
USGS	11108133	2016-09-28	232600	A:e
USGS	11108133	2016-09-29	233500	A:e
USGS	11108133	2016-09-30	232000	A:e
USGS	11108133	2016-10-01	230100	A
USGS	11108133	2016-10-02	228200	A
USGS	11108133	2016-10-03	226300	A
USGS	11108133	2016-10-04	227100	A
USGS	11108133	2016-10-05	228100	A
USGS	11108133	2016-10-06	228400	A
USGS	11108133	2016-10-07	228600	A
USGS	11108133	2016-10-08	228900	A
USGS	11108133	2016-10-09	227200	A
USGS	11108133	2016-10-10	227300	A
USGS	11108133	2016-10-11	228400	A
USGS	11108133	2016-10-12	229400	A
USGS	11108133	2016-10-13	230700	A
USGS	11108133	2016-10-14	232200	A
USGS	11108133	2016-10-15	231900	A
USGS	11108133	2016-10-16	230200	A
USGS	11108133	2016-10-17	231000	A
USGS	11108133	2016-10-18	233000	A
USGS	11108133	2016-10-19	234700	A
USGS	11108133	2016-10-20	236200	A
USGS	11108133	2016-10-21	237400	A
USGS	11108133	2016-10-22	237500	A
USGS	11108133	2016-10-23	235900	A
USGS	11108133	2016-10-24	234300	A
USGS	11108133	2016-10-25	232600	A
USGS	11108133	2016-10-26	230800	A
USGS	11108133	2016-10-27	231600	A
USGS	11108133	2016-10-28	230600	A
USGS	11108133	2016-10-29	229200	A
USGS	11108133	2016-10-30	227400	A
USGS	11108133	2016-10-31	226200	A
USGS	11108133	2016-11-01	227100	A
USGS	11108133	2016-11-02	229000	A
USGS	11108133	2016-11-03	228500	A
USGS	11108133	2016-11-04	227000	A
USGS	11108133	2016-11-05	225800	A
USGS	11108133	2016-11-06	224000	A
USGS	11108133	2016-11-07	226300	A
USGS	11108133	2016-11-08	231600	A
USGS	11108133	2016-11-09	230900	A
USGS	11108133	2016-11-10	229200	A
USGS	11108133	2016-11-11	227400	A
USGS	11108133	2016-11-12	226200	A
USGS	11108133	2016-11-13	226200	A
USGS	11108133	2016-11-14	225500	A
USGS	11108133	2016-11-15	224200	A
USGS	11108133	2016-11-16	222600	A
USGS	11108133	2016-11-17	221400	A
USGS	11108133	2016-11-18	220200	A
USGS	11108133	2016-11-19	219100	A
USGS	11108133	2016-11-20	217400	A
USGS	11108133	2016-11-21	216100	A
USGS	11108133	2016-11-22	214800	A
USGS	11108133	2016-11-23	213200	A
USGS	11108133	2016-11-24	211800	A
USGS	11108133	2016-11-25	210600	A
USGS	11108133	2016-11-26	209700	A
USGS	11108133	2016-11-27	207900	A
USGS	11108133	2016-11-28	206700	A
USGS	11108133	2016-11-29	205400	A
USGS	11108133	2016-11-30	204200	A
USGS	11108133	2016-12-01	202700	A
USGS	11108133	2016-12-02	201100	A
USGS	11108133	2016-12-03	200200	A
USGS	11108133	2016-12-04	199000	A
USGS	11108133	2016-12-05	197500	A
USGS	11108133	2016-12-06	196000	A
USGS	11108133	2016-12-07	193600	A
USGS	11108133	2016-12-08	192800	A
USGS	11108133	2016-12-09	191300	A
USGS	11108133	2016-12-10	189700	A
USGS	11108133	2016-12-11	188100	A
USGS	11108133	2016-12-12	186700	A
USGS	11108133	2016-12-13	185200	A
USGS	11108133	2016-12-14	183900	A
USGS	11108133	2016-12-15	182400	A
USGS	11108133	2016-12-16	181500	A
USGS	11108133	2016-12-17	180200	A
USGS	11108133	2016-12-18	179000	A
USGS	11108133	2016-12-19	177600	A
USGS	11108133	2016-12-20	176600	A
USGS	11108133	2016-12-21	175200	A
USGS	11108133	2016-12-22	174300	A
USGS	11108133	2016-12-23	173700	A
USGS	11108133	2016-12-24	173000	A
USGS	11108133	2016-12-25	172100	A
USGS	11108133	2016-12-26	171000	A
USGS	11108133	2016-12-27	172700	A
USGS	11108133	2016-12-28	176400	A
USGS	11108133	2016-12-29	179700	A
USGS	11108133	2016-12-30	182200	A
USGS	11108133	2016-12-31	183400	A
USGS	11108133	2017-01-01	182800	A
USGS	11108133	2017-01-02	184700	A
USGS	11108133	2017-01-03	187700	A
USGS	11108133	2017-01-04	190000	A
USGS	11108133	2017-01-05	192300	A
USGS	11108133	2017-01-06	194800	A
USGS	11108133	2017-01-07	196600	A
USGS	11108133	2017-01-08	195600	A
USGS	11108133	2017-01-09	197400	A
USGS	11108133	2017-01-10	200300	A
USGS	11108133	2017-01-11	203400	A
USGS	11108133	2017-01-12	206800	A
USGS	11108133	2017-01-13	210200	A
USGS	11108133	2017-01-14	212900	A
USGS	11108133	2017-01-15	212500	A
USGS	11108133	2017-01-16	213800	A
USGS	11108133	2017-01-17	216800	A
USGS	11108133	2017-01-18	219900	A
USGS	11108133	2017-01-19	222800	A
USGS	11108133	2017-01-20	226400	A
USGS	11108133	2017-01-21	228700	A
USGS	11108133	2017-01-22	231500	A
USGS	11108133	2017-01-23	234500	A
USGS	11108133	2017-01-24	238000	A
USGS	11108133	2017-01-25	241800	A
USGS	11108133	2017-01-26	245700	A
USGS	11108133	2017-01-27	249400	A
USGS	11108133	2017-01-28	253200	A
USGS	11108133	2017-01-29	255500	A
USGS	11108133	2017-01-30	257200	A
USGS	11108133	2017-01-31	260200	A
USGS	11108133	2017-02-01	263600	A
USGS	11108133	2017-02-02	267300	A
USGS	11108133	2017-02-03	271400	A
USGS	11108133	2017-02-04	275200	A
USGS	11108133	2017-02-05	278000	A
USGS	11108133	2017-02-06	280600	A
USGS	11108133	2017-02-07	283000	A
USGS	11108133	2017-02-08	285600	A
USGS	11108133	2017-02-09	288300	A
USGS	11108133	2017-02-10	291200	A
USGS	11108133	2017-02-11	293800	A
USGS	11108133	2017-02-12	295500	A
USGS	11108133	2017-02-13	297500	A
USGS	11108133	2017-02-14	299000	A
USGS	11108133	2017-02-15	300100	A
USGS	11108133	2017-02-16	300700	A
USGS	11108133	2017-02-17	302800	A
USGS	11108133	2017-02-18	303500	A
USGS	11108133	2017-02-19	302100	A
USGS	11108133	2017-02-20	300700	A
USGS	11108133	2017-02-21	301300	A
USGS	11108133	2017-02-22	302600	A
USGS	11108133	2017-02-23	303100	A
USGS	11108133	2017-02-24	302700	A
USGS	11108133	2017-02-25	302200	A
USGS	11108133	2017-02-26	302000	A
USGS	11108133	2017-02-27	301400	A
USGS	11108133	2017-02-28	300900	A
USGS	11108133	2017-03-01	300500	A
USGS	11108133	2017-03-02	299900	A
USGS	11108133	2017-03-03	299400	A
USGS	11108133	2017-03-04	299000	A
USGS	11108133	2017-03-05	298300	A
USGS	11108133	2017-03-06	297800	A
USGS	11108133	2017-03-07	297400	A
USGS	11108133	2017-03-08	298700	A
USGS	11108133	2017-03-09	300200	A
USGS	11108133	2017-03-10	299500	A
USGS	11108133	2017-03-11	298700	A
USGS	11108133	2017-03-12	298000	A
USGS	11108133	2017-03-13	299000	A
USGS	11108133	2017-03-14	300400	A
USGS	11108133	2017-03-15	301600	A
USGS	11108133	2017-03-16	302000	A
USGS	11108133	2017-03-17	301200	A
USGS	11108133	2017-03-18	300400	A
USGS	11108133	2017-03-19	299700	A
USGS	11108133	2017-03-20	299100	A
USGS	11108133	2017-03-21	299600	A
USGS	11108133	2017-03-22	299900	A
USGS	11108133	2017-03-23	299500	A
USGS	11108133	2017-03-24	299200	A
USGS	11108133	2017-03-25	298800	A
USGS	11108133	2017-03-26	299400	A
USGS	11108133	2017-03-27	300100	A
USGS	11108133	2017-03-28	300200	A
USGS	11108133	2017-03-29	300000	A
USGS	11108133	2017-03-30	300200	A
USGS	11108133	2017-03-31	300100	A
USGS	11108133	2017-04-01	300000	A
USGS	11108133	2017-04-02	299900	A
USGS	11108133	2017-04-03	299500	A
USGS	11108133	2017-04-04	299300	A
USGS	11108133	2017-04-05	300100	A
USGS	11108133	2017-04-06	300800	A
USGS	11108133	2017-04-07	299900	A
USGS	11108133	2017-04-08	298900	A
USGS	11108133	2017-04-09	298200	A
USGS	11108133	2017-04-10	297300	A
USGS	11108133	2017-04-11	296500	A
USGS	11108133	2017-04-12	297100	A
USGS	11108133	2017-04-13	298100	A
USGS	11108133	2017-04-14	298100	A
USGS	11108133	2017-04-15	297200	A
USGS	11108133	2017-04-16	296300	A
USGS	11108133	2017-04-17	295300	A
USGS	11108133	2017-04-18	294300	A
USGS	11108133	2017-04-19	294700	A
USGS	11108133	2017-04-20	296700	A
USGS	11108133	2017-04-21	297900	A
USGS	11108133	2017-04-22	297500	A
USGS	11108133	2017-04-23	296500	A
USGS	11108133	2017-04-24	296800	A
USGS	11108133	2017-04-25	298000	A
USGS	11108133	2017-04-26	299100	A
USGS	11108133	2017-04-27	300300	A
USGS	11108133	2017-04-28	301500	A
USGS	11108133	2017-04-29	301400	A
USGS	11108133	2017-04-30	300700	A
USGS	11108133	2017-05-01	300900	A
USGS	11108133	2017-05-02	302600	A
USGS	11108133	2017-05-03	304000	A
USGS	11108133	2017-05-04	305000	A
USGS	11108133	2017-05-05	305800	A
USGS	11108133	2017-05-06	305300	A
USGS	11108133	2017-05-07	304700	A
USGS	11108133	2017-05-08	305700	A
USGS	11108133	2017-05-09	307000	A
USGS	11108133	2017-05-10	308300	A
USGS	11108133	2017-05-11	309300	A
USGS	11108133	2017-05-12	310000	A
USGS	11108133	2017-05-13	310400	A
USGS	11108133	2017-05-14	309300	A
USGS	11108133	2017-05-15	309800	A
USGS	11108133	2017-05-16	309700	A
USGS	11108133	2017-05-17	310100	A
USGS	11108133	2017-05-18	311000	A
USGS	11108133	2017-05-19	311800	A
USGS	11108133	2017-05-20	312800	A
USGS	11108133	2017-05-21	312200	A
USGS	11108133	2017-05-22	311100	A
USGS	11108133	2017-05-23	311000	A
USGS	11108133	2017-05-24	310900	A
USGS	11108133	2017-05-25	310800	A
USGS	11108133	2017-05-26	310400	A
USGS	11108133	2017-05-27	309100	A
USGS	11108133	2017-05-28	307900	A
USGS	11108133	2017-05-29	308500	A
USGS	11108133	2017-05-30	309400	A
USGS	11108133	2017-05-31	310100	A
USGS	11108133	2017-06-01	310600	A
USGS	11108133	2017-06-02	311200	A
USGS	11108133	2017-06-03	311900	A
USGS	11108133	2017-06-04	310800	A
USGS	11108133	2017-06-05	309600	A
USGS	11108133	2017-06-06	309800	A
USGS	11108133	2017-06-07	310700	A
USGS	11108133	2017-06-08	310900	A
USGS	11108133	2017-06-09	311300	A
USGS	11108133	2017-06-10	311200	A
USGS	11108133	2017-06-11	310000	A
USGS	11108133	2017-06-12	308800	A
USGS	11108133	2017-06-13	308900	A
USGS	11108133	2017-06-14	310100	A
USGS	11108133	2017-06-15	310800	A
USGS	11108133	2017-06-16	311500	A
USGS	11108133	2017-06-17	311500	A
USGS	11108133	2017-06-18	310800	A
USGS	11108133	2017-06-19	309500	A
USGS	11108133	2017-06-20	310000	A
USGS	11108133	2017-06-21	311000	A
USGS	11108133	2017-06-22	311300	A
USGS	11108133	2017-06-23	311900	A
USGS	11108133	2017-06-24	312300	A
USGS	11108133	2017-06-25	311300	A
USGS	11108133	2017-06-26	309800	A
USGS	11108133	2017-06-27	310600	A
USGS	11108133	2017-06-28	311200	A
USGS	11108133	2017-06-29	311000	A
USGS	11108133	2017-06-30	311000	A
USGS	11108133	2017-07-01	310900	A
USGS	11108133	2017-07-02	309600	A
USGS	11108133	2017-07-03	308600	A
USGS	11108133	2017-07-04	308500	A
USGS	11108133	2017-07-05	308800	A
USGS	11108133	2017-07-06	309200	A
USGS	11108133	2017-07-07	309900	A
USGS	11108133	2017-07-08	310100	A
USGS	11108133	2017-07-09	308700	A
USGS	11108133	2017-07-10	307400	A
USGS	11108133	2017-07-11	308100	A
USGS	11108133	2017-07-12	309100	A
USGS	11108133	2017-07-13	309700	A
USGS	11108133	2017-07-14	309600	A
USGS	11108133	2017-07-15	308800	A
USGS	11108133	2017-07-16	307400	A
USGS	11108133	2017-07-17	306000	A
USGS	11108133	2017-07-18	306300	A
USGS	11108133	2017-07-19	307000	A
USGS	11108133	2017-07-20	307600	A
USGS	11108133	2017-07-21	307700	A
USGS	11108133	2017-07-22	307400	A
USGS	11108133	2017-07-23	306100	A
USGS	11108133	2017-07-24	304700	A
USGS	11108133	2017-07-25	305100	A
USGS	11108133	2017-07-26	306300	A
USGS	11108133	2017-07-27	307000	A
USGS	11108133	2017-07-28	307000	A
USGS	11108133	2017-07-29	306700	A
USGS	11108133	2017-07-30	305400	A
USGS	11108133	2017-07-31	305200	A
USGS	11108133	2017-08-01	306400	A
USGS	11108133	2017-08-02	306500	A
USGS	11108133	2017-08-03	307400	A
USGS	11108133	2017-08-04	306500	A
USGS	11108133	2017-08-05	304900	A
USGS	11108133	2017-08-06	303500	A
USGS	11108133	2017-08-07	304200	A
USGS	11108133	2017-08-08	305500	A
USGS	11108133	2017-08-09	305100	A
USGS	11108133	2017-08-10	303700	A
USGS	11108133	2017-08-11	302100	A
USGS	11108133	2017-08-12	300600	A
USGS	11108133	2017-08-13	299100	A
USGS	11108133	2017-08-14	297600	A
USGS	11108133	2017-08-15	298400	A
USGS	11108133	2017-08-16	299800	A
USGS	11108133	2017-08-17	300600	A
USGS	11108133	2017-08-18	300800	A
USGS	11108133	2017-08-19	300400	A
USGS	11108133	2017-08-20	299400	A
USGS	11108133	2017-08-21	297800	A
USGS	11108133	2017-08-22	298100	A
USGS	11108133	2017-08-23	298900	A
USGS	11108133	2017-08-24	299100	A
USGS	11108133	2017-08-25	299100	A
USGS	11108133	2017-08-26	298300	A
USGS	11108133	2017-08-27	297000	A
USGS	11108133	2017-08-28	295400	A
USGS	11108133	2017-08-29	295400	A
USGS	11108133	2017-08-30	295800	A
USGS	11108133	2017-08-31	295000	A
USGS	11108133	2017-09-01	294900	A
USGS	11108133	2017-09-02	295200	A
USGS	11108133	2017-09-03	294200	A
USGS	11108133	2017-09-04	292900	A
USGS	11108133	2017-09-05	293700	A
USGS	11108133	2017-09-06	295100	A
USGS	11108133	2017-09-07	295500	A
USGS	11108133	2017-09-08	295400	A
USGS	11108133	2017-09-09	294000	A
USGS	11108133	2017-09-10	292500	A
USGS	11108133	2017-09-11	291200	A
USGS	11108133	2017-09-12	289600	A
USGS	11108133	2017-09-13	288100	A
USGS	11108133	2017-09-14	286700	A
USGS	11108133	2017-09-15	287700	A
USGS	11108133	2017-09-16	286300	A
USGS	11108133	2017-09-17	284900	A
USGS	11108133	2017-09-18	283400	A
USGS	11108133	2017-09-19	284300	A
USGS	11108133	2017-09-20	285500	A
USGS	11108133	2017-09-21	285700	A
USGS	11108133	2017-09-22	286200	A
USGS	11108133	2017-09-23	284800	A
USGS	11108133	2017-09-24	283500	A
USGS	11108133	2017-09-25	282000	A
USGS	11108133	2017-09-26	282800	A
USGS	11108133	2017-09-27	284400	A
USGS	11108133	2017-09-28	284900	A
USGS	11108133	2017-09-29	284600	A
USGS	11108133	2017-09-30	283000	A
USGS	11108133	2017-10-01	281600	A
USGS	11108133	2017-10-02	280300	A
USGS	11108133	2017-10-03	282100	A
USGS	11108133	2017-10-04	284800	A
USGS	11108133	2017-10-05	287300	A
USGS	11108133	2017-10-06	288500	A
USGS	11108133	2017-10-07	287300	A
USGS	11108133	2017-10-08	285800	A
USGS	11108133	2017-10-09	284200	A
USGS	11108133	2017-10-10	282900	A
USGS	11108133	2017-10-11	285700	A
USGS	11108133	2017-10-12	285400	A
USGS	11108133	2017-10-13	284600	A
USGS	11108133	2017-10-14	283400	A
USGS	11108133	2017-10-15	281900	A
USGS	11108133	2017-10-16	280600	A
USGS	11108133	2017-10-17	282300	A
USGS	11108133	2017-10-18	284900	A
USGS	11108133	2017-10-19	285700	A
USGS	11108133	2017-10-20	284100	A
USGS	11108133	2017-10-21	282800	A
USGS	11108133	2017-10-22	281500	A
USGS	11108133	2017-10-23	281000	A
USGS	11108133	2017-10-24	281800	A
USGS	11108133	2017-10-25	282400	A
USGS	11108133	2017-10-26	282800	A
USGS	11108133	2017-10-27	283800	A
USGS	11108133	2017-10-28	284000	A
USGS	11108133	2017-10-29	282700	A
USGS	11108133	2017-10-30	281500	A
USGS	11108133	2017-10-31	280000	A
USGS	11108133	2017-11-01	279200	A
USGS	11108133	2017-11-02	278000	A
USGS	11108133	2017-11-03	279000	A
USGS	11108133	2017-11-04	279300	A
USGS	11108133	2017-11-05	278300	A
USGS	11108133	2017-11-06	277200	A
USGS	11108133	2017-11-07	278300	A
USGS	11108133	2017-11-08	279900	A
USGS	11108133	2017-11-09	280400	A
USGS	11108133	2017-11-10	280100	A
USGS	11108133	2017-11-11	279200	A
USGS	11108133	2017-11-12	278300	A
USGS	11108133	2017-11-13	277200	A
USGS	11108133	2017-11-14	276200	A
USGS	11108133	2017-11-15	275300	A
USGS	11108133	2017-11-16	274300	A
USGS	11108133	2017-11-17	273200	A
USGS	11108133	2017-11-18	272100	A
USGS	11108133	2017-11-19	271300	A
USGS	11108133	2017-11-20	270200	A
USGS	11108133	2017-11-21	268800	A
USGS	11108133	2017-11-22	267400	A
USGS	11108133	2017-11-23	268000	A
USGS	11108133	2017-11-24	269500	A
USGS	11108133	2017-11-25	269500	A
USGS	11108133	2017-11-26	268100	A
USGS	11108133	2017-11-27	266700	A
USGS	11108133	2017-11-28	267400	A
USGS	11108133	2017-11-29	269400	A
USGS	11108133	2017-11-30	270200	A
USGS	11108133	2017-12-01	270400	A
USGS	11108133	2017-12-02	270400	A
USGS	11108133	2017-12-03	268800	A
USGS	11108133	2017-12-04	267000	A
USGS	11108133	2017-12-05	267200	A
USGS	11108133	2017-12-06	268400	A
USGS	11108133	2017-12-07	269000	A
USGS	11108133	2017-12-08	267900	A
USGS	11108133	2017-12-09	266100	A
USGS	11108133	2017-12-10	264600	A
USGS	11108133	2017-12-11	262600	A
USGS	11108133	2017-12-12	263300	A
USGS	11108133	2017-12-13	264800	A
USGS	11108133	2017-12-14	264800	A
USGS	11108133	2017-12-15	263000	A
USGS	11108133	2017-12-16	261100	A
USGS	11108133	2017-12-17	259400	A
USGS	11108133	2017-12-18	257800	A
USGS	11108133	2017-12-19	258400	A
USGS	11108133	2017-12-20	260100	A
USGS	11108133	2017-12-21	261000	A
USGS	11108133	2017-12-22	262200	A
USGS	11108133	2017-12-23	260800	A
USGS	11108133	2017-12-24	259400	A
USGS	11108133	2017-12-25	258100	A
USGS	11108133	2017-12-26	259300	A
USGS	11108133	2017-12-27	260600	A
USGS	11108133	2017-12-28	261400	A
USGS	11108133	2017-12-29	261700	A
USGS	11108133	2017-12-30	259900	A
USGS	11108133	2017-12-31	258300	A
USGS	11108133	2018-01-01	256800	A
