agency_cd	site_no	datetime	214027_00054_32400	214027_00054_32400_cd
5s	15s	20d	14n	10s
USGS	11414400	2013-01-01	12900	A:e
USGS	11414400	2013-01-02	12900	A:e
USGS	11414400	2013-01-03	12900	A:e
USGS	11414400	2013-01-04	12900	A:e
USGS	11414400	2013-01-05	12900	A:e
USGS	11414400	2013-01-06	12900	A:e
USGS	11414400	2013-01-07	12900	A:e
USGS	11414400	2013-01-08	12900	A:e
USGS	11414400	2013-01-09	12900	A:e
USGS	11414400	2013-01-10	12900	A:e
USGS	11414400	2013-01-11	12900	A:e
USGS	11414400	2013-01-12	12900	A:e
USGS	11414400	2013-01-13	12900	A:e
USGS	11414400	2013-01-14	12900	A:e
USGS	11414400	2013-01-15	12900	A:e
USGS	11414400	2013-01-16	12900	A:e
USGS	11414400	2013-01-17	12900	A:e
USGS	11414400	2013-01-18	12900	A:e
USGS	11414400	2013-01-19	12900	A:e
USGS	11414400	2013-01-20	12900	A:e
USGS	11414400	2013-01-21	12900	A:e
USGS	11414400	2013-01-22	12900	A:e
USGS	11414400	2013-01-23	12900	A:e
USGS	11414400	2013-01-24	12800	A:e
USGS	11414400	2013-01-25	12800	A:e
USGS	11414400	2013-01-26	12800	A:e
USGS	11414400	2013-01-27	12800	A:e
USGS	11414400	2013-01-28	12800	A:e
USGS	11414400	2013-01-29	12800	A:e
USGS	11414400	2013-01-30	12800	A:e
USGS	11414400	2013-01-31	12800	A:e
USGS	11414400	2013-02-01	12800	A:e
USGS	11414400	2013-02-02	12800	A:e
USGS	11414400	2013-02-03	12800	A:e
USGS	11414400	2013-02-04	12800	A:e
USGS	11414400	2013-02-05	12800	A:e
USGS	11414400	2013-02-06	12800	A:e
USGS	11414400	2013-02-07	12800	A:e
USGS	11414400	2013-02-08	12800	A:e
USGS	11414400	2013-02-09	12800	A:e
USGS	11414400	2013-02-10	12800	A:e
USGS	11414400	2013-02-11	12800	A:e
USGS	11414400	2013-02-12	12800	A:e
USGS	11414400	2013-02-13	12800	A:e
USGS	11414400	2013-02-14	12700	A:e
USGS	11414400	2013-02-15	12700	A:e
USGS	11414400	2013-02-16	12700	A:e
USGS	11414400	2013-02-17	12700	A:e
USGS	11414400	2013-02-18	12700	A:e
USGS	11414400	2013-02-19	12700	A:e
USGS	11414400	2013-02-20	12700	A:e
USGS	11414400	2013-02-21	12700	A:e
USGS	11414400	2013-02-22	12700	A:e
USGS	11414400	2013-02-23	12700	A:e
USGS	11414400	2013-02-24	12700	A:e
USGS	11414400	2013-02-25	12700	A:e
USGS	11414400	2013-02-26	12700	A:e
USGS	11414400	2013-02-27	12700	A:e
USGS	11414400	2013-02-28	12700	A:e
USGS	11414400	2013-03-01	12700	A:e
USGS	11414400	2013-03-02	12800	A:e
USGS	11414400	2013-03-03	12800	A:e
USGS	11414400	2013-03-04	12800	A:e
USGS	11414400	2013-03-05	12800	A:e
USGS	11414400	2013-03-06	12800	A:e
USGS	11414400	2013-03-07	12800	A:e
USGS	11414400	2013-03-08	12900	A:e
USGS	11414400	2013-03-09	12900	A:e
USGS	11414400	2013-03-10	12900	A:e
USGS	11414400	2013-03-11	12900	A:e
USGS	11414400	2013-03-12	12900	A:e
USGS	11414400	2013-03-13	12900	A:e
USGS	11414400	2013-03-14	13000	A:e
USGS	11414400	2013-03-15	13000	A:e
USGS	11414400	2013-03-16	13000	A:e
USGS	11414400	2013-03-17	13000	A:e
USGS	11414400	2013-03-18	13000	A:e
USGS	11414400	2013-03-19	13000	A:e
USGS	11414400	2013-03-20	13100	A:e
USGS	11414400	2013-03-21	13100	A:e
USGS	11414400	2013-03-22	13100	A:e
USGS	11414400	2013-03-23	13200	A:e
USGS	11414400	2013-03-24	13200	A:e
USGS	11414400	2013-03-25	13300	A:e
USGS	11414400	2013-03-26	13300	A:e
USGS	11414400	2013-03-27	13400	A:e
USGS	11414400	2013-03-28	13400	A:e
USGS	11414400	2013-03-29	13400	A:e
USGS	11414400	2013-03-30	13500	A:e
USGS	11414400	2013-03-31	13600	A:e
USGS	11414400	2013-04-01	13600	A:e
USGS	11414400	2013-04-02	13700	A:e
USGS	11414400	2013-04-03	13700	A:e
USGS	11414400	2013-04-04	13800	A:e
USGS	11414400	2013-04-05	13900	A:e
USGS	11414400	2013-04-06	13900	A:e
USGS	11414400	2013-04-07	14000	A:e
USGS	11414400	2013-04-08	14000	A:e
USGS	11414400	2013-04-09	14000	A:e
USGS	11414400	2013-04-10	14100	A:e
USGS	11414400	2013-04-11	14100	A:e
USGS	11414400	2013-04-12	14100	A:e
USGS	11414400	2013-04-13	14100	A:e
USGS	11414400	2013-04-14	14100	A:e
USGS	11414400	2013-04-15	14100	A:e
USGS	11414400	2013-04-16	14100	A:e
USGS	11414400	2013-04-17	14100	A:e
USGS	11414400	2013-04-18	14100	A:e
USGS	11414400	2013-04-19	14100	A:e
USGS	11414400	2013-04-20	14100	A:e
USGS	11414400	2013-04-21	14100	A:e
USGS	11414400	2013-04-22	14100	A:e
USGS	11414400	2013-04-23	14100	A:e
USGS	11414400	2013-04-24	14100	A:e
USGS	11414400	2013-04-25	14100	A:e
USGS	11414400	2013-04-26	14100	A:e
USGS	11414400	2013-04-27	14100	A:e
USGS	11414400	2013-04-28	14100	A:e
USGS	11414400	2013-04-29	14100	A:e
USGS	11414400	2013-04-30	14100	A:e
USGS	11414400	2013-05-01	14100	A:e
USGS	11414400	2013-05-02	14100	A:e
USGS	11414400	2013-05-03	14100	A:e
USGS	11414400	2013-05-04	14200	A:e
USGS	11414400	2013-05-05	14200	A:e
USGS	11414400	2013-05-06	14200	A:e
USGS	11414400	2013-05-07	14200	A:e
USGS	11414400	2013-05-08	14200	A:e
USGS	11414400	2013-05-09	14200	A:e
USGS	11414400	2013-05-10	14200	A:e
USGS	11414400	2013-05-11	14200	A
USGS	11414400	2013-05-12	14200	A
USGS	11414400	2013-05-13	14200	A
USGS	11414400	2013-05-14	14100	A
USGS	11414400	2013-05-15	14100	A
USGS	11414400	2013-05-16	14100	A
USGS	11414400	2013-05-17	14100	A
USGS	11414400	2013-05-18	14100	A
USGS	11414400	2013-05-19	14100	A
USGS	11414400	2013-05-20	14100	A
USGS	11414400	2013-05-21	14100	A
USGS	11414400	2013-05-22	14100	A
USGS	11414400	2013-05-23	14000	A
USGS	11414400	2013-05-24	14000	A
USGS	11414400	2013-05-25	14000	A
USGS	11414400	2013-05-26	13900	A
USGS	11414400	2013-05-27	13800	A
USGS	11414400	2013-05-28	13700	A
USGS	11414400	2013-05-29	13600	A
USGS	11414400	2013-05-30	13500	A
USGS	11414400	2013-05-31	13400	A
USGS	11414400	2013-06-01	13300	A
USGS	11414400	2013-06-02	13200	A
USGS	11414400	2013-06-03	13100	A
USGS	11414400	2013-06-04	13000	A
USGS	11414400	2013-06-05	12900	A
USGS	11414400	2013-06-06	12800	A
USGS	11414400	2013-06-07	12700	A
USGS	11414400	2013-06-08	12500	A
USGS	11414400	2013-06-09	12400	A
USGS	11414400	2013-06-10	12300	A
USGS	11414400	2013-06-11	12200	A
USGS	11414400	2013-06-12	12100	A
USGS	11414400	2013-06-13	12000	A
USGS	11414400	2013-06-14	11900	A:e
USGS	11414400	2013-06-15	11800	A
USGS	11414400	2013-06-16	11700	A
USGS	11414400	2013-06-17	11600	A
USGS	11414400	2013-06-18	11500	A
USGS	11414400	2013-06-19	11400	A
USGS	11414400	2013-06-20	11300	A
USGS	11414400	2013-06-21	11200	A
USGS	11414400	2013-06-22	11100	A
USGS	11414400	2013-06-23	11000	A
USGS	11414400	2013-06-24	10900	A
USGS	11414400	2013-06-25	11100	A
USGS	11414400	2013-06-26	11000	A
USGS	11414400	2013-06-27	10900	A:e
USGS	11414400	2013-06-28	10800	A:e
USGS	11414400	2013-06-29	10700	A:e
USGS	11414400	2013-06-30	10600	A:e
USGS	11414400	2013-07-01	10600	A:e
USGS	11414400	2013-07-02	10500	A:e
USGS	11414400	2013-07-03	10400	A:e
USGS	11414400	2013-07-04	10300	A:e
USGS	11414400	2013-07-05	10200	A:e
USGS	11414400	2013-07-06	10100	A:e
USGS	11414400	2013-07-07	9970	A:e
USGS	11414400	2013-07-08	9870	A:e
USGS	11414400	2013-07-09	9770	A:e
USGS	11414400	2013-07-10	9680	A:e
USGS	11414400	2013-07-11	9590	A:e
USGS	11414400	2013-07-12	9490	A:e
USGS	11414400	2013-07-13	9400	A:e
USGS	11414400	2013-07-14	9300	A:e
USGS	11414400	2013-07-15	9210	A:e
USGS	11414400	2013-07-16	9130	A:e
USGS	11414400	2013-07-17	9040	A:e
USGS	11414400	2013-07-18	8970	A:e
USGS	11414400	2013-07-19	8890	A:e
USGS	11414400	2013-07-20	8800	A:e
USGS	11414400	2013-07-21	8700	A:e
USGS	11414400	2013-07-22	8610	A:e
USGS	11414400	2013-07-23	8510	A:e
USGS	11414400	2013-07-24	8420	A:e
USGS	11414400	2013-07-25	8330	A:e
USGS	11414400	2013-07-26	8240	A
USGS	11414400	2013-07-27	8160	A
USGS	11414400	2013-07-28	8070	A
USGS	11414400	2013-07-29	7980	A
USGS	11414400	2013-07-30	7890	A
USGS	11414400	2013-07-31	7810	A
USGS	11414400	2013-08-01	7720	A
USGS	11414400	2013-08-02	7640	A
USGS	11414400	2013-08-03	7560	A
USGS	11414400	2013-08-04	7480	A
USGS	11414400	2013-08-05	7400	A
USGS	11414400	2013-08-06	7350	A
USGS	11414400	2013-08-07	7330	A
USGS	11414400	2013-08-08	7310	A
USGS	11414400	2013-08-09	7290	A
USGS	11414400	2013-08-10	7270	A
USGS	11414400	2013-08-11	7240	A
USGS	11414400	2013-08-12	7230	A
USGS	11414400	2013-08-13	7200	A:e
USGS	11414400	2013-08-14	7190	A:e
USGS	11414400	2013-08-15	7180	A:e
USGS	11414400	2013-08-16	7180	A:e
USGS	11414400	2013-08-17	7170	A:e
USGS	11414400	2013-08-18	7170	A:e
USGS	11414400	2013-08-19	7170	A:e
USGS	11414400	2013-08-20	7170	A:e
USGS	11414400	2013-08-21	7160	A:e
USGS	11414400	2013-08-22	7160	A:e
USGS	11414400	2013-08-23	7140	A:e
USGS	11414400	2013-08-24	7100	A:e
USGS	11414400	2013-08-25	7070	A:e
USGS	11414400	2013-08-26	7030	A:e
USGS	11414400	2013-08-27	6990	A:e
USGS	11414400	2013-08-28	6960	A:e
USGS	11414400	2013-08-29	6940	A:e
USGS	11414400	2013-08-30	6920	A:e
USGS	11414400	2013-08-31	6910	A:e
USGS	11414400	2013-09-01	6900	A:e
USGS	11414400	2013-09-02	6890	A:e
USGS	11414400	2013-09-03	6870	A:e
USGS	11414400	2013-09-04	6840	A:e
USGS	11414400	2013-09-05	6830	A:e
USGS	11414400	2013-09-06	6820	A:e
USGS	11414400	2013-09-07	6810	A:e
USGS	11414400	2013-09-08	6800	A:e
USGS	11414400	2013-09-09	6790	A:e
USGS	11414400	2013-09-10	6780	A:e
USGS	11414400	2013-09-11	6760	A:e
USGS	11414400	2013-09-12	6750	A:e
USGS	11414400	2013-09-13	6730	A:e
USGS	11414400	2013-09-14	6720	A:e
USGS	11414400	2013-09-15	6700	A:e
USGS	11414400	2013-09-16	6700	A
USGS	11414400	2013-09-17	6680	A
USGS	11414400	2013-09-18	6660	A
USGS	11414400	2013-09-19	6650	A
USGS	11414400	2013-09-20	6640	A
USGS	11414400	2013-09-21	6650	A
USGS	11414400	2013-09-22	6640	A
USGS	11414400	2013-09-23	6630	A
USGS	11414400	2013-09-24	6620	A
USGS	11414400	2013-09-25	6600	A
USGS	11414400	2013-09-26	6580	A
USGS	11414400	2013-09-27	6570	A
USGS	11414400	2013-09-28	6560	A
USGS	11414400	2013-09-29	6540	A
USGS	11414400	2013-09-30	6530	A
USGS	11414400	2013-10-01	6510	A
USGS	11414400	2013-10-02	6500	A
USGS	11414400	2013-10-03	6490	A
USGS	11414400	2013-10-04	6470	A
USGS	11414400	2013-10-05	6460	A
USGS	11414400	2013-10-06	6440	A
USGS	11414400	2013-10-07	6430	A
USGS	11414400	2013-10-08	6420	A
USGS	11414400	2013-10-09	6400	A
USGS	11414400	2013-10-10	6390	A
USGS	11414400	2013-10-11	6380	A
USGS	11414400	2013-10-12	6370	A
USGS	11414400	2013-10-13	6350	A
USGS	11414400	2013-10-14	6340	A
USGS	11414400	2013-10-15	6330	A
USGS	11414400	2013-10-16	6310	A
USGS	11414400	2013-10-17	6300	A
USGS	11414400	2013-10-18	6290	A
USGS	11414400	2013-10-19	6280	A
USGS	11414400	2013-10-20	6270	A
USGS	11414400	2013-10-21	6250	A
USGS	11414400	2013-10-22	6240	A
USGS	11414400	2013-10-23	6230	A
USGS	11414400	2013-10-24	6220	A
USGS	11414400	2013-10-25	6210	A
USGS	11414400	2013-10-26	6200	A
USGS	11414400	2013-10-27	6190	A
USGS	11414400	2013-10-28	6190	A
USGS	11414400	2013-10-29	6180	A
USGS	11414400	2013-10-30	6180	A
USGS	11414400	2013-10-31	6160	A
USGS	11414400	2013-11-01	6150	A
USGS	11414400	2013-11-02	6140	A
USGS	11414400	2013-11-03	6120	A
USGS	11414400	2013-11-04	6110	A
USGS	11414400	2013-11-05	6100	A
USGS	11414400	2013-11-06	6090	A
USGS	11414400	2013-11-07	6080	A
USGS	11414400	2013-11-08	6070	A
USGS	11414400	2013-11-09	6050	A
USGS	11414400	2013-11-10	6040	A
USGS	11414400	2013-11-11	6030	A
USGS	11414400	2013-11-12	6020	A
USGS	11414400	2013-11-13	6010	A
USGS	11414400	2013-11-14	6000	A
USGS	11414400	2013-11-15	5980	A
USGS	11414400	2013-11-16	5970	A
USGS	11414400	2013-11-17	5960	A
USGS	11414400	2013-11-18	5950	A
USGS	11414400	2013-11-19	5960	A
USGS	11414400	2013-11-20	5980	A
USGS	11414400	2013-11-21	5980	A
USGS	11414400	2013-11-22	5940	A
USGS	11414400	2013-11-23	5940	A
USGS	11414400	2013-11-24	5930	A
USGS	11414400	2013-11-25	5920	A
USGS	11414400	2013-11-26	5910	A
USGS	11414400	2013-11-27	5900	A
USGS	11414400	2013-11-28	5890	A
USGS	11414400	2013-11-29	5880	A
USGS	11414400	2013-11-30	5870	A
USGS	11414400	2013-12-01	5860	A
USGS	11414400	2013-12-02	5840	A
USGS	11414400	2013-12-03	5850	A
USGS	11414400	2013-12-04	5840	A
USGS	11414400	2013-12-05	5830	A
USGS	11414400	2013-12-06	5830	A
USGS	11414400	2013-12-07	5830	A
USGS	11414400	2013-12-08	5810	A
USGS	11414400	2013-12-09	5800	A
USGS	11414400	2013-12-10	5800	A
USGS	11414400	2013-12-11	5790	A
USGS	11414400	2013-12-12	5780	A
USGS	11414400	2013-12-13	5760	A
USGS	11414400	2013-12-14	5760	A
USGS	11414400	2013-12-15	5750	A
USGS	11414400	2013-12-16	5740	A
USGS	11414400	2013-12-17	5730	A
USGS	11414400	2013-12-18	5720	A
USGS	11414400	2013-12-19	5710	A
USGS	11414400	2013-12-20	5700	A
USGS	11414400	2013-12-21	5690	A
USGS	11414400	2013-12-22	5680	A
USGS	11414400	2013-12-23	5670	A
USGS	11414400	2013-12-24	5660	A
USGS	11414400	2013-12-25	5650	A
USGS	11414400	2013-12-26	5640	A
USGS	11414400	2013-12-27	5630	A
USGS	11414400	2013-12-28	5630	A
USGS	11414400	2013-12-29	5610	A
USGS	11414400	2013-12-30	5610	A
USGS	11414400	2013-12-31	5600	A
USGS	11414400	2014-01-01	5590	A
USGS	11414400	2014-01-02	5580	A
USGS	11414400	2014-01-03	5570	A
USGS	11414400	2014-01-04	5560	A
USGS	11414400	2014-01-05	5550	A
USGS	11414400	2014-01-06	5540	A
USGS	11414400	2014-01-07	5530	A
USGS	11414400	2014-01-08	5520	A
USGS	11414400	2014-01-09	5510	A
USGS	11414400	2014-01-10	5500	A
USGS	11414400	2014-01-11	5510	A
USGS	11414400	2014-01-12	5510	A
USGS	11414400	2014-01-13	5490	A
USGS	11414400	2014-01-14	5480	A
USGS	11414400	2014-01-15	5470	A
USGS	11414400	2014-01-16	5460	A
USGS	11414400	2014-01-17	5460	A
USGS	11414400	2014-01-18	5450	A
USGS	11414400	2014-01-19	5440	A
USGS	11414400	2014-01-20	5430	A
USGS	11414400	2014-01-21	5420	A
USGS	11414400	2014-01-22	5410	A
USGS	11414400	2014-01-23	5400	A
USGS	11414400	2014-01-24	5390	A
USGS	11414400	2014-01-25	5380	A
USGS	11414400	2014-01-26	5370	A
USGS	11414400	2014-01-27	5360	A
USGS	11414400	2014-01-28	5350	A
USGS	11414400	2014-01-29	5570	A
USGS	11414400	2014-01-30	5610	A
USGS	11414400	2014-01-31	5610	A
USGS	11414400	2014-02-01	5610	A
USGS	11414400	2014-02-02	5600	A
USGS	11414400	2014-02-03	5600	A
USGS	11414400	2014-02-04	5590	A
USGS	11414400	2014-02-05	5580	A
USGS	11414400	2014-02-06	5580	A
USGS	11414400	2014-02-07	5610	A
USGS	11414400	2014-02-08	5850	A
USGS	11414400	2014-02-09	6740	A
USGS	11414400	2014-02-10	6990	A
USGS	11414400	2014-02-11	7030	A
USGS	11414400	2014-02-12	7060	A
USGS	11414400	2014-02-13	7150	A
USGS	11414400	2014-02-14	7270	A
USGS	11414400	2014-02-15	7330	A
USGS	11414400	2014-02-16	7360	A
USGS	11414400	2014-02-17	7370	A
USGS	11414400	2014-02-18	7380	A
USGS	11414400	2014-02-19	7390	A
USGS	11414400	2014-02-20	7400	A
USGS	11414400	2014-02-21	7410	A
USGS	11414400	2014-02-22	7420	A
USGS	11414400	2014-02-23	7430	A
USGS	11414400	2014-02-24	7440	A
USGS	11414400	2014-02-25	7450	A
USGS	11414400	2014-02-26	7480	A
USGS	11414400	2014-02-27	7540	A
USGS	11414400	2014-02-28	7570	A
USGS	11414400	2014-03-01	7590	A
USGS	11414400	2014-03-02	7630	A
USGS	11414400	2014-03-03	7690	A
USGS	11414400	2014-03-04	7730	A
USGS	11414400	2014-03-05	7850	A
USGS	11414400	2014-03-06	8090	A
USGS	11414400	2014-03-07	8130	A
USGS	11414400	2014-03-08	8160	A
USGS	11414400	2014-03-09	8200	A
USGS	11414400	2014-03-10	8250	A
USGS	11414400	2014-03-11	8270	A
USGS	11414400	2014-03-12	8280	A
USGS	11414400	2014-03-13	8290	A
USGS	11414400	2014-03-14	8310	A
USGS	11414400	2014-03-15	8340	A
USGS	11414400	2014-03-16	8370	A
USGS	11414400	2014-03-17	8410	A
USGS	11414400	2014-03-18	8420	A
USGS	11414400	2014-03-19	8440	A
USGS	11414400	2014-03-20	8460	A
USGS	11414400	2014-03-21	8480	A
USGS	11414400	2014-03-22	8500	A
USGS	11414400	2014-03-23	8520	A
USGS	11414400	2014-03-24	8540	A
USGS	11414400	2014-03-25	8580	A
USGS	11414400	2014-03-26	8610	A
USGS	11414400	2014-03-27	8640	A
USGS	11414400	2014-03-28	8660	A
USGS	11414400	2014-03-29	8750	A
USGS	11414400	2014-03-30	8770	A
USGS	11414400	2014-03-31	8800	A
USGS	11414400	2014-04-01	8810	A
USGS	11414400	2014-04-02	8820	A
USGS	11414400	2014-04-03	8820	A
USGS	11414400	2014-04-04	8830	A
USGS	11414400	2014-04-05	8830	A
USGS	11414400	2014-04-06	8860	A
USGS	11414400	2014-04-07	8910	A
USGS	11414400	2014-04-08	8980	A
USGS	11414400	2014-04-09	9080	A
USGS	11414400	2014-04-10	9170	A
USGS	11414400	2014-04-11	9250	A
USGS	11414400	2014-04-12	9340	A
USGS	11414400	2014-04-13	9410	A:e
USGS	11414400	2014-04-14	9480	A:e
USGS	11414400	2014-04-15	9530	A:e
USGS	11414400	2014-04-16	9610	A:e
USGS	11414400	2014-04-17	9640	A:e
USGS	11414400	2014-04-18	9710	A:e
USGS	11414400	2014-04-19	9770	A:e
USGS	11414400	2014-04-20	9840	A:e
USGS	11414400	2014-04-21	9900	A:e
USGS	11414400	2014-04-22	9970	A:e
USGS	11414400	2014-04-23	10000	A:e
USGS	11414400	2014-04-24	10100	A:e
USGS	11414400	2014-04-25	10200	A:e
USGS	11414400	2014-04-26	10200	A:e
USGS	11414400	2014-04-27	10300	A:e
USGS	11414400	2014-04-28	10400	A:e
USGS	11414400	2014-04-29	10400	A:e
USGS	11414400	2014-04-30	10500	A:e
USGS	11414400	2014-05-01	10600	A
USGS	11414400	2014-05-02	10600	A
USGS	11414400	2014-05-03	10700	A
USGS	11414400	2014-05-04	10700	A
USGS	11414400	2014-05-05	10800	A
USGS	11414400	2014-05-06	10800	A
USGS	11414400	2014-05-07	10800	A
USGS	11414400	2014-05-08	10900	A
USGS	11414400	2014-05-09	11100	A
USGS	11414400	2014-05-10	11200	A
USGS	11414400	2014-05-11	11200	A
USGS	11414400	2014-05-12	11200	A
USGS	11414400	2014-05-13	11200	A
USGS	11414400	2014-05-14	11300	A
USGS	11414400	2014-05-15	11300	A
USGS	11414400	2014-05-16	11400	A
USGS	11414400	2014-05-17	11400	A
USGS	11414400	2014-05-18	11400	A
USGS	11414400	2014-05-19	11400	A
USGS	11414400	2014-05-20	11500	A
USGS	11414400	2014-05-21	11500	A
USGS	11414400	2014-05-22	11500	A
USGS	11414400	2014-05-23	11600	A
USGS	11414400	2014-05-24	11600	A
USGS	11414400	2014-05-25	11600	A
USGS	11414400	2014-05-26	11600	A
USGS	11414400	2014-05-27	11600	A
USGS	11414400	2014-05-28	11600	A
USGS	11414400	2014-05-29	11600	A
USGS	11414400	2014-05-30	11600	A
USGS	11414400	2014-05-31	11600	A
USGS	11414400	2014-06-01	11600	A
USGS	11414400	2014-06-02	11500	A
USGS	11414400	2014-06-03	11500	A
USGS	11414400	2014-06-04	11500	A
USGS	11414400	2014-06-05	11500	A
USGS	11414400	2014-06-06	11500	A
USGS	11414400	2014-06-07	11500	A
USGS	11414400	2014-06-08	11500	A
USGS	11414400	2014-06-09	11400	A
USGS	11414400	2014-06-10	11400	A
USGS	11414400	2014-06-11	11400	A
USGS	11414400	2014-06-12	11400	A
USGS	11414400	2014-06-13	11400	A
USGS	11414400	2014-06-14	11400	A
USGS	11414400	2014-06-15	11300	A
USGS	11414400	2014-06-16	11300	A
USGS	11414400	2014-06-17	11300	A
USGS	11414400	2014-06-18	11300	A
USGS	11414400	2014-06-19	11300	A
USGS	11414400	2014-06-20	11300	A
USGS	11414400	2014-06-21	11200	A
USGS	11414400	2014-06-22	11200	A
USGS	11414400	2014-06-23	11200	A
USGS	11414400	2014-06-24	11200	A
USGS	11414400	2014-06-25	11200	A
USGS	11414400	2014-06-26	11100	A
USGS	11414400	2014-06-27	11100	A
USGS	11414400	2014-06-28	11100	A
USGS	11414400	2014-06-29	11100	A
USGS	11414400	2014-06-30	11100	A
USGS	11414400	2014-07-01	11100	A
USGS	11414400	2014-07-02	11000	A
USGS	11414400	2014-07-03	11000	A
USGS	11414400	2014-07-04	11000	A:e
USGS	11414400	2014-07-05	11000	A:e
USGS	11414400	2014-07-06	11000	A
USGS	11414400	2014-07-07	10900	A
USGS	11414400	2014-07-08	10900	A
USGS	11414400	2014-07-09	10900	A
USGS	11414400	2014-07-10	10900	A:e
USGS	11414400	2014-07-11	10900	A:e
USGS	11414400	2014-07-12	10900	A:e
USGS	11414400	2014-07-13	10800	A:e
USGS	11414400	2014-07-14	10800	A:e
USGS	11414400	2014-07-15	10800	A
USGS	11414400	2014-07-16	10800	A
USGS	11414400	2014-07-17	10800	A
USGS	11414400	2014-07-18	10800	A
USGS	11414400	2014-07-19	10700	A
USGS	11414400	2014-07-20	10700	A
USGS	11414400	2014-07-21	10700	A
USGS	11414400	2014-07-22	10700	A
USGS	11414400	2014-07-23	10700	A
USGS	11414400	2014-07-24	10600	A
USGS	11414400	2014-07-25	10600	A
USGS	11414400	2014-07-26	10600	A
USGS	11414400	2014-07-27	10600	A
USGS	11414400	2014-07-28	10600	A
USGS	11414400	2014-07-29	10600	A
USGS	11414400	2014-07-30	10500	A
USGS	11414400	2014-07-31	10500	A
USGS	11414400	2014-08-01	10500	A
USGS	11414400	2014-08-02	10500	A
USGS	11414400	2014-08-03	10500	A
USGS	11414400	2014-08-04	10500	A
USGS	11414400	2014-08-05	10500	A
USGS	11414400	2014-08-06	10400	A
USGS	11414400	2014-08-07	10400	A
USGS	11414400	2014-08-08	10400	A
USGS	11414400	2014-08-09	10400	A
USGS	11414400	2014-08-10	10400	A
USGS	11414400	2014-08-11	10400	A:e
USGS	11414400	2014-08-12	10300	A
USGS	11414400	2014-08-13	10300	A
USGS	11414400	2014-08-14	10300	A
USGS	11414400	2014-08-15	10300	A
USGS	11414400	2014-08-16	10300	A
USGS	11414400	2014-08-17	10300	A:e
USGS	11414400	2014-08-18	10200	A
USGS	11414400	2014-08-19	10200	A
USGS	11414400	2014-08-20	10200	A:e
USGS	11414400	2014-08-21	10200	A:e
USGS	11414400	2014-08-22	10200	A:e
USGS	11414400	2014-08-23	10100	A:e
USGS	11414400	2014-08-24	10100	A:e
USGS	11414400	2014-08-25	10100	A
USGS	11414400	2014-08-26	10100	A:e
USGS	11414400	2014-08-27	10100	A
USGS	11414400	2014-08-28	10100	A
USGS	11414400	2014-08-29	10000	A
USGS	11414400	2014-08-30	10000	A:e
USGS	11414400	2014-08-31	10000	A
USGS	11414400	2014-09-01	9990	A
USGS	11414400	2014-09-02	9970	A:e
USGS	11414400	2014-09-03	9960	A
USGS	11414400	2014-09-04	9940	A
USGS	11414400	2014-09-05	9920	A
USGS	11414400	2014-09-06	9900	A:e
USGS	11414400	2014-09-07	9880	A:e
USGS	11414400	2014-09-08	9860	A
USGS	11414400	2014-09-09	9830	A
USGS	11414400	2014-09-10	9810	A
USGS	11414400	2014-09-11	9790	A
USGS	11414400	2014-09-12	9770	A
USGS	11414400	2014-09-13	9750	A:e
USGS	11414400	2014-09-14	9730	A:e
USGS	11414400	2014-09-15	9710	A:e
USGS	11414400	2014-09-16	9690	A:e
USGS	11414400	2014-09-17	9670	A:e
USGS	11414400	2014-09-18	9580	A
USGS	11414400	2014-09-19	9350	A
USGS	11414400	2014-09-20	9100	A
USGS	11414400	2014-09-21	8860	A
USGS	11414400	2014-09-22	8610	A
USGS	11414400	2014-09-23	8410	A
USGS	11414400	2014-09-24	8260	A
USGS	11414400	2014-09-25	8140	A
USGS	11414400	2014-09-26	8010	A
USGS	11414400	2014-09-27	7880	A
USGS	11414400	2014-09-28	7740	A
USGS	11414400	2014-09-29	7600	A
USGS	11414400	2014-09-30	7470	A
USGS	11414400	2014-10-01	7390	A
USGS	11414400	2014-10-02	7380	A
USGS	11414400	2014-10-03	7360	A
USGS	11414400	2014-10-04	7340	A
USGS	11414400	2014-10-05	7330	A
USGS	11414400	2014-10-06	7310	A
USGS	11414400	2014-10-07	7290	A
USGS	11414400	2014-10-08	7280	A
USGS	11414400	2014-10-09	7260	A
USGS	11414400	2014-10-10	7240	A
USGS	11414400	2014-10-11	7230	A
USGS	11414400	2014-10-12	7210	A
USGS	11414400	2014-10-13	7170	A
USGS	11414400	2014-10-14	7160	A
USGS	11414400	2014-10-15	7190	A
USGS	11414400	2014-10-16	7180	A
USGS	11414400	2014-10-17	7160	A
USGS	11414400	2014-10-18	7150	A
USGS	11414400	2014-10-19	7140	A
USGS	11414400	2014-10-20	7140	A
USGS	11414400	2014-10-21	7120	A
USGS	11414400	2014-10-22	7110	A
USGS	11414400	2014-10-23	7100	A
USGS	11414400	2014-10-24	7070	A
USGS	11414400	2014-10-25	7100	A
USGS	11414400	2014-10-26	7110	A
USGS	11414400	2014-10-27	7100	A
USGS	11414400	2014-10-28	7090	A
USGS	11414400	2014-10-29	7080	A
USGS	11414400	2014-10-30	7060	A
USGS	11414400	2014-10-31	7070	A
USGS	11414400	2014-11-01	7080	A
USGS	11414400	2014-11-02	7070	A
USGS	11414400	2014-11-03	7070	A
USGS	11414400	2014-11-04	7060	A
USGS	11414400	2014-11-05	7050	A
USGS	11414400	2014-11-06	7040	A
USGS	11414400	2014-11-07	7030	A
USGS	11414400	2014-11-08	7020	A
USGS	11414400	2014-11-09	7010	A
USGS	11414400	2014-11-10	7000	A
USGS	11414400	2014-11-11	6980	A
USGS	11414400	2014-11-12	6970	A
USGS	11414400	2014-11-13	7010	A
USGS	11414400	2014-11-14	7010	A
USGS	11414400	2014-11-15	7020	A
USGS	11414400	2014-11-16	6990	A
USGS	11414400	2014-11-17	6980	A
USGS	11414400	2014-11-18	6970	A
USGS	11414400	2014-11-19	6970	A
USGS	11414400	2014-11-20	6970	A
USGS	11414400	2014-11-21	6970	A
USGS	11414400	2014-11-22	7230	A
USGS	11414400	2014-11-23	7240	A
USGS	11414400	2014-11-24	7240	A
USGS	11414400	2014-11-25	7230	A
USGS	11414400	2014-11-26	7230	A
USGS	11414400	2014-11-27	7220	A
USGS	11414400	2014-11-28	7210	A
USGS	11414400	2014-11-29	7290	A
USGS	11414400	2014-11-30	7360	A
USGS	11414400	2014-12-01	7480	A
USGS	11414400	2014-12-02	7670	A
USGS	11414400	2014-12-03	8160	A
USGS	11414400	2014-12-04	8480	A
USGS	11414400	2014-12-05	8620	A
USGS	11414400	2014-12-06	8850	A
USGS	11414400	2014-12-07	8890	A
USGS	11414400	2014-12-08	8910	A
USGS	11414400	2014-12-09	8930	A
USGS	11414400	2014-12-10	8940	A
USGS	11414400	2014-12-11	9050	A
USGS	11414400	2014-12-12	9090	A
USGS	11414400	2014-12-13	9110	A
USGS	11414400	2014-12-14	9110	A
USGS	11414400	2014-12-15	9140	A
USGS	11414400	2014-12-16	9150	A
USGS	11414400	2014-12-17	9170	A
USGS	11414400	2014-12-18	9170	A
USGS	11414400	2014-12-19	9210	A
USGS	11414400	2014-12-20	9220	A
USGS	11414400	2014-12-21	9300	A
USGS	11414400	2014-12-22	9350	A
USGS	11414400	2014-12-23	9390	A
USGS	11414400	2014-12-24	9430	A
USGS	11414400	2014-12-25	9440	A
USGS	11414400	2014-12-26	9440	A
USGS	11414400	2014-12-27	9450	A
USGS	11414400	2014-12-28	9450	A
USGS	11414400	2014-12-29	9450	A
USGS	11414400	2014-12-30	9430	A
USGS	11414400	2014-12-31	9440	A
USGS	11414400	2015-01-01	9440	A
USGS	11414400	2015-01-02	9430	A
USGS	11414400	2015-01-03	9430	A
USGS	11414400	2015-01-04	9430	A
USGS	11414400	2015-01-05	9420	A
USGS	11414400	2015-01-06	9430	A
USGS	11414400	2015-01-07	9440	A
USGS	11414400	2015-01-08	9450	A
USGS	11414400	2015-01-09	9460	A
USGS	11414400	2015-01-10	9460	A
USGS	11414400	2015-01-11	9470	A
USGS	11414400	2015-01-12	9470	A
USGS	11414400	2015-01-13	9470	A
USGS	11414400	2015-01-14	9470	A
USGS	11414400	2015-01-15	9470	A
USGS	11414400	2015-01-16	9480	A
USGS	11414400	2015-01-17	9500	A
USGS	11414400	2015-01-18	9550	A
USGS	11414400	2015-01-19	9580	A
USGS	11414400	2015-01-20	9600	A
USGS	11414400	2015-01-21	9600	A
USGS	11414400	2015-01-22	9600	A
USGS	11414400	2015-01-23	9600	A
USGS	11414400	2015-01-24	9610	A
USGS	11414400	2015-01-25	9620	A
USGS	11414400	2015-01-26	9640	A
USGS	11414400	2015-01-27	9650	A
USGS	11414400	2015-01-28	9650	A
USGS	11414400	2015-01-29	9660	A
USGS	11414400	2015-01-30	9670	A
USGS	11414400	2015-01-31	9660	A
USGS	11414400	2015-02-01	9660	A
USGS	11414400	2015-02-02	9670	A
USGS	11414400	2015-02-03	9680	A
USGS	11414400	2015-02-04	9680	A
USGS	11414400	2015-02-05	9700	A
USGS	11414400	2015-02-06	9810	A
USGS	11414400	2015-02-07	10200	A
USGS	11414400	2015-02-08	10700	A
USGS	11414400	2015-02-09	11000	A
USGS	11414400	2015-02-10	11000	A
USGS	11414400	2015-02-11	11100	A
USGS	11414400	2015-02-12	11100	A
USGS	11414400	2015-02-13	11200	A
USGS	11414400	2015-02-14	11200	A
USGS	11414400	2015-02-15	11200	A
USGS	11414400	2015-02-16	11300	A
USGS	11414400	2015-02-17	11300	A
USGS	11414400	2015-02-18	11300	A
USGS	11414400	2015-02-19	11300	A
USGS	11414400	2015-02-20	11300	A
USGS	11414400	2015-02-21	11300	A
USGS	11414400	2015-02-22	11300	A
USGS	11414400	2015-02-23	11300	A
USGS	11414400	2015-02-24	11300	A
USGS	11414400	2015-02-25	11300	A
USGS	11414400	2015-02-26	11300	A
USGS	11414400	2015-02-27	11300	A
USGS	11414400	2015-02-28	11300	A
USGS	11414400	2015-03-01	11300	A
USGS	11414400	2015-03-02	11300	A
USGS	11414400	2015-03-03	11300	A
USGS	11414400	2015-03-04	11300	A
USGS	11414400	2015-03-05	11300	A
USGS	11414400	2015-03-06	11300	A
USGS	11414400	2015-03-07	11300	A
USGS	11414400	2015-03-08	11300	A
USGS	11414400	2015-03-09	11300	A
USGS	11414400	2015-03-10	11300	A
USGS	11414400	2015-03-11	11400	A
USGS	11414400	2015-03-12	11400	A
USGS	11414400	2015-03-13	11400	A
USGS	11414400	2015-03-14	11400	A
USGS	11414400	2015-03-15	11500	A
USGS	11414400	2015-03-16	11500	A
USGS	11414400	2015-03-17	11500	A
USGS	11414400	2015-03-18	11500	A
USGS	11414400	2015-03-19	11500	A
USGS	11414400	2015-03-20	11500	A
USGS	11414400	2015-03-21	11500	A
USGS	11414400	2015-03-22	11500	A
USGS	11414400	2015-03-23	11600	A
USGS	11414400	2015-03-24	11600	A
USGS	11414400	2015-03-25	11600	A
USGS	11414400	2015-03-26	11600	A
USGS	11414400	2015-03-27	11700	A
USGS	11414400	2015-03-28	11700	A
USGS	11414400	2015-03-29	11700	A
USGS	11414400	2015-03-30	11700	A
USGS	11414400	2015-03-31	11700	A
USGS	11414400	2015-04-01	11700	A
USGS	11414400	2015-04-02	11700	A
USGS	11414400	2015-04-03	11700	A
USGS	11414400	2015-04-04	11700	A
USGS	11414400	2015-04-05	11700	A
USGS	11414400	2015-04-06	11700	A
USGS	11414400	2015-04-07	11700	A
USGS	11414400	2015-04-08	11700	A
USGS	11414400	2015-04-09	11700	A
USGS	11414400	2015-04-10	11700	A
USGS	11414400	2015-04-11	11800	A
USGS	11414400	2015-04-12	11800	A
USGS	11414400	2015-04-13	11800	A
USGS	11414400	2015-04-14	11800	A
USGS	11414400	2015-04-15	11800	A
USGS	11414400	2015-04-16	11800	A
USGS	11414400	2015-04-17	11800	A
USGS	11414400	2015-04-18	11800	A
USGS	11414400	2015-04-19	11800	A
USGS	11414400	2015-04-20	11800	A
USGS	11414400	2015-04-21	11800	A
USGS	11414400	2015-04-22	11800	A
USGS	11414400	2015-04-23	11800	A
USGS	11414400	2015-04-24	11800	A
USGS	11414400	2015-04-25	11900	A
USGS	11414400	2015-04-26	12000	A
USGS	11414400	2015-04-27	12000	A
USGS	11414400	2015-04-28	12000	A
USGS	11414400	2015-04-29	12000	A
USGS	11414400	2015-04-30	12000	A
USGS	11414400	2015-05-01	12000	A
USGS	11414400	2015-05-02	12000	A
USGS	11414400	2015-05-03	12000	A
USGS	11414400	2015-05-04	12000	A
USGS	11414400	2015-05-05	12000	A
USGS	11414400	2015-05-06	12000	A
USGS	11414400	2015-05-07	12000	A
USGS	11414400	2015-05-08	12000	A
USGS	11414400	2015-05-09	12000	A
USGS	11414400	2015-05-10	12000	A
USGS	11414400	2015-05-11	12000	A
USGS	11414400	2015-05-12	11900	A
USGS	11414400	2015-05-13	11900	A
USGS	11414400	2015-05-14	11900	A
USGS	11414400	2015-05-15	11900	A
USGS	11414400	2015-05-16	11900	A
USGS	11414400	2015-05-17	11900	A
USGS	11414400	2015-05-18	11900	A
USGS	11414400	2015-05-19	11900	A
USGS	11414400	2015-05-20	11900	A
USGS	11414400	2015-05-21	12000	A
USGS	11414400	2015-05-22	12000	A
USGS	11414400	2015-05-23	12100	A
USGS	11414400	2015-05-24	12100	A
USGS	11414400	2015-05-25	12100	A
USGS	11414400	2015-05-26	12100	A
USGS	11414400	2015-05-27	12100	A
USGS	11414400	2015-05-28	12100	A
USGS	11414400	2015-05-29	12100	A
USGS	11414400	2015-05-30	12100	A
USGS	11414400	2015-05-31	12100	A
USGS	11414400	2015-06-01	12100	A
USGS	11414400	2015-06-02	12100	A
USGS	11414400	2015-06-03	12000	A
USGS	11414400	2015-06-04	12000	A
USGS	11414400	2015-06-05	12000	A
USGS	11414400	2015-06-06	12000	A
USGS	11414400	2015-06-07	12000	A
USGS	11414400	2015-06-08	12000	A
USGS	11414400	2015-06-09	12000	A
USGS	11414400	2015-06-10	12000	A
USGS	11414400	2015-06-11	12000	A
USGS	11414400	2015-06-12	12000	A
USGS	11414400	2015-06-13	11900	A
USGS	11414400	2015-06-14	11900	A
USGS	11414400	2015-06-15	11900	A
USGS	11414400	2015-06-16	11900	A
USGS	11414400	2015-06-17	11900	A
USGS	11414400	2015-06-18	11900	A
USGS	11414400	2015-06-19	11800	A
USGS	11414400	2015-06-20	11800	A
USGS	11414400	2015-06-21	11800	A
USGS	11414400	2015-06-22	11800	A
USGS	11414400	2015-06-23	11800	A
USGS	11414400	2015-06-24	11700	A
USGS	11414400	2015-06-25	11700	A
USGS	11414400	2015-06-26	11700	A
USGS	11414400	2015-06-27	11700	A
USGS	11414400	2015-06-28	11700	A
USGS	11414400	2015-06-29	11700	A
USGS	11414400	2015-06-30	11700	A
USGS	11414400	2015-07-01	11600	A
USGS	11414400	2015-07-02	11600	A
USGS	11414400	2015-07-03	11600	A
USGS	11414400	2015-07-04	11600	A
USGS	11414400	2015-07-05	11600	A
USGS	11414400	2015-07-06	11600	A
USGS	11414400	2015-07-07	11500	A
USGS	11414400	2015-07-08	11600	A
USGS	11414400	2015-07-09	11600	A
USGS	11414400	2015-07-10	11600	A
USGS	11414400	2015-07-11	11500	A
USGS	11414400	2015-07-12	11500	A
USGS	11414400	2015-07-13	11500	A
USGS	11414400	2015-07-14	11500	A
USGS	11414400	2015-07-15	11500	A
USGS	11414400	2015-07-16	11500	A
USGS	11414400	2015-07-17	11400	A
USGS	11414400	2015-07-18	11400	A
USGS	11414400	2015-07-19	11400	A
USGS	11414400	2015-07-20	11400	A
USGS	11414400	2015-07-21	11400	A
USGS	11414400	2015-07-22	11400	A
USGS	11414400	2015-07-23	11300	A
USGS	11414400	2015-07-24	11300	A
USGS	11414400	2015-07-25	11300	A
USGS	11414400	2015-07-26	11300	A
USGS	11414400	2015-07-27	11300	A
USGS	11414400	2015-07-28	11300	A
USGS	11414400	2015-07-29	11200	A
USGS	11414400	2015-07-30	11200	A
USGS	11414400	2015-07-31	11200	A
USGS	11414400	2015-08-01	11200	A
USGS	11414400	2015-08-02	11200	A
USGS	11414400	2015-08-03	11200	A
USGS	11414400	2015-08-04	11200	A
USGS	11414400	2015-08-05	11100	A
USGS	11414400	2015-08-06	11100	A
USGS	11414400	2015-08-07	11100	A
USGS	11414400	2015-08-08	11100	A
USGS	11414400	2015-08-09	11100	A
USGS	11414400	2015-08-10	11100	A
USGS	11414400	2015-08-11	11000	A
USGS	11414400	2015-08-12	11000	A
USGS	11414400	2015-08-13	11000	A
USGS	11414400	2015-08-14	11000	A
USGS	11414400	2015-08-15	11000	A
USGS	11414400	2015-08-16	10900	A
USGS	11414400	2015-08-17	10900	A
USGS	11414400	2015-08-18	10900	A
USGS	11414400	2015-08-19	10900	A
USGS	11414400	2015-08-20	10900	A
USGS	11414400	2015-08-21	10900	A
USGS	11414400	2015-08-22	10800	A
USGS	11414400	2015-08-23	10800	A
USGS	11414400	2015-08-24	10800	A
USGS	11414400	2015-08-25	10800	A
USGS	11414400	2015-08-26	10700	A
USGS	11414400	2015-08-27	10600	A
USGS	11414400	2015-08-28	10500	A
USGS	11414400	2015-08-29	10500	A
USGS	11414400	2015-08-30	10400	A
USGS	11414400	2015-08-31	10300	A
USGS	11414400	2015-09-01	10200	A
USGS	11414400	2015-09-02	10100	A
USGS	11414400	2015-09-03	10100	A
USGS	11414400	2015-09-04	9970	A
USGS	11414400	2015-09-05	9890	A
USGS	11414400	2015-09-06	9810	A
USGS	11414400	2015-09-07	9740	A
USGS	11414400	2015-09-08	9690	A
USGS	11414400	2015-09-09	9670	A
USGS	11414400	2015-09-10	9650	A
USGS	11414400	2015-09-11	9630	A
USGS	11414400	2015-09-12	9610	A
USGS	11414400	2015-09-13	9590	A
USGS	11414400	2015-09-14	9570	A
USGS	11414400	2015-09-15	9550	A
USGS	11414400	2015-09-16	9530	A
USGS	11414400	2015-09-17	9510	A
USGS	11414400	2015-09-18	9490	A
USGS	11414400	2015-09-19	9470	A
USGS	11414400	2015-09-20	9450	A
USGS	11414400	2015-09-21	9430	A
USGS	11414400	2015-09-22	9410	A
USGS	11414400	2015-09-23	9390	A
USGS	11414400	2015-09-24	9370	A
USGS	11414400	2015-09-25	9340	A
USGS	11414400	2015-09-26	9320	A
USGS	11414400	2015-09-27	9290	A
USGS	11414400	2015-09-28	9270	A
USGS	11414400	2015-09-29	9240	A
USGS	11414400	2015-09-30	9230	A
USGS	11414400	2015-10-01	9240	A
USGS	11414400	2015-10-02	9220	A
USGS	11414400	2015-10-03	9200	A
USGS	11414400	2015-10-04	9180	A
USGS	11414400	2015-10-05	9160	A
USGS	11414400	2015-10-06	9140	A
USGS	11414400	2015-10-07	9110	A
USGS	11414400	2015-10-08	9090	A
USGS	11414400	2015-10-09	9070	A
USGS	11414400	2015-10-10	9050	A
USGS	11414400	2015-10-11	9030	A
USGS	11414400	2015-10-12	9010	A
USGS	11414400	2015-10-13	8990	A
USGS	11414400	2015-10-14	8980	A
USGS	11414400	2015-10-15	8970	A
USGS	11414400	2015-10-16	8950	A
USGS	11414400	2015-10-17	8980	A
USGS	11414400	2015-10-18	8970	A
USGS	11414400	2015-10-19	8950	A
USGS	11414400	2015-10-20	8940	A
USGS	11414400	2015-10-21	8930	A
USGS	11414400	2015-10-22	8910	A
USGS	11414400	2015-10-23	8900	A
USGS	11414400	2015-10-24	8890	A
USGS	11414400	2015-10-25	8870	A
USGS	11414400	2015-10-26	8860	A
USGS	11414400	2015-10-27	8850	A
USGS	11414400	2015-10-28	8840	A
USGS	11414400	2015-10-29	8820	A
USGS	11414400	2015-10-30	8820	A
USGS	11414400	2015-10-31	8810	A
USGS	11414400	2015-11-01	8840	A
USGS	11414400	2015-11-02	8880	A
USGS	11414400	2015-11-03	8870	A
USGS	11414400	2015-11-04	8870	A
USGS	11414400	2015-11-05	8860	A
USGS	11414400	2015-11-06	8850	A
USGS	11414400	2015-11-07	8840	A
USGS	11414400	2015-11-08	8830	A
USGS	11414400	2015-11-09	8840	A
USGS	11414400	2015-11-10	8840	A
USGS	11414400	2015-11-11	8830	A
USGS	11414400	2015-11-12	8820	A
USGS	11414400	2015-11-13	8810	A
USGS	11414400	2015-11-14	8810	A
USGS	11414400	2015-11-15	8820	A
USGS	11414400	2015-11-16	8810	A
USGS	11414400	2015-11-17	8800	A
USGS	11414400	2015-11-18	8800	A
USGS	11414400	2015-11-19	8800	A
USGS	11414400	2015-11-20	8790	A
USGS	11414400	2015-11-21	8790	A
USGS	11414400	2015-11-22	8790	A
USGS	11414400	2015-11-23	8780	A
USGS	11414400	2015-11-24	8800	A
USGS	11414400	2015-11-25	8800	A
USGS	11414400	2015-11-26	8790	A
USGS	11414400	2015-11-27	8780	A
USGS	11414400	2015-11-28	8770	A
USGS	11414400	2015-11-29	8760	A
USGS	11414400	2015-11-30	8750	A
USGS	11414400	2015-12-01	8740	A
USGS	11414400	2015-12-02	8740	A
USGS	11414400	2015-12-03	8770	A
USGS	11414400	2015-12-04	8770	A
USGS	11414400	2015-12-05	8760	A
USGS	11414400	2015-12-06	8780	A
USGS	11414400	2015-12-07	8800	A
USGS	11414400	2015-12-08	8820	A
USGS	11414400	2015-12-09	8900	A
USGS	11414400	2015-12-10	9340	A
USGS	11414400	2015-12-11	9380	A
USGS	11414400	2015-12-12	9390	A
USGS	11414400	2015-12-13	9460	A
USGS	11414400	2015-12-14	9470	A
USGS	11414400	2015-12-15	9470	A
USGS	11414400	2015-12-16	9470	A
USGS	11414400	2015-12-17	9470	A
USGS	11414400	2015-12-18	9470	A
USGS	11414400	2015-12-19	9490	A
USGS	11414400	2015-12-20	9500	A
USGS	11414400	2015-12-21	9600	A
USGS	11414400	2015-12-22	9740	A
USGS	11414400	2015-12-23	9800	A
USGS	11414400	2015-12-24	9850	A
USGS	11414400	2015-12-25	9860	A
USGS	11414400	2015-12-26	9870	A
USGS	11414400	2015-12-27	9870	A
USGS	11414400	2015-12-28	9880	A
USGS	11414400	2015-12-29	9880	A
USGS	11414400	2015-12-30	9880	A
USGS	11414400	2015-12-31	9880	A
USGS	11414400	2016-01-01	9870	A
USGS	11414400	2016-01-02	9870	A
USGS	11414400	2016-01-03	9870	A
USGS	11414400	2016-01-04	9870	A
USGS	11414400	2016-01-05	9900	A
USGS	11414400	2016-01-06	9900	A
USGS	11414400	2016-01-07	9910	A
USGS	11414400	2016-01-08	9900	A
USGS	11414400	2016-01-09	9910	A
USGS	11414400	2016-01-10	9900	A
USGS	11414400	2016-01-11	9900	A
USGS	11414400	2016-01-12	9900	A
USGS	11414400	2016-01-13	9940	A
USGS	11414400	2016-01-14	9970	A
USGS	11414400	2016-01-15	9970	A
USGS	11414400	2016-01-16	10000	A
USGS	11414400	2016-01-17	10100	A
USGS	11414400	2016-01-18	10200	A
USGS	11414400	2016-01-19	10200	A
USGS	11414400	2016-01-20	10200	A
USGS	11414400	2016-01-21	10300	A
USGS	11414400	2016-01-22	10300	A
USGS	11414400	2016-01-23	10300	A
USGS	11414400	2016-01-24	10400	A
USGS	11414400	2016-01-25	10400	A
USGS	11414400	2016-01-26	10400	A
USGS	11414400	2016-01-27	10400	A
USGS	11414400	2016-01-28	10400	A
USGS	11414400	2016-01-29	11200	A
USGS	11414400	2016-01-30	11600	A
USGS	11414400	2016-01-31	11800	A
USGS	11414400	2016-02-01	11800	A
USGS	11414400	2016-02-02	11800	A
USGS	11414400	2016-02-03	11900	A
USGS	11414400	2016-02-04	11900	A
USGS	11414400	2016-02-05	11900	A
USGS	11414400	2016-02-06	11900	A
USGS	11414400	2016-02-07	11900	A
USGS	11414400	2016-02-08	11900	A
USGS	11414400	2016-02-09	12000	A
USGS	11414400	2016-02-10	12000	A
USGS	11414400	2016-02-11	12000	A
USGS	11414400	2016-02-12	12000	A
USGS	11414400	2016-02-13	12000	A
USGS	11414400	2016-02-14	12100	A
USGS	11414400	2016-02-15	12100	A
USGS	11414400	2016-02-16	12200	A
USGS	11414400	2016-02-17	12300	A
USGS	11414400	2016-02-18	12300	A
USGS	11414400	2016-02-19	12400	A
USGS	11414400	2016-02-20	12400	A
USGS	11414400	2016-02-21	12400	A
USGS	11414400	2016-02-22	12400	A
USGS	11414400	2016-02-23	12400	A
USGS	11414400	2016-02-24	12400	A
USGS	11414400	2016-02-25	12500	A
USGS	11414400	2016-02-26	12500	A
USGS	11414400	2016-02-27	12500	A
USGS	11414400	2016-02-28	12500	A
USGS	11414400	2016-02-29	12600	A
USGS	11414400	2016-03-01	12600	A
USGS	11414400	2016-03-02	12600	A
USGS	11414400	2016-03-03	12700	A
USGS	11414400	2016-03-04	12900	A
USGS	11414400	2016-03-05	13400	A
USGS	11414400	2016-03-06	13600	A
USGS	11414400	2016-03-07	13700	A
USGS	11414400	2016-03-08	13700	A
USGS	11414400	2016-03-09	13800	A
USGS	11414400	2016-03-10	14000	A
USGS	11414400	2016-03-11	14100	A
USGS	11414400	2016-03-12	14100	A
USGS	11414400	2016-03-13	14100	A
USGS	11414400	2016-03-14	14100	A
USGS	11414400	2016-03-15	14000	A
USGS	11414400	2016-03-16	14000	A
USGS	11414400	2016-03-17	14000	A
USGS	11414400	2016-03-18	14000	A
USGS	11414400	2016-03-19	14000	A
USGS	11414400	2016-03-20	14200	A
USGS	11414400	2016-03-21	14200	A
USGS	11414400	2016-03-22	14100	A
USGS	11414400	2016-03-23	14000	A
USGS	11414400	2016-03-24	14000	A
USGS	11414400	2016-03-25	14000	A
USGS	11414400	2016-03-26	14000	A
USGS	11414400	2016-03-27	14000	A
USGS	11414400	2016-03-28	14000	A
USGS	11414400	2016-03-29	14000	A
USGS	11414400	2016-03-30	14000	A
USGS	11414400	2016-03-31	14000	A
USGS	11414400	2016-04-01	14000	A
USGS	11414400	2016-04-02	14100	A
USGS	11414400	2016-04-03	14100	A
USGS	11414400	2016-04-04	14100	A
USGS	11414400	2016-04-05	14100	A
USGS	11414400	2016-04-06	14100	A
USGS	11414400	2016-04-07	14100	A
USGS	11414400	2016-04-08	14100	A
USGS	11414400	2016-04-09	14100	A
USGS	11414400	2016-04-10	14100	A
USGS	11414400	2016-04-11	14100	A
USGS	11414400	2016-04-12	14100	A
USGS	11414400	2016-04-13	14100	A
USGS	11414400	2016-04-14	14100	A
USGS	11414400	2016-04-15	14100	A
USGS	11414400	2016-04-16	14100	A
USGS	11414400	2016-04-17	14100	A
USGS	11414400	2016-04-18	14100	A
USGS	11414400	2016-04-19	14100	A
USGS	11414400	2016-04-20	14100	A
USGS	11414400	2016-04-21	14200	A
USGS	11414400	2016-04-22	14200	A
USGS	11414400	2016-04-23	14100	A
USGS	11414400	2016-04-24	14100	A
USGS	11414400	2016-04-25	14100	A
USGS	11414400	2016-04-26	14000	A
USGS	11414400	2016-04-27	14000	A
USGS	11414400	2016-04-28	14000	A
USGS	11414400	2016-04-29	14100	A
USGS	11414400	2016-04-30	14100	A
USGS	11414400	2016-05-01	14100	A
USGS	11414400	2016-05-02	14100	A
USGS	11414400	2016-05-03	14100	A
USGS	11414400	2016-05-04	14200	A
USGS	11414400	2016-05-05	14100	A
USGS	11414400	2016-05-06	14200	A
USGS	11414400	2016-05-07	14200	A
USGS	11414400	2016-05-08	14200	A
USGS	11414400	2016-05-09	14200	A
USGS	11414400	2016-05-10	14200	A
USGS	11414400	2016-05-11	14200	A
USGS	11414400	2016-05-12	14200	A
USGS	11414400	2016-05-13	14300	A
USGS	11414400	2016-05-14	14200	A
USGS	11414400	2016-05-15	14200	A
USGS	11414400	2016-05-16	14200	A
USGS	11414400	2016-05-17	14200	A
USGS	11414400	2016-05-18	14200	A
USGS	11414400	2016-05-19	14200	A
USGS	11414400	2016-05-20	14200	A
USGS	11414400	2016-05-21	14100	A
USGS	11414400	2016-05-22	14100	A
USGS	11414400	2016-05-23	14100	A
USGS	11414400	2016-05-24	14100	A
USGS	11414400	2016-05-25	14100	A
USGS	11414400	2016-05-26	14100	A
USGS	11414400	2016-05-27	14200	A
USGS	11414400	2016-05-28	14200	A
USGS	11414400	2016-05-29	14200	A
USGS	11414400	2016-05-30	14200	A
USGS	11414400	2016-05-31	14200	A
USGS	11414400	2016-06-01	14200	A
USGS	11414400	2016-06-02	14100	A
USGS	11414400	2016-06-03	14100	A
USGS	11414400	2016-06-04	14100	A
USGS	11414400	2016-06-05	14100	A
USGS	11414400	2016-06-06	14100	A
USGS	11414400	2016-06-07	14100	A
USGS	11414400	2016-06-08	14100	A
USGS	11414400	2016-06-09	14100	A
USGS	11414400	2016-06-10	14000	A
USGS	11414400	2016-06-11	14000	A
USGS	11414400	2016-06-12	14000	A
USGS	11414400	2016-06-13	14000	A
USGS	11414400	2016-06-14	14000	A
USGS	11414400	2016-06-15	14000	A
USGS	11414400	2016-06-16	14000	A
USGS	11414400	2016-06-17	14000	A
USGS	11414400	2016-06-18	14000	A
USGS	11414400	2016-06-19	14000	A
USGS	11414400	2016-06-20	14000	A
USGS	11414400	2016-06-21	14000	A
USGS	11414400	2016-06-22	14000	A
USGS	11414400	2016-06-23	14000	A
USGS	11414400	2016-06-24	13900	A
USGS	11414400	2016-06-25	13900	A
USGS	11414400	2016-06-26	13900	A
USGS	11414400	2016-06-27	13900	A
USGS	11414400	2016-06-28	13900	A
USGS	11414400	2016-06-29	13900	A
USGS	11414400	2016-06-30	13900	A
USGS	11414400	2016-07-01	13900	A
USGS	11414400	2016-07-02	13800	A
USGS	11414400	2016-07-03	13800	A
USGS	11414400	2016-07-04	13800	A
USGS	11414400	2016-07-05	13800	A
USGS	11414400	2016-07-06	13800	A
USGS	11414400	2016-07-07	13800	A
USGS	11414400	2016-07-08	13700	A
USGS	11414400	2016-07-09	13700	A
USGS	11414400	2016-07-10	13700	A
USGS	11414400	2016-07-11	13700	A
USGS	11414400	2016-07-12	13700	A
USGS	11414400	2016-07-13	13600	A
USGS	11414400	2016-07-14	13600	A
USGS	11414400	2016-07-15	13600	A
USGS	11414400	2016-07-16	13600	A
USGS	11414400	2016-07-17	13600	A
USGS	11414400	2016-07-18	13500	A
USGS	11414400	2016-07-19	13500	A
USGS	11414400	2016-07-20	13500	A
USGS	11414400	2016-07-21	13500	A
USGS	11414400	2016-07-22	13500	A
USGS	11414400	2016-07-23	13400	A
USGS	11414400	2016-07-24	13400	A
USGS	11414400	2016-07-25	13400	A
USGS	11414400	2016-07-26	13400	A
USGS	11414400	2016-07-27	13400	A
USGS	11414400	2016-07-28	13300	A
USGS	11414400	2016-07-29	13300	A
USGS	11414400	2016-07-30	13300	A
USGS	11414400	2016-07-31	13300	A
USGS	11414400	2016-08-01	13300	A
USGS	11414400	2016-08-02	13300	A
USGS	11414400	2016-08-03	13200	A
USGS	11414400	2016-08-04	13200	A
USGS	11414400	2016-08-05	13200	A
USGS	11414400	2016-08-06	13200	A
USGS	11414400	2016-08-07	13100	A
USGS	11414400	2016-08-08	13100	A
USGS	11414400	2016-08-09	13100	A
USGS	11414400	2016-08-10	13100	A
USGS	11414400	2016-08-11	13100	A
USGS	11414400	2016-08-12	13000	A
USGS	11414400	2016-08-13	13000	A
USGS	11414400	2016-08-14	13000	A
USGS	11414400	2016-08-15	13000	A
USGS	11414400	2016-08-16	13000	A
USGS	11414400	2016-08-17	12900	A
USGS	11414400	2016-08-18	12900	A
USGS	11414400	2016-08-19	12900	A
USGS	11414400	2016-08-20	12900	A
USGS	11414400	2016-08-21	12900	A
USGS	11414400	2016-08-22	12900	A
USGS	11414400	2016-08-23	12800	A
USGS	11414400	2016-08-24	12800	A
USGS	11414400	2016-08-25	12800	A
USGS	11414400	2016-08-26	12800	A
USGS	11414400	2016-08-27	12800	A
USGS	11414400	2016-08-28	12700	A
USGS	11414400	2016-08-29	12700	A
USGS	11414400	2016-08-30	12700	A
USGS	11414400	2016-08-31	12700	A
USGS	11414400	2016-09-01	12700	A
USGS	11414400	2016-09-02	12600	A
USGS	11414400	2016-09-03	12600	A
USGS	11414400	2016-09-04	12600	A
USGS	11414400	2016-09-05	12600	A
USGS	11414400	2016-09-06	12600	A
USGS	11414400	2016-09-07	12400	A
USGS	11414400	2016-09-08	12100	A
USGS	11414400	2016-09-09	11900	A
USGS	11414400	2016-09-10	11600	A
USGS	11414400	2016-09-11	11400	A
USGS	11414400	2016-09-12	11100	A
USGS	11414400	2016-09-13	10900	A
USGS	11414400	2016-09-14	10700	A
USGS	11414400	2016-09-15	10500	A
USGS	11414400	2016-09-16	10200	A
USGS	11414400	2016-09-17	10000	A
USGS	11414400	2016-09-18	9810	A
USGS	11414400	2016-09-19	9590	A
USGS	11414400	2016-09-20	9370	A
USGS	11414400	2016-09-21	9140	A
USGS	11414400	2016-09-22	8900	A
USGS	11414400	2016-09-23	8660	A
USGS	11414400	2016-09-24	8410	A
USGS	11414400	2016-09-25	8170	A
USGS	11414400	2016-09-26	7930	A
USGS	11414400	2016-09-27	7710	A
USGS	11414400	2016-09-28	7490	A
USGS	11414400	2016-09-29	7380	A
USGS	11414400	2016-09-30	7360	A
USGS	11414400	2016-10-01	7340	A
USGS	11414400	2016-10-02	7330	A
USGS	11414400	2016-10-03	7310	A
USGS	11414400	2016-10-04	7290	A
USGS	11414400	2016-10-05	7270	A
USGS	11414400	2016-10-06	7260	A
USGS	11414400	2016-10-07	7240	A
USGS	11414400	2016-10-08	7220	A
USGS	11414400	2016-10-09	7200	A
USGS	11414400	2016-10-10	7190	A
USGS	11414400	2016-10-11	7170	A
USGS	11414400	2016-10-12	7150	A
USGS	11414400	2016-10-13	7130	A
USGS	11414400	2016-10-14	7190	A
USGS	11414400	2016-10-15	7390	A
USGS	11414400	2016-10-16	7870	A
USGS	11414400	2016-10-17	7980	A
USGS	11414400	2016-10-18	8020	A
USGS	11414400	2016-10-19	8030	A
USGS	11414400	2016-10-20	8050	A
USGS	11414400	2016-10-21	8060	A
USGS	11414400	2016-10-22	8060	A
USGS	11414400	2016-10-23	8050	A
USGS	11414400	2016-10-24	8060	A
USGS	11414400	2016-10-25	8130	A
USGS	11414400	2016-10-26	8120	A
USGS	11414400	2016-10-27	8290	A
USGS	11414400	2016-10-28	8700	A
USGS	11414400	2016-10-29	8760	A
USGS	11414400	2016-10-30	8880	A
USGS	11414400	2016-10-31	8980	A
USGS	11414400	2016-11-01	9040	A
USGS	11414400	2016-11-02	9060	A
USGS	11414400	2016-11-03	9090	A
USGS	11414400	2016-11-04	9120	A
USGS	11414400	2016-11-05	9140	A
USGS	11414400	2016-11-06	9160	A
USGS	11414400	2016-11-07	9190	A
USGS	11414400	2016-11-08	9210	A
USGS	11414400	2016-11-09	9210	A
USGS	11414400	2016-11-10	9210	A
USGS	11414400	2016-11-11	9210	A
USGS	11414400	2016-11-12	9210	A
USGS	11414400	2016-11-13	9200	A
USGS	11414400	2016-11-14	9190	A
USGS	11414400	2016-11-15	9210	A
USGS	11414400	2016-11-16	9220	A
USGS	11414400	2016-11-17	9220	A
USGS	11414400	2016-11-18	9210	A
USGS	11414400	2016-11-19	9240	A
USGS	11414400	2016-11-20	9270	A
USGS	11414400	2016-11-21	9270	A
USGS	11414400	2016-11-22	9270	A
USGS	11414400	2016-11-23	9290	A
USGS	11414400	2016-11-24	9280	A
USGS	11414400	2016-11-25	9280	A
USGS	11414400	2016-11-26	9310	A
USGS	11414400	2016-11-27	9320	A
USGS	11414400	2016-11-28	9300	A
USGS	11414400	2016-11-29	9300	A
USGS	11414400	2016-11-30	9300	A
USGS	11414400	2016-12-01	9300	A
USGS	11414400	2016-12-02	9280	A
USGS	11414400	2016-12-03	9280	A
USGS	11414400	2016-12-04	9270	A
USGS	11414400	2016-12-05	9260	A
USGS	11414400	2016-12-06	9260	A
USGS	11414400	2016-12-07	9260	A
USGS	11414400	2016-12-08	9390	A
USGS	11414400	2016-12-09	9650	A
USGS	11414400	2016-12-10	11500	A
USGS	11414400	2016-12-11	11600	A
USGS	11414400	2016-12-12	11600	A
USGS	11414400	2016-12-13	11700	A
USGS	11414400	2016-12-14	11800	A
USGS	11414400	2016-12-15	12700	A
USGS	11414400	2016-12-16	13000	A
USGS	11414400	2016-12-17	13000	A
USGS	11414400	2016-12-18	13000	A
USGS	11414400	2016-12-19	13000	A
USGS	11414400	2016-12-20	13000	A
USGS	11414400	2016-12-21	13000	A
USGS	11414400	2016-12-22	13000	A
USGS	11414400	2016-12-23	13100	A
USGS	11414400	2016-12-24	13100	A
USGS	11414400	2016-12-25	13100	A
USGS	11414400	2016-12-26	13100	A
USGS	11414400	2016-12-27	13100	A
USGS	11414400	2016-12-28	13100	A
USGS	11414400	2016-12-29	13100	A
USGS	11414400	2016-12-30	13100	A
USGS	11414400	2016-12-31	13000	A
USGS	11414400	2017-01-01	13100	A
USGS	11414400	2017-01-02	13100	A
USGS	11414400	2017-01-03	13200	A
USGS	11414400	2017-01-04	13300	A
USGS	11414400	2017-01-05	13300	A
USGS	11414400	2017-01-06	13300	A
USGS	11414400	2017-01-07	13500	A
USGS	11414400	2017-01-08	14600	A
USGS	11414400	2017-01-09	14200	A
USGS	11414400	2017-01-10	14200	A
USGS	11414400	2017-01-11	14000	A
USGS	11414400	2017-01-12	14000	A
USGS	11414400	2017-01-13	14000	A
USGS	11414400	2017-01-14	14000	A
USGS	11414400	2017-01-15	14000	A
USGS	11414400	2017-01-16	14000	A
USGS	11414400	2017-01-17	13900	A
USGS	11414400	2017-01-18	14000	A
USGS	11414400	2017-01-19	14000	A
USGS	11414400	2017-01-20	14000	A
USGS	11414400	2017-01-21	14000	A
USGS	11414400	2017-01-22	14000	A
USGS	11414400	2017-01-23	14000	A
USGS	11414400	2017-01-24	14000	A
USGS	11414400	2017-01-25	13900	A
USGS	11414400	2017-01-26	13900	A
USGS	11414400	2017-01-27	13900	A
USGS	11414400	2017-01-28	13900	A
USGS	11414400	2017-01-29	13900	A
USGS	11414400	2017-01-30	13900	A
USGS	11414400	2017-01-31	13900	A
USGS	11414400	2017-02-01	13900	A
USGS	11414400	2017-02-02	13900	A
USGS	11414400	2017-02-03	14000	A
USGS	11414400	2017-02-04	14000	A
USGS	11414400	2017-02-05	14000	A
USGS	11414400	2017-02-06	14000	A
USGS	11414400	2017-02-07	14200	A
USGS	11414400	2017-02-08	14500	A
USGS	11414400	2017-02-09	14500	A
USGS	11414400	2017-02-10	14200	A
USGS	11414400	2017-02-11	14100	A
USGS	11414400	2017-02-12	14000	A
USGS	11414400	2017-02-13	14000	A
USGS	11414400	2017-02-14	14000	A
USGS	11414400	2017-02-15	14000	A
USGS	11414400	2017-02-16	14000	A
USGS	11414400	2017-02-17	14000	A
USGS	11414400	2017-02-18	14000	A
USGS	11414400	2017-02-19	14000	A
USGS	11414400	2017-02-20	14100	A
USGS	11414400	2017-02-21	14100	A
USGS	11414400	2017-02-22	14000	A
USGS	11414400	2017-02-23	14000	A
USGS	11414400	2017-02-24	14000	A
USGS	11414400	2017-02-25	14000	A
USGS	11414400	2017-02-26	14000	A
USGS	11414400	2017-02-27	14000	A
USGS	11414400	2017-02-28	14000	A
USGS	11414400	2017-03-01	14000	A
USGS	11414400	2017-03-02	14000	A
USGS	11414400	2017-03-03	14000	A
USGS	11414400	2017-03-04	14000	A
USGS	11414400	2017-03-05	14000	A
USGS	11414400	2017-03-06	14000	A
USGS	11414400	2017-03-07	14000	A
USGS	11414400	2017-03-08	14000	A
USGS	11414400	2017-03-09	14000	A
USGS	11414400	2017-03-10	14000	A
USGS	11414400	2017-03-11	14000	A
USGS	11414400	2017-03-12	14000	A
USGS	11414400	2017-03-13	14000	A
USGS	11414400	2017-03-14	14000	A
USGS	11414400	2017-03-15	14000	A
USGS	11414400	2017-03-16	14000	A
USGS	11414400	2017-03-17	14000	A
USGS	11414400	2017-03-18	14100	A
USGS	11414400	2017-03-19	14100	A
USGS	11414400	2017-03-20	14100	A
USGS	11414400	2017-03-21	14100	A
USGS	11414400	2017-03-22	14100	A
USGS	11414400	2017-03-23	14000	A
USGS	11414400	2017-03-24	14000	A
USGS	11414400	2017-03-25	14000	A
USGS	11414400	2017-03-26	14000	A
USGS	11414400	2017-03-27	14000	A
USGS	11414400	2017-03-28	14000	A
USGS	11414400	2017-03-29	14000	A
USGS	11414400	2017-03-30	14100	A
USGS	11414400	2017-03-31	14000	A
USGS	11414400	2017-04-01	14000	A
USGS	11414400	2017-04-02	14000	A
USGS	11414400	2017-04-03	14000	A
USGS	11414400	2017-04-04	14000	A
USGS	11414400	2017-04-05	14000	A
USGS	11414400	2017-04-06	14100	A
USGS	11414400	2017-04-07	14100	A
USGS	11414400	2017-04-08	14100	A
USGS	11414400	2017-04-09	14000	A
USGS	11414400	2017-04-10	14000	A
USGS	11414400	2017-04-11	14000	A
USGS	11414400	2017-04-12	14100	A
USGS	11414400	2017-04-13	14100	A
USGS	11414400	2017-04-14	14000	A
USGS	11414400	2017-04-15	14000	A
USGS	11414400	2017-04-16	14000	A
USGS	11414400	2017-04-17	14100	A
USGS	11414400	2017-04-18	14100	A
USGS	11414400	2017-04-19	14100	A
USGS	11414400	2017-04-20	14100	A
USGS	11414400	2017-04-21	14000	A
USGS	11414400	2017-04-22	14100	A
USGS	11414400	2017-04-23	14100	A
USGS	11414400	2017-04-24	14100	A
USGS	11414400	2017-04-25	14000	A
USGS	11414400	2017-04-26	14100	A
USGS	11414400	2017-04-27	14100	A
USGS	11414400	2017-04-28	14100	A
USGS	11414400	2017-04-29	14100	A
USGS	11414400	2017-04-30	14100	A
USGS	11414400	2017-05-01	14100	A
USGS	11414400	2017-05-02	14200	A
USGS	11414400	2017-05-03	14200	A
USGS	11414400	2017-05-04	14200	A
USGS	11414400	2017-05-05	14200	A
USGS	11414400	2017-05-06	14100	A
USGS	11414400	2017-05-07	14100	A
USGS	11414400	2017-05-08	14100	A
USGS	11414400	2017-05-09	14100	A
USGS	11414400	2017-05-10	14200	A
USGS	11414400	2017-05-11	14200	A
USGS	11414400	2017-05-12	14100	A
USGS	11414400	2017-05-13	14100	A
USGS	11414400	2017-05-14	14100	A
USGS	11414400	2017-05-15	14100	A
USGS	11414400	2017-05-16	14100	A
USGS	11414400	2017-05-17	14100	A
USGS	11414400	2017-05-18	14100	A
USGS	11414400	2017-05-19	14100	A
USGS	11414400	2017-05-20	14200	A
USGS	11414400	2017-05-21	14200	A
USGS	11414400	2017-05-22	14200	A
USGS	11414400	2017-05-23	14200	A
USGS	11414400	2017-05-24	14200	A
USGS	11414400	2017-05-25	14200	A
USGS	11414400	2017-05-26	14200	A
USGS	11414400	2017-05-27	14200	A
USGS	11414400	2017-05-28	14200	A
USGS	11414400	2017-05-29	14200	A
USGS	11414400	2017-05-30	14200	A
USGS	11414400	2017-05-31	14100	A
USGS	11414400	2017-06-01	14100	A
USGS	11414400	2017-06-02	14200	A
USGS	11414400	2017-06-03	14200	A
USGS	11414400	2017-06-04	14200	A
USGS	11414400	2017-06-05	14200	A
USGS	11414400	2017-06-06	14200	A
USGS	11414400	2017-06-07	14100	A
USGS	11414400	2017-06-08	14100	A
USGS	11414400	2017-06-09	14100	A
USGS	11414400	2017-06-10	14100	A
USGS	11414400	2017-06-11	14100	A
USGS	11414400	2017-06-12	14100	A
USGS	11414400	2017-06-13	14100	A
USGS	11414400	2017-06-14	14100	A
USGS	11414400	2017-06-15	14100	A
USGS	11414400	2017-06-16	14200	A
USGS	11414400	2017-06-17	14200	A
USGS	11414400	2017-06-18	14300	A
USGS	11414400	2017-06-19	14300	A
USGS	11414400	2017-06-20	14300	A
USGS	11414400	2017-06-21	14200	A
USGS	11414400	2017-06-22	14200	A
USGS	11414400	2017-06-23	14200	A
USGS	11414400	2017-06-24	14200	A
USGS	11414400	2017-06-25	14200	A
USGS	11414400	2017-06-26	14100	A
USGS	11414400	2017-06-27	14100	A
USGS	11414400	2017-06-28	14100	A
USGS	11414400	2017-06-29	14100	A
USGS	11414400	2017-06-30	14100	A
USGS	11414400	2017-07-01	14100	A
USGS	11414400	2017-07-02	14000	A
USGS	11414400	2017-07-03	14000	A
USGS	11414400	2017-07-04	14000	A
USGS	11414400	2017-07-05	14000	A
USGS	11414400	2017-07-06	14000	A
USGS	11414400	2017-07-07	14000	A
USGS	11414400	2017-07-08	14000	A
USGS	11414400	2017-07-09	14000	A
USGS	11414400	2017-07-10	14000	A
USGS	11414400	2017-07-11	14000	A
USGS	11414400	2017-07-12	14000	A
USGS	11414400	2017-07-13	14000	A
USGS	11414400	2017-07-14	14000	A
USGS	11414400	2017-07-15	14000	A
USGS	11414400	2017-07-16	14000	A
USGS	11414400	2017-07-17	13900	A
USGS	11414400	2017-07-18	13900	A
USGS	11414400	2017-07-19	13900	A
USGS	11414400	2017-07-20	13900	A
USGS	11414400	2017-07-21	13900	A
USGS	11414400	2017-07-22	13900	A
USGS	11414400	2017-07-23	13900	A
USGS	11414400	2017-07-24	13900	A
USGS	11414400	2017-07-25	13800	A
USGS	11414400	2017-07-26	13800	A
USGS	11414400	2017-07-27	13800	A
USGS	11414400	2017-07-28	13800	A
USGS	11414400	2017-07-29	13800	A
USGS	11414400	2017-07-30	13800	A
USGS	11414400	2017-07-31	13800	A
USGS	11414400	2017-08-01	13700	A
USGS	11414400	2017-08-02	13700	A
USGS	11414400	2017-08-03	13700	A
USGS	11414400	2017-08-04	13700	A
USGS	11414400	2017-08-05	13700	A
USGS	11414400	2017-08-06	13600	A
USGS	11414400	2017-08-07	13600	A
USGS	11414400	2017-08-08	13600	A
USGS	11414400	2017-08-09	13600	A
USGS	11414400	2017-08-10	13600	A
USGS	11414400	2017-08-11	13500	A
USGS	11414400	2017-08-12	13500	A
USGS	11414400	2017-08-13	13500	A
USGS	11414400	2017-08-14	13500	A
USGS	11414400	2017-08-15	13500	A
USGS	11414400	2017-08-16	13400	A
USGS	11414400	2017-08-17	13400	A
USGS	11414400	2017-08-18	13400	A
USGS	11414400	2017-08-19	13400	A
USGS	11414400	2017-08-20	13400	A
USGS	11414400	2017-08-21	13300	A
USGS	11414400	2017-08-22	13300	A
USGS	11414400	2017-08-23	13300	A
USGS	11414400	2017-08-24	13300	A
USGS	11414400	2017-08-25	13300	A
USGS	11414400	2017-08-26	13200	A
USGS	11414400	2017-08-27	13200	A
USGS	11414400	2017-08-28	13200	A
USGS	11414400	2017-08-29	13200	A
USGS	11414400	2017-08-30	13200	A
USGS	11414400	2017-08-31	13100	A
USGS	11414400	2017-09-01	13100	A
USGS	11414400	2017-09-02	13100	A
USGS	11414400	2017-09-03	13100	A
USGS	11414400	2017-09-04	13000	A
USGS	11414400	2017-09-05	13000	A
USGS	11414400	2017-09-06	13000	A
USGS	11414400	2017-09-07	13000	A
USGS	11414400	2017-09-08	13000	A
USGS	11414400	2017-09-09	12900	A
USGS	11414400	2017-09-10	12900	A
USGS	11414400	2017-09-11	12900	A
USGS	11414400	2017-09-12	12900	A
USGS	11414400	2017-09-13	12800	A
USGS	11414400	2017-09-14	12500	A
USGS	11414400	2017-09-15	12300	A
USGS	11414400	2017-09-16	12000	A
USGS	11414400	2017-09-17	11800	A
USGS	11414400	2017-09-18	11500	A
USGS	11414400	2017-09-19	11300	A
USGS	11414400	2017-09-20	11100	A
USGS	11414400	2017-09-21	10800	A
USGS	11414400	2017-09-22	10600	A
USGS	11414400	2017-09-23	10300	A
USGS	11414400	2017-09-24	10100	A
USGS	11414400	2017-09-25	9810	A
USGS	11414400	2017-09-26	9570	A
USGS	11414400	2017-09-27	9320	A
USGS	11414400	2017-09-28	9090	A
USGS	11414400	2017-09-29	8860	A
USGS	11414400	2017-09-30	8630	A
USGS	11414400	2017-10-01	8390	P
USGS	11414400	2017-10-02	8170	P
USGS	11414400	2017-10-03	7940	P
USGS	11414400	2017-10-04	7800	P
USGS	11414400	2017-10-05	7780	P
USGS	11414400	2017-10-06	7760	P
USGS	11414400	2017-10-07	7750	P
USGS	11414400	2017-10-08	7720	P
USGS	11414400	2017-10-09	7700	P
USGS	11414400	2017-10-10	7680	P
USGS	11414400	2017-10-11	7670	P
USGS	11414400	2017-10-12	7650	P
USGS	11414400	2017-10-13	7630	P
USGS	11414400	2017-10-14	7610	P
USGS	11414400	2017-10-15	7590	P
USGS	11414400	2017-10-16	7570	P
USGS	11414400	2017-10-17	7560	P
USGS	11414400	2017-10-18	7540	P
USGS	11414400	2017-10-19	7510	P
USGS	11414400	2017-10-20	7530	P
USGS	11414400	2017-10-21	7510	P
USGS	11414400	2017-10-22	7500	P
USGS	11414400	2017-10-23	7480	P
USGS	11414400	2017-10-24	7450	P
USGS	11414400	2017-10-25	7440	P
USGS	11414400	2017-10-26	7420	P
USGS	11414400	2017-10-27	7410	P
USGS	11414400	2017-10-28	7390	P
USGS	11414400	2017-10-29	7380	P
USGS	11414400	2017-10-30	7360	P
USGS	11414400	2017-10-31	7340	P
USGS	11414400	2017-11-01	7320	P
USGS	11414400	2017-11-02	7300	P
USGS	11414400	2017-11-03	7330	P
USGS	11414400	2017-11-04	7390	P
USGS	11414400	2017-11-05	7370	P
USGS	11414400	2017-11-06	7360	P
USGS	11414400	2017-11-07	7350	P
USGS	11414400	2017-11-08	7350	P
USGS	11414400	2017-11-09	7580	P
USGS	11414400	2017-11-10	7620	P
USGS	11414400	2017-11-11	7640	P
USGS	11414400	2017-11-12	7640	P
USGS	11414400	2017-11-13	7700	P
USGS	11414400	2017-11-14	7750	P
USGS	11414400	2017-11-15	7910	P
USGS	11414400	2017-11-16	8820	P
USGS	11414400	2017-11-17	8900	P
USGS	11414400	2017-11-18	8920	P
USGS	11414400	2017-11-19	8930	P
USGS	11414400	2017-11-20	9090	P
USGS	11414400	2017-11-21	9190	P
USGS	11414400	2017-11-22	9240	P
USGS	11414400	2017-11-23	9300	P
USGS	11414400	2017-11-24	9340	P
USGS	11414400	2017-11-25	9360	P
USGS	11414400	2017-11-26	9660	P
USGS	11414400	2017-11-27	9780	P
USGS	11414400	2017-11-28	9800	P
USGS	11414400	2017-11-29	9810	P
USGS	11414400	2017-11-30	9820	P
USGS	11414400	2017-12-01	9810	P
USGS	11414400	2017-12-02	9810	P
USGS	11414400	2017-12-03	9820	P
USGS	11414400	2017-12-04	9810	P
USGS	11414400	2017-12-05	9800	P
USGS	11414400	2017-12-06	9800	P
USGS	11414400	2017-12-07	9780	P
USGS	11414400	2017-12-08	9770	P
USGS	11414400	2017-12-09	9770	P
USGS	11414400	2017-12-10	9750	P
USGS	11414400	2017-12-11	9740	P
USGS	11414400	2017-12-12	9730	P
USGS	11414400	2017-12-13	9720	P
USGS	11414400	2017-12-14	9700	P
USGS	11414400	2017-12-15	9690	P
USGS	11414400	2017-12-16	9670	P
USGS	11414400	2017-12-17	9660	P
USGS	11414400	2017-12-18	9650	P
USGS	11414400	2017-12-19	9620	P
USGS	11414400	2017-12-20	9630	P
USGS	11414400	2017-12-21	9620	P
USGS	11414400	2017-12-22	9600	P
USGS	11414400	2017-12-23	9590	P
USGS	11414400	2017-12-24	9570	P
USGS	11414400	2017-12-25	9560	P
USGS	11414400	2017-12-26	9540	P
USGS	11414400	2017-12-27	9530	P
USGS	11414400	2017-12-28	9510	P
USGS	11414400	2017-12-29	9500	P
USGS	11414400	2017-12-30	9480	P
USGS	11414400	2017-12-31	9460	P
USGS	11414400	2018-01-01	9450	P
