agency_cd	site_no	datetime	114052_62614_32400	114052_62614_32400_cd
USGS	14186100	2013-10-01	974.39	A
USGS	14186100	2013-10-02	976.47	A
USGS	14186100	2013-10-03	977.84	A
USGS	14186100	2013-10-04	978.80	A
USGS	14186100	2013-10-05	979.53	A
USGS	14186100	2013-10-06	980.11	A
USGS	14186100	2013-10-07	980.04	A
USGS	14186100	2013-10-08	980.14	A
USGS	14186100	2013-10-09	980.40	A
USGS	14186100	2013-10-10	980.41	A
USGS	14186100	2013-10-11	980.63	A
USGS	14186100	2013-10-12	981.09	A
USGS	14186100	2013-10-13	981.48	A
USGS	14186100	2013-10-14	980.94	A
USGS	14186100	2013-10-15	980.28	A
USGS	14186100	2013-10-16	979.60	A
USGS	14186100	2013-10-17	978.91	A
USGS	14186100	2013-10-18	978.25	A
USGS	14186100	2013-10-19	977.52	A
USGS	14186100	2013-10-20	976.72	A
USGS	14186100	2013-10-21	975.93	A
USGS	14186100	2013-10-22	975.12	A
USGS	14186100	2013-10-23	974.25	A
USGS	14186100	2013-10-24	973.40	A
USGS	14186100	2013-10-25	972.01	A
USGS	14186100	2013-10-26	970.64	A
USGS	14186100	2013-10-27	969.31	A
USGS	14186100	2013-10-28	967.96	A
USGS	14186100	2013-10-29	966.53	A
USGS	14186100	2013-10-30	965.04	A
USGS	14186100	2013-10-31	963.34	A
USGS	14186100	2013-11-01	961.05	A
USGS	14186100	2013-11-02	959.04	A
USGS	14186100	2013-11-03	957.00	A
USGS	14186100	2013-11-04	955.05	A
USGS	14186100	2013-11-05	953.58	A
USGS	14186100	2013-11-06	952.29	A
USGS	14186100	2013-11-07	951.12	A
USGS	14186100	2013-11-08	949.92	A
USGS	14186100	2013-11-09	948.29	A
USGS	14186100	2013-11-10	946.37	A
USGS	14186100	2013-11-11	944.22	A
USGS	14186100	2013-11-12	941.92	A
USGS	14186100	2013-11-13	939.38	A
USGS	14186100	2013-11-14	936.71	A
USGS	14186100	2013-11-15	934.00	A
USGS	14186100	2013-11-16	932.14	A
USGS	14186100	2013-11-17	930.25	A
USGS	14186100	2013-11-18	928.35	A
USGS	14186100	2013-11-19	928.76	A
USGS	14186100	2013-11-20	928.72	A
USGS	14186100	2013-11-21	929.40	A
USGS	14186100	2013-11-22	930.01	A
USGS	14186100	2013-11-23	930.74	A
USGS	14186100	2013-11-24	931.26	A
USGS	14186100	2013-11-25	931.63	A
USGS	14186100	2013-11-26	931.50	A
USGS	14186100	2013-11-27	931.30	A
USGS	14186100	2013-11-28	931.03	A
USGS	14186100	2013-11-29	930.70	A
USGS	14186100	2013-11-30	930.34	A
USGS	14186100	2013-12-01	931.05	A
USGS	14186100	2013-12-02	937.23	A
USGS	14186100	2013-12-03	938.99	A
USGS	14186100	2013-12-04	939.74	A
USGS	14186100	2013-12-05	939.45	A
USGS	14186100	2013-12-06	939.23	A
USGS	14186100	2013-12-07	938.69	A
USGS	14186100	2013-12-08	938.13	A
USGS	14186100	2013-12-09	937.46	A
USGS	14186100	2013-12-10	936.73	A
USGS	14186100	2013-12-11	935.96	A
USGS	14186100	2013-12-12	935.08	A
USGS	14186100	2013-12-13	934.32	A
USGS	14186100	2013-12-14	933.52	A
USGS	14186100	2013-12-15	932.59	A
USGS	14186100	2013-12-16	931.70	A
USGS	14186100	2013-12-17	930.77	A
USGS	14186100	2013-12-18	929.82	A
USGS	14186100	2013-12-19	928.86	A
USGS	14186100	2013-12-20	928.11	A
USGS	14186100	2013-12-21	927.90	A
USGS	14186100	2013-12-22	927.84	A
USGS	14186100	2013-12-23	927.71	A
USGS	14186100	2013-12-24	927.75	A
USGS	14186100	2013-12-25	927.51	A
USGS	14186100	2013-12-26	927.18	A
USGS	14186100	2013-12-27	926.71	A
USGS	14186100	2013-12-28	926.58	A
USGS	14186100	2013-12-29	926.27	A
USGS	14186100	2013-12-30	925.93	A
USGS	14186100	2013-12-31	925.56	A
USGS	14186100	2014-01-01	925.14	A
USGS	14186100	2014-01-02	924.71	A
USGS	14186100	2014-01-03	924.31	A
USGS	14186100	2014-01-04	923.85	A
USGS	14186100	2014-01-05	923.35	A
USGS	14186100	2014-01-06	922.86	A
USGS	14186100	2014-01-07	922.38	A
USGS	14186100	2014-01-08	922.62	A
USGS	14186100	2014-01-09	924.42	A
USGS	14186100	2014-01-10	926.80	A
USGS	14186100	2014-01-11	929.06	A
USGS	14186100	2014-01-12	932.71	A
USGS	14186100	2014-01-13	936.64	A
USGS	14186100	2014-01-14	938.79	A
USGS	14186100	2014-01-15	940.11	A
USGS	14186100	2014-01-16	941.00	A
USGS	14186100	2014-01-17	942.38	A
USGS	14186100	2014-01-18	943.56	A
USGS	14186100	2014-01-19	944.59	A
USGS	14186100	2014-01-20	945.48	A
USGS	14186100	2014-01-21	946.26	A
USGS	14186100	2014-01-22	946.47	A
USGS	14186100	2014-01-23	946.59	A
USGS	14186100	2014-01-24	946.64	A
USGS	14186100	2014-01-25	946.60	A
USGS	14186100	2014-01-26	946.55	A
USGS	14186100	2014-01-27	946.44	A
USGS	14186100	2014-01-28	946.46	A
USGS	14186100	2014-01-29	949.08	A
USGS	14186100	2014-01-30	951.04	A
USGS	14186100	2014-01-31	951.54	A
USGS	14186100	2014-02-01	951.57	A
USGS	14186100	2014-02-02	951.45	A
USGS	14186100	2014-02-03	951.25	A
USGS	14186100	2014-02-04	950.94	A
USGS	14186100	2014-02-05	950.50	A
USGS	14186100	2014-02-06	949.80	A
USGS	14186100	2014-02-07	948.90	A
USGS	14186100	2014-02-08	948.25	A
USGS	14186100	2014-02-09	949.18	A
USGS	14186100	2014-02-10	949.81	A
USGS	14186100	2014-02-11	952.40	A
USGS	14186100	2014-02-12	965.05	A
USGS	14186100	2014-02-13	974.70	A
USGS	14186100	2014-02-14	982.55	A
USGS	14186100	2014-02-15	987.18	A
USGS	14186100	2014-02-16	989.73	A
USGS	14186100	2014-02-17	989.31	A
USGS	14186100	2014-02-18	989.66	A
USGS	14186100	2014-02-19	989.80	A
USGS	14186100	2014-02-20	988.43	A
USGS	14186100	2014-02-21	986.35	A
USGS	14186100	2014-02-22	983.65	A
USGS	14186100	2014-02-23	980.46	A
USGS	14186100	2014-02-24	977.87	A
USGS	14186100	2014-02-25	976.56	A
USGS	14186100	2014-02-26	975.08	A
USGS	14186100	2014-02-27	974.04	A
USGS	14186100	2014-02-28	972.91	A
USGS	14186100	2014-03-01	971.86	A
USGS	14186100	2014-03-02	972.54	A
USGS	14186100	2014-03-03	974.66	A
USGS	14186100	2014-03-04	975.84	A
USGS	14186100	2014-03-05	977.41	A
USGS	14186100	2014-03-06	980.28	A
USGS	14186100	2014-03-07	984.69	A
USGS	14186100	2014-03-08	985.65	A
USGS	14186100	2014-03-09	989.65	A
USGS	14186100	2014-03-10	994.15	A
USGS	14186100	2014-03-11	995.22	A
USGS	14186100	2014-03-12	994.12	A
USGS	14186100	2014-03-13	991.63	A
USGS	14186100	2014-03-14	988.83	A
USGS	14186100	2014-03-15	985.68	A
USGS	14186100	2014-03-16	982.28	A
USGS	14186100	2014-03-17	979.71	A
USGS	14186100	2014-03-18	977.56	A
USGS	14186100	2014-03-19	976.53	A
USGS	14186100	2014-03-20	976.65	A
USGS	14186100	2014-03-21	977.33	A
USGS	14186100	2014-03-22	977.90	A
USGS	14186100	2014-03-23	978.27	A
USGS	14186100	2014-03-24	978.54	A
USGS	14186100	2014-03-25	978.84	A
USGS	14186100	2014-03-26	979.31	A
USGS	14186100	2014-03-27	981.00	A
USGS	14186100	2014-03-28	984.34	A
USGS	14186100	2014-03-29	988.60	A
USGS	14186100	2014-03-30	991.11	A
USGS	14186100	2014-03-31	992.70	A
USGS	14186100	2014-04-01	993.75	A
USGS	14186100	2014-04-02	994.51	A
USGS	14186100	2014-04-03	995.06	A
USGS	14186100	2014-04-04	995.58	A
USGS	14186100	2014-04-05	996.52	A
USGS	14186100	2014-04-06	998.44	A
USGS	14186100	2014-04-07	999.69	A
USGS	14186100	2014-04-08	1000.08	A
USGS	14186100	2014-04-09	1000.24	A
USGS	14186100	2014-04-10	1000.26	A
USGS	14186100	2014-04-11	1000.14	A
USGS	14186100	2014-04-12	999.91	A
USGS	14186100	2014-04-13	999.60	A
USGS	14186100	2014-04-14	999.28	A
USGS	14186100	2014-04-15	998.98	A
USGS	14186100	2014-04-16	998.62	A
USGS	14186100	2014-04-17	998.44	A
USGS	14186100	2014-04-18	998.72	A
USGS	14186100	2014-04-19	998.97	A
USGS	14186100	2014-04-20	999.02	A
USGS	14186100	2014-04-21	998.98	A
USGS	14186100	2014-04-22	999.18	A
USGS	14186100	2014-04-23	1000.14	A
USGS	14186100	2014-04-24	1004.85	A
USGS	14186100	2014-04-25	1006.55	A
USGS	14186100	2014-04-26	1007.33	A
USGS	14186100	2014-04-27	1008.13	A
USGS	14186100	2014-04-28	1008.79	A
USGS	14186100	2014-04-29	1009.18	A
USGS	14186100	2014-04-30	1009.39	A
USGS	14186100	2014-05-01	1009.53	A
USGS	14186100	2014-05-02	1009.51	A
USGS	14186100	2014-05-03	1009.30	A
USGS	14186100	2014-05-04	1009.25	A
USGS	14186100	2014-05-05	1009.53	A
USGS	14186100	2014-05-06	1009.64	A
USGS	14186100	2014-05-07	1009.64	A
USGS	14186100	2014-05-08	1009.81	A
USGS	14186100	2014-05-09	1009.81	A
USGS	14186100	2014-05-10	1009.94	A
USGS	14186100	2014-05-11	1009.93	A
USGS	14186100	2014-05-12	1009.91	A
USGS	14186100	2014-05-13	1009.97	A
USGS	14186100	2014-05-14	1009.96	A
USGS	14186100	2014-05-15	1009.92	A
USGS	14186100	2014-05-16	1009.94	A
USGS	14186100	2014-05-17	1009.94	A
USGS	14186100	2014-05-18	1010.14	A
USGS	14186100	2014-05-19	1010.40	A
USGS	14186100	2014-05-20	1010.50	A
USGS	14186100	2014-05-21	1010.50	A
USGS	14186100	2014-05-22	1010.45	A
USGS	14186100	2014-05-23	1010.29	A
USGS	14186100	2014-05-24	1010.16	A
USGS	14186100	2014-05-25	1009.99	A
USGS	14186100	2014-05-26	1009.78	A
USGS	14186100	2014-05-27	1009.57	A
USGS	14186100	2014-05-28	1009.39	A
USGS	14186100	2014-05-29	1009.15	A
USGS	14186100	2014-05-30	1008.99	A
USGS	14186100	2014-05-31	1008.79	A
USGS	14186100	2014-06-01	1008.54	A
USGS	14186100	2014-06-02	1008.22	A
USGS	14186100	2014-06-03	1007.77	A
USGS	14186100	2014-06-04	1007.27	A
USGS	14186100	2014-06-05	1006.77	A
USGS	14186100	2014-06-06	1006.23	A
USGS	14186100	2014-06-07	1005.72	A
USGS	14186100	2014-06-08	1005.18	A
USGS	14186100	2014-06-09	1004.62	A
USGS	14186100	2014-06-10	1004.05	A
USGS	14186100	2014-06-11	1003.47	A
USGS	14186100	2014-06-12	1002.91	A
USGS	14186100	2014-06-13	1002.48	A
USGS	14186100	2014-06-14	1001.98	A
USGS	14186100	2014-06-15	1001.44	A
USGS	14186100	2014-06-16	1000.94	A
USGS	14186100	2014-06-17	1000.57	A
USGS	14186100	2014-06-18	1000.12	A
USGS	14186100	2014-06-19	999.63	A
USGS	14186100	2014-06-20	999.22	A
USGS	14186100	2014-06-21	998.82	A
USGS	14186100	2014-06-22	998.41	A
USGS	14186100	2014-06-23	997.96	A
USGS	14186100	2014-06-24	997.53	A
USGS	14186100	2014-06-25	997.02	A
USGS	14186100	2014-06-26	996.66	A
USGS	14186100	2014-06-27	996.70	A
USGS	14186100	2014-06-28	996.76	A
USGS	14186100	2014-06-29	996.69	A
USGS	14186100	2014-06-30	996.51	A
USGS	14186100	2014-07-01	996.28	A
USGS	14186100	2014-07-02	996.02	A
USGS	14186100	2014-07-03	995.75	A
USGS	14186100	2014-07-04	995.53	A
USGS	14186100	2014-07-05	995.29	A
USGS	14186100	2014-07-06	995.02	A
USGS	14186100	2014-07-07	994.75	A
USGS	14186100	2014-07-08	994.26	A
USGS	14186100	2014-07-09	993.64	A
USGS	14186100	2014-07-10	993.08	A
USGS	14186100	2014-07-11	992.70	A
USGS	14186100	2014-07-12	992.30	A
USGS	14186100	2014-07-13	991.92	A
USGS	14186100	2014-07-14	991.55	A
USGS	14186100	2014-07-15	991.16	A
USGS	14186100	2014-07-16	990.78	A
USGS	14186100	2014-07-17	990.36	A
USGS	14186100	2014-07-18	989.97	A
USGS	14186100	2014-07-19	989.53	A
USGS	14186100	2014-07-20	989.10	A
USGS	14186100	2014-07-21	988.68	A
USGS	14186100	2014-07-22	988.26	A
USGS	14186100	2014-07-23	987.90	A
USGS	14186100	2014-07-24	987.50	A
USGS	14186100	2014-07-25	987.07	A
USGS	14186100	2014-07-26	986.64	A
USGS	14186100	2014-07-27	986.19	A
USGS	14186100	2014-07-28	985.76	A
USGS	14186100	2014-07-29	985.32	A
USGS	14186100	2014-07-30	984.86	A
USGS	14186100	2014-07-31	984.39	A
USGS	14186100	2014-08-01	983.89	A
USGS	14186100	2014-08-02	983.41	A
USGS	14186100	2014-08-03	982.93	A
USGS	14186100	2014-08-04	982.44	A
USGS	14186100	2014-08-05	981.97	A
USGS	14186100	2014-08-06	981.47	A
USGS	14186100	2014-08-07	980.97	A
USGS	14186100	2014-08-08	980.45	A
USGS	14186100	2014-08-09	979.97	A
USGS	14186100	2014-08-10	979.46	A
USGS	14186100	2014-08-11	979.01	A
USGS	14186100	2014-08-12	978.51	A
USGS	14186100	2014-08-13	977.99	A
USGS	14186100	2014-08-14	977.47	A
USGS	14186100	2014-08-15	976.95	A
USGS	14186100	2014-08-16	976.45	A
USGS	14186100	2014-08-17	975.95	A
USGS	14186100	2014-08-18	975.45	A
USGS	14186100	2014-08-19	974.94	A
USGS	14186100	2014-08-20	974.44	A
USGS	14186100	2014-08-21	973.92	A
USGS	14186100	2014-08-22	973.39	A
USGS	14186100	2014-08-23	972.85	A
USGS	14186100	2014-08-24	972.31	A
USGS	14186100	2014-08-25	971.79	A
USGS	14186100	2014-08-26	971.24	A
USGS	14186100	2014-08-27	970.68	A
USGS	14186100	2014-08-28	969.97	A
USGS	14186100	2014-08-29	969.40	A
USGS	14186100	2014-08-30	968.89	A
USGS	14186100	2014-08-31	968.36	A
USGS	14186100	2014-09-01	967.63	A
USGS	14186100	2014-09-02	966.87	A
USGS	14186100	2014-09-03	965.81	A
USGS	14186100	2014-09-04	964.98	A
USGS	14186100	2014-09-05	963.97	A
USGS	14186100	2014-09-06	962.98	A
USGS	14186100	2014-09-07	962.07	A
USGS	14186100	2014-09-08	961.21	A
USGS	14186100	2014-09-09	960.11	A
USGS	14186100	2014-09-10	958.98	A
USGS	14186100	2014-09-11	958.06	A
USGS	14186100	2014-09-12	957.10	A
USGS	14186100	2014-09-13	956.09	A
USGS	14186100	2014-09-14	955.11	A
USGS	14186100	2014-09-15	954.10	A
USGS	14186100	2014-09-16	953.08	A
USGS	14186100	2014-09-17	952.09	A
USGS	14186100	2014-09-18	951.08	A
USGS	14186100	2014-09-19	950.12	A
USGS	14186100	2014-09-20	949.14	A
USGS	14186100	2014-09-21	948.10	A
USGS	14186100	2014-09-22	947.10	A
USGS	14186100	2014-09-23	946.02	A
USGS	14186100	2014-09-24	945.13	A
USGS	14186100	2014-09-25	944.13	A
USGS	14186100	2014-09-26	943.13	A
USGS	14186100	2014-09-27	942.07	A
USGS	14186100	2014-09-28	941.01	A
USGS	14186100	2014-09-29	939.93	A
USGS	14186100	2014-09-30	938.96	A
USGS	14186100	2014-10-01	938.99	A
USGS	14186100	2014-10-02	939.00	A
USGS	14186100	2014-10-03	939.01	A
USGS	14186100	2014-10-04	939.03	A
USGS	14186100	2014-10-05	939.03	A
USGS	14186100	2014-10-06	939.04	A
USGS	14186100	2014-10-07	939.04	A
USGS	14186100	2014-10-08	939.04	A
USGS	14186100	2014-10-09	938.49	A
USGS	14186100	2014-10-10	937.37	A
USGS	14186100	2014-10-11	936.33	A
USGS	14186100	2014-10-12	935.25	A
USGS	14186100	2014-10-13	934.14	A
USGS	14186100	2014-10-14	933.19	A
USGS	14186100	2014-10-15	932.28	A
USGS	14186100	2014-10-16	931.56	A
USGS	14186100	2014-10-17	930.89	A
USGS	14186100	2014-10-18	930.15	A
USGS	14186100	2014-10-19	929.40	A
USGS	14186100	2014-10-20	928.69	A
USGS	14186100	2014-10-21	928.25	A
USGS	14186100	2014-10-22	928.21	A
USGS	14186100	2014-10-23	929.57	A
USGS	14186100	2014-10-24	929.74	A
USGS	14186100	2014-10-25	929.57	A
USGS	14186100	2014-10-26	930.59	A
USGS	14186100	2014-10-27	930.97	A
USGS	14186100	2014-10-28	930.51	A
USGS	14186100	2014-10-29	927.98	A
USGS	14186100	2014-10-30	925.20	A
USGS	14186100	2014-10-31	923.78	A
USGS	14186100	2014-11-01	921.45	A
USGS	14186100	2014-11-02	920.34	A
USGS	14186100	2014-11-03	920.53	A
USGS	14186100	2014-11-04	921.88	A
USGS	14186100	2014-11-05	922.90	A
USGS	14186100	2014-11-06	923.17	A
USGS	14186100	2014-11-07	922.42	A
USGS	14186100	2014-11-08	921.38	A
USGS	14186100	2014-11-09	920.17	A
USGS	14186100	2014-11-10	918.87	A
USGS	14186100	2014-11-11	917.45	A
USGS	14186100	2014-11-12	915.81	A
USGS	14186100	2014-11-13	915.52	A
USGS	14186100	2014-11-14	918.78	A
USGS	14186100	2014-11-15	919.45	A
USGS	14186100	2014-11-16	919.36	A
USGS	14186100	2014-11-17	918.70	A
USGS	14186100	2014-11-18	917.76	A
USGS	14186100	2014-11-19	916.75	A
USGS	14186100	2014-11-20	915.84	A
USGS	14186100	2014-11-21	915.75	A
USGS	14186100	2014-11-22	920.69	A
USGS	14186100	2014-11-23	922.52	A
USGS	14186100	2014-11-24	923.98	A
USGS	14186100	2014-11-25	924.09	A
USGS	14186100	2014-11-26	923.94	A
USGS	14186100	2014-11-27	923.43	A
USGS	14186100	2014-11-28	927.15	A
USGS	14186100	2014-11-29	931.96	A
USGS	14186100	2014-11-30	932.89	A
USGS	14186100	2014-12-01	932.58	A
USGS	14186100	2014-12-02	932.32	A
USGS	14186100	2014-12-03	931.36	A
USGS	14186100	2014-12-04	930.80	A
USGS	14186100	2014-12-05	930.61	A
USGS	14186100	2014-12-06	930.41	A
USGS	14186100	2014-12-07	929.62	A
USGS	14186100	2014-12-08	928.43	A
USGS	14186100	2014-12-09	927.04	A
USGS	14186100	2014-12-10	925.73	A
USGS	14186100	2014-12-11	924.72	A
USGS	14186100	2014-12-12	923.96	A
USGS	14186100	2014-12-13	923.25	A
USGS	14186100	2014-12-14	922.44	A
USGS	14186100	2014-12-15	921.47	A
USGS	14186100	2014-12-16	921.40	A
USGS	14186100	2014-12-17	921.22	A
USGS	14186100	2014-12-18	921.03	A
USGS	14186100	2014-12-19	920.78	A
USGS	14186100	2014-12-20	925.03	A
USGS	14186100	2014-12-21	942.19	A
USGS	14186100	2014-12-22	951.97	A
USGS	14186100	2014-12-23	956.52	A
USGS	14186100	2014-12-24	957.62	A
USGS	14186100	2014-12-25	956.34	A
USGS	14186100	2014-12-26	953.80	A
USGS	14186100	2014-12-27	949.99	A
USGS	14186100	2014-12-28	946.00	A
USGS	14186100	2014-12-29	941.70	A
USGS	14186100	2014-12-30	936.79	A
USGS	14186100	2014-12-31	931.44	A
USGS	14186100	2015-01-01	925.85	A
USGS	14186100	2015-01-02	921.65	A
USGS	14186100	2015-01-03	920.60	A
USGS	14186100	2015-01-04	920.50	A
USGS	14186100	2015-01-05	920.81	A
USGS	14186100	2015-01-06	921.83	A
USGS	14186100	2015-01-07	922.34	A
USGS	14186100	2015-01-08	922.78	A
USGS	14186100	2015-01-09	923.22	A
USGS	14186100	2015-01-10	923.50	A
USGS	14186100	2015-01-11	923.66	A
USGS	14186100	2015-01-12	923.75	A
USGS	14186100	2015-01-13	923.75	A
USGS	14186100	2015-01-14	923.69	A
USGS	14186100	2015-01-15	923.55	A
USGS	14186100	2015-01-16	924.66	A
USGS	14186100	2015-01-17	928.44	A
USGS	14186100	2015-01-18	934.64	A
USGS	14186100	2015-01-19	937.63	A
USGS	14186100	2015-01-20	938.96	A
USGS	14186100	2015-01-21	938.02	A
USGS	14186100	2015-01-22	936.75	A
USGS	14186100	2015-01-23	935.18	A
USGS	14186100	2015-01-24	933.47	A
USGS	14186100	2015-01-25	931.61	A
USGS	14186100	2015-01-26	929.60	A
USGS	14186100	2015-01-27	927.71	A
USGS	14186100	2015-01-28	926.91	A
USGS	14186100	2015-01-29	926.85	A
USGS	14186100	2015-01-30	926.24	A
USGS	14186100	2015-01-31	926.32	A
USGS	14186100	2015-02-01	926.40	A
USGS	14186100	2015-02-02	926.82	A
USGS	14186100	2015-02-03	927.28	A
USGS	14186100	2015-02-04	927.76	A
USGS	14186100	2015-02-05	928.17	A
USGS	14186100	2015-02-06	929.23	A
USGS	14186100	2015-02-07	932.84	A
USGS	14186100	2015-02-08	935.50	A
USGS	14186100	2015-02-09	938.20	A
USGS	14186100	2015-02-10	943.65	A
USGS	14186100	2015-02-11	946.30	A
USGS	14186100	2015-02-12	947.95	A
USGS	14186100	2015-02-13	949.06	A
USGS	14186100	2015-02-14	950.27	A
USGS	14186100	2015-02-15	951.31	A
USGS	14186100	2015-02-16	952.21	A
USGS	14186100	2015-02-17	952.96	A
USGS	14186100	2015-02-18	953.64	A
USGS	14186100	2015-02-19	954.24	A
USGS	14186100	2015-02-20	954.82	A
USGS	14186100	2015-02-21	955.34	A
USGS	14186100	2015-02-22	955.79	A
USGS	14186100	2015-02-23	956.22	A
USGS	14186100	2015-02-24	956.62	A
USGS	14186100	2015-02-25	957.00	A
USGS	14186100	2015-02-26	957.39	A
USGS	14186100	2015-02-27	958.08	A
USGS	14186100	2015-02-28	958.59	A
USGS	14186100	2015-03-01	959.00	A
USGS	14186100	2015-03-02	958.66	A
USGS	14186100	2015-03-03	958.25	A
USGS	14186100	2015-03-04	958.08	A
USGS	14186100	2015-03-05	958.05	A
USGS	14186100	2015-03-06	957.99	A
USGS	14186100	2015-03-07	957.90	A
USGS	14186100	2015-03-08	957.81	A
USGS	14186100	2015-03-09	957.69	A
USGS	14186100	2015-03-10	957.58	A
USGS	14186100	2015-03-11	957.51	A
USGS	14186100	2015-03-12	957.48	A
USGS	14186100	2015-03-13	957.38	A
USGS	14186100	2015-03-14	957.66	A
USGS	14186100	2015-03-15	959.26	A
USGS	14186100	2015-03-16	960.77	A
USGS	14186100	2015-03-17	961.71	A
USGS	14186100	2015-03-18	962.43	A
USGS	14186100	2015-03-19	963.04	A
USGS	14186100	2015-03-20	963.60	A
USGS	14186100	2015-03-21	963.83	A
USGS	14186100	2015-03-22	964.02	A
USGS	14186100	2015-03-23	964.41	A
USGS	14186100	2015-03-24	966.00	A
USGS	14186100	2015-03-25	967.39	A
USGS	14186100	2015-03-26	968.56	A
USGS	14186100	2015-03-27	969.39	A
USGS	14186100	2015-03-28	970.27	A
USGS	14186100	2015-03-29	971.11	A
USGS	14186100	2015-03-30	971.53	A
USGS	14186100	2015-03-31	972.12	A
USGS	14186100	2015-04-01	972.98	A
USGS	14186100	2015-04-02	973.78	A
USGS	14186100	2015-04-03	974.51	A
USGS	14186100	2015-04-04	975.21	A
USGS	14186100	2015-04-05	975.87	A
USGS	14186100	2015-04-06	976.29	A
USGS	14186100	2015-04-07	976.69	A
USGS	14186100	2015-04-08	977.08	A
USGS	14186100	2015-04-09	977.45	A
USGS	14186100	2015-04-10	977.77	A
USGS	14186100	2015-04-11	978.26	A
USGS	14186100	2015-04-12	978.77	A
USGS	14186100	2015-04-13	979.26	A
USGS	14186100	2015-04-14	979.99	A
USGS	14186100	2015-04-15	980.69	A
USGS	14186100	2015-04-16	981.36	A
USGS	14186100	2015-04-17	981.99	A
USGS	14186100	2015-04-18	982.59	A
USGS	14186100	2015-04-19	982.94	A
USGS	14186100	2015-04-20	983.22	A
USGS	14186100	2015-04-21	983.47	A
USGS	14186100	2015-04-22	983.64	A
USGS	14186100	2015-04-23	983.82	A
USGS	14186100	2015-04-24	983.85	A
USGS	14186100	2015-04-25	984.03	A
USGS	14186100	2015-04-26	984.21	A
USGS	14186100	2015-04-27	984.33	A
USGS	14186100	2015-04-28	984.39	A
USGS	14186100	2015-04-29	983.94	A
USGS	14186100	2015-04-30	983.19	A
USGS	14186100	2015-05-01	982.39	A
USGS	14186100	2015-05-02	981.58	A
USGS	14186100	2015-05-03	980.73	A
USGS	14186100	2015-05-04	979.86	A
USGS	14186100	2015-05-05	979.14	A
USGS	14186100	2015-05-06	978.27	A
USGS	14186100	2015-05-07	977.37	A
USGS	14186100	2015-05-08	976.44	A
USGS	14186100	2015-05-09	975.99	A
USGS	14186100	2015-05-10	975.58	A
USGS	14186100	2015-05-11	975.55	A
USGS	14186100	2015-05-12	975.63	A
USGS	14186100	2015-05-13	975.45	A
USGS	14186100	2015-05-14	975.26	A
USGS	14186100	2015-05-15	975.24	A
USGS	14186100	2015-05-16	975.05	A
USGS	14186100	2015-05-17	975.04	A
USGS	14186100	2015-05-18	974.84	A
USGS	14186100	2015-05-19	974.70	A
USGS	14186100	2015-05-20	974.52	A
USGS	14186100	2015-05-21	974.37	A
USGS	14186100	2015-05-22	974.61	A
USGS	14186100	2015-05-23	974.62	A
USGS	14186100	2015-05-24	974.73	A
USGS	14186100	2015-05-25	974.64	A
USGS	14186100	2015-05-26	974.50	A
USGS	14186100	2015-05-27	974.37	A
USGS	14186100	2015-05-28	974.22	A
USGS	14186100	2015-05-29	974.04	A
USGS	14186100	2015-05-30	973.87	A
USGS	14186100	2015-05-31	973.66	A
USGS	14186100	2015-06-01	973.50	A
USGS	14186100	2015-06-02	973.33	A
USGS	14186100	2015-06-03	973.19	A
USGS	14186100	2015-06-04	973.02	A
USGS	14186100	2015-06-05	972.91	A
USGS	14186100	2015-06-06	972.72	A
USGS	14186100	2015-06-07	972.51	A
USGS	14186100	2015-06-08	972.27	A
USGS	14186100	2015-06-09	972.03	A
USGS	14186100	2015-06-10	971.76	A
USGS	14186100	2015-06-11	971.44	A
USGS	14186100	2015-06-12	971.11	A
USGS	14186100	2015-06-13	970.78	A
USGS	14186100	2015-06-14	970.46	A
USGS	14186100	2015-06-15	970.12	A
USGS	14186100	2015-06-16	969.78	A
USGS	14186100	2015-06-17	969.44	A
USGS	14186100	2015-06-18	969.07	A
USGS	14186100	2015-06-19	968.71	A
USGS	14186100	2015-06-20	968.34	A
USGS	14186100	2015-06-21	967.94	A
USGS	14186100	2015-06-22	967.53	A
USGS	14186100	2015-06-23	967.12	A
USGS	14186100	2015-06-24	966.72	A
USGS	14186100	2015-06-25	966.20	A
USGS	14186100	2015-06-26	965.77	A
USGS	14186100	2015-06-27	965.38	A
USGS	14186100	2015-06-28	964.97	A
USGS	14186100	2015-06-29	964.54	A
USGS	14186100	2015-06-30	964.14	A
USGS	14186100	2015-07-01	963.73	A
USGS	14186100	2015-07-02	963.32	A
USGS	14186100	2015-07-03	962.90	A
USGS	14186100	2015-07-04	962.51	A
USGS	14186100	2015-07-05	962.08	A
USGS	14186100	2015-07-06	961.66	A
USGS	14186100	2015-07-07	961.24	A
USGS	14186100	2015-07-08	960.81	A
USGS	14186100	2015-07-09	960.35	A
USGS	14186100	2015-07-10	960.01	A
USGS	14186100	2015-07-11	959.57	A
USGS	14186100	2015-07-12	959.17	A
USGS	14186100	2015-07-13	958.73	A
USGS	14186100	2015-07-14	958.30	A
USGS	14186100	2015-07-15	957.86	A
USGS	14186100	2015-07-16	957.38	A
USGS	14186100	2015-07-17	956.94	A
USGS	14186100	2015-07-18	956.51	A
USGS	14186100	2015-07-19	956.06	A
USGS	14186100	2015-07-20	955.62	A
USGS	14186100	2015-07-21	955.15	A
USGS	14186100	2015-07-22	954.69	A
USGS	14186100	2015-07-23	954.22	A
USGS	14186100	2015-07-24	953.77	A
USGS	14186100	2015-07-25	953.31	A
USGS	14186100	2015-07-26	952.86	A
USGS	14186100	2015-07-27	952.39	A
USGS	14186100	2015-07-28	951.94	A
USGS	14186100	2015-07-29	951.47	A
USGS	14186100	2015-07-30	950.98	A
USGS	14186100	2015-07-31	950.49	A
USGS	14186100	2015-08-01	949.99	A
USGS	14186100	2015-08-02	949.51	A
USGS	14186100	2015-08-03	949.04	A
USGS	14186100	2015-08-04	948.53	A
USGS	14186100	2015-08-05	948.04	A
USGS	14186100	2015-08-06	947.54	A
USGS	14186100	2015-08-07	946.97	A
USGS	14186100	2015-08-08	946.39	A
USGS	14186100	2015-08-09	945.82	A
USGS	14186100	2015-08-10	945.28	A
USGS	14186100	2015-08-11	944.72	A
USGS	14186100	2015-08-12	944.21	A
USGS	14186100	2015-08-13	943.69	A
USGS	14186100	2015-08-14	943.20	A
USGS	14186100	2015-08-15	942.73	A
USGS	14186100	2015-08-16	942.22	A
USGS	14186100	2015-08-17	941.71	A
USGS	14186100	2015-08-18	941.19	A
USGS	14186100	2015-08-19	940.65	A
USGS	14186100	2015-08-20	940.12	A
USGS	14186100	2015-08-21	939.59	A
USGS	14186100	2015-08-22	939.06	A
USGS	14186100	2015-08-23	938.51	A
USGS	14186100	2015-08-24	937.95	A
USGS	14186100	2015-08-25	937.41	A
USGS	14186100	2015-08-26	936.83	A
USGS	14186100	2015-08-27	936.29	A
USGS	14186100	2015-08-28	935.77	A
USGS	14186100	2015-08-29	935.27	A
USGS	14186100	2015-08-30	934.84	A
USGS	14186100	2015-08-31	934.38	A
USGS	14186100	2015-09-01	933.87	A
USGS	14186100	2015-09-02	933.37	A
USGS	14186100	2015-09-03	932.85	A
USGS	14186100	2015-09-04	932.31	A
USGS	14186100	2015-09-05	931.78	A
USGS	14186100	2015-09-06	931.26	A
USGS	14186100	2015-09-07	930.71	A
USGS	14186100	2015-09-08	930.15	A
USGS	14186100	2015-09-09	929.58	A
USGS	14186100	2015-09-10	929.01	A
USGS	14186100	2015-09-11	928.41	A
USGS	14186100	2015-09-12	927.84	A
USGS	14186100	2015-09-13	927.24	A
USGS	14186100	2015-09-14	926.66	A
USGS	14186100	2015-09-15	926.07	A
USGS	14186100	2015-09-16	925.50	A
USGS	14186100	2015-09-17	925.21	A
USGS	14186100	2015-09-18	924.83	A
USGS	14186100	2015-09-19	924.55	A
USGS	14186100	2015-09-20	923.98	A
USGS	14186100	2015-09-21	923.43	A
USGS	14186100	2015-09-22	922.85	A
USGS	14186100	2015-09-23	922.25	A
USGS	14186100	2015-09-24	921.83	A
USGS	14186100	2015-09-25	921.41	A
USGS	14186100	2015-09-26	921.02	A
USGS	14186100	2015-09-27	920.60	A
USGS	14186100	2015-09-28	920.20	A
USGS	14186100	2015-09-29	919.77	A
USGS	14186100	2015-09-30	919.36	A
USGS	14186100	2015-10-01	918.94	A
USGS	14186100	2015-10-02	918.62	A
USGS	14186100	2015-10-03	918.31	A
USGS	14186100	2015-10-04	917.98	A
USGS	14186100	2015-10-05	917.63	A
USGS	14186100	2015-10-06	916.78	A
USGS	14186100	2015-10-07	915.94	A
USGS	14186100	2015-10-08	915.17	A
USGS	14186100	2015-10-09	914.30	A
USGS	14186100	2015-10-10	913.47	A
USGS	14186100	2015-10-11	912.64	A
USGS	14186100	2015-10-12	911.78	A
USGS	14186100	2015-10-13	910.91	A
USGS	14186100	2015-10-14	910.02	A
USGS	14186100	2015-10-15	909.20	A
USGS	14186100	2015-10-16	908.44	A
USGS	14186100	2015-10-17	907.68	A
USGS	14186100	2015-10-18	906.92	A
USGS	14186100	2015-10-19	906.24	A
USGS	14186100	2015-10-20	905.49	A
USGS	14186100	2015-10-21	904.73	A
USGS	14186100	2015-10-22	903.95	A
USGS	14186100	2015-10-23	903.18	A
USGS	14186100	2015-10-24	902.40	A
USGS	14186100	2015-10-25	901.63	A
USGS	14186100	2015-10-26	900.91	A
USGS	14186100	2015-10-27	900.17	A
USGS	14186100	2015-10-28	899.53	A
USGS	14186100	2015-10-29	899.10	A
USGS	14186100	2015-10-30	899.06	A
USGS	14186100	2015-10-31	902.02	A
USGS	14186100	2015-11-01	907.14	A
USGS	14186100	2015-11-02	909.17	A
USGS	14186100	2015-11-03	910.29	A
USGS	14186100	2015-11-04	911.00	A
USGS	14186100	2015-11-05	911.52	A
USGS	14186100	2015-11-06	911.91	A
USGS	14186100	2015-11-07	911.75	A
USGS	14186100	2015-11-08	912.63	A
USGS	14186100	2015-11-09	913.99	A
USGS	14186100	2015-11-10	914.37	A
USGS	14186100	2015-11-11	914.97	A
USGS	14186100	2015-11-12	915.24	A
USGS	14186100	2015-11-13	916.51	A
USGS	14186100	2015-11-14	917.59	A
USGS	14186100	2015-11-15	918.22	A
USGS	14186100	2015-11-16	919.10	A
USGS	14186100	2015-11-17	924.34	A
USGS	14186100	2015-11-18	930.64	A
USGS	14186100	2015-11-19	937.71	A
USGS	14186100	2015-11-20	941.40	A
USGS	14186100	2015-11-21	943.38	A
USGS	14186100	2015-11-22	944.70	A
USGS	14186100	2015-11-23	945.72	A
USGS	14186100	2015-11-24	946.83	A
USGS	14186100	2015-11-25	947.67	A
USGS	14186100	2015-11-26	946.86	A
USGS	14186100	2015-11-27	945.96	A
USGS	14186100	2015-11-28	945.00	A
USGS	14186100	2015-11-29	943.96	A
USGS	14186100	2015-11-30	942.90	A
USGS	14186100	2015-12-01	941.85	A
USGS	14186100	2015-12-02	941.42	A
USGS	14186100	2015-12-03	940.78	A
USGS	14186100	2015-12-04	940.13	A
USGS	14186100	2015-12-05	938.57	A
USGS	14186100	2015-12-06	937.25	A
USGS	14186100	2015-12-07	945.23	A
USGS	14186100	2015-12-08	949.02	A
USGS	14186100	2015-12-09	951.84	A
USGS	14186100	2015-12-10	952.42	A
USGS	14186100	2015-12-11	951.92	A
USGS	14186100	2015-12-12	953.23	A
USGS	14186100	2015-12-13	956.73	A
USGS	14186100	2015-12-14	956.01	A
USGS	14186100	2015-12-15	954.07	A
USGS	14186100	2015-12-16	951.13	A
USGS	14186100	2015-12-17	955.92	A
USGS	14186100	2015-12-18	963.35	A
USGS	14186100	2015-12-19	964.16	A
USGS	14186100	2015-12-20	964.06	A
USGS	14186100	2015-12-21	965.30	A
USGS	14186100	2015-12-22	965.78	A
USGS	14186100	2015-12-23	963.80	A
USGS	14186100	2015-12-24	960.75	A
USGS	14186100	2015-12-25	957.10	A
USGS	14186100	2015-12-26	952.91	A
USGS	14186100	2015-12-27	947.63	A
USGS	14186100	2015-12-28	942.85	A
USGS	14186100	2015-12-29	940.26	A
USGS	14186100	2015-12-30	938.06	A
USGS	14186100	2015-12-31	936.80	A
USGS	14186100	2016-01-01	935.48	A
USGS	14186100	2016-01-02	934.04	A
USGS	14186100	2016-01-03	932.59	A
USGS	14186100	2016-01-04	931.16	A
USGS	14186100	2016-01-05	929.81	A
USGS	14186100	2016-01-06	928.61	A
USGS	14186100	2016-01-07	927.92	A
USGS	14186100	2016-01-08	927.10	A
USGS	14186100	2016-01-09	926.36	A
USGS	14186100	2016-01-10	925.58	A
USGS	14186100	2016-01-11	924.91	A
USGS	14186100	2016-01-12	924.94	A
USGS	14186100	2016-01-13	926.35	A
USGS	14186100	2016-01-14	926.80	A
USGS	14186100	2016-01-15	926.64	A
USGS	14186100	2016-01-16	927.36	A
USGS	14186100	2016-01-17	929.42	A
USGS	14186100	2016-01-18	931.31	A
USGS	14186100	2016-01-19	933.08	A
USGS	14186100	2016-01-20	935.21	A
USGS	14186100	2016-01-21	936.10	A
USGS	14186100	2016-01-22	936.15	A
USGS	14186100	2016-01-23	935.88	A
USGS	14186100	2016-01-24	935.30	A
USGS	14186100	2016-01-25	934.38	A
USGS	14186100	2016-01-26	933.16	A
USGS	14186100	2016-01-27	931.80	A
USGS	14186100	2016-01-28	932.30	A
USGS	14186100	2016-01-29	933.45	A
USGS	14186100	2016-01-30	934.02	A
USGS	14186100	2016-01-31	933.50	A
USGS	14186100	2016-02-01	932.36	A
USGS	14186100	2016-02-02	931.32	A
USGS	14186100	2016-02-03	931.77	A
USGS	14186100	2016-02-04	934.11	A
USGS	14186100	2016-02-05	935.73	A
USGS	14186100	2016-02-06	937.90	A
USGS	14186100	2016-02-07	939.64	A
USGS	14186100	2016-02-08	941.67	A
USGS	14186100	2016-02-09	943.44	A
USGS	14186100	2016-02-10	945.20	A
USGS	14186100	2016-02-11	946.79	A
USGS	14186100	2016-02-12	948.42	A
USGS	14186100	2016-02-13	950.21	A
USGS	14186100	2016-02-14	954.97	A
USGS	14186100	2016-02-15	958.77	A
USGS	14186100	2016-02-16	961.29	A
USGS	14186100	2016-02-17	962.87	A
USGS	14186100	2016-02-18	963.78	A
USGS	14186100	2016-02-19	964.99	A
USGS	14186100	2016-02-20	965.82	A
USGS	14186100	2016-02-21	966.79	A
USGS	14186100	2016-02-22	967.78	A
USGS	14186100	2016-02-23	968.53	A
USGS	14186100	2016-02-24	969.11	A
USGS	14186100	2016-02-25	969.51	A
USGS	14186100	2016-02-26	969.65	A
USGS	14186100	2016-02-27	970.61	A
USGS	14186100	2016-02-28	971.42	A
USGS	14186100	2016-02-29	972.07	A
USGS	14186100	2016-03-01	972.84	A
USGS	14186100	2016-03-02	973.57	A
USGS	14186100	2016-03-03	973.74	A
USGS	14186100	2016-03-04	972.92	A
USGS	14186100	2016-03-05	972.10	A
USGS	14186100	2016-03-06	971.60	A
USGS	14186100	2016-03-07	970.93	A
USGS	14186100	2016-03-08	970.87	A
USGS	14186100	2016-03-09	971.09	A
USGS	14186100	2016-03-10	972.28	A
USGS	14186100	2016-03-11	973.51	A
USGS	14186100	2016-03-12	974.91	A
USGS	14186100	2016-03-13	977.12	A
USGS	14186100	2016-03-14	979.44	A
USGS	14186100	2016-03-15	981.40	A
USGS	14186100	2016-03-16	983.35	A
USGS	14186100	2016-03-17	984.76	A
USGS	14186100	2016-03-18	984.48	A
USGS	14186100	2016-03-19	983.83	A
USGS	14186100	2016-03-20	983.31	A
USGS	14186100	2016-03-21	983.05	A
USGS	14186100	2016-03-22	984.05	A
USGS	14186100	2016-03-23	985.06	A
USGS	14186100	2016-03-24	986.44	A
USGS	14186100	2016-03-25	987.43	A
USGS	14186100	2016-03-26	988.09	A
USGS	14186100	2016-03-27	988.84	A
USGS	14186100	2016-03-28	989.50	A
USGS	14186100	2016-03-29	990.07	A
USGS	14186100	2016-03-30	990.47	A
USGS	14186100	2016-03-31	990.73	A
USGS	14186100	2016-04-01	991.31	A
USGS	14186100	2016-04-02	991.84	A
USGS	14186100	2016-04-03	992.34	A
USGS	14186100	2016-04-04	993.08	A
USGS	14186100	2016-04-05	993.65	A
USGS	14186100	2016-04-06	994.07	A
USGS	14186100	2016-04-07	994.44	A
USGS	14186100	2016-04-08	994.82	A
USGS	14186100	2016-04-09	994.70	A
USGS	14186100	2016-04-10	994.55	A
USGS	14186100	2016-04-11	994.31	A
USGS	14186100	2016-04-12	994.20	A
USGS	14186100	2016-04-13	994.20	A
USGS	14186100	2016-04-14	994.92	A
USGS	14186100	2016-04-15	996.10	A
USGS	14186100	2016-04-16	996.97	A
USGS	14186100	2016-04-17	997.60	A
USGS	14186100	2016-04-18	997.98	A
USGS	14186100	2016-04-19	998.27	A
USGS	14186100	2016-04-20	998.50	A
USGS	14186100	2016-04-21	998.72	A
USGS	14186100	2016-04-22	997.97	A
USGS	14186100	2016-04-23	997.34	A
USGS	14186100	2016-04-24	997.12	A
USGS	14186100	2016-04-25	996.50	A
USGS	14186100	2016-04-26	996.01	A
USGS	14186100	2016-04-27	995.82	A
USGS	14186100	2016-04-28	995.94	A
USGS	14186100	2016-04-29	996.00	A
USGS	14186100	2016-04-30	996.16	A
USGS	14186100	2016-05-01	996.23	A
USGS	14186100	2016-05-02	996.29	A
USGS	14186100	2016-05-03	996.20	A
USGS	14186100	2016-05-04	996.13	A
USGS	14186100	2016-05-05	995.99	A
USGS	14186100	2016-05-06	995.77	A
USGS	14186100	2016-05-07	995.51	A
USGS	14186100	2016-05-08	995.24	A
USGS	14186100	2016-05-09	994.93	A
USGS	14186100	2016-05-10	994.60	A
USGS	14186100	2016-05-11	994.22	A
USGS	14186100	2016-05-12	993.81	A
USGS	14186100	2016-05-13	993.34	A
USGS	14186100	2016-05-14	992.92	A
USGS	14186100	2016-05-15	992.49	A
USGS	14186100	2016-05-16	992.22	A
USGS	14186100	2016-05-17	991.91	A
USGS	14186100	2016-05-18	991.55	A
USGS	14186100	2016-05-19	991.28	A
USGS	14186100	2016-05-20	991.08	A
USGS	14186100	2016-05-21	990.93	A
USGS	14186100	2016-05-22	990.81	A
USGS	14186100	2016-05-23	990.75	A
USGS	14186100	2016-05-24	990.74	A
USGS	14186100	2016-05-25	990.59	A
USGS	14186100	2016-05-26	990.47	A
USGS	14186100	2016-05-27	990.25	A
USGS	14186100	2016-05-28	990.02	A
USGS	14186100	2016-05-29	989.77	A
USGS	14186100	2016-05-30	989.51	A
USGS	14186100	2016-05-31	989.23	A
USGS	14186100	2016-06-01	988.93	A
USGS	14186100	2016-06-02	988.64	A
USGS	14186100	2016-06-03	988.28	A
USGS	14186100	2016-06-04	987.92	A
USGS	14186100	2016-06-05	987.54	A
USGS	14186100	2016-06-06	987.14	A
USGS	14186100	2016-06-07	986.71	A
USGS	14186100	2016-06-08	986.26	A
USGS	14186100	2016-06-09	985.82	A
USGS	14186100	2016-06-10	985.46	A
USGS	14186100	2016-06-11	985.03	A
USGS	14186100	2016-06-12	984.60	A
USGS	14186100	2016-06-13	984.22	A
USGS	14186100	2016-06-14	983.90	A
USGS	14186100	2016-06-15	983.60	A
USGS	14186100	2016-06-16	983.18	A
USGS	14186100	2016-06-17	982.71	A
USGS	14186100	2016-06-18	982.45	A
USGS	14186100	2016-06-19	982.17	A
USGS	14186100	2016-06-20	981.79	A
USGS	14186100	2016-06-21	981.43	A
USGS	14186100	2016-06-22	981.05	A
USGS	14186100	2016-06-23	980.64	A
USGS	14186100	2016-06-24	980.28	A
USGS	14186100	2016-06-25	979.88	A
USGS	14186100	2016-06-26	979.46	A
USGS	14186100	2016-06-27	979.01	A
USGS	14186100	2016-06-28	978.54	A
USGS	14186100	2016-06-29	978.07	A
USGS	14186100	2016-06-30	977.54	A
USGS	14186100	2016-07-01	977.16	A
USGS	14186100	2016-07-02	976.74	A
USGS	14186100	2016-07-03	976.33	A
USGS	14186100	2016-07-04	975.97	A
USGS	14186100	2016-07-05	975.56	A
USGS	14186100	2016-07-06	975.15	A
USGS	14186100	2016-07-07	974.73	A
USGS	14186100	2016-07-08	974.44	A
USGS	14186100	2016-07-09	974.23	A
USGS	14186100	2016-07-10	974.03	A
USGS	14186100	2016-07-11	973.84	A
USGS	14186100	2016-07-12	973.59	A
USGS	14186100	2016-07-13	973.31	A
USGS	14186100	2016-07-14	972.96	A
USGS	14186100	2016-07-15	972.62	A
USGS	14186100	2016-07-16	972.24	A
USGS	14186100	2016-07-17	971.81	A
USGS	14186100	2016-07-18	971.47	A
USGS	14186100	2016-07-19	971.14	A
USGS	14186100	2016-07-20	970.77	A
USGS	14186100	2016-07-21	970.40	A
USGS	14186100	2016-07-22	970.01	A
USGS	14186100	2016-07-23	969.62	A
USGS	14186100	2016-07-24	969.19	A
USGS	14186100	2016-07-25	968.78	A
USGS	14186100	2016-07-26	968.36	A
USGS	14186100	2016-07-27	967.93	A
USGS	14186100	2016-07-28	967.50	A
USGS	14186100	2016-07-29	967.07	A
USGS	14186100	2016-07-30	966.63	A
USGS	14186100	2016-07-31	966.21	A
USGS	14186100	2016-08-01	965.76	A
USGS	14186100	2016-08-02	965.35	A
USGS	14186100	2016-08-03	964.70	A
USGS	14186100	2016-08-04	964.26	A
USGS	14186100	2016-08-05	963.85	A
USGS	14186100	2016-08-06	963.39	A
USGS	14186100	2016-08-07	962.91	A
USGS	14186100	2016-08-08	962.44	A
USGS	14186100	2016-08-09	961.98	A
USGS	14186100	2016-08-10	961.52	A
USGS	14186100	2016-08-11	961.07	A
USGS	14186100	2016-08-12	960.62	A
USGS	14186100	2016-08-13	960.13	A
USGS	14186100	2016-08-14	959.65	A
USGS	14186100	2016-08-15	959.15	A
USGS	14186100	2016-08-16	958.77	A
USGS	14186100	2016-08-17	958.21	A
USGS	14186100	2016-08-18	957.64	A
USGS	14186100	2016-08-19	957.08	A
USGS	14186100	2016-08-20	956.56	A
USGS	14186100	2016-08-21	956.02	A
USGS	14186100	2016-08-22	955.52	A
USGS	14186100	2016-08-23	955.01	A
USGS	14186100	2016-08-24	954.48	A
USGS	14186100	2016-08-25	953.91	A
USGS	14186100	2016-08-26	953.40	A
USGS	14186100	2016-08-27	952.85	A
USGS	14186100	2016-08-28	952.32	A
USGS	14186100	2016-08-29	951.76	A
USGS	14186100	2016-08-30	951.20	A
USGS	14186100	2016-08-31	950.66	A
USGS	14186100	2016-09-01	950.13	A
USGS	14186100	2016-09-02	949.60	A
USGS	14186100	2016-09-03	949.07	A
USGS	14186100	2016-09-04	948.53	A
USGS	14186100	2016-09-05	947.98	A
USGS	14186100	2016-09-06	947.29	A
USGS	14186100	2016-09-07	946.42	A
USGS	14186100	2016-09-08	945.58	A
USGS	14186100	2016-09-09	944.75	A
USGS	14186100	2016-09-10	943.91	A
USGS	14186100	2016-09-11	943.08	A
USGS	14186100	2016-09-12	942.22	A
USGS	14186100	2016-09-13	941.37	A
USGS	14186100	2016-09-14	940.44	A
USGS	14186100	2016-09-15	939.53	A
USGS	14186100	2016-09-16	938.61	A
USGS	14186100	2016-09-17	937.73	A
USGS	14186100	2016-09-18	937.02	A
USGS	14186100	2016-09-19	936.26	A
USGS	14186100	2016-09-20	935.43	A
USGS	14186100	2016-09-21	934.57	A
USGS	14186100	2016-09-22	933.71	A
USGS	14186100	2016-09-23	932.85	A
USGS	14186100	2016-09-24	932.01	A
USGS	14186100	2016-09-25	931.16	A
USGS	14186100	2016-09-26	930.27	A
USGS	14186100	2016-09-27	930.27	A
USGS	14186100	2016-09-28	930.27	A
USGS	14186100	2016-09-29	930.28	A
USGS	14186100	2016-09-30	930.28	A
USGS	14186100	2016-10-01	930.32	A
USGS	14186100	2016-10-02	930.37	A
USGS	14186100	2016-10-03	930.40	A
USGS	14186100	2016-10-04	930.59	A
USGS	14186100	2016-10-05	931.71	A
USGS	14186100	2016-10-06	932.93	A
USGS	14186100	2016-10-07	934.16	A
USGS	14186100	2016-10-08	934.29	A
USGS	14186100	2016-10-09	933.88	A
USGS	14186100	2016-10-10	934.42	A
USGS	14186100	2016-10-11	934.17	A
USGS	14186100	2016-10-12	934.60	A
USGS	14186100	2016-10-13	936.12	A
USGS	14186100	2016-10-14	939.78	A
USGS	14186100	2016-10-15	943.56	A
USGS	14186100	2016-10-16	947.28	A
USGS	14186100	2016-10-17	952.92	A
USGS	14186100	2016-10-18	959.08	A
USGS	14186100	2016-10-19	962.04	A
USGS	14186100	2016-10-20	964.16	A
USGS	14186100	2016-10-21	965.03	A
USGS	14186100	2016-10-22	964.98	A
USGS	14186100	2016-10-23	964.24	A
USGS	14186100	2016-10-24	963.17	A
USGS	14186100	2016-10-25	963.00	A
USGS	14186100	2016-10-26	963.08	A
USGS	14186100	2016-10-27	963.60	A
USGS	14186100	2016-10-28	962.94	A
USGS	14186100	2016-10-29	961.91	A
USGS	14186100	2016-10-30	960.59	A
USGS	14186100	2016-10-31	959.72	A
USGS	14186100	2016-11-01	958.48	A
USGS	14186100	2016-11-02	956.76	A
USGS	14186100	2016-11-03	954.87	A
USGS	14186100	2016-11-04	953.89	A
USGS	14186100	2016-11-05	954.07	A
USGS	14186100	2016-11-06	955.18	A
USGS	14186100	2016-11-07	955.23	A
USGS	14186100	2016-11-08	955.15	A
USGS	14186100	2016-11-09	954.79	A
USGS	14186100	2016-11-10	954.29	A
USGS	14186100	2016-11-11	953.44	A
USGS	14186100	2016-11-12	952.63	A
USGS	14186100	2016-11-13	951.80	A
USGS	14186100	2016-11-14	951.93	A
USGS	14186100	2016-11-15	955.13	A
USGS	14186100	2016-11-16	956.49	A
USGS	14186100	2016-11-17	955.66	A
USGS	14186100	2016-11-18	954.19	A
USGS	14186100	2016-11-19	952.37	A
USGS	14186100	2016-11-20	950.37	A
USGS	14186100	2016-11-21	948.76	A
USGS	14186100	2016-11-22	947.03	A
USGS	14186100	2016-11-23	945.95	A
USGS	14186100	2016-11-24	943.22	A
USGS	14186100	2016-11-25	939.90	A
USGS	14186100	2016-11-26	936.58	A
USGS	14186100	2016-11-27	933.62	A
USGS	14186100	2016-11-28	932.48	A
USGS	14186100	2016-11-29	931.04	A
USGS	14186100	2016-11-30	929.86	A
USGS	14186100	2016-12-01	928.92	A
USGS	14186100	2016-12-02	927.50	A
USGS	14186100	2016-12-03	925.88	A
USGS	14186100	2016-12-04	925.17	A
USGS	14186100	2016-12-05	924.17	A
USGS	14186100	2016-12-06	924.14	A
USGS	14186100	2016-12-07	923.72	A
USGS	14186100	2016-12-08	923.33	A
USGS	14186100	2016-12-09	924.93	A
USGS	14186100	2016-12-10	928.33	A
USGS	14186100	2016-12-11	930.82	A
USGS	14186100	2016-12-12	932.53	A
USGS	14186100	2016-12-13	933.32	A
USGS	14186100	2016-12-14	933.47	A
USGS	14186100	2016-12-15	933.42	A
USGS	14186100	2016-12-16	932.85	A
USGS	14186100	2016-12-17	931.98	A
USGS	14186100	2016-12-18	930.87	A
USGS	14186100	2016-12-19	929.76	A
USGS	14186100	2016-12-20	933.68	A
USGS	14186100	2016-12-21	934.50	A
USGS	14186100	2016-12-22	933.88	A
USGS	14186100	2016-12-23	932.93	A
USGS	14186100	2016-12-24	931.63	A
USGS	14186100	2016-12-25	929.94	A
USGS	14186100	2016-12-26	928.01	A
USGS	14186100	2016-12-27	926.56	A
USGS	14186100	2016-12-28	925.33	A
USGS	14186100	2016-12-29	924.72	A
USGS	14186100	2016-12-30	924.22	A
USGS	14186100	2016-12-31	923.74	A
USGS	14186100	2017-01-01	923.09	A
USGS	14186100	2017-01-02	922.27	A
USGS	14186100	2017-01-03	921.46	A
USGS	14186100	2017-01-04	921.10	A
USGS	14186100	2017-01-05	920.95	A
USGS	14186100	2017-01-06	920.59	A
USGS	14186100	2017-01-07	920.10	A
USGS	14186100	2017-01-08	920.19	A
USGS	14186100	2017-01-09	921.43	A
USGS	14186100	2017-01-10	922.29	A
USGS	14186100	2017-01-11	923.02	A
USGS	14186100	2017-01-12	923.55	A
USGS	14186100	2017-01-13	923.82	A
USGS	14186100	2017-01-14	923.90	A
USGS	14186100	2017-01-15	923.89	A
USGS	14186100	2017-01-16	923.76	A
USGS	14186100	2017-01-17	923.83	A
USGS	14186100	2017-01-18	927.27	A
USGS	14186100	2017-01-19	929.90	A
USGS	14186100	2017-01-20	931.53	A
USGS	14186100	2017-01-21	932.73	A
USGS	14186100	2017-01-22	933.91	A
USGS	14186100	2017-01-23	934.70	A
USGS	14186100	2017-01-24	935.12	A
USGS	14186100	2017-01-25	935.36	A
USGS	14186100	2017-01-26	935.45	A
USGS	14186100	2017-01-27	935.50	A
USGS	14186100	2017-01-28	935.54	A
USGS	14186100	2017-01-29	935.60	A
USGS	14186100	2017-01-30	935.67	A
USGS	14186100	2017-01-31	935.74	A
USGS	14186100	2017-02-01	935.86	A
USGS	14186100	2017-02-02	935.87	A
USGS	14186100	2017-02-03	935.90	A
USGS	14186100	2017-02-04	938.36	A
USGS	14186100	2017-02-05	944.67	A
USGS	14186100	2017-02-06	948.15	A
USGS	14186100	2017-02-07	948.75	A
USGS	14186100	2017-02-08	949.99	A
USGS	14186100	2017-02-09	955.88	A
USGS	14186100	2017-02-10	959.68	A
USGS	14186100	2017-02-11	961.26	A
USGS	14186100	2017-02-12	961.80	A
USGS	14186100	2017-02-13	961.80	A
USGS	14186100	2017-02-14	961.57	A
USGS	14186100	2017-02-15	961.53	A
USGS	14186100	2017-02-16	964.39	A
USGS	14186100	2017-02-17	966.52	A
USGS	14186100	2017-02-18	967.38	A
USGS	14186100	2017-02-19	967.88	A
USGS	14186100	2017-02-20	968.02	A
USGS	14186100	2017-02-21	969.41	A
USGS	14186100	2017-02-22	969.05	A
USGS	14186100	2017-02-23	968.23	A
USGS	14186100	2017-02-24	967.73	A
USGS	14186100	2017-02-25	967.65	A
USGS	14186100	2017-02-26	967.53	A
USGS	14186100	2017-02-27	967.26	A
USGS	14186100	2017-02-28	967.02	A
USGS	14186100	2017-03-01	966.60	A
USGS	14186100	2017-03-02	966.21	A
USGS	14186100	2017-03-03	966.15	A
USGS	14186100	2017-03-04	966.66	A
USGS	14186100	2017-03-05	967.26	A
USGS	14186100	2017-03-06	967.74	A
USGS	14186100	2017-03-07	968.43	A
USGS	14186100	2017-03-08	973.01	A
USGS	14186100	2017-03-09	983.00	A
USGS	14186100	2017-03-10	990.21	A
USGS	14186100	2017-03-11	993.96	A
USGS	14186100	2017-03-12	996.93	A
USGS	14186100	2017-03-13	999.47	A
USGS	14186100	2017-03-14	1000.33	A
USGS	14186100	2017-03-15	1000.37	A
USGS	14186100	2017-03-16	1001.16	A
USGS	14186100	2017-03-17	999.99	A
USGS	14186100	2017-03-18	999.15	A
USGS	14186100	2017-03-19	997.74	A
USGS	14186100	2017-03-20	995.55	A
USGS	14186100	2017-03-21	993.18	A
USGS	14186100	2017-03-22	990.89	A
USGS	14186100	2017-03-23	988.39	A
USGS	14186100	2017-03-24	987.75	A
USGS	14186100	2017-03-25	988.76	A
USGS	14186100	2017-03-26	989.69	A
USGS	14186100	2017-03-27	991.38	A
USGS	14186100	2017-03-28	991.44	A
USGS	14186100	2017-03-29	992.45	A
USGS	14186100	2017-03-30	993.77	A
USGS	14186100	2017-03-31	993.93	A
USGS	14186100	2017-04-01	993.69	A
USGS	14186100	2017-04-02	993.38	A
USGS	14186100	2017-04-03	993.15	A
USGS	14186100	2017-04-04	993.09	A
USGS	14186100	2017-04-05	992.72	A
USGS	14186100	2017-04-06	992.65	A
USGS	14186100	2017-04-07	992.79	A
USGS	14186100	2017-04-08	992.98	A
USGS	14186100	2017-04-09	993.09	A
USGS	14186100	2017-04-10	993.22	A
USGS	14186100	2017-04-11	993.21	A
USGS	14186100	2017-04-12	993.24	A
USGS	14186100	2017-04-13	993.38	A
USGS	14186100	2017-04-14	993.62	A
USGS	14186100	2017-04-15	994.20	A
USGS	14186100	2017-04-16	994.99	A
USGS	14186100	2017-04-17	995.88	A
USGS	14186100	2017-04-18	997.42	A
USGS	14186100	2017-04-19	998.83	A
USGS	14186100	2017-04-20	1000.34	A
USGS	14186100	2017-04-21	1001.62	A
USGS	14186100	2017-04-22	1002.70	A
USGS	14186100	2017-04-23	1003.85	A
USGS	14186100	2017-04-24	1006.86	A
USGS	14186100	2017-04-25	1008.48	A
USGS	14186100	2017-04-26	1009.55	A
USGS	14186100	2017-04-27	1009.66	A
USGS	14186100	2017-04-28	1009.56	A
USGS	14186100	2017-04-29	1009.47	A
USGS	14186100	2017-04-30	1009.61	A
USGS	14186100	2017-05-01	1009.73	A
USGS	14186100	2017-05-02	1009.59	A
USGS	14186100	2017-05-03	1009.63	A
USGS	14186100	2017-05-04	1009.99	A
USGS	14186100	2017-05-05	1010.40	A
USGS	14186100	2017-05-06	1010.38	A
USGS	14186100	2017-05-07	1010.43	A
USGS	14186100	2017-05-08	1010.35	A
USGS	14186100	2017-05-09	1010.24	A
USGS	14186100	2017-05-10	1010.12	A
USGS	14186100	2017-05-11	1010.08	A
USGS	14186100	2017-05-12	1010.12	A
USGS	14186100	2017-05-13	1010.24	A
USGS	14186100	2017-05-14	1010.17	A
USGS	14186100	2017-05-15	1009.56	A
USGS	14186100	2017-05-16	1010.67	A
USGS	14186100	2017-05-17	1011.28	A
USGS	14186100	2017-05-18	1011.46	A
USGS	14186100	2017-05-19	1011.31	A
USGS	14186100	2017-05-20	1010.97	A
USGS	14186100	2017-05-21	1010.58	A
USGS	14186100	2017-05-22		
USGS	14186100	2017-05-23	1010.58	A
USGS	14186100	2017-05-24	1010.52	A
USGS	14186100	2017-05-25	1010.34	A
USGS	14186100	2017-05-26	1010.05	A
USGS	14186100	2017-05-27	1009.71	A
USGS	14186100	2017-05-28	1009.31	A
USGS	14186100	2017-05-29	1009.05	A
USGS	14186100	2017-05-30	1008.90	A
USGS	14186100	2017-05-31	1009.02	A
USGS	14186100	2017-06-01	1009.15	A
USGS	14186100	2017-06-02	1009.21	A
USGS	14186100	2017-06-03	1009.24	A
USGS	14186100	2017-06-04	1009.25	A
USGS	14186100	2017-06-05	1009.21	A
USGS	14186100	2017-06-06	1009.13	A
USGS	14186100	2017-06-07	1009.05	A
USGS	14186100	2017-06-08	1009.16	A
USGS	14186100	2017-06-09	1009.27	A
USGS	14186100	2017-06-10	1009.52	A
USGS	14186100	2017-06-11	1009.79	A
USGS	14186100	2017-06-12	1009.80	A
USGS	14186100	2017-06-13	1009.84	A
USGS	14186100	2017-06-14	1009.84	A
USGS	14186100	2017-06-15	1009.95	A
USGS	14186100	2017-06-16	1010.14	A
USGS	14186100	2017-06-17	1010.23	A
USGS	14186100	2017-06-18	1010.25	A
USGS	14186100	2017-06-19	1010.20	A
USGS	14186100	2017-06-20	1010.15	A
USGS	14186100	2017-06-21	1010.04	A
USGS	14186100	2017-06-22	1009.86	A
USGS	14186100	2017-06-23	1009.66	A
USGS	14186100	2017-06-24	1009.44	A
USGS	14186100	2017-06-25	1009.17	A
USGS	14186100	2017-06-26	1008.90	A
USGS	14186100	2017-06-27	1008.54	A
USGS	14186100	2017-06-28	1008.21	A
USGS	14186100	2017-06-29	1007.91	A
USGS	14186100	2017-06-30	1007.58	A
USGS	14186100	2017-07-01	1007.28	A
USGS	14186100	2017-07-02	1006.98	A
USGS	14186100	2017-07-03	1006.74	A
USGS	14186100	2017-07-04	1006.51	A
USGS	14186100	2017-07-05	1006.27	A
USGS	14186100	2017-07-06	1006.02	A
USGS	14186100	2017-07-07	1005.76	A
USGS	14186100	2017-07-08	1005.50	A
USGS	14186100	2017-07-09	1005.22	A
USGS	14186100	2017-07-10	1004.96	A
USGS	14186100	2017-07-11	1004.69	A
USGS	14186100	2017-07-12	1004.41	A
USGS	14186100	2017-07-13	1004.13	A
USGS	14186100	2017-07-14	1003.85	A
USGS	14186100	2017-07-15	1003.53	A
USGS	14186100	2017-07-16	1003.24	A
USGS	14186100	2017-07-17	1002.93	A
USGS	14186100	2017-07-18	1002.61	A
USGS	14186100	2017-07-19	1002.29	A
USGS	14186100	2017-07-20	1001.97	A
USGS	14186100	2017-07-21	1001.64	A
USGS	14186100	2017-07-22	1001.33	A
USGS	14186100	2017-07-23	1000.97	A
USGS	14186100	2017-07-24	1000.66	A
USGS	14186100	2017-07-25	1000.32	A
USGS	14186100	2017-07-26	1000.00	A
USGS	14186100	2017-07-27	999.67	A
USGS	14186100	2017-07-28	999.27	A
USGS	14186100	2017-07-29	998.91	A
USGS	14186100	2017-07-30	998.52	A
USGS	14186100	2017-07-31	998.11	A
USGS	14186100	2017-08-01	997.73	A
USGS	14186100	2017-08-02	997.34	A
USGS	14186100	2017-08-03	996.95	A
USGS	14186100	2017-08-04	996.55	A
USGS	14186100	2017-08-05	996.13	A
USGS	14186100	2017-08-06	995.73	A
USGS	14186100	2017-08-07	995.32	A
USGS	14186100	2017-08-08	994.91	A
USGS	14186100	2017-08-09	994.51	A
USGS	14186100	2017-08-10	994.09	A
USGS	14186100	2017-08-11	993.66	A
USGS	14186100	2017-08-12	993.25	A
USGS	14186100	2017-08-13	992.84	A
USGS	14186100	2017-08-14	992.43	A
USGS	14186100	2017-08-15	991.99	A
USGS	14186100	2017-08-16	991.57	A
USGS	14186100	2017-08-17	991.15	A
USGS	14186100	2017-08-18	990.75	A
USGS	14186100	2017-08-19	990.34	A
USGS	14186100	2017-08-20	989.92	A
USGS	14186100	2017-08-21	989.50	A
USGS	14186100	2017-08-22	989.06	A
USGS	14186100	2017-08-23	988.63	A
USGS	14186100	2017-08-24	988.22	A
USGS	14186100	2017-08-25	987.76	A
USGS	14186100	2017-08-26	987.31	A
USGS	14186100	2017-08-27	986.89	A
USGS	14186100	2017-08-28	986.45	A
USGS	14186100	2017-08-29	985.99	A
USGS	14186100	2017-08-30	985.52	A
USGS	14186100	2017-08-31	984.93	A
USGS	14186100	2017-09-01	984.32	A
USGS	14186100	2017-09-02	983.65	A
USGS	14186100	2017-09-03	982.68	A
USGS	14186100	2017-09-04	981.70	A
USGS	14186100	2017-09-05	980.80	A
USGS	14186100	2017-09-06	979.90	A
USGS	14186100	2017-09-07	978.93	A
USGS	14186100	2017-09-08	978.01	A
USGS	14186100	2017-09-09	977.10	A
USGS	14186100	2017-09-10	976.21	A
USGS	14186100	2017-09-11	975.39	A
USGS	14186100	2017-09-12	974.48	A
USGS	14186100	2017-09-13	973.59	A
USGS	14186100	2017-09-14	972.65	A
USGS	14186100	2017-09-15	971.72	A
USGS	14186100	2017-09-16	970.76	A
USGS	14186100	2017-09-17	969.83	A
USGS	14186100	2017-09-18	969.00	A
USGS	14186100	2017-09-19	968.67	A
USGS	14186100	2017-09-20	968.70	A
USGS	14186100	2017-09-21	968.60	A
USGS	14186100	2017-09-22	968.07	A
USGS	14186100	2017-09-23	967.40	A
USGS	14186100	2017-09-24	966.66	A
USGS	14186100	2017-09-25	965.90	A
USGS	14186100	2017-09-26	965.15	A
USGS	14186100	2017-09-27	964.39	A
USGS	14186100	2017-09-28	963.58	A
USGS	14186100	2017-09-29	962.59	A
USGS	14186100	2017-09-30	961.58	A
USGS	14186100	2017-10-01	960.58	A
USGS	14186100	2017-10-02	959.77	A
USGS	14186100	2017-10-03	958.97	A
USGS	14186100	2017-10-04	958.16	A
USGS	14186100	2017-10-05	957.29	A
USGS	14186100	2017-10-06	956.54	A
USGS	14186100	2017-10-07	955.76	A
USGS	14186100	2017-10-08	955.02	A
USGS	14186100	2017-10-09	954.24	A
USGS	14186100	2017-10-10	953.48	A
USGS	14186100	2017-10-11	952.75	A
USGS	14186100	2017-10-12	952.81	A
USGS	14186100	2017-10-13	954.15	A
USGS	14186100	2017-10-14	954.26	A
USGS	14186100	2017-10-15	953.99	A
USGS	14186100	2017-10-16	953.89	A
USGS	14186100	2017-10-17	953.73	A
USGS	14186100	2017-10-18	953.57	A
USGS	14186100	2017-10-19	953.82	A
USGS	14186100	2017-10-20	955.51	A
USGS	14186100	2017-10-21	960.16	A
USGS	14186100	2017-10-22	970.46	A
USGS	14186100	2017-10-23	973.19	A
USGS	14186100	2017-10-24	974.38	A
USGS	14186100	2017-10-25	974.55	A
USGS	14186100	2017-10-26	974.47	A
USGS	14186100	2017-10-27	973.16	A
USGS	14186100	2017-10-28	971.72	A
USGS	14186100	2017-10-29	970.19	A
USGS	14186100	2017-10-30	968.60	A
USGS	14186100	2017-10-31	966.94	A
USGS	14186100	2017-11-01	965.26	A
USGS	14186100	2017-11-02	963.69	A
USGS	14186100	2017-11-03	962.49	A
USGS	14186100	2017-11-04	961.13	A
USGS	14186100	2017-11-05	960.02	A
USGS	14186100	2017-11-06	958.83	A
USGS	14186100	2017-11-07	957.46	A
USGS	14186100	2017-11-08	955.97	A
USGS	14186100	2017-11-09	954.88	A
USGS	14186100	2017-11-10	954.19	A
USGS	14186100	2017-11-11	953.57	A
USGS	14186100	2017-11-12	952.60	A
USGS	14186100	2017-11-13	952.30	A
USGS	14186100	2017-11-14	951.97	A
USGS	14186100	2017-11-15	951.77	A
USGS	14186100	2017-11-16	952.20	A
USGS	14186100	2017-11-17	952.43	A
USGS	14186100	2017-11-18	951.31	A
USGS	14186100	2017-11-19	949.63	A
USGS	14186100	2017-11-20	951.95	A
USGS	14186100	2017-11-21	953.76	A
USGS	14186100	2017-11-22	954.22	A
USGS	14186100	2017-11-23	957.82	A
USGS	14186100	2017-11-24	959.87	A
USGS	14186100	2017-11-25	959.84	A
USGS	14186100	2017-11-26	959.47	A
USGS	14186100	2017-11-27	959.02	A
USGS	14186100	2017-11-28	958.09	A
USGS	14186100	2017-11-29	957.00	A
USGS	14186100	2017-11-30	955.57	A
USGS	14186100	2017-12-01	953.88	A
USGS	14186100	2017-12-02	952.11	A
USGS	14186100	2017-12-03	950.26	A
USGS	14186100	2017-12-04	948.32	A
USGS	14186100	2017-12-05	946.32	A
USGS	14186100	2017-12-06	944.18	A
USGS	14186100	2017-12-07	941.96	A
USGS	14186100	2017-12-08	939.62	A
USGS	14186100	2017-12-09	937.18	A
USGS	14186100	2017-12-10	934.63	A
USGS	14186100	2017-12-11	931.96	A
USGS	14186100	2017-12-12	929.23	A
USGS	14186100	2017-12-13	926.53	A
USGS	14186100	2017-12-14	923.85	A
USGS	14186100	2017-12-15	921.16	A
USGS	14186100	2017-12-16	919.38	A
USGS	14186100	2017-12-17	918.14	A
USGS	14186100	2017-12-18	917.55	A
USGS	14186100	2017-12-19	917.30	A
USGS	14186100	2017-12-20	917.20	A
USGS	14186100	2017-12-21	916.87	A
USGS	14186100	2017-12-22	916.56	A
USGS	14186100	2017-12-23	916.43	A
USGS	14186100	2017-12-24	916.30	A
USGS	14186100	2017-12-25	916.62	A
USGS	14186100	2017-12-26	916.86	A
USGS	14186100	2017-12-27	917.45	A
USGS	14186100	2017-12-28	918.86	A
USGS	14186100	2017-12-29	925.39	A
USGS	14186100	2017-12-30	931.44	A
USGS	14186100	2017-12-31	934.22	A
USGS	14186100	2018-01-01	935.90	A
