agency_cd	site_no	datetime	114587_62614_32400	114587_62614_32400_cd
USGS	14313000	2011-01-01	4134.67	A
USGS	14313000	2011-01-02	4133.91	A
USGS	14313000	2011-01-03	4133.55	A
USGS	14313000	2011-01-04	4132.98	A
USGS	14313000	2011-01-05	4132.61	A
USGS	14313000	2011-01-06	4132.19	A
USGS	14313000	2011-01-07	4131.74	A
USGS	14313000	2011-01-08	4131.38	A
USGS	14313000	2011-01-09	4130.92	A
USGS	14313000	2011-01-10	4130.40	A
USGS	14313000	2011-01-11	4130.24	A
USGS	14313000	2011-01-12	4129.61	A
USGS	14313000	2011-01-13	4131.09	A
USGS	14313000	2011-01-14	4132.68	A
USGS	14313000	2011-01-15	4133.79	A
USGS	14313000	2011-01-16	4136.52	A
USGS	14313000	2011-01-17	4139.40	A
USGS	14313000	2011-01-18	4140.83	A
USGS	14313000	2011-01-19	4141.24	A
USGS	14313000	2011-01-20	4141.38	A
USGS	14313000	2011-01-21	4141.41	A
USGS	14313000	2011-01-22	4141.34	A
USGS	14313000	2011-01-23	4141.15	A
USGS	14313000	2011-01-24	4140.90	A
USGS	14313000	2011-01-25	4140.58	A
USGS	14313000	2011-01-26	4140.64	A
USGS	14313000	2011-01-27	4140.25	A
USGS	14313000	2011-01-28	4139.81	A
USGS	14313000	2011-01-29	4139.30	A
USGS	14313000	2011-01-30	4138.82	A
USGS	14313000	2011-01-31	4138.38	A
USGS	14313000	2011-02-01	4137.94	A
USGS	14313000	2011-02-02	4137.39	A
USGS	14313000	2011-02-03	4137.19	A
USGS	14313000	2011-02-04	4136.66	A
USGS	14313000	2011-02-05	4136.16	A
USGS	14313000	2011-02-06	4135.78	A
USGS	14313000	2011-02-07	4135.35	A
USGS	14313000	2011-02-08	4134.83	A
USGS	14313000	2011-02-09	4134.40	A
USGS	14313000	2011-02-10	4134.07	A
USGS	14313000	2011-02-11	4133.93	A
USGS	14313000	2011-02-12	4133.89	A
USGS	14313000	2011-02-13	4133.88	A
USGS	14313000	2011-02-14	4134.00	A
USGS	14313000	2011-02-15	4134.41	A
USGS	14313000	2011-02-16	4134.72	A
USGS	14313000	2011-02-17	4134.94	A
USGS	14313000	2011-02-18	4134.96	A
USGS	14313000	2011-02-19	4134.26	A
USGS	14313000	2011-02-20	4133.80	A
USGS	14313000	2011-02-21	4133.33	A
USGS	14313000	2011-02-22	4132.82	A
USGS	14313000	2011-02-23	4132.38	A
USGS	14313000	2011-02-24	4131.94	A
USGS	14313000	2011-02-25	4131.36	A
USGS	14313000	2011-02-26	4131.05	A
USGS	14313000	2011-02-27	4130.39	A
USGS	14313000	2011-02-28	4129.90	A
USGS	14313000	2011-03-01	4129.52	A
USGS	14313000	2011-03-02	4129.19	A
USGS	14313000	2011-03-03	4128.75	A
USGS	14313000	2011-03-04	4128.29	A
USGS	14313000	2011-03-05	4128.81	A
USGS	14313000	2011-03-06	4128.54	A
USGS	14313000	2011-03-07	4128.40	A
USGS	14313000	2011-03-08	4128.17	A
USGS	14313000	2011-03-09	4127.80	A
USGS	14313000	2011-03-10	4129.20	A
USGS	14313000	2011-03-11	4130.42	A
USGS	14313000	2011-03-12	4130.61	A
USGS	14313000	2011-03-13		
USGS	14313000	2011-03-14	4130.50	A
USGS	14313000	2011-03-15	4131.81	A
USGS	14313000	2011-03-16	4133.14	A
USGS	14313000	2011-03-17	4132.56	A
USGS	14313000	2011-03-18	4132.23	A
USGS	14313000	2011-03-19	4131.92	A
USGS	14313000	2011-03-20	4131.62	A
USGS	14313000	2011-03-21	4131.33	A
USGS	14313000	2011-03-22	4130.90	A
USGS	14313000	2011-03-23	4130.29	A
USGS	14313000	2011-03-24	4129.99	A
USGS	14313000	2011-03-25	4129.54	A
USGS	14313000	2011-03-26	4129.06	A
USGS	14313000	2011-03-27	4128.63	A
USGS	14313000	2011-03-28	4128.09	A
USGS	14313000	2011-03-29	4127.76	A
USGS	14313000	2011-03-30	4128.38	A
USGS	14313000	2011-03-31	4128.97	A
USGS	14313000	2011-04-01	4129.33	A
USGS	14313000	2011-04-02	4129.80	A
USGS	14313000	2011-04-03	4129.93	A
USGS	14313000	2011-04-04	4129.30	A
USGS	14313000	2011-04-05	4129.17	A
USGS	14313000	2011-04-06	4128.69	A
USGS	14313000	2011-04-07	4128.10	A
USGS	14313000	2011-04-08	4127.48	A
USGS	14313000	2011-04-09	4126.79	A
USGS	14313000	2011-04-10	4126.04	A
USGS	14313000	2011-04-11	4125.34	A
USGS	14313000	2011-04-12	4124.51	A
USGS	14313000	2011-04-13	4123.74	A
USGS	14313000	2011-04-14	4122.89	A
USGS	14313000	2011-04-15	4122.19	A
USGS	14313000	2011-04-16	4121.69	A
USGS	14313000	2011-04-17	4121.39	A
USGS	14313000	2011-04-18	4121.03	A
USGS	14313000	2011-04-19	4120.65	A
USGS	14313000	2011-04-20	4120.94	A
USGS	14313000	2011-04-21	4120.35	A
USGS	14313000	2011-04-22	4119.80	A
USGS	14313000	2011-04-23	4119.30	A
USGS	14313000	2011-04-24	4118.88	A
USGS	14313000	2011-04-25	4118.50	A
USGS	14313000	2011-04-26	4118.00	A
USGS	14313000	2011-04-27	4117.45	A
USGS	14313000	2011-04-28	4117.57	A
USGS	14313000	2011-04-29	4117.06	A
USGS	14313000	2011-04-30	4117.49	A
USGS	14313000	2011-05-01	4117.36	A
USGS	14313000	2011-05-02	4117.30	A
USGS	14313000	2011-05-03	4117.39	A
USGS	14313000	2011-05-04	4117.55	A
USGS	14313000	2011-05-05	4118.04	A
USGS	14313000	2011-05-06	4119.26	A
USGS	14313000	2011-05-07	4120.60	A
USGS	14313000	2011-05-08	4121.95	A
USGS	14313000	2011-05-09	4122.56	A
USGS	14313000	2011-05-10	4122.77	A
USGS	14313000	2011-05-11	4123.64	A
USGS	14313000	2011-05-12	4124.31	A
USGS	14313000	2011-05-13	4124.83	A
USGS	14313000	2011-05-14	4125.72	A
USGS	14313000	2011-05-15	4126.59	A
USGS	14313000	2011-05-16	4127.22	A
USGS	14313000	2011-05-17	4127.82	A
USGS	14313000	2011-05-18	4128.38	A
USGS	14313000	2011-05-19	4128.95	A
USGS	14313000	2011-05-20	4129.52	A
USGS	14313000	2011-05-21	4130.27	A
USGS	14313000	2011-05-22	4131.15	A
USGS	14313000	2011-05-23	4132.05	A
USGS	14313000	2011-05-24	4132.88	A
USGS	14313000	2011-05-25	4134.16	A
USGS	14313000	2011-05-26	4134.86	A
USGS	14313000	2011-05-27	4135.67	A
USGS	14313000	2011-05-28	4136.17	A
USGS	14313000	2011-05-29	4136.28	A
USGS	14313000	2011-05-30	4136.33	A
USGS	14313000	2011-05-31	4136.41	A
USGS	14313000	2011-06-01	4136.80	A
USGS	14313000	2011-06-02	4136.58	A
USGS	14313000	2011-06-03	4136.34	A
USGS	14313000	2011-06-04	4136.31	A
USGS	14313000	2011-06-05	4136.21	A
USGS	14313000	2011-06-06	4136.17	A
USGS	14313000	2011-06-07	4136.22	A
USGS	14313000	2011-06-08	4136.39	A
USGS	14313000	2011-06-09	4136.61	A
USGS	14313000	2011-06-10	4136.85	A
USGS	14313000	2011-06-11	4137.20	A
USGS	14313000	2011-06-12	4137.54	A
USGS	14313000	2011-06-13	4137.96	A
USGS	14313000	2011-06-14	4138.30	A
USGS	14313000	2011-06-15	4138.59	A
USGS	14313000	2011-06-16	4138.87	A
USGS	14313000	2011-06-17	4139.40	A
USGS	14313000	2011-06-18	4140.20	A
USGS	14313000	2011-06-19	4140.91	A
USGS	14313000	2011-06-20	4141.67	A
USGS	14313000	2011-06-21	4142.51	A
USGS	14313000	2011-06-22	4143.38	A
USGS	14313000	2011-06-23	4144.35	A
USGS	14313000	2011-06-24	4145.22	A
USGS	14313000	2011-06-25	4145.95	A
USGS	14313000	2011-06-26	4146.44	A
USGS	14313000	2011-06-27	4146.78	A
USGS	14313000	2011-06-28	4147.17	A
USGS	14313000	2011-06-29	4147.49	A
USGS	14313000	2011-06-30	4147.65	A
USGS	14313000	2011-07-01	4147.70	A
USGS	14313000	2011-07-02	4147.78	A
USGS	14313000	2011-07-03	4147.79	A
USGS	14313000	2011-07-04	4147.72	A
USGS	14313000	2011-07-05	4147.63	A
USGS	14313000	2011-07-06	4147.55	A
USGS	14313000	2011-07-07	4147.55	A
USGS	14313000	2011-07-08	4147.52	A
USGS	14313000	2011-07-09	4147.53	A
USGS	14313000	2011-07-10	4147.64	A
USGS	14313000	2011-07-11	4147.70	A
USGS	14313000	2011-07-12	4147.70	A
USGS	14313000	2011-07-13	4147.68	A
USGS	14313000	2011-07-14	4147.62	A
USGS	14313000	2011-07-15	4147.54	A
USGS	14313000	2011-07-16	4147.48	A
USGS	14313000	2011-07-17	4147.38	A
USGS	14313000	2011-07-18	4147.37	A
USGS	14313000	2011-07-19	4147.72	A
USGS	14313000	2011-07-20	4147.75	A
USGS	14313000	2011-07-21	4147.80	A
USGS	14313000	2011-07-22	4147.59	A
USGS	14313000	2011-07-23	4147.52	A
USGS	14313000	2011-07-24	4147.45	A
USGS	14313000	2011-07-25	4147.39	A
USGS	14313000	2011-07-26	4147.25	A
USGS	14313000	2011-07-27	4147.23	A
USGS	14313000	2011-07-28	4147.10	A
USGS	14313000	2011-07-29	4147.08	A
USGS	14313000	2011-07-30	4147.04	A
USGS	14313000	2011-07-31	4146.92	A
USGS	14313000	2011-08-01	4146.84	A
USGS	14313000	2011-08-02	4146.78	A
USGS	14313000	2011-08-03	4146.81	A
USGS	14313000	2011-08-04	4146.71	A
USGS	14313000	2011-08-05	4146.72	A
USGS	14313000	2011-08-06	4146.66	A
USGS	14313000	2011-08-07	4146.68	A
USGS	14313000	2011-08-08	4146.67	A
USGS	14313000	2011-08-09	4146.71	A
USGS	14313000	2011-08-10	4146.75	A
USGS	14313000	2011-08-11	4146.80	A
USGS	14313000	2011-08-12	4146.83	A
USGS	14313000	2011-08-13	4146.85	A
USGS	14313000	2011-08-14	4146.88	A
USGS	14313000	2011-08-15	4146.93	A
USGS	14313000	2011-08-16	4146.96	A
USGS	14313000	2011-08-17	4146.72	A
USGS	14313000	2011-08-18	4146.82	A
USGS	14313000	2011-08-19	4147.06	A
USGS	14313000	2011-08-20	4147.02	A
USGS	14313000	2011-08-21	4147.06	A
USGS	14313000	2011-08-22	4147.11	A
USGS	14313000	2011-08-23	4146.99	A
USGS	14313000	2011-08-24	4146.97	A
USGS	14313000	2011-08-25	4146.99	A
USGS	14313000	2011-08-26	4146.82	A
USGS	14313000	2011-08-27	4146.81	A
USGS	14313000	2011-08-28	4146.48	A
USGS	14313000	2011-08-29	4146.59	A
USGS	14313000	2011-08-30	4146.66	A
USGS	14313000	2011-08-31	4146.62	A
USGS	14313000	2011-09-01	4146.64	A
USGS	14313000	2011-09-02	4146.63	A
USGS	14313000	2011-09-03	4146.36	A
USGS	14313000	2011-09-04	4146.18	A
USGS	14313000	2011-09-05	4145.93	A
USGS	14313000	2011-09-06	4145.70	A
USGS	14313000	2011-09-07	4145.32	A
USGS	14313000	2011-09-08	4144.86	A
USGS	14313000	2011-09-09	4144.50	A
USGS	14313000	2011-09-10	4143.97	A
USGS	14313000	2011-09-11	4143.56	A
USGS	14313000	2011-09-12	4143.06	A
USGS	14313000	2011-09-13	4142.58	A
USGS	14313000	2011-09-14	4142.09	A
USGS	14313000	2011-09-15	4141.60	A
USGS	14313000	2011-09-16	4141.11	A
USGS	14313000	2011-09-17	4140.62	A
USGS	14313000	2011-09-18	4140.11	A
USGS	14313000	2011-09-19	4139.62	A
USGS	14313000	2011-09-20	4139.13	A
USGS	14313000	2011-09-21	4138.63	A
USGS	14313000	2011-09-22	4138.12	A
USGS	14313000	2011-09-23	4137.63	A
USGS	14313000	2011-09-24	4137.12	A
USGS	14313000	2011-09-25	4136.67	A
USGS	14313000	2011-09-26	4136.17	A
USGS	14313000	2011-09-27	4135.78	A
USGS	14313000	2011-09-28	4135.18	A
USGS	14313000	2011-09-29	4134.66	A
USGS	14313000	2011-09-30	4134.18	A
USGS	14313000	2011-10-01	4133.69	A
USGS	14313000	2011-10-02	4133.15	A
USGS	14313000	2011-10-03	4132.73	A
USGS	14313000	2011-10-04	4132.56	A
USGS	14313000	2011-10-05	4132.52	A
USGS	14313000	2011-10-06	4131.98	A
USGS	14313000	2011-10-07	4131.47	A
USGS	14313000	2011-10-08	4131.01	A
USGS	14313000	2011-10-09	4130.51	A
USGS	14313000	2011-10-10	4130.20	A
USGS	14313000	2011-10-11	4130.13	A
USGS	14313000	2011-10-12		
USGS	14313000	2011-10-13	4129.63	A
USGS	14313000	2011-10-14	4129.31	A
USGS	14313000	2011-10-15	4129.01	A
USGS	14313000	2011-10-16	4128.51	A
USGS	14313000	2011-10-17	4128.16	A
USGS	14313000	2011-10-18	4127.76	A
USGS	14313000	2011-10-19	4127.26	A
USGS	14313000	2011-10-20	4126.78	A
USGS	14313000	2011-10-21	4126.34	A
USGS	14313000	2011-10-22	4126.09	A
USGS	14313000	2011-10-23	4125.84	A
USGS	14313000	2011-10-24	4125.56	A
USGS	14313000	2011-10-25	4125.21	A
USGS	14313000	2011-10-26	4124.91	A
USGS	14313000	2011-10-27	4124.70	A
USGS	14313000	2011-10-28	4124.43	A
USGS	14313000	2011-10-29	4124.12	A
USGS	14313000	2011-10-30	4123.97	A
USGS	14313000	2011-10-31	4123.66	A
USGS	14313000	2011-11-01	4123.93	A
USGS	14313000	2011-11-02	4123.51	A
USGS	14313000	2011-11-03	4123.68	A
USGS	14313000	2011-11-04	4123.74	A
USGS	14313000	2011-11-05	4123.75	A
USGS	14313000	2011-11-06	4123.84	A
USGS	14313000	2011-11-07	4123.77	A
USGS	14313000	2011-11-08	4123.70	A
USGS	14313000	2011-11-09	4123.77	A
USGS	14313000	2011-11-10	4123.74	A
USGS	14313000	2011-11-11	4123.76	A
USGS	14313000	2011-11-12	4123.78	A
USGS	14313000	2011-11-13	4123.68	A
USGS	14313000	2011-11-14	4123.76	A
USGS	14313000	2011-11-15	4123.76	A
USGS	14313000	2011-11-16	4123.93	A
USGS	14313000	2011-11-17	4124.59	A
USGS	14313000	2011-11-18	4124.70	A
USGS	14313000	2011-11-19	4124.64	A
USGS	14313000	2011-11-20	4124.63	A
USGS	14313000	2011-11-21	4124.58	A
USGS	14313000	2011-11-22	4124.94	A
USGS	14313000	2011-11-23	4124.61	A
USGS	14313000	2011-11-24	4124.59	A
USGS	14313000	2011-11-25	4124.64	A
USGS	14313000	2011-11-26	4124.42	A
USGS	14313000	2011-11-27	4124.35	A
USGS	14313000	2011-11-28	4124.25	A
USGS	14313000	2011-11-29	4124.25	A
USGS	14313000	2011-11-30	4124.20	A
USGS	14313000	2011-12-01	4124.13	A
USGS	14313000	2011-12-02	4124.08	A
USGS	14313000	2011-12-03	4124.00	A
USGS	14313000	2011-12-04	4123.94	A
USGS	14313000	2011-12-05	4123.90	A
USGS	14313000	2011-12-06	4123.87	A
USGS	14313000	2011-12-07	4124.03	A
USGS	14313000	2011-12-08	4124.63	A
USGS	14313000	2011-12-09	4124.59	A
USGS	14313000	2011-12-10	4124.93	A
USGS	14313000	2011-12-11	4124.98	A
USGS	14313000	2011-12-12	4125.09	A
USGS	14313000	2011-12-13	4125.05	A
USGS	14313000	2011-12-14	4124.79	A
USGS	14313000	2011-12-15	4124.89	A
USGS	14313000	2011-12-16	4124.89	A
USGS	14313000	2011-12-17	4125.19	A
USGS	14313000	2011-12-18	4124.90	A
USGS	14313000	2011-12-19	4124.65	A
USGS	14313000	2011-12-20	4124.54	A
USGS	14313000	2011-12-21	4124.50	A
USGS	14313000	2011-12-22	4124.32	A
USGS	14313000	2011-12-23	4124.37	A
USGS	14313000	2011-12-24	4124.56	A
USGS	14313000	2011-12-25	4124.70	A
USGS	14313000	2011-12-26	4124.55	A
USGS	14313000	2011-12-27	4124.32	A
USGS	14313000	2011-12-28	4125.96	A
USGS	14313000	2011-12-29	4127.87	A
USGS	14313000	2011-12-30	4130.57	A
USGS	14313000	2011-12-31	4130.41	A
USGS	14313000	2012-01-01	4129.77	A
USGS	14313000	2012-01-02	4129.35	A
USGS	14313000	2012-01-03	4128.99	A
USGS	14313000	2012-01-04	4128.54	A
USGS	14313000	2012-01-05	4128.38	A
USGS	14313000	2012-01-06	4127.75	A
USGS	14313000	2012-01-07	4127.65	A
USGS	14313000	2012-01-08	4127.32	A
USGS	14313000	2012-01-09	4127.02	A
USGS	14313000	2012-01-10	4126.81	A
USGS	14313000	2012-01-11	4126.51	A
USGS	14313000	2012-01-12	4126.23	A
USGS	14313000	2012-01-13	4125.98	A
USGS	14313000	2012-01-14	4125.75	A
USGS	14313000	2012-01-15	4125.43	A
USGS	14313000	2012-01-16	4125.11	A
USGS	14313000	2012-01-17	4124.85	A
USGS	14313000	2012-01-18	4124.95	A
USGS	14313000	2012-01-19	4127.07	A
USGS	14313000	2012-01-20	4129.01	A
USGS	14313000	2012-01-21	4130.06	A
USGS	14313000	2012-01-22	4129.44	A
USGS	14313000	2012-01-23	4129.02	A
USGS	14313000	2012-01-24	4129.57	A
USGS	14313000	2012-01-25	4132.10	A
USGS	14313000	2012-01-26	4134.39	A
USGS	14313000	2012-01-27	4135.26	A
USGS	14313000	2012-01-28	4135.08	A
USGS	14313000	2012-01-29	4134.75	A
USGS	14313000	2012-01-30	4134.48	A
USGS	14313000	2012-01-31	4134.11	A
USGS	14313000	2012-02-01	4133.75	A
USGS	14313000	2012-02-02	4133.30	A
USGS	14313000	2012-02-03	4132.94	A
USGS	14313000	2012-02-04	4132.54	A
USGS	14313000	2012-02-05	4132.16	A
USGS	14313000	2012-02-06	4131.70	A
USGS	14313000	2012-02-07	4131.26	A
USGS	14313000	2012-02-08	4130.98	A
USGS	14313000	2012-02-09	4130.73	A
USGS	14313000	2012-02-10	4130.41	A
USGS	14313000	2012-02-11	4130.30	A
USGS	14313000	2012-02-12	4129.89	A
USGS	14313000	2012-02-13	4129.38	A
USGS	14313000	2012-02-14	4129.11	A
USGS	14313000	2012-02-15	4128.61	A
USGS	14313000	2012-02-16	4128.19	A
USGS	14313000	2012-02-17	4127.96	A
USGS	14313000	2012-02-18	4127.67	A
USGS	14313000	2012-02-19	4127.36	A
USGS	14313000	2012-02-20	4127.08	A
USGS	14313000	2012-02-21	4127.14	A
USGS	14313000	2012-02-22	4127.86	A
USGS	14313000	2012-02-23	4128.53	A
USGS	14313000	2012-02-24	4128.57	A
USGS	14313000	2012-02-25	4128.12	A
USGS	14313000	2012-02-26	4127.98	A
USGS	14313000	2012-02-27	4127.48	A
USGS	14313000	2012-02-28	4127.45	A
USGS	14313000	2012-02-29	4127.40	A
USGS	14313000	2012-03-01	4127.37	A
USGS	14313000	2012-03-02	4126.75	A
USGS	14313000	2012-03-03	4126.79	A
USGS	14313000	2012-03-04	4126.28	A
USGS	14313000	2012-03-05	4126.01	A
USGS	14313000	2012-03-06	4125.54	A
USGS	14313000	2012-03-07	4125.19	A
USGS	14313000	2012-03-08	4124.80	A
USGS	14313000	2012-03-09	4124.78	A
USGS	14313000	2012-03-10	4125.22	A
USGS	14313000	2012-03-11	4125.67	A
USGS	14313000	2012-03-12	4125.64	A
USGS	14313000	2012-03-13	4125.59	A
USGS	14313000	2012-03-14	4125.21	A
USGS	14313000	2012-03-15	4126.26	A
USGS	14313000	2012-03-16	4127.84	A
USGS	14313000	2012-03-17	4128.39	A
USGS	14313000	2012-03-18	4127.98	A
USGS	14313000	2012-03-19	4127.54	A
USGS	14313000	2012-03-20	4127.20	A
USGS	14313000	2012-03-21	4128.95	A
USGS	14313000	2012-03-22	4131.13	A
USGS	14313000	2012-03-23	4131.58	A
USGS	14313000	2012-03-24	4131.20	A
USGS	14313000	2012-03-25	4130.71	A
USGS	14313000	2012-03-26	4130.30	A
USGS	14313000	2012-03-27	4129.93	A
USGS	14313000	2012-03-28	4129.47	A
USGS	14313000	2012-03-29	4129.18	A
USGS	14313000	2012-03-30	4131.51	A
USGS	14313000	2012-03-31	4133.27	A
USGS	14313000	2012-04-01	4134.33	A
USGS	14313000	2012-04-02	4135.27	A
USGS	14313000	2012-04-03	4135.41	A
USGS	14313000	2012-04-04	4135.37	A
USGS	14313000	2012-04-05	4135.24	A
USGS	14313000	2012-04-06	4134.83	A
USGS	14313000	2012-04-07	4134.57	A
USGS	14313000	2012-04-08	4134.31	A
USGS	14313000	2012-04-09	4134.02	A
USGS	14313000	2012-04-10	4133.71	A
USGS	14313000	2012-04-11	4133.66	A
USGS	14313000	2012-04-12	4133.31	A
USGS	14313000	2012-04-13	4133.01	A
USGS	14313000	2012-04-14	4132.68	A
USGS	14313000	2012-04-15	4132.25	A
USGS	14313000	2012-04-16	4132.58	A
USGS	14313000	2012-04-17	4132.82	A
USGS	14313000	2012-04-18	4132.93	A
USGS	14313000	2012-04-19	4133.66	A
USGS	14313000	2012-04-20	4134.68	A
USGS	14313000	2012-04-21	4135.23	A
USGS	14313000	2012-04-22	4135.90	A
USGS	14313000	2012-04-23	4136.83	A
USGS	14313000	2012-04-24	4137.92	A
USGS	14313000	2012-04-25	4139.06	A
USGS	14313000	2012-04-26	4140.41	A
USGS	14313000	2012-04-27	4141.39	A
USGS	14313000	2012-04-28	4142.12	A
USGS	14313000	2012-04-29	4142.68	A
USGS	14313000	2012-04-30	4143.33	A
USGS	14313000	2012-05-01	4143.88	A
USGS	14313000	2012-05-02	4144.33	A
USGS	14313000	2012-05-03	4144.97	A
USGS	14313000	2012-05-04	4145.27	A
USGS	14313000	2012-05-05	4145.48	A
USGS	14313000	2012-05-06	4145.54	A
USGS	14313000	2012-05-07	4145.57	A
USGS	14313000	2012-05-08	4145.64	A
USGS	14313000	2012-05-09	4145.77	A
USGS	14313000	2012-05-10	4145.85	A
USGS	14313000	2012-05-11	4146.01	A
USGS	14313000	2012-05-12	4146.01	A
USGS	14313000	2012-05-13	4146.03	A
USGS	14313000	2012-05-14	4146.04	A
USGS	14313000	2012-05-15	4146.07	A
USGS	14313000	2012-05-16	4146.13	A
USGS	14313000	2012-05-17	4146.17	A
USGS	14313000	2012-05-18	4146.10	A
USGS	14313000	2012-05-19	4146.12	A
USGS	14313000	2012-05-20	4146.08	A
USGS	14313000	2012-05-21	4146.19	A
USGS	14313000	2012-05-22	4146.34	A
USGS	14313000	2012-05-23	4146.44	A
USGS	14313000	2012-05-24	4146.72	A
USGS	14313000	2012-05-25	4146.88	A
USGS	14313000	2012-05-26	4146.98	A
USGS	14313000	2012-05-27	4147.11	A
USGS	14313000	2012-05-28	4147.12	A
USGS	14313000	2012-05-29	4147.33	A
USGS	14313000	2012-05-30	4147.40	A
USGS	14313000	2012-05-31	4147.55	A
USGS	14313000	2012-06-01	4147.72	A
USGS	14313000	2012-06-02	4147.76	A
USGS	14313000	2012-06-03	4147.75	A
USGS	14313000	2012-06-04	4147.71	A
USGS	14313000	2012-06-05	4147.69	A
USGS	14313000	2012-06-06	4147.61	A
USGS	14313000	2012-06-07	4147.69	A
USGS	14313000	2012-06-08	4147.73	A
USGS	14313000	2012-06-09	4147.66	A
USGS	14313000	2012-06-10	4147.60	A
USGS	14313000	2012-06-11	4147.51	A
USGS	14313000	2012-06-12	4147.50	A
USGS	14313000	2012-06-13	4147.46	A
USGS	14313000	2012-06-14	4147.45	A
USGS	14313000	2012-06-15	4147.44	A
USGS	14313000	2012-06-16	4147.41	A
USGS	14313000	2012-06-17	4147.36	A
USGS	14313000	2012-06-18	4147.31	A
USGS	14313000	2012-06-19	4147.17	A
USGS	14313000	2012-06-20	4147.02	A
USGS	14313000	2012-06-21	4146.86	A
USGS	14313000	2012-06-22	4147.10	A
USGS	14313000	2012-06-23	4147.21	A
USGS	14313000	2012-06-24	4147.32	A
USGS	14313000	2012-06-25	4147.60	A
USGS	14313000	2012-06-26	4147.71	A
USGS	14313000	2012-06-27	4147.56	A
USGS	14313000	2012-06-28	4147.54	A
USGS	14313000	2012-06-29	4147.40	A
USGS	14313000	2012-06-30	4147.32	A
USGS	14313000	2012-07-01	4147.30	A
USGS	14313000	2012-07-02	4147.10	A
USGS	14313000	2012-07-03	4147.01	A
USGS	14313000	2012-07-04	4146.94	A
USGS	14313000	2012-07-05	4146.84	A
USGS	14313000	2012-07-06	4146.56	A
USGS	14313000	2012-07-07	4146.33	A
USGS	14313000	2012-07-08	4146.16	A
USGS	14313000	2012-07-09	4146.36	A
USGS	14313000	2012-07-10	4146.50	A
USGS	14313000	2012-07-11	4146.62	A
USGS	14313000	2012-07-12	4146.72	A
USGS	14313000	2012-07-13	4146.81	A
USGS	14313000	2012-07-14	4146.91	A
USGS	14313000	2012-07-15	4147.02	A
USGS	14313000	2012-07-16	4147.10	A
USGS	14313000	2012-07-17	4147.17	A
USGS	14313000	2012-07-18	4147.23	A
USGS	14313000	2012-07-19	4147.31	A
USGS	14313000	2012-07-20	4147.38	A
USGS	14313000	2012-07-21	4147.43	A
USGS	14313000	2012-07-22	4147.48	A
USGS	14313000	2012-07-23	4147.55	A
USGS	14313000	2012-07-24	4147.64	A
USGS	14313000	2012-07-25	4147.72	A
USGS	14313000	2012-07-26	4147.84	A
USGS	14313000	2012-07-27	4147.97	A
USGS	14313000	2012-07-28	4147.84	A
USGS	14313000	2012-07-29	4147.64	A
USGS	14313000	2012-07-30	4147.53	A
USGS	14313000	2012-07-31	4147.46	A
USGS	14313000	2012-08-01	4147.37	A
USGS	14313000	2012-08-02	4147.25	A
USGS	14313000	2012-08-03	4147.23	A
USGS	14313000	2012-08-04	4147.14	A
USGS	14313000	2012-08-05	4147.04	A
USGS	14313000	2012-08-06	4147.04	A
USGS	14313000	2012-08-07	4146.84	A
USGS	14313000	2012-08-08	4146.74	A
USGS	14313000	2012-08-09	4146.56	A
USGS	14313000	2012-08-10	4146.39	A
USGS	14313000	2012-08-11	4146.19	A
USGS	14313000	2012-08-12	4146.11	A
USGS	14313000	2012-08-13	4145.96	A
USGS	14313000	2012-08-14	4146.03	A
USGS	14313000	2012-08-15	4145.96	A
USGS	14313000	2012-08-16	4145.90	A
USGS	14313000	2012-08-17	4145.80	A
USGS	14313000	2012-08-18	4146.00	A
USGS	14313000	2012-08-19	4146.13	A
USGS	14313000	2012-08-20	4146.19	A
USGS	14313000	2012-08-21	4146.29	A
USGS	14313000	2012-08-22	4146.27	A
USGS	14313000	2012-08-23	4146.29	A
USGS	14313000	2012-08-24	4146.45	A
USGS	14313000	2012-08-25	4146.48	A
USGS	14313000	2012-08-26	4146.44	A
USGS	14313000	2012-08-27	4146.44	A
USGS	14313000	2012-08-28	4146.37	A
USGS	14313000	2012-08-29	4146.39	A
USGS	14313000	2012-08-30	4146.44	A
USGS	14313000	2012-08-31	4146.39	A
USGS	14313000	2012-09-01	4146.57	A
USGS	14313000	2012-09-02	4146.53	A
USGS	14313000	2012-09-03	4146.70	A
USGS	14313000	2012-09-04	4146.67	A
USGS	14313000	2012-09-05	4146.57	A
USGS	14313000	2012-09-06	4146.35	A
USGS	14313000	2012-09-07	4145.88	A
USGS	14313000	2012-09-08	4145.34	A
USGS	14313000	2012-09-09	4145.14	A
USGS	14313000	2012-09-10	4144.49	A
USGS	14313000	2012-09-11	4144.14	A
USGS	14313000	2012-09-12	4143.52	A
USGS	14313000	2012-09-13	4143.04	A
USGS	14313000	2012-09-14	4142.63	A
USGS	14313000	2012-09-15	4142.14	A
USGS	14313000	2012-09-16	4141.63	A
USGS	14313000	2012-09-17	4141.29	A
USGS	14313000	2012-09-18	4140.99	A
USGS	14313000	2012-09-19	4140.57	A
USGS	14313000	2012-09-20	4140.17	A
USGS	14313000	2012-09-21	4139.74	A
USGS	14313000	2012-09-22	4139.39	A
USGS	14313000	2012-09-23	4138.93	A
USGS	14313000	2012-09-24	4138.50	A
USGS	14313000	2012-09-25	4138.04	A
USGS	14313000	2012-09-26	4137.64	A
USGS	14313000	2012-09-27	4137.10	A
USGS	14313000	2012-09-28	4136.70	A
USGS	14313000	2012-09-29	4136.35	A
USGS	14313000	2012-09-30	4135.98	A
USGS	14313000	2012-10-01	4135.56	A
USGS	14313000	2012-10-02	4135.05	A
USGS	14313000	2012-10-03	4134.60	A
USGS	14313000	2012-10-04	4134.14	A
USGS	14313000	2012-10-05	4133.71	A
USGS	14313000	2012-10-06	4133.27	A
USGS	14313000	2012-10-07	4132.91	A
USGS	14313000	2012-10-08	4132.65	A
USGS	14313000	2012-10-09	4132.37	A
USGS	14313000	2012-10-10	4131.93	A
USGS	14313000	2012-10-11	4131.53	A
USGS	14313000	2012-10-12	4131.10	A
USGS	14313000	2012-10-13	4130.72	A
USGS	14313000	2012-10-14	4130.30	A
USGS	14313000	2012-10-15	4130.48	A
USGS	14313000	2012-10-16	4131.44	A
USGS	14313000	2012-10-17	4131.36	A
USGS	14313000	2012-10-18	4131.73	A
USGS	14313000	2012-10-19	4131.33	A
USGS	14313000	2012-10-20	4131.32	A
USGS	14313000	2012-10-21	4131.03	A
USGS	14313000	2012-10-22	4130.71	A
USGS	14313000	2012-10-23	4130.52	A
USGS	14313000	2012-10-24	4130.13	A
USGS	14313000	2012-10-25	4129.65	A
USGS	14313000	2012-10-26	4129.43	A
USGS	14313000	2012-10-27	4129.14	A
USGS	14313000	2012-10-28	4129.42	A
USGS	14313000	2012-10-29	4129.38	A
USGS	14313000	2012-10-30	4129.12	A
USGS	14313000	2012-10-31	4128.78	A
USGS	14313000	2012-11-01	4128.70	A
USGS	14313000	2012-11-02	4128.50	A
USGS	14313000	2012-11-03	4128.61	A
USGS	14313000	2012-11-04	4128.48	A
USGS	14313000	2012-11-05	4128.37	A
USGS	14313000	2012-11-06	4128.30	A
USGS	14313000	2012-11-07	4128.07	A
USGS	14313000	2012-11-08	4127.85	A
USGS	14313000	2012-11-09	4127.50	A
USGS	14313000	2012-11-10	4127.36	A
USGS	14313000	2012-11-11	4127.18	A
USGS	14313000	2012-11-12	4127.41	A
USGS	14313000	2012-11-13	4127.06	A
USGS	14313000	2012-11-14	4127.36	A
USGS	14313000	2012-11-15	4127.32	A
USGS	14313000	2012-11-16	4127.13	A
USGS	14313000	2012-11-17	4127.00	A
USGS	14313000	2012-11-18	4126.55	A
USGS	14313000	2012-11-19	4126.67	A
USGS	14313000	2012-11-20	4127.84	A
USGS	14313000	2012-11-21	4127.49	A
USGS	14313000	2012-11-22	4127.13	A
USGS	14313000	2012-11-23	4126.77	A
USGS	14313000	2012-11-24	4127.35	A
USGS	14313000	2012-11-25	4127.91	A
USGS	14313000	2012-11-26	4127.62	A
USGS	14313000	2012-11-27	4127.27	A
USGS	14313000	2012-11-28	4127.19	A
USGS	14313000	2012-11-29	4127.28	A
USGS	14313000	2012-11-30	4126.93	A
USGS	14313000	2012-12-01	4126.72	A
USGS	14313000	2012-12-02	4128.19	A
USGS	14313000	2012-12-03	4128.46	A
USGS	14313000	2012-12-04	4130.40	A
USGS	14313000	2012-12-05	4133.04	A
USGS	14313000	2012-12-06	4134.27	A
USGS	14313000	2012-12-07	4134.82	A
USGS	14313000	2012-12-08	4135.03	A
USGS	14313000	2012-12-09	4134.93	A
USGS	14313000	2012-12-10	4134.85	A
USGS	14313000	2012-12-11	4134.39	A
USGS	14313000	2012-12-12	4133.88	A
USGS	14313000	2012-12-13	4133.40	A
USGS	14313000	2012-12-14	4133.01	A
USGS	14313000	2012-12-15	4132.67	A
USGS	14313000	2012-12-16	4132.21	A
USGS	14313000	2012-12-17	4132.41	A
USGS	14313000	2012-12-18	4131.97	A
USGS	14313000	2012-12-19	4131.48	A
USGS	14313000	2012-12-20	4131.13	A
USGS	14313000	2012-12-21	4130.74	A
USGS	14313000	2012-12-22	4130.27	A
USGS	14313000	2012-12-23	4129.94	A
USGS	14313000	2012-12-24	4129.31	A
USGS	14313000	2012-12-25	4128.99	A
USGS	14313000	2012-12-26	4128.52	A
USGS	14313000	2012-12-27	4128.08	A
USGS	14313000	2012-12-28	4127.54	A
USGS	14313000	2012-12-29	4127.08	A
USGS	14313000	2012-12-30	4126.60	A
USGS	14313000	2012-12-31	4126.09	A
USGS	14313000	2013-01-01	4125.79	A
USGS	14313000	2013-01-02	4125.31	A
USGS	14313000	2013-01-03	4124.88	A
USGS	14313000	2013-01-04	4124.46	A
USGS	14313000	2013-01-05	4124.17	A
USGS	14313000	2013-01-06	4123.83	A
USGS	14313000	2013-01-07	4123.85	A
USGS	14313000	2013-01-08	4123.96	A
USGS	14313000	2013-01-09	4123.89	A
USGS	14313000	2013-01-10	4123.90	A
USGS	14313000	2013-01-11	4123.89	A
USGS	14313000	2013-01-12	4123.64	A
USGS	14313000	2013-01-13	4123.62	A
USGS	14313000	2013-01-14	4123.84	A
USGS	14313000	2013-01-15	4124.25	A
USGS	14313000	2013-01-16	4124.22	A
USGS	14313000	2013-01-17	4124.23	A
USGS	14313000	2013-01-18	4124.23	A
USGS	14313000	2013-01-19	4124.21	A
USGS	14313000	2013-01-20	4123.99	A
USGS	14313000	2013-01-21	4124.04	A
USGS	14313000	2013-01-22	4123.94	A
USGS	14313000	2013-01-23	4124.07	A
USGS	14313000	2013-01-24	4124.01	A
USGS	14313000	2013-01-25	4124.18	A
USGS	14313000	2013-01-26	4124.13	A
USGS	14313000	2013-01-27	4123.90	A
USGS	14313000	2013-01-28	4124.01	A
USGS	14313000	2013-01-29	4124.02	A
USGS	14313000	2013-01-30	4123.99	A
USGS	14313000	2013-01-31	4124.14	A
USGS	14313000	2013-02-01	4124.07	A
USGS	14313000	2013-02-02	4124.11	A
USGS	14313000	2013-02-03	4123.95	A
USGS	14313000	2013-02-04	4124.07	A
USGS	14313000	2013-02-05	4124.12	A
USGS	14313000	2013-02-06	4124.15	A
USGS	14313000	2013-02-07	4124.26	A
USGS	14313000	2013-02-08	4124.34	A
USGS	14313000	2013-02-09	4124.18	A
USGS	14313000	2013-02-10	4124.25	A
USGS	14313000	2013-02-11	4124.22	A
USGS	14313000	2013-02-12	4124.36	A
USGS	14313000	2013-02-13	4124.54	A
USGS	14313000	2013-02-14	4124.49	A
USGS	14313000	2013-02-15	4124.80	A
USGS	14313000	2013-02-16	4124.75	A
USGS	14313000	2013-02-17	4124.79	A
USGS	14313000	2013-02-18	4124.86	A
USGS	14313000	2013-02-19	4124.82	A
USGS	14313000	2013-02-20	4124.73	A
USGS	14313000	2013-02-21	4124.64	A
USGS	14313000	2013-02-22	4124.70	A
USGS	14313000	2013-02-23	4124.56	A
USGS	14313000	2013-02-24	4124.39	A
USGS	14313000	2013-02-25	4124.14	A
USGS	14313000	2013-02-26	4124.36	A
USGS	14313000	2013-02-27	4124.31	A
USGS	14313000	2013-02-28	4124.86	A
USGS	14313000	2013-03-01	4125.43	A
USGS	14313000	2013-03-02	4125.54	A
USGS	14313000	2013-03-03	4126.04	A
USGS	14313000	2013-03-04	4126.32	A
USGS	14313000	2013-03-05	4126.35	A
USGS	14313000	2013-03-06	4126.34	A
USGS	14313000	2013-03-07	4126.33	A
USGS	14313000	2013-03-08	4126.26	A
USGS	14313000	2013-03-09	4126.13	A
USGS	14313000	2013-03-10	4126.13	A
USGS	14313000	2013-03-11	4126.08	A
USGS	14313000	2013-03-12	4126.10	A
USGS	14313000	2013-03-13	4126.21	A
USGS	14313000	2013-03-14	4126.25	A
USGS	14313000	2013-03-15	4126.18	A
USGS	14313000	2013-03-16	4126.32	A
USGS	14313000	2013-03-17	4126.28	A
USGS	14313000	2013-03-18	4126.06	A
USGS	14313000	2013-03-19	4125.86	A
USGS	14313000	2013-03-20	4126.59	A
USGS	14313000	2013-03-21	4127.02	A
USGS	14313000	2013-03-22	4126.79	A
USGS	14313000	2013-03-23	4126.80	A
USGS	14313000	2013-03-24	4126.82	A
USGS	14313000	2013-03-25	4126.82	A
USGS	14313000	2013-03-26	4126.91	A
USGS	14313000	2013-03-27	4126.84	A
USGS	14313000	2013-03-28	4127.08	A
USGS	14313000	2013-03-29	4127.21	A
USGS	14313000	2013-03-30	4127.36	A
USGS	14313000	2013-03-31	4127.85	A
USGS	14313000	2013-04-01	4128.94	A
USGS	14313000	2013-04-02	4130.03	A
USGS	14313000	2013-04-03	4130.86	A
USGS	14313000	2013-04-04	4131.84	A
USGS	14313000	2013-04-05	4133.29	A
USGS	14313000	2013-04-06	4135.30	A
USGS	14313000	2013-04-07	4137.55	A
USGS	14313000	2013-04-08	4138.80	A
USGS	14313000	2013-04-09	4139.66	A
USGS	14313000	2013-04-10	4140.48	A
USGS	14313000	2013-04-11	4141.30	A
USGS	14313000	2013-04-12	4141.87	A
USGS	14313000	2013-04-13	4142.23	A
USGS	14313000	2013-04-14	4142.59	A
USGS	14313000	2013-04-15	4142.86	A
USGS	14313000	2013-04-16	4143.10	A
USGS	14313000	2013-04-17	4143.40	A
USGS	14313000	2013-04-18	4143.53	A
USGS	14313000	2013-04-19	4143.76	A
USGS	14313000	2013-04-20	4143.86	A
USGS	14313000	2013-04-21	4143.91	A
USGS	14313000	2013-04-22	4143.92	A
USGS	14313000	2013-04-23	4144.20	A
USGS	14313000	2013-04-24	4144.21	A
USGS	14313000	2013-04-25	4144.09	A
USGS	14313000	2013-04-26	4144.02	A
USGS	14313000	2013-04-27	4144.13	A
USGS	14313000	2013-04-28	4144.13	A
USGS	14313000	2013-04-29	4144.11	A
USGS	14313000	2013-04-30	4144.02	A
USGS	14313000	2013-05-01	4143.96	A
USGS	14313000	2013-05-02	4144.09	A
USGS	14313000	2013-05-03	4144.03	A
USGS	14313000	2013-05-04	4143.94	A
USGS	14313000	2013-05-05	4144.10	A
USGS	14313000	2013-05-06	4144.28	A
USGS	14313000	2013-05-07	4144.46	A
USGS	14313000	2013-05-08	4144.70	A
USGS	14313000	2013-05-09	4144.90	A
USGS	14313000	2013-05-10	4145.01	A
USGS	14313000	2013-05-11	4145.24	A
USGS	14313000	2013-05-12	4145.31	A
USGS	14313000	2013-05-13	4145.23	A
USGS	14313000	2013-05-14	4145.16	A
USGS	14313000	2013-05-15	4144.92	A
USGS	14313000	2013-05-16	4144.88	A
USGS	14313000	2013-05-17	4144.77	A
USGS	14313000	2013-05-18	4144.73	A
USGS	14313000	2013-05-19	4144.70	A
USGS	14313000	2013-05-20	4144.73	A
USGS	14313000	2013-05-21	4144.98	A
USGS	14313000	2013-05-22	4145.18	A
USGS	14313000	2013-05-23	4145.15	A
USGS	14313000	2013-05-24	4145.10	A
USGS	14313000	2013-05-25	4145.02	A
USGS	14313000	2013-05-26	4145.11	A
USGS	14313000	2013-05-27	4145.46	A
USGS	14313000	2013-05-28	4145.55	A
USGS	14313000	2013-05-29	4145.69	A
USGS	14313000	2013-05-30	4145.70	A
USGS	14313000	2013-05-31	4145.69	A
USGS	14313000	2013-06-01	4145.66	A
USGS	14313000	2013-06-02	4145.68	A
USGS	14313000	2013-06-03	4145.62	A
USGS	14313000	2013-06-04	4145.57	A
USGS	14313000	2013-06-05	4145.52	A
USGS	14313000	2013-06-06	4145.49	A
USGS	14313000	2013-06-07	4145.49	A
USGS	14313000	2013-06-08	4145.44	A
USGS	14313000	2013-06-09	4145.21	A
USGS	14313000	2013-06-10	4145.41	A
USGS	14313000	2013-06-11	4145.33	A
USGS	14313000	2013-06-12	4145.34	A
USGS	14313000	2013-06-13	4145.36	A
USGS	14313000	2013-06-14	4145.35	A
USGS	14313000	2013-06-15	4145.27	A
USGS	14313000	2013-06-16	4145.22	A
USGS	14313000	2013-06-17	4145.30	A
USGS	14313000	2013-06-18	4145.22	A
USGS	14313000	2013-06-19	4145.19	A
USGS	14313000	2013-06-20	4145.31	A
USGS	14313000	2013-06-21	4145.22	A
USGS	14313000	2013-06-22	4145.12	A
USGS	14313000	2013-06-23	4145.15	A
USGS	14313000	2013-06-24	4145.24	A
USGS	14313000	2013-06-25	4145.22	A
USGS	14313000	2013-06-26	4145.21	A
USGS	14313000	2013-06-27	4145.22	A
USGS	14313000	2013-06-28	4145.21	A
USGS	14313000	2013-06-29	4145.18	A
USGS	14313000	2013-06-30	4145.07	A
USGS	14313000	2013-07-01	4145.00	A
USGS	14313000	2013-07-02	4144.93	A
USGS	14313000	2013-07-03	4144.91	A
USGS	14313000	2013-07-04	4144.83	A
USGS	14313000	2013-07-05	4145.00	A
USGS	14313000	2013-07-06	4144.96	A
USGS	14313000	2013-07-07	4144.93	A
USGS	14313000	2013-07-08	4144.97	A
USGS	14313000	2013-07-09	4144.97	A
USGS	14313000	2013-07-10	4144.99	A
USGS	14313000	2013-07-11	4145.00	A
USGS	14313000	2013-07-12	4144.95	A
USGS	14313000	2013-07-13	4144.92	A
USGS	14313000	2013-07-14	4144.91	A
USGS	14313000	2013-07-15	4144.91	A
USGS	14313000	2013-07-16	4144.89	A
USGS	14313000	2013-07-17	4144.79	A
USGS	14313000	2013-07-18	4144.96	A
USGS	14313000	2013-07-19	4145.04	A
USGS	14313000	2013-07-20	4145.11	A
USGS	14313000	2013-07-21	4145.20	A
USGS	14313000	2013-07-22	4145.36	A
USGS	14313000	2013-07-23	4145.32	A
USGS	14313000	2013-07-24	4145.39	A
USGS	14313000	2013-07-25	4145.41	A
USGS	14313000	2013-07-26	4145.39	A
USGS	14313000	2013-07-27	4145.43	A
USGS	14313000	2013-07-28	4145.35	A
USGS	14313000	2013-07-29	4145.47	A
USGS	14313000	2013-07-30	4145.36	A
USGS	14313000	2013-07-31	4145.38	A
USGS	14313000	2013-08-01	4145.58	A
USGS	14313000	2013-08-02	4145.45	A
USGS	14313000	2013-08-03	4145.27	A
USGS	14313000	2013-08-04	4145.15	A
USGS	14313000	2013-08-05	4145.04	A
USGS	14313000	2013-08-06	4145.10	A
USGS	14313000	2013-08-07	4145.13	A
USGS	14313000	2013-08-08	4145.17	A
USGS	14313000	2013-08-09	4145.29	A
USGS	14313000	2013-08-10	4145.39	A
USGS	14313000	2013-08-11	4145.36	A
USGS	14313000	2013-08-12	4145.41	A
USGS	14313000	2013-08-13	4145.37	A
USGS	14313000	2013-08-14	4145.32	A
USGS	14313000	2013-08-15	4145.26	A
USGS	14313000	2013-08-16	4145.26	A
USGS	14313000	2013-08-17	4145.28	A
USGS	14313000	2013-08-18	4145.36	A
USGS	14313000	2013-08-19	4145.43	A
USGS	14313000	2013-08-20	4145.48	A
USGS	14313000	2013-08-21	4145.56	A
USGS	14313000	2013-08-22	4145.61	A
USGS	14313000	2013-08-23	4145.60	A
USGS	14313000	2013-08-24	4145.61	A
USGS	14313000	2013-08-25	4145.61	A
USGS	14313000	2013-08-26	4145.60	A
USGS	14313000	2013-08-27	4145.56	A
USGS	14313000	2013-08-28	4145.56	A
USGS	14313000	2013-08-29	4145.35	A
USGS	14313000	2013-08-30	4145.35	A
USGS	14313000	2013-08-31	4145.29	A
USGS	14313000	2013-09-01	4145.17	A
USGS	14313000	2013-09-02	4145.07	A
USGS	14313000	2013-09-03	4144.88	A
USGS	14313000	2013-09-04	4144.66	A
USGS	14313000	2013-09-05	4144.37	A
USGS	14313000	2013-09-06	4144.09	A
USGS	14313000	2013-09-07	4143.78	A
USGS	14313000	2013-09-08	4143.50	A
USGS	14313000	2013-09-09	4143.18	A
USGS	14313000	2013-09-10	4142.85	A
USGS	14313000	2013-09-11	4142.62	A
USGS	14313000	2013-09-12	4142.26	A
USGS	14313000	2013-09-13	4141.96	A
USGS	14313000	2013-09-14	4141.59	A
USGS	14313000	2013-09-15	4141.30	A
USGS	14313000	2013-09-16	4140.94	A
USGS	14313000	2013-09-17	4140.64	A
USGS	14313000	2013-09-18	4140.31	A
USGS	14313000	2013-09-19	4140.00	A
USGS	14313000	2013-09-20	4139.57	A
USGS	14313000	2013-09-21	4139.20	A
USGS	14313000	2013-09-22	4138.91	A
USGS	14313000	2013-09-23	4138.61	A
USGS	14313000	2013-09-24	4138.60	A
USGS	14313000	2013-09-25		
USGS	14313000	2013-09-26	4138.09	A
USGS	14313000	2013-09-27	4137.61	A
USGS	14313000	2013-09-28	4137.33	A
USGS	14313000	2013-09-29	4137.58	A
USGS	14313000	2013-09-30	4138.03	A
USGS	14313000	2013-10-01	4138.01	A
USGS	14313000	2013-10-02	4137.75	A
USGS	14313000	2013-10-03	4137.51	A
USGS	14313000	2013-10-04	4137.26	A
USGS	14313000	2013-10-05	4136.88	A
USGS	14313000	2013-10-06	4136.57	A
USGS	14313000	2013-10-07	4136.13	A
USGS	14313000	2013-10-08	4135.76	A
USGS	14313000	2013-10-09	4135.27	A
USGS	14313000	2013-10-10	4135.03	A
USGS	14313000	2013-10-11	4134.60	A
USGS	14313000	2013-10-12	4134.31	A
USGS	14313000	2013-10-13	4133.89	A
USGS	14313000	2013-10-14	4133.55	A
USGS	14313000	2013-10-15	4133.37	A
USGS	14313000	2013-10-16	4132.95	A
USGS	14313000	2013-10-17	4132.51	A
USGS	14313000	2013-10-18	4132.02	A
USGS	14313000	2013-10-19	4131.68	A
USGS	14313000	2013-10-20	4131.40	A
USGS	14313000	2013-10-21	4131.06	A
USGS	14313000	2013-10-22	4130.81	A
USGS	14313000	2013-10-23	4130.42	A
USGS	14313000	2013-10-24	4130.00	A
USGS	14313000	2013-10-25	4129.62	A
USGS	14313000	2013-10-26	4129.22	A
USGS	14313000	2013-10-27	4128.91	A
USGS	14313000	2013-10-28	4128.56	A
USGS	14313000	2013-10-29	4128.18	A
USGS	14313000	2013-10-30	4127.91	A
USGS	14313000	2013-10-31	4127.73	A
USGS	14313000	2013-11-01	4127.56	A
USGS	14313000	2013-11-02	4127.54	A
USGS	14313000	2013-11-03	4127.42	A
USGS	14313000	2013-11-04	4127.26	A
USGS	14313000	2013-11-05	4127.21	A
USGS	14313000	2013-11-06	4127.20	A
USGS	14313000	2013-11-07	4127.29	A
USGS	14313000	2013-11-08	4127.33	A
USGS	14313000	2013-11-09	4127.31	A
USGS	14313000	2013-11-10	4127.25	A
USGS	14313000	2013-11-11	4127.13	A
USGS	14313000	2013-11-12	4126.92	A
USGS	14313000	2013-11-13	4126.87	A
USGS	14313000	2013-11-14	4126.52	A
USGS	14313000	2013-11-15	4126.46	A
USGS	14313000	2013-11-16	4126.40	A
USGS	14313000	2013-11-17	4126.15	A
USGS	14313000	2013-11-18		
USGS	14313000	2013-11-19		
USGS	14313000	2013-11-20		
USGS	14313000	2013-11-21		
USGS	14313000	2013-11-22		
USGS	14313000	2013-11-23		
USGS	14313000	2013-11-24		
USGS	14313000	2013-11-25		
USGS	14313000	2013-11-26	4125.60	A
USGS	14313000	2013-11-27		
USGS	14313000	2013-11-28	4125.38	A
USGS	14313000	2013-11-29	4125.32	A
USGS	14313000	2013-11-30	4125.15	A
USGS	14313000	2013-12-01	4125.00	A
USGS	14313000	2013-12-02	4125.45	A
USGS	14313000	2013-12-03	4125.59	A
USGS	14313000	2013-12-04	4125.47	A
USGS	14313000	2013-12-05	4125.17	A
USGS	14313000	2013-12-06	4125.23	A
USGS	14313000	2013-12-07	4124.88	A
USGS	14313000	2013-12-08	4124.53	A
USGS	14313000	2013-12-09	4124.65	A
USGS	14313000	2013-12-10	4124.92	A
USGS	14313000	2013-12-11	4125.04	A
USGS	14313000	2013-12-12	4125.26	A
USGS	14313000	2013-12-13	4125.29	A
USGS	14313000	2013-12-14	4125.29	A
USGS	14313000	2013-12-15	4125.20	A
USGS	14313000	2013-12-16	4124.97	A
USGS	14313000	2013-12-17	4124.93	A
USGS	14313000	2013-12-18	4124.80	A
USGS	14313000	2013-12-19	4124.80	A
USGS	14313000	2013-12-20	4124.71	A
USGS	14313000	2013-12-21	4124.66	A
USGS	14313000	2013-12-22	4124.49	A
USGS	14313000	2013-12-23	4124.32	A
USGS	14313000	2013-12-24	4124.18	A
USGS	14313000	2013-12-25	4124.01	A
USGS	14313000	2013-12-26	4123.80	A
USGS	14313000	2013-12-27	4123.75	A
USGS	14313000	2013-12-28	4123.68	A
USGS	14313000	2013-12-29	4123.60	A
USGS	14313000	2013-12-30	4123.59	A
USGS	14313000	2013-12-31	4123.65	A
USGS	14313000	2014-01-01	4123.69	A
USGS	14313000	2014-01-02	4123.75	A
USGS	14313000	2014-01-03	4123.74	A
USGS	14313000	2014-01-04	4123.80	A
USGS	14313000	2014-01-05	4123.88	A
USGS	14313000	2014-01-06	4123.78	A
USGS	14313000	2014-01-07	4123.94	A
USGS	14313000	2014-01-08	4124.16	A
USGS	14313000	2014-01-09	4124.15	A
USGS	14313000	2014-01-10	4123.85	A
USGS	14313000	2014-01-11	4124.09	A
USGS	14313000	2014-01-12	4124.15	A
USGS	14313000	2014-01-13	4124.32	A
USGS	14313000	2014-01-14	4124.61	A
USGS	14313000	2014-01-15	4124.58	A
USGS	14313000	2014-01-16	4124.68	A
USGS	14313000	2014-01-17	4124.76	A
USGS	14313000	2014-01-18	4124.80	A
USGS	14313000	2014-01-19	4124.86	A
USGS	14313000	2014-01-20	4124.72	A
USGS	14313000	2014-01-21	4124.71	A
USGS	14313000	2014-01-22	4124.72	A
USGS	14313000	2014-01-23	4124.65	A
USGS	14313000	2014-01-24	4124.67	A
USGS	14313000	2014-01-25	4124.73	A
USGS	14313000	2014-01-26	4124.67	A
USGS	14313000	2014-01-27	4124.76	A
USGS	14313000	2014-01-28	4124.88	A
USGS	14313000	2014-01-29	4126.56	A
USGS	14313000	2014-01-30	4127.26	A
USGS	14313000	2014-01-31	4127.43	A
USGS	14313000	2014-02-01	4127.56	A
USGS	14313000	2014-02-02	4127.74	A
USGS	14313000	2014-02-03	4127.87	A
USGS	14313000	2014-02-04	4127.67	A
USGS	14313000	2014-02-05	4127.57	A
USGS	14313000	2014-02-06	4127.52	A
USGS	14313000	2014-02-07	4127.45	A
USGS	14313000	2014-02-08	4128.00	A
USGS	14313000	2014-02-09	4128.85	A
USGS	14313000	2014-02-10	4129.26	A
USGS	14313000	2014-02-11	4129.69	A
USGS	14313000	2014-02-12	4131.29	A
USGS	14313000	2014-02-13	4132.48	A
USGS	14313000	2014-02-14	4135.34	A
USGS	14313000	2014-02-15	4136.85	A
USGS	14313000	2014-02-16	4137.54	A
USGS	14313000	2014-02-17	4137.83	A
USGS	14313000	2014-02-18	4137.91	A
USGS	14313000	2014-02-19	4137.72	A
USGS	14313000	2014-02-20	4137.36	A
USGS	14313000	2014-02-21	4136.98	A
USGS	14313000	2014-02-22	4136.72	A
USGS	14313000	2014-02-23	4136.22	A
USGS	14313000	2014-02-24	4135.92	A
USGS	14313000	2014-02-25	4135.55	A
USGS	14313000	2014-02-26	4135.54	A
USGS	14313000	2014-02-27	4135.43	A
USGS	14313000	2014-02-28	4135.31	A
USGS	14313000	2014-03-01	4135.34	A
USGS	14313000	2014-03-02	4135.30	A
USGS	14313000	2014-03-03	4135.94	A
USGS	14313000	2014-03-04	4136.41	A
USGS	14313000	2014-03-05	4137.07	A
USGS	14313000	2014-03-06	4137.99	A
USGS	14313000	2014-03-07	4138.82	A
USGS	14313000	2014-03-08	4139.66	A
USGS	14313000	2014-03-09	4140.88	A
USGS	14313000	2014-03-10	4141.62	A
USGS	14313000	2014-03-11	4142.52	A
USGS	14313000	2014-03-12	4143.32	A
USGS	14313000	2014-03-13	4143.94	A
USGS	14313000	2014-03-14	4144.28	A
USGS	14313000	2014-03-15	4144.61	A
USGS	14313000	2014-03-16	4144.77	A
USGS	14313000	2014-03-17	4145.03	A
USGS	14313000	2014-03-18	4145.19	A
USGS	14313000	2014-03-19	4145.19	A
USGS	14313000	2014-03-20	4145.41	A
USGS	14313000	2014-03-21	4145.56	A
USGS	14313000	2014-03-22	4145.74	A
USGS	14313000	2014-03-23	4145.86	A
USGS	14313000	2014-03-24	4145.99	A
USGS	14313000	2014-03-25	4146.16	A
USGS	14313000	2014-03-26	4146.40	A
USGS	14313000	2014-03-27	4146.54	A
USGS	14313000	2014-03-28	4146.74	A
USGS	14313000	2014-03-29	4146.90	A
USGS	14313000	2014-03-30	4146.84	A
USGS	14313000	2014-03-31	4146.81	A
USGS	14313000	2014-04-01	4146.90	A
USGS	14313000	2014-04-02	4146.95	A
USGS	14313000	2014-04-03	4147.09	A
USGS	14313000	2014-04-04	4147.21	A
USGS	14313000	2014-04-05	4147.27	A
USGS	14313000	2014-04-06	4147.43	A
USGS	14313000	2014-04-07	4147.49	A
USGS	14313000	2014-04-08	4147.59	A
USGS	14313000	2014-04-09	4147.61	A
USGS	14313000	2014-04-10	4147.73	A
USGS	14313000	2014-04-11	4147.91	A
USGS	14313000	2014-04-12	4147.92	A
USGS	14313000	2014-04-13	4147.87	A
USGS	14313000	2014-04-14	4147.86	A
USGS	14313000	2014-04-15	4147.87	A
USGS	14313000	2014-04-16	4147.92	A
USGS	14313000	2014-04-17	4147.87	A
USGS	14313000	2014-04-18	4147.81	A
USGS	14313000	2014-04-19	4147.80	A
USGS	14313000	2014-04-20	4147.78	A
USGS	14313000	2014-04-21	4147.79	A
USGS	14313000	2014-04-22	4147.89	A
USGS	14313000	2014-04-23	4147.97	A
USGS	14313000	2014-04-24	4148.01	A
USGS	14313000	2014-04-25	4147.93	A
USGS	14313000	2014-04-26	4147.91	A
USGS	14313000	2014-04-27	4147.94	A
USGS	14313000	2014-04-28	4147.96	A
USGS	14313000	2014-04-29	4147.90	A
USGS	14313000	2014-04-30	4147.91	A
USGS	14313000	2014-05-01	4147.87	A
USGS	14313000	2014-05-02	4148.01	A
USGS	14313000	2014-05-03	4148.00	A
USGS	14313000	2014-05-04	4147.94	A
USGS	14313000	2014-05-05	4148.01	A
USGS	14313000	2014-05-06	4148.04	A
USGS	14313000	2014-05-07	4147.92	A
USGS	14313000	2014-05-08	4147.98	A
USGS	14313000	2014-05-09	4147.93	A
USGS	14313000	2014-05-10	4147.83	A
USGS	14313000	2014-05-11	4147.79	A
USGS	14313000	2014-05-12	4147.87	A
USGS	14313000	2014-05-13	4147.96	A
USGS	14313000	2014-05-14	4148.00	A
USGS	14313000	2014-05-15	4148.00	A
USGS	14313000	2014-05-16	4148.00	A
USGS	14313000	2014-05-17	4147.95	A
USGS	14313000	2014-05-18	4147.98	A
USGS	14313000	2014-05-19	4147.99	A
USGS	14313000	2014-05-20	4147.93	A
USGS	14313000	2014-05-21	4147.77	A
USGS	14313000	2014-05-22	4147.70	A
USGS	14313000	2014-05-23	4147.71	A
USGS	14313000	2014-05-24	4147.70	A
USGS	14313000	2014-05-25	4147.76	A
USGS	14313000	2014-05-26	4147.79	A
USGS	14313000	2014-05-27	4147.76	A
USGS	14313000	2014-05-28	4147.76	A
USGS	14313000	2014-05-29	4147.70	A
USGS	14313000	2014-05-30	4147.65	A
USGS	14313000	2014-05-31	4147.64	A
USGS	14313000	2014-06-01	4147.62	A
USGS	14313000	2014-06-02	4147.66	A
USGS	14313000	2014-06-03	4147.80	A
USGS	14313000	2014-06-04	4147.82	A
USGS	14313000	2014-06-05	4147.79	A
USGS	14313000	2014-06-06	4147.76	A
USGS	14313000	2014-06-07	4147.77	A
USGS	14313000	2014-06-08	4147.77	A
USGS	14313000	2014-06-09	4147.79	A
USGS	14313000	2014-06-10	4147.80	A
USGS	14313000	2014-06-11	4147.80	A
USGS	14313000	2014-06-12	4147.78	A
USGS	14313000	2014-06-13	4147.79	A
USGS	14313000	2014-06-14	4147.77	A
USGS	14313000	2014-06-15	4147.78	A
USGS	14313000	2014-06-16	4147.81	A
USGS	14313000	2014-06-17	4147.85	A
USGS	14313000	2014-06-18	4147.67	A
USGS	14313000	2014-06-19	4147.66	A
USGS	14313000	2014-06-20	4147.59	A
USGS	14313000	2014-06-21	4147.60	A
USGS	14313000	2014-06-22	4147.61	A
USGS	14313000	2014-06-23	4147.59	A
USGS	14313000	2014-06-24	4147.65	A
USGS	14313000	2014-06-25	4147.74	A
USGS	14313000	2014-06-26	4147.80	A
USGS	14313000	2014-06-27	4147.89	A
USGS	14313000	2014-06-28	4147.80	A
USGS	14313000	2014-06-29	4147.68	A
USGS	14313000	2014-06-30	4147.67	A
USGS	14313000	2014-07-01	4147.72	A
USGS	14313000	2014-07-02	4147.72	A
USGS	14313000	2014-07-03	4147.77	A
USGS	14313000	2014-07-04	4147.72	A
USGS	14313000	2014-07-05	4147.76	A
USGS	14313000	2014-07-06	4147.74	A
USGS	14313000	2014-07-07	4147.78	A
USGS	14313000	2014-07-08	4147.75	A
USGS	14313000	2014-07-09	4147.76	A
USGS	14313000	2014-07-10	4147.77	A
USGS	14313000	2014-07-11	4147.79	A
USGS	14313000	2014-07-12	4147.74	A
USGS	14313000	2014-07-13	4147.76	A
USGS	14313000	2014-07-14	4147.76	A
USGS	14313000	2014-07-15	4147.74	A
USGS	14313000	2014-07-16	4147.72	A
USGS	14313000	2014-07-17	4147.76	A
USGS	14313000	2014-07-18	4147.72	A
USGS	14313000	2014-07-19	4147.72	A
USGS	14313000	2014-07-20	4147.70	A
USGS	14313000	2014-07-21	4147.65	A
USGS	14313000	2014-07-22	4147.73	A
USGS	14313000	2014-07-23	4147.74	A
USGS	14313000	2014-07-24	4147.77	A
USGS	14313000	2014-07-25	4147.69	A
USGS	14313000	2014-07-26	4147.68	A
USGS	14313000	2014-07-27	4147.68	A
USGS	14313000	2014-07-28	4147.77	A
USGS	14313000	2014-07-29	4147.79	A
USGS	14313000	2014-07-30	4147.77	A
USGS	14313000	2014-07-31	4147.78	A
USGS	14313000	2014-08-01	4147.73	A
USGS	14313000	2014-08-02	4147.70	A
USGS	14313000	2014-08-03	4147.67	A
USGS	14313000	2014-08-04	4147.66	A
USGS	14313000	2014-08-05	4147.69	A
USGS	14313000	2014-08-06	4147.70	A
USGS	14313000	2014-08-07	4147.70	A
USGS	14313000	2014-08-08	4147.69	A
USGS	14313000	2014-08-09	4147.69	A
USGS	14313000	2014-08-10	4147.70	A
USGS	14313000	2014-08-11	4147.73	A
USGS	14313000	2014-08-12	4147.82	A
USGS	14313000	2014-08-13	4147.79	A
USGS	14313000	2014-08-14	4147.81	A
USGS	14313000	2014-08-15	4147.74	A
USGS	14313000	2014-08-16	4147.70	A
USGS	14313000	2014-08-17	4147.67	A
USGS	14313000	2014-08-18	4147.63	A
USGS	14313000	2014-08-19	4147.64	A
USGS	14313000	2014-08-20	4147.62	A
USGS	14313000	2014-08-21	4147.64	A
USGS	14313000	2014-08-22	4147.63	A
USGS	14313000	2014-08-23	4147.58	A
USGS	14313000	2014-08-24	4147.64	A
USGS	14313000	2014-08-25	4147.62	A
USGS	14313000	2014-08-26	4147.63	A
USGS	14313000	2014-08-27	4147.62	A
USGS	14313000	2014-08-28	4147.62	A
USGS	14313000	2014-08-29	4147.59	A
USGS	14313000	2014-08-30	4147.50	A
USGS	14313000	2014-08-31	4147.43	A
USGS	14313000	2014-09-01	4147.29	A
USGS	14313000	2014-09-02	4147.17	A
USGS	14313000	2014-09-03	4146.99	A
USGS	14313000	2014-09-04	4146.71	A
USGS	14313000	2014-09-05	4146.38	A
USGS	14313000	2014-09-06	4146.06	A
USGS	14313000	2014-09-07	4145.67	A
USGS	14313000	2014-09-08	4145.20	A
USGS	14313000	2014-09-09	4144.80	A
USGS	14313000	2014-09-10	4144.48	A
USGS	14313000	2014-09-11	4144.08	A
USGS	14313000	2014-09-12	4143.74	A
USGS	14313000	2014-09-13	4143.38	A
USGS	14313000	2014-09-14	4142.97	A
USGS	14313000	2014-09-15	4142.63	A
USGS	14313000	2014-09-16	4142.30	A
USGS	14313000	2014-09-17	4141.99	A
USGS	14313000	2014-09-18	4141.69	A
USGS	14313000	2014-09-19	4141.32	A
USGS	14313000	2014-09-20	4141.00	A
USGS	14313000	2014-09-21	4140.60	A
USGS	14313000	2014-09-22	4140.12	A
USGS	14313000	2014-09-23	4139.76	A
USGS	14313000	2014-09-24	4139.51	A
USGS	14313000	2014-09-25	4139.38	A
USGS	14313000	2014-09-26	4138.99	A
USGS	14313000	2014-09-27	4138.58	A
USGS	14313000	2014-09-28	4138.20	A
USGS	14313000	2014-09-29	4137.81	A
USGS	14313000	2014-09-30	4137.45	A
USGS	14313000	2014-10-01	4137.05	A
USGS	14313000	2014-10-02	4136.72	A
USGS	14313000	2014-10-03	4136.30	A
USGS	14313000	2014-10-04	4135.85	A
USGS	14313000	2014-10-05	4135.35	A
USGS	14313000	2014-10-06	4134.96	A
USGS	14313000	2014-10-07	4134.45	A
USGS	14313000	2014-10-08	4134.16	A
USGS	14313000	2014-10-09	4133.72	A
USGS	14313000	2014-10-10	4133.33	A
USGS	14313000	2014-10-11	4132.86	A
USGS	14313000	2014-10-12	4132.46	A
USGS	14313000	2014-10-13	4132.03	A
USGS	14313000	2014-10-14	4131.60	A
USGS	14313000	2014-10-15	4131.25	A
USGS	14313000	2014-10-16	4130.89	A
USGS	14313000	2014-10-17	4130.50	A
USGS	14313000	2014-10-18	4129.93	A
USGS	14313000	2014-10-19	4129.57	A
USGS	14313000	2014-10-20	4129.22	A
USGS	14313000	2014-10-21	4128.71	A
USGS	14313000	2014-10-22	4128.31	A
USGS	14313000	2014-10-23	4127.89	A
USGS	14313000	2014-10-24	4127.54	A
USGS	14313000	2014-10-25	4127.20	A
USGS	14313000	2014-10-26	4126.87	A
USGS	14313000	2014-10-27	4126.47	A
USGS	14313000	2014-10-28	4126.38	A
USGS	14313000	2014-10-29	4126.10	A
USGS	14313000	2014-10-30	4125.58	A
USGS	14313000	2014-10-31	4125.29	A
USGS	14313000	2014-11-01	4124.91	A
USGS	14313000	2014-11-02	4124.85	A
USGS	14313000	2014-11-03	4124.78	A
USGS	14313000	2014-11-04	4124.85	A
USGS	14313000	2014-11-05		
USGS	14313000	2014-11-06	4124.90	A
USGS	14313000	2014-11-07	4124.79	A
USGS	14313000	2014-11-08	4124.83	A
USGS	14313000	2014-11-09	4124.70	A
USGS	14313000	2014-11-10	4124.60	A
USGS	14313000	2014-11-11	4124.54	A
USGS	14313000	2014-11-12	4124.54	A
USGS	14313000	2014-11-13	4124.97	A
USGS	14313000	2014-11-14	4125.89	A
USGS	14313000	2014-11-15	4125.87	A
USGS	14313000	2014-11-16	4125.72	A
USGS	14313000	2014-11-17	4125.47	A
USGS	14313000	2014-11-18	4125.19	A
USGS	14313000	2014-11-19	4124.96	A
USGS	14313000	2014-11-20	4124.84	A
USGS	14313000	2014-11-21	4124.90	A
USGS	14313000	2014-11-22	4125.60	A
USGS	14313000	2014-11-23	4125.35	A
USGS	14313000	2014-11-24	4125.23	A
USGS	14313000	2014-11-25	4125.29	A
USGS	14313000	2014-11-26	4125.05	A
USGS	14313000	2014-11-27	4124.97	A
USGS	14313000	2014-11-28	4125.04	A
USGS	14313000	2014-11-29	4125.31	A
USGS	14313000	2014-11-30	4125.15	A
USGS	14313000	2014-12-01	4125.00	A
USGS	14313000	2014-12-02	4124.79	A
USGS	14313000	2014-12-03	4124.85	A
USGS	14313000	2014-12-04	4124.88	A
USGS	14313000	2014-12-05	4124.85	A
USGS	14313000	2014-12-06	4125.06	A
USGS	14313000	2014-12-07	4125.07	A
USGS	14313000	2014-12-08	4125.06	A
USGS	14313000	2014-12-09	4125.06	A
USGS	14313000	2014-12-10	4125.17	A
USGS	14313000	2014-12-11	4125.30	A
USGS	14313000	2014-12-12	4125.49	A
USGS	14313000	2014-12-13	4125.60	A
USGS	14313000	2014-12-14	4125.50	A
USGS	14313000	2014-12-15	4125.53	A
USGS	14313000	2014-12-16	4125.54	A
USGS	14313000	2014-12-17	4125.49	A
USGS	14313000	2014-12-18	4125.40	A
USGS	14313000	2014-12-19	4125.41	A
USGS	14313000	2014-12-20	4125.96	A
USGS	14313000	2014-12-21	4128.93	A
USGS	14313000	2014-12-22	4132.34	A
USGS	14313000	2014-12-23	4134.03	A
USGS	14313000	2014-12-24	4135.04	A
USGS	14313000	2014-12-25	4135.33	A
USGS	14313000	2014-12-26	4135.31	A
USGS	14313000	2014-12-27	4135.13	A
USGS	14313000	2014-12-28	4134.92	A
USGS	14313000	2014-12-29	4134.36	A
USGS	14313000	2014-12-30	4134.32	A
USGS	14313000	2014-12-31	4134.30	A
USGS	14313000	2015-01-01	4134.38	A
USGS	14313000	2015-01-02	4134.18	A
USGS	14313000	2015-01-03	4133.92	A
USGS	14313000	2015-01-04	4133.53	A
USGS	14313000	2015-01-05	4133.08	A
USGS	14313000	2015-01-06	4132.81	A
USGS	14313000	2015-01-07	4132.41	A
USGS	14313000	2015-01-08	4131.96	A
USGS	14313000	2015-01-09	4131.52	A
USGS	14313000	2015-01-10	4131.07	A
USGS	14313000	2015-01-11	4130.70	A
USGS	14313000	2015-01-12	4130.31	A
USGS	14313000	2015-01-13	4129.80	A
USGS	14313000	2015-01-14	4129.33	A
USGS	14313000	2015-01-15	4128.87	A
USGS	14313000	2015-01-16	4128.57	A
USGS	14313000	2015-01-17	4128.43	A
USGS	14313000	2015-01-18	4128.71	A
USGS	14313000	2015-01-19	4128.67	A
USGS	14313000	2015-01-20	4128.45	A
USGS	14313000	2015-01-21	4128.18	A
USGS	14313000	2015-01-22	4127.91	A
USGS	14313000	2015-01-23	4127.45	A
USGS	14313000	2015-01-24	4126.99	A
USGS	14313000	2015-01-25	4126.49	A
USGS	14313000	2015-01-26	4126.02	A
USGS	14313000	2015-01-27	4125.85	A
USGS	14313000	2015-01-28	4125.68	A
USGS	14313000	2015-01-29	4125.43	A
USGS	14313000	2015-01-30	4125.15	A
USGS	14313000	2015-01-31	4124.90	A
USGS	14313000	2015-02-01	4124.74	A
USGS	14313000	2015-02-02	4125.00	A
USGS	14313000	2015-02-03	4125.82	A
USGS	14313000	2015-02-04	4126.27	A
USGS	14313000	2015-02-05	4125.89	A
USGS	14313000	2015-02-06	4125.86	A
USGS	14313000	2015-02-07	4125.91	A
USGS	14313000	2015-02-08	4125.90	A
USGS	14313000	2015-02-09	4125.88	A
USGS	14313000	2015-02-10	4125.77	A
USGS	14313000	2015-02-11	4125.56	A
USGS	14313000	2015-02-12	4125.30	A
USGS	14313000	2015-02-13	4125.26	A
USGS	14313000	2015-02-14	4125.10	A
USGS	14313000	2015-02-15	4125.05	A
USGS	14313000	2015-02-16	4125.15	A
USGS	14313000	2015-02-17	4125.03	A
USGS	14313000	2015-02-18	4125.02	A
USGS	14313000	2015-02-19	4124.96	A
USGS	14313000	2015-02-20	4124.95	A
USGS	14313000	2015-02-21	4124.95	A
USGS	14313000	2015-02-22	4124.80	A
USGS	14313000	2015-02-23	4124.86	A
USGS	14313000	2015-02-24	4124.81	A
USGS	14313000	2015-02-25	4124.92	A
USGS	14313000	2015-02-26	4125.04	A
USGS	14313000	2015-02-27	4125.02	A
USGS	14313000	2015-02-28	4124.94	A
USGS	14313000	2015-03-01	4124.90	A
USGS	14313000	2015-03-02	4124.77	A
USGS	14313000	2015-03-03	4124.97	A
USGS	14313000	2015-03-04	4125.29	A
USGS	14313000	2015-03-05	4125.59	A
USGS	14313000	2015-03-06	4126.13	A
USGS	14313000	2015-03-07	4126.55	A
USGS	14313000	2015-03-08	4126.99	A
USGS	14313000	2015-03-09	4127.37	A
USGS	14313000	2015-03-10	4127.83	A
USGS	14313000	2015-03-11	4128.33	A
USGS	14313000	2015-03-12	4128.72	A
USGS	14313000	2015-03-13	4129.08	A
USGS	14313000	2015-03-14	4129.61	A
USGS	14313000	2015-03-15	4130.33	A
USGS	14313000	2015-03-16	4130.90	A
USGS	14313000	2015-03-17	4131.44	A
USGS	14313000	2015-03-18	4131.78	A
USGS	14313000	2015-03-19	4132.04	A
USGS	14313000	2015-03-20	4132.26	A
USGS	14313000	2015-03-21	4132.56	A
USGS	14313000	2015-03-22	4132.92	A
USGS	14313000	2015-03-23	4133.30	A
USGS	14313000	2015-03-24	4133.74	A
USGS	14313000	2015-03-25	4134.18	A
USGS	14313000	2015-03-26	4134.57	A
USGS	14313000	2015-03-27	4134.88	A
USGS	14313000	2015-03-28	4135.01	A
USGS	14313000	2015-03-29	4135.11	A
USGS	14313000	2015-03-30	4135.23	A
USGS	14313000	2015-03-31	4135.41	A
USGS	14313000	2015-04-01	4135.53	A
USGS	14313000	2015-04-02	4135.57	A
USGS	14313000	2015-04-03	4135.50	A
USGS	14313000	2015-04-04	4135.50	A
USGS	14313000	2015-04-05	4135.74	A
USGS	14313000	2015-04-06	4135.69	A
USGS	14313000	2015-04-07	4135.65	A
USGS	14313000	2015-04-08	4135.58	A
USGS	14313000	2015-04-09	4135.60	A
USGS	14313000	2015-04-10	4135.73	A
USGS	14313000	2015-04-11	4136.07	A
USGS	14313000	2015-04-12	4136.37	A
USGS	14313000	2015-04-13	4136.66	A
USGS	14313000	2015-04-14	4137.00	A
USGS	14313000	2015-04-15	4137.39	A
USGS	14313000	2015-04-16	4137.70	A
USGS	14313000	2015-04-17	4138.03	A
USGS	14313000	2015-04-18	4138.34	A
USGS	14313000	2015-04-19	4138.66	A
USGS	14313000	2015-04-20	4139.05	A
USGS	14313000	2015-04-21	4139.38	A
USGS	14313000	2015-04-22	4139.62	A
USGS	14313000	2015-04-23	4140.14	A
USGS	14313000	2015-04-24	4140.45	A
USGS	14313000	2015-04-25	4140.72	A
USGS	14313000	2015-04-26	4141.07	A
USGS	14313000	2015-04-27	4141.31	A
USGS	14313000	2015-04-28	4141.55	A
USGS	14313000	2015-04-29	4141.86	A
USGS	14313000	2015-04-30	4142.13	A
USGS	14313000	2015-05-01	4142.37	A
USGS	14313000	2015-05-02	4142.62	A
USGS	14313000	2015-05-03	4142.94	A
USGS	14313000	2015-05-04	4143.22	A
USGS	14313000	2015-05-05	4143.48	A
USGS	14313000	2015-05-06	4143.82	A
USGS	14313000	2015-05-07	4144.15	A
USGS	14313000	2015-05-08	4144.49	A
USGS	14313000	2015-05-09	4144.78	A
USGS	14313000	2015-05-10	4145.07	A
USGS	14313000	2015-05-11	4145.45	A
USGS	14313000	2015-05-12	4145.80	A
USGS	14313000	2015-05-13	4146.05	A
USGS	14313000	2015-05-14	4146.41	A
USGS	14313000	2015-05-15	4146.73	A
USGS	14313000	2015-05-16	4147.07	A
USGS	14313000	2015-05-17	4147.30	A
USGS	14313000	2015-05-18	4147.60	A
USGS	14313000	2015-05-19	4147.88	A
USGS	14313000	2015-05-20	4147.90	A
USGS	14313000	2015-05-21	4147.89	A
USGS	14313000	2015-05-22	4148.03	A
USGS	14313000	2015-05-23	4148.11	A
USGS	14313000	2015-05-24	4148.15	A
USGS	14313000	2015-05-25	4148.16	A
USGS	14313000	2015-05-26	4148.18	A
USGS	14313000	2015-05-27	4148.20	A
USGS	14313000	2015-05-28	4148.22	A
USGS	14313000	2015-05-29	4148.24	A
USGS	14313000	2015-05-30	4148.22	A
USGS	14313000	2015-05-31	4148.22	A
USGS	14313000	2015-06-01	4148.26	A
USGS	14313000	2015-06-02	4148.26	A
USGS	14313000	2015-06-03	4148.21	A
USGS	14313000	2015-06-04	4148.21	A
USGS	14313000	2015-06-05	4148.21	A
USGS	14313000	2015-06-06	4148.19	A
USGS	14313000	2015-06-07	4148.16	A
USGS	14313000	2015-06-08	4148.12	A
USGS	14313000	2015-06-09	4148.09	A
USGS	14313000	2015-06-10	4148.03	A
USGS	14313000	2015-06-11	4147.97	A
USGS	14313000	2015-06-12	4147.88	A
USGS	14313000	2015-06-13	4147.88	A
USGS	14313000	2015-06-14	4147.82	A
USGS	14313000	2015-06-15	4147.80	A
USGS	14313000	2015-06-16	4147.77	A
USGS	14313000	2015-06-17	4147.73	A
USGS	14313000	2015-06-18	4147.73	A
USGS	14313000	2015-06-19	4147.64	A
USGS	14313000	2015-06-20	4147.64	A
USGS	14313000	2015-06-21	4147.60	A
USGS	14313000	2015-06-22	4147.59	A
USGS	14313000	2015-06-23	4147.63	A
USGS	14313000	2015-06-24	4147.67	A
USGS	14313000	2015-06-25	4147.69	A
USGS	14313000	2015-06-26	4147.70	A
USGS	14313000	2015-06-27	4147.76	A
USGS	14313000	2015-06-28	4147.78	A
USGS	14313000	2015-06-29	4147.85	A
USGS	14313000	2015-06-30	4147.86	A
USGS	14313000	2015-07-01	4147.89	A
USGS	14313000	2015-07-02	4147.90	A
USGS	14313000	2015-07-03	4147.84	A
USGS	14313000	2015-07-04	4147.80	A
USGS	14313000	2015-07-05	4147.77	A
USGS	14313000	2015-07-06	4147.76	A
USGS	14313000	2015-07-07	4147.81	A
USGS	14313000	2015-07-08	4147.82	A
USGS	14313000	2015-07-09	4147.83	A
USGS	14313000	2015-07-10	4147.92	A
USGS	14313000	2015-07-11	4147.94	A
USGS	14313000	2015-07-12	4147.86	A
USGS	14313000	2015-07-13	4147.90	A
USGS	14313000	2015-07-14	4147.84	A
USGS	14313000	2015-07-15	4147.85	A
USGS	14313000	2015-07-16	4147.82	A
USGS	14313000	2015-07-17	4147.70	A
USGS	14313000	2015-07-18	4147.70	A
USGS	14313000	2015-07-19	4147.73	A
USGS	14313000	2015-07-20	4147.67	A
USGS	14313000	2015-07-21	4147.77	A
USGS	14313000	2015-07-22	4147.71	A
USGS	14313000	2015-07-23	4147.77	A
USGS	14313000	2015-07-24	4147.70	A
USGS	14313000	2015-07-25	4147.75	A
USGS	14313000	2015-07-26	4147.64	A
USGS	14313000	2015-07-27	4147.70	A
USGS	14313000	2015-07-28	4147.60	A
USGS	14313000	2015-07-29	4147.64	A
USGS	14313000	2015-07-30	4147.65	A
USGS	14313000	2015-07-31	4147.55	A
USGS	14313000	2015-08-01	4147.56	A
USGS	14313000	2015-08-02	4147.60	A
USGS	14313000	2015-08-03	4147.50	A
USGS	14313000	2015-08-04	4147.54	A
USGS	14313000	2015-08-05	4147.49	A
USGS	14313000	2015-08-06	4147.50	A
USGS	14313000	2015-08-07	4147.42	A
USGS	14313000	2015-08-08	4147.35	A
USGS	14313000	2015-08-09	4147.38	A
USGS	14313000	2015-08-10	4147.31	A
USGS	14313000	2015-08-11	4147.30	A
USGS	14313000	2015-08-12	4147.29	A
USGS	14313000	2015-08-13	4147.23	A
USGS	14313000	2015-08-14	4147.22	A
USGS	14313000	2015-08-15	4147.27	A
USGS	14313000	2015-08-16	4147.20	A
USGS	14313000	2015-08-17	4147.25	A
USGS	14313000	2015-08-18	4147.14	A
USGS	14313000	2015-08-19	4147.19	A
USGS	14313000	2015-08-20	4147.09	A
USGS	14313000	2015-08-21	4147.14	A
USGS	14313000	2015-08-22	4147.06	A
USGS	14313000	2015-08-23	4147.14	A
USGS	14313000	2015-08-24	4147.07	A
USGS	14313000	2015-08-25	4146.99	A
USGS	14313000	2015-08-26	4147.05	A
USGS	14313000	2015-08-27	4146.95	A
USGS	14313000	2015-08-28	4146.97	A
USGS	14313000	2015-08-29	4146.95	A
USGS	14313000	2015-08-30	4147.02	A
USGS	14313000	2015-08-31	4146.88	A
USGS	14313000	2015-09-01	4146.72	A
USGS	14313000	2015-09-02	4146.43	A
USGS	14313000	2015-09-03	4146.00	A
USGS	14313000	2015-09-04	4145.72	A
USGS	14313000	2015-09-05	4145.37	A
USGS	14313000	2015-09-06	4145.04	A
USGS	14313000	2015-09-07	4144.76	A
USGS	14313000	2015-09-08	4144.44	A
USGS	14313000	2015-09-09	4144.12	A
USGS	14313000	2015-09-10	4143.76	A
USGS	14313000	2015-09-11	4143.45	A
USGS	14313000	2015-09-12	4143.19	A
USGS	14313000	2015-09-13	4142.86	A
USGS	14313000	2015-09-14	4142.55	A
USGS	14313000	2015-09-15	4142.29	A
USGS	14313000	2015-09-16	4141.92	A
USGS	14313000	2015-09-17	4141.87	A
USGS	14313000	2015-09-18	4141.66	A
USGS	14313000	2015-09-19	4141.38	A
USGS	14313000	2015-09-20	4141.09	A
USGS	14313000	2015-09-21	4140.69	A
USGS	14313000	2015-09-22	4140.39	A
USGS	14313000	2015-09-23	4140.13	A
USGS	14313000	2015-09-24	4139.68	A
USGS	14313000	2015-09-25	4139.38	A
USGS	14313000	2015-09-26	4139.08	A
USGS	14313000	2015-09-27	4138.79	A
USGS	14313000	2015-09-28	4138.28	A
USGS	14313000	2015-09-29	4137.90	A
USGS	14313000	2015-09-30	4137.47	A
USGS	14313000	2015-10-01	4137.07	A
USGS	14313000	2015-10-02	4136.60	A
USGS	14313000	2015-10-03	4136.10	A
USGS	14313000	2015-10-04	4135.73	A
USGS	14313000	2015-10-05	4135.47	A
USGS	14313000	2015-10-06	4134.92	A
USGS	14313000	2015-10-07	4134.53	A
USGS	14313000	2015-10-08	4134.19	A
USGS	14313000	2015-10-09	4133.68	A
USGS	14313000	2015-10-10	4133.43	A
USGS	14313000	2015-10-11	4133.12	A
USGS	14313000	2015-10-12	4132.80	A
USGS	14313000	2015-10-13	4132.46	A
USGS	14313000	2015-10-14	4132.17	A
USGS	14313000	2015-10-15	4131.83	A
USGS	14313000	2015-10-16	4131.41	A
USGS	14313000	2015-10-17	4131.17	A
USGS	14313000	2015-10-18	4130.70	A
USGS	14313000	2015-10-19	4130.34	A
USGS	14313000	2015-10-20	4130.07	A
USGS	14313000	2015-10-21	4129.64	A
USGS	14313000	2015-10-22	4129.38	A
USGS	14313000	2015-10-23	4129.25	A
USGS	14313000	2015-10-24	4128.78	A
USGS	14313000	2015-10-25	4128.63	A
USGS	14313000	2015-10-26	4128.24	A
USGS	14313000	2015-10-27	4128.03	A
USGS	14313000	2015-10-28	4127.63	A
USGS	14313000	2015-10-29	4127.46	A
USGS	14313000	2015-10-30	4127.13	A
USGS	14313000	2015-10-31	4126.92	A
USGS	14313000	2015-11-01	4126.80	A
USGS	14313000	2015-11-02	4126.49	A
USGS	14313000	2015-11-03	4126.22	A
USGS	14313000	2015-11-04	4125.84	A
USGS	14313000	2015-11-05	4125.48	A
USGS	14313000	2015-11-06	4125.24	A
USGS	14313000	2015-11-07	4124.81	A
USGS	14313000	2015-11-08	4124.73	A
USGS	14313000	2015-11-09	4124.58	A
USGS	14313000	2015-11-10	4124.13	A
USGS	14313000	2015-11-11	4123.85	A
USGS	14313000	2015-11-12	4123.59	A
USGS	14313000	2015-11-13	4123.50	A
USGS	14313000	2015-11-14	4123.51	A
USGS	14313000	2015-11-15	4123.61	A
USGS	14313000	2015-11-16	4123.61	A
USGS	14313000	2015-11-17	4123.83	A
USGS	14313000	2015-11-18	4123.61	A
USGS	14313000	2015-11-19	4123.52	A
USGS	14313000	2015-11-20	4123.47	A
USGS	14313000	2015-11-21	4123.48	A
USGS	14313000	2015-11-22	4123.51	A
USGS	14313000	2015-11-23	4123.42	A
USGS	14313000	2015-11-24	4123.42	A
USGS	14313000	2015-11-25	4123.41	A
USGS	14313000	2015-11-26	4123.40	A
USGS	14313000	2015-11-27	4123.29	A
USGS	14313000	2015-11-28	4123.32	A
USGS	14313000	2015-11-29	4123.39	A
USGS	14313000	2015-11-30	4123.49	A
USGS	14313000	2015-12-01	4123.60	A
USGS	14313000	2015-12-02	4124.04	A
USGS	14313000	2015-12-03	4124.29	A
USGS	14313000	2015-12-04	4124.18	A
USGS	14313000	2015-12-05	4124.19	A
USGS	14313000	2015-12-06	4124.27	A
USGS	14313000	2015-12-07	4124.67	A
USGS	14313000	2015-12-08	4124.52	A
USGS	14313000	2015-12-09	4124.69	A
USGS	14313000	2015-12-10	4125.02	A
USGS	14313000	2015-12-11	4124.59	A
USGS	14313000	2015-12-12	4124.47	A
USGS	14313000	2015-12-13	4126.32	A
USGS	14313000	2015-12-14	4127.44	A
USGS	14313000	2015-12-15	4128.10	A
USGS	14313000	2015-12-16	4128.43	A
USGS	14313000	2015-12-17	4128.74	A
USGS	14313000	2015-12-18	4128.70	A
USGS	14313000	2015-12-19	4128.86	A
USGS	14313000	2015-12-20	4128.45	A
USGS	14313000	2015-12-21	4129.14	A
USGS	14313000	2015-12-22	4129.22	A
USGS	14313000	2015-12-23	4129.13	A
USGS	14313000	2015-12-24	4128.72	A
USGS	14313000	2015-12-25	4128.33	A
USGS	14313000	2015-12-26	4127.85	A
USGS	14313000	2015-12-27	4127.25	A
USGS	14313000	2015-12-28	4126.83	A
USGS	14313000	2015-12-29	4126.54	A
USGS	14313000	2015-12-30	4126.33	A
USGS	14313000	2015-12-31	4125.86	A
USGS	14313000	2016-01-01	4125.48	A
USGS	14313000	2016-01-02	4125.34	A
USGS	14313000	2016-01-03	4125.57	A
USGS	14313000	2016-01-04	4125.73	A
USGS	14313000	2016-01-05	4125.49	A
USGS	14313000	2016-01-06	4125.30	A
USGS	14313000	2016-01-07	4125.02	A
USGS	14313000	2016-01-08	4124.99	A
USGS	14313000	2016-01-09	4124.82	A
USGS	14313000	2016-01-10	4124.78	A
USGS	14313000	2016-01-11	4124.72	A
USGS	14313000	2016-01-12	4124.73	A
USGS	14313000	2016-01-13	4124.71	A
USGS	14313000	2016-01-14	4124.60	A
USGS	14313000	2016-01-15	4124.58	A
USGS	14313000	2016-01-16	4124.65	A
USGS	14313000	2016-01-17	4124.73	A
USGS	14313000	2016-01-18	4124.71	A
USGS	14313000	2016-01-19	4124.76	A
USGS	14313000	2016-01-20	4124.60	A
USGS	14313000	2016-01-21	4124.56	A
USGS	14313000	2016-01-22	4124.67	A
USGS	14313000	2016-01-23	4124.83	A
USGS	14313000	2016-01-24	4124.89	A
USGS	14313000	2016-01-25	4124.83	A
USGS	14313000	2016-01-26	4124.76	A
USGS	14313000	2016-01-27	4124.73	A
USGS	14313000	2016-01-28	4124.91	A
USGS	14313000	2016-01-29	4125.34	A
USGS	14313000	2016-01-30	4125.57	A
USGS	14313000	2016-01-31	4125.60	A
USGS	14313000	2016-02-01	4125.36	A
USGS	14313000	2016-02-02	4124.96	A
USGS	14313000	2016-02-03	4125.00	A
USGS	14313000	2016-02-04	4124.85	A
USGS	14313000	2016-02-05	4124.77	A
USGS	14313000	2016-02-06	4124.77	A
USGS	14313000	2016-02-07	4124.84	A
USGS	14313000	2016-02-08	4124.77	A
USGS	14313000	2016-02-09	4124.81	A
USGS	14313000	2016-02-10	4124.59	A
USGS	14313000	2016-02-11	4124.58	A
USGS	14313000	2016-02-12	4124.38	A
USGS	14313000	2016-02-13	4124.51	A
USGS	14313000	2016-02-14	4124.62	A
USGS	14313000	2016-02-15	4124.99	A
USGS	14313000	2016-02-16	4125.06	A
USGS	14313000	2016-02-17	4125.28	A
USGS	14313000	2016-02-18	4125.49	A
USGS	14313000	2016-02-19	4125.48	A
USGS	14313000	2016-02-20	4125.20	A
USGS	14313000	2016-02-21	4125.18	A
USGS	14313000	2016-02-22	4125.08	A
USGS	14313000	2016-02-23	4124.95	A
USGS	14313000	2016-02-24	4124.95	A
USGS	14313000	2016-02-25	4124.68	A
USGS	14313000	2016-02-26	4124.58	A
USGS	14313000	2016-02-27	4124.63	A
USGS	14313000	2016-02-28	4124.49	A
USGS	14313000	2016-02-29	4124.57	A
USGS	14313000	2016-03-01	4124.50	A
USGS	14313000	2016-03-02	4124.67	A
USGS	14313000	2016-03-03	4124.73	A
USGS	14313000	2016-03-04	4124.82	A
USGS	14313000	2016-03-05	4125.21	A
USGS	14313000	2016-03-06	4126.02	A
USGS	14313000	2016-03-07	4126.58	A
USGS	14313000	2016-03-08	4126.91	A
USGS	14313000	2016-03-09	4127.08	A
USGS	14313000	2016-03-10	4127.11	A
USGS	14313000	2016-03-11	4127.09	A
USGS	14313000	2016-03-12	4126.88	A
USGS	14313000	2016-03-13	4126.78	A
USGS	14313000	2016-03-14	4126.76	A
USGS	14313000	2016-03-15	4126.41	A
USGS	14313000	2016-03-16	4126.10	A
USGS	14313000	2016-03-17	4125.89	A
USGS	14313000	2016-03-18	4125.77	A
USGS	14313000	2016-03-19	4125.48	A
USGS	14313000	2016-03-20	4125.23	A
USGS	14313000	2016-03-21	4125.30	A
USGS	14313000	2016-03-22	4125.38	A
USGS	14313000	2016-03-23	4125.21	A
USGS	14313000	2016-03-24	4125.33	A
USGS	14313000	2016-03-25	4125.34	A
USGS	14313000	2016-03-26	4125.17	A
USGS	14313000	2016-03-27	4125.12	A
USGS	14313000	2016-03-28	4125.08	A
USGS	14313000	2016-03-29	4124.94	A
USGS	14313000	2016-03-30	4125.10	A
USGS	14313000	2016-03-31	4125.21	A
USGS	14313000	2016-04-01	4125.35	A
USGS	14313000	2016-04-02	4125.49	A
USGS	14313000	2016-04-03	4125.78	A
USGS	14313000	2016-04-04	4126.47	A
USGS	14313000	2016-04-05	4126.98	A
USGS	14313000	2016-04-06	4127.49	A
USGS	14313000	2016-04-07	4128.14	A
USGS	14313000	2016-04-08	4128.83	A
USGS	14313000	2016-04-09	4129.90	A
USGS	14313000	2016-04-10	4131.00	A
USGS	14313000	2016-04-11	4131.94	A
USGS	14313000	2016-04-12	4132.93	A
USGS	14313000	2016-04-13	4133.67	A
USGS	14313000	2016-04-14	4134.63	A
USGS	14313000	2016-04-15	4135.22	A
USGS	14313000	2016-04-16	4135.62	A
USGS	14313000	2016-04-17	4136.11	A
USGS	14313000	2016-04-18	4136.53	A
USGS	14313000	2016-04-19	4137.07	A
USGS	14313000	2016-04-20	4137.80	A
USGS	14313000	2016-04-21	4138.52	A
USGS	14313000	2016-04-22	4139.26	A
USGS	14313000	2016-04-23	4140.07	A
USGS	14313000	2016-04-24	4140.79	A
USGS	14313000	2016-04-25	4141.50	A
USGS	14313000	2016-04-26	4142.10	A
USGS	14313000	2016-04-27	4142.51	A
USGS	14313000	2016-04-28	4142.75	A
USGS	14313000	2016-04-29	4143.01	A
USGS	14313000	2016-04-30	4143.22	A
USGS	14313000	2016-05-01	4143.33	A
USGS	14313000	2016-05-02	4143.75	A
USGS	14313000	2016-05-03	4144.03	A
USGS	14313000	2016-05-04	4144.27	A
USGS	14313000	2016-05-05	4144.53	A
USGS	14313000	2016-05-06	4144.98	A
USGS	14313000	2016-05-07	4145.43	A
USGS	14313000	2016-05-08	4145.70	A
USGS	14313000	2016-05-09	4145.89	A
USGS	14313000	2016-05-10	4146.11	A
USGS	14313000	2016-05-11	4146.21	A
USGS	14313000	2016-05-12	4146.33	A
USGS	14313000	2016-05-13	4146.47	A
USGS	14313000	2016-05-14	4146.61	A
USGS	14313000	2016-05-15	4146.75	A
USGS	14313000	2016-05-16	4146.81	A
USGS	14313000	2016-05-17	4146.85	A
USGS	14313000	2016-05-18	4146.86	A
USGS	14313000	2016-05-19	4146.95	A
USGS	14313000	2016-05-20	4146.95	A
USGS	14313000	2016-05-21	4146.96	A
USGS	14313000	2016-05-22	4147.02	A
USGS	14313000	2016-05-23	4147.03	A
USGS	14313000	2016-05-24	4147.11	A
USGS	14313000	2016-05-25	4147.19	A
USGS	14313000	2016-05-26	4147.47	A
USGS	14313000	2016-05-27	4147.62	A
USGS	14313000	2016-05-28	4147.61	A
USGS	14313000	2016-05-29	4147.72	A
USGS	14313000	2016-05-30	4147.78	A
USGS	14313000	2016-05-31	4147.73	A
USGS	14313000	2016-06-01	4147.84	A
USGS	14313000	2016-06-02	4147.94	A
USGS	14313000	2016-06-03	4148.06	A
USGS	14313000	2016-06-04	4148.10	A
USGS	14313000	2016-06-05	4148.22	A
USGS	14313000	2016-06-06	4148.25	A
USGS	14313000	2016-06-07	4148.10	A
USGS	14313000	2016-06-08	4147.92	A
USGS	14313000	2016-06-09	4147.82	A
USGS	14313000	2016-06-10	4147.75	A
USGS	14313000	2016-06-11	4147.66	A
USGS	14313000	2016-06-12	4147.59	A
USGS	14313000	2016-06-13	4147.60	A
USGS	14313000	2016-06-14	4147.63	A
USGS	14313000	2016-06-15	4147.55	A
USGS	14313000	2016-06-16	4147.51	A
USGS	14313000	2016-06-17	4147.52	A
USGS	14313000	2016-06-18	4147.58	A
USGS	14313000	2016-06-19	4147.57	A
USGS	14313000	2016-06-20	4147.52	A
USGS	14313000	2016-06-21	4147.50	A
USGS	14313000	2016-06-22	4147.50	A
USGS	14313000	2016-06-23	4147.50	A
USGS	14313000	2016-06-24	4147.49	A
USGS	14313000	2016-06-25	4147.53	A
USGS	14313000	2016-06-26	4147.51	A
USGS	14313000	2016-06-27	4147.52	A
USGS	14313000	2016-06-28	4147.51	A
USGS	14313000	2016-06-29	4147.51	A
USGS	14313000	2016-06-30	4147.50	A
USGS	14313000	2016-07-01	4147.50	A
USGS	14313000	2016-07-02	4147.48	A
USGS	14313000	2016-07-03	4147.49	A
USGS	14313000	2016-07-04	4147.49	A
USGS	14313000	2016-07-05	4147.50	A
USGS	14313000	2016-07-06	4147.46	A
USGS	14313000	2016-07-07	4147.43	A
USGS	14313000	2016-07-08	4147.48	A
USGS	14313000	2016-07-09	4147.69	A
USGS	14313000	2016-07-10	4147.87	A
USGS	14313000	2016-07-11	4147.93	A
USGS	14313000	2016-07-12	4147.86	A
USGS	14313000	2016-07-13	4147.78	A
USGS	14313000	2016-07-14	4147.70	A
USGS	14313000	2016-07-15	4147.59	A
USGS	14313000	2016-07-16	4147.48	A
USGS	14313000	2016-07-17	4147.42	A
USGS	14313000	2016-07-18	4147.38	A
USGS	14313000	2016-07-19	4147.39	A
USGS	14313000	2016-07-20	4147.39	A
USGS	14313000	2016-07-21	4147.37	A
USGS	14313000	2016-07-22	4147.39	A
USGS	14313000	2016-07-23	4147.39	A
USGS	14313000	2016-07-24	4147.39	A
USGS	14313000	2016-07-25	4147.42	A
USGS	14313000	2016-07-26	4147.49	A
USGS	14313000	2016-07-27	4147.56	A
USGS	14313000	2016-07-28	4147.62	A
USGS	14313000	2016-07-29	4147.68	A
USGS	14313000	2016-07-30	4147.73	A
USGS	14313000	2016-07-31	4147.77	A
USGS	14313000	2016-08-01	4147.80	A
USGS	14313000	2016-08-02	4147.83	A
USGS	14313000	2016-08-03	4147.86	A
USGS	14313000	2016-08-04	4147.88	A
USGS	14313000	2016-08-05	4147.90	A
USGS	14313000	2016-08-06	4147.91	A
USGS	14313000	2016-08-07	4147.91	A
USGS	14313000	2016-08-08	4147.91	A
USGS	14313000	2016-08-09	4147.93	A
USGS	14313000	2016-08-10	4147.94	A
USGS	14313000	2016-08-11	4147.95	A
USGS	14313000	2016-08-12	4147.94	A
USGS	14313000	2016-08-13	4147.93	A
USGS	14313000	2016-08-14	4147.93	A
USGS	14313000	2016-08-15	4147.92	A
USGS	14313000	2016-08-16	4147.88	A
USGS	14313000	2016-08-17	4147.92	A
USGS	14313000	2016-08-18	4147.95	A
USGS	14313000	2016-08-19	4147.96	A
USGS	14313000	2016-08-20	4147.97	A
USGS	14313000	2016-08-21	4147.97	A
USGS	14313000	2016-08-22	4147.97	A
USGS	14313000	2016-08-23	4147.96	A
USGS	14313000	2016-08-24	4147.95	A
USGS	14313000	2016-08-25	4147.94	A
USGS	14313000	2016-08-26	4147.94	A
USGS	14313000	2016-08-27	4147.91	A
USGS	14313000	2016-08-28	4147.88	A
USGS	14313000	2016-08-29	4147.86	A
USGS	14313000	2016-08-30	4147.84	A
USGS	14313000	2016-08-31	4147.81	A
USGS	14313000	2016-09-01	4147.79	A
USGS	14313000	2016-09-02	4147.77	A
USGS	14313000	2016-09-03	4147.73	A
USGS	14313000	2016-09-04	4147.66	A
USGS	14313000	2016-09-05	4147.53	A
USGS	14313000	2016-09-06	4147.43	A
USGS	14313000	2016-09-07	4147.28	A
USGS	14313000	2016-09-08	4146.99	A
USGS	14313000	2016-09-09	4146.64	A
USGS	14313000	2016-09-10	4146.20	A
USGS	14313000	2016-09-11	4145.80	A
USGS	14313000	2016-09-12	4145.46	A
USGS	14313000	2016-09-13	4145.03	A
USGS	14313000	2016-09-14	4144.53	A
USGS	14313000	2016-09-15	4144.08	A
USGS	14313000	2016-09-16	4143.64	A
USGS	14313000	2016-09-17	4143.23	A
USGS	14313000	2016-09-18	4142.74	A
USGS	14313000	2016-09-19	4142.32	A
USGS	14313000	2016-09-20	4141.87	A
USGS	14313000	2016-09-21	4141.39	A
USGS	14313000	2016-09-22	4141.01	A
USGS	14313000	2016-09-23	4140.53	A
USGS	14313000	2016-09-24	4140.10	A
USGS	14313000	2016-09-25	4139.66	A
USGS	14313000	2016-09-26	4139.17	A
USGS	14313000	2016-09-27	4138.68	A
USGS	14313000	2016-09-28	4138.26	A
USGS	14313000	2016-09-29	4137.72	A
USGS	14313000	2016-09-30	4137.27	A
USGS	14313000	2016-10-01	4136.82	A
USGS	14313000	2016-10-02	4136.26	A
USGS	14313000	2016-10-03	4135.86	A
USGS	14313000	2016-10-04	4135.57	A
USGS	14313000	2016-10-05	4135.39	A
USGS	14313000	2016-10-06	4134.89	A
USGS	14313000	2016-10-07	4134.42	A
USGS	14313000	2016-10-08	4134.00	A
USGS	14313000	2016-10-09	4133.50	A
USGS	14313000	2016-10-10	4133.11	A
USGS	14313000	2016-10-11	4132.58	A
USGS	14313000	2016-10-12	4132.11	A
USGS	14313000	2016-10-13	4131.84	A
USGS	14313000	2016-10-14	4131.14	A
USGS	14313000	2016-10-15	4131.22	A
USGS	14313000	2016-10-16	4130.75	A
USGS	14313000	2016-10-17	4130.53	A
USGS	14313000	2016-10-18	4130.58	A
USGS	14313000	2016-10-19	4130.20	A
USGS	14313000	2016-10-20	4129.74	A
USGS	14313000	2016-10-21	4129.25	A
USGS	14313000	2016-10-22	4128.88	A
USGS	14313000	2016-10-23	4128.41	A
USGS	14313000	2016-10-24	4127.99	A
USGS	14313000	2016-10-25	4127.54	A
USGS	14313000	2016-10-26	4127.20	A
USGS	14313000	2016-10-27	4126.75	A
USGS	14313000	2016-10-28	4126.29	A
USGS	14313000	2016-10-29	4125.73	A
USGS	14313000	2016-10-30	4125.41	A
USGS	14313000	2016-10-31	4125.21	A
USGS	14313000	2016-11-01	4125.15	A
USGS	14313000	2016-11-02	4125.21	A
USGS	14313000	2016-11-03	4125.14	A
USGS	14313000	2016-11-04	4125.08	A
USGS	14313000	2016-11-05	4124.77	A
USGS	14313000	2016-11-06	4124.28	A
USGS	14313000	2016-11-07	4123.97	A
USGS	14313000	2016-11-08	4123.95	A
USGS	14313000	2016-11-09	4124.01	A
USGS	14313000	2016-11-10	4124.03	A
USGS	14313000	2016-11-11	4124.05	A
USGS	14313000	2016-11-12	4123.99	A
USGS	14313000	2016-11-13	4124.05	A
USGS	14313000	2016-11-14	4124.29	A
USGS	14313000	2016-11-15	4124.31	A
USGS	14313000	2016-11-16	4124.20	A
USGS	14313000	2016-11-17	4124.02	A
USGS	14313000	2016-11-18	4123.98	A
USGS	14313000	2016-11-19	4124.09	A
USGS	14313000	2016-11-20	4124.18	A
USGS	14313000	2016-11-21	4124.17	A
USGS	14313000	2016-11-22	4124.09	A
USGS	14313000	2016-11-23	4124.06	A
USGS	14313000	2016-11-24	4124.08	A
USGS	14313000	2016-11-25	4124.11	A
USGS	14313000	2016-11-26	4123.94	A
USGS	14313000	2016-11-27	4123.96	A
USGS	14313000	2016-11-28	4123.98	A
USGS	14313000	2016-11-29	4124.07	A
USGS	14313000	2016-11-30	4124.05	A
USGS	14313000	2016-12-01	4123.97	A
USGS	14313000	2016-12-02	4123.93	A
USGS	14313000	2016-12-03	4123.92	A
USGS	14313000	2016-12-04	4124.24	A
USGS	14313000	2016-12-05	4124.31	A
USGS	14313000	2016-12-06	4124.24	A
USGS	14313000	2016-12-07	4124.08	A
USGS	14313000	2016-12-08	4123.98	A
USGS	14313000	2016-12-09	4124.16	A
USGS	14313000	2016-12-10	4124.08	A
USGS	14313000	2016-12-11	4124.05	A
USGS	14313000	2016-12-12	4123.99	A
USGS	14313000	2016-12-13	4123.86	A
USGS	14313000	2016-12-14	4124.15	A
USGS	14313000	2016-12-15	4124.36	A
USGS	14313000	2016-12-16	4124.23	A
USGS	14313000	2016-12-17	4124.04	A
USGS	14313000	2016-12-18	4124.03	A
USGS	14313000	2016-12-19	4124.16	A
USGS	14313000	2016-12-20	4124.52	A
USGS	14313000	2016-12-21	4124.45	A
USGS	14313000	2016-12-22	4124.52	A
USGS	14313000	2016-12-23	4124.58	A
USGS	14313000	2016-12-24	4124.40	A
USGS	14313000	2016-12-25	4124.14	A
USGS	14313000	2016-12-26	4124.04	A
USGS	14313000	2016-12-27	4124.25	A
USGS	14313000	2016-12-28	4124.10	A
USGS	14313000	2016-12-29	4123.96	A
USGS	14313000	2016-12-30	4123.86	A:e
USGS	14313000	2016-12-31	4123.80	A
USGS	14313000	2017-01-01	4123.86	A
USGS	14313000	2017-01-02	4124.06	A
USGS	14313000	2017-01-03	4124.16	A
USGS	14313000	2017-01-04	4124.10	A
USGS	14313000	2017-01-05	4123.91	A
USGS	14313000	2017-01-06	4123.81	A
USGS	14313000	2017-01-07	4124.00	A
USGS	14313000	2017-01-08	4124.33	A
USGS	14313000	2017-01-09	4124.28	A
USGS	14313000	2017-01-10	4124.07	A
USGS	14313000	2017-01-11	4123.83	A
USGS	14313000	2017-01-12	4123.66	A
USGS	14313000	2017-01-13	4123.71	A
USGS	14313000	2017-01-14	4123.70	A
USGS	14313000	2017-01-15	4123.81	A
USGS	14313000	2017-01-16	4123.80	A
USGS	14313000	2017-01-17	4123.85	A
USGS	14313000	2017-01-18	4124.07	A
USGS	14313000	2017-01-19	4124.09	A
USGS	14313000	2017-01-20	4124.23	A
USGS	14313000	2017-01-21	4124.22	A
USGS	14313000	2017-01-22	4124.20	A
USGS	14313000	2017-01-23	4124.12	A
USGS	14313000	2017-01-24	4124.00	A
USGS	14313000	2017-01-25	4123.92	A
USGS	14313000	2017-01-26	4124.01	A
USGS	14313000	2017-01-27	4124.02	A
USGS	14313000	2017-01-28	4124.10	A
USGS	14313000	2017-01-29	4123.98	A
USGS	14313000	2017-01-30	4124.02	A
USGS	14313000	2017-01-31	4124.01	A
USGS	14313000	2017-02-01	4123.95	A
USGS	14313000	2017-02-02	4123.95	A
USGS	14313000	2017-02-03	4124.07	A
USGS	14313000	2017-02-04	4124.16	A
USGS	14313000	2017-02-05	4124.10	A
USGS	14313000	2017-02-06	4123.94	A
USGS	14313000	2017-02-07	4124.10	A
USGS	14313000	2017-02-08	4124.14	A
USGS	14313000	2017-02-09	4124.61	A
USGS	14313000	2017-02-10	4124.83	A
USGS	14313000	2017-02-11	4124.47	A
USGS	14313000	2017-02-12	4124.27	A
USGS	14313000	2017-02-13	4124.12	A
USGS	14313000	2017-02-14	4123.97	A
USGS	14313000	2017-02-15	4124.04	A
USGS	14313000	2017-02-16	4124.42	A
USGS	14313000	2017-02-17	4124.44	A
USGS	14313000	2017-02-18	4124.35	A
USGS	14313000	2017-02-19	4124.30	A
USGS	14313000	2017-02-20	4124.30	A
USGS	14313000	2017-02-21	4124.35	A
USGS	14313000	2017-02-22	4124.30	A
USGS	14313000	2017-02-23	4123.97	A
USGS	14313000	2017-02-24	4123.91	A
USGS	14313000	2017-02-25	4123.93	A
USGS	14313000	2017-02-26	4124.04	A
USGS	14313000	2017-02-27	4124.16	A
USGS	14313000	2017-02-28	4124.22	A
USGS	14313000	2017-03-01	4124.09	A
USGS	14313000	2017-03-02	4124.04	A
USGS	14313000	2017-03-03	4124.00	A
USGS	14313000	2017-03-04	4123.95	A
USGS	14313000	2017-03-05	4123.98	A
USGS	14313000	2017-03-06	4124.28	A
USGS	14313000	2017-03-07	4124.38	A:e
USGS	14313000	2017-03-08	4124.31	A
USGS	14313000	2017-03-09	4124.69	A
USGS	14313000	2017-03-10	4124.72	A
USGS	14313000	2017-03-11	4124.64	A
USGS	14313000	2017-03-12	4124.38	A
USGS	14313000	2017-03-13	4124.13	A
USGS	14313000	2017-03-14	4124.09	A
USGS	14313000	2017-03-15	4124.22	A
USGS	14313000	2017-03-16	4124.49	A
USGS	14313000	2017-03-17	4124.57	A
USGS	14313000	2017-03-18	4124.78	A
USGS	14313000	2017-03-19	4125.01	A
USGS	14313000	2017-03-20	4124.93	A
USGS	14313000	2017-03-21	4124.98	A
USGS	14313000	2017-03-22	4125.05	A
USGS	14313000	2017-03-23	4125.04	A
USGS	14313000	2017-03-24	4125.07	A
USGS	14313000	2017-03-25	4124.98	A
USGS	14313000	2017-03-26	4124.90	A
USGS	14313000	2017-03-27	4124.74	A
USGS	14313000	2017-03-28	4124.44	A
USGS	14313000	2017-03-29	4124.84	A
USGS	14313000	2017-03-30	4125.46	A
USGS	14313000	2017-03-31	4125.79	A
USGS	14313000	2017-04-01	4126.24	A
USGS	14313000	2017-04-02	4126.59	A
USGS	14313000	2017-04-03	4126.85	A
USGS	14313000	2017-04-04	4127.24	A
USGS	14313000	2017-04-05	4127.70	A
USGS	14313000	2017-04-06	4128.24	A
USGS	14313000	2017-04-07	4128.70	A
USGS	14313000	2017-04-08	4129.07	A
USGS	14313000	2017-04-09	4129.60	A
USGS	14313000	2017-04-10	4129.96	A
USGS	14313000	2017-04-11	4130.32	A
USGS	14313000	2017-04-12	4130.66	A
USGS	14313000	2017-04-13	4130.96	A
USGS	14313000	2017-04-14	4131.41	A
USGS	14313000	2017-04-15	4131.82	A
USGS	14313000	2017-04-16	4132.16	A
USGS	14313000	2017-04-17	4132.68	A
USGS	14313000	2017-04-18	4133.19	A
USGS	14313000	2017-04-19	4133.75	A
USGS	14313000	2017-04-20	4134.16	A
USGS	14313000	2017-04-21	4134.70	A
USGS	14313000	2017-04-22	4135.26	A
USGS	14313000	2017-04-23	4135.91	A
USGS	14313000	2017-04-24	4136.67	A:e
USGS	14313000	2017-04-25	4137.43	A
USGS	14313000	2017-04-26	4138.53	A
USGS	14313000	2017-04-27	4139.39	A
USGS	14313000	2017-04-28	4140.24	A
USGS	14313000	2017-04-29	4141.00	A
USGS	14313000	2017-04-30	4141.65	A
USGS	14313000	2017-05-01	4142.38	A
USGS	14313000	2017-05-02	4142.99	A
USGS	14313000	2017-05-03	4143.54	A
USGS	14313000	2017-05-04	4144.48	A
USGS	14313000	2017-05-05	4144.93	A
USGS	14313000	2017-05-06	4145.32	A
USGS	14313000	2017-05-07	4145.55	A
USGS	14313000	2017-05-08	4145.71	A
USGS	14313000	2017-05-09	4145.83	A
USGS	14313000	2017-05-10	4146.12	A
USGS	14313000	2017-05-11	4146.48	A
USGS	14313000	2017-05-12	4146.74	A
USGS	14313000	2017-05-13	4146.89	A
USGS	14313000	2017-05-14	4146.95	A
USGS	14313000	2017-05-15	4146.86	A
USGS	14313000	2017-05-16	4146.81	A
USGS	14313000	2017-05-17	4146.83	A
USGS	14313000	2017-05-18	4146.77	A
USGS	14313000	2017-05-19	4146.94	A
USGS	14313000	2017-05-20	4147.13	A
USGS	14313000	2017-05-21	4147.54	A
USGS	14313000	2017-05-22	4147.90	A
USGS	14313000	2017-05-23	4148.04	A
USGS	14313000	2017-05-24	4148.05	A
USGS	14313000	2017-05-25	4147.97	A
USGS	14313000	2017-05-26	4147.97	A
USGS	14313000	2017-05-27	4147.99	A
USGS	14313000	2017-05-28	4148.02	A
USGS	14313000	2017-05-29	4148.11	A
USGS	14313000	2017-05-30	4148.23	A
USGS	14313000	2017-05-31	4148.14	A
USGS	14313000	2017-06-01	4148.13	A
USGS	14313000	2017-06-02	4147.93	A
USGS	14313000	2017-06-03	4147.93	A
USGS	14313000	2017-06-04	4147.98	A
USGS	14313000	2017-06-05	4147.97	A
USGS	14313000	2017-06-06	4147.91	A
USGS	14313000	2017-06-07	4147.85	A
USGS	14313000	2017-06-08	4147.91	A
USGS	14313000	2017-06-09	4147.91	A
USGS	14313000	2017-06-10	4147.84	A
USGS	14313000	2017-06-11	4147.74	A
USGS	14313000	2017-06-12	4147.70	A
USGS	14313000	2017-06-13	4147.69	A
USGS	14313000	2017-06-14	4147.60	A
USGS	14313000	2017-06-15	4147.65	A
USGS	14313000	2017-06-16	4147.85	A
USGS	14313000	2017-06-17	4147.93	A
USGS	14313000	2017-06-18	4147.99	A
USGS	14313000	2017-06-19	4148.05	A
USGS	14313000	2017-06-20	4148.06	A
USGS	14313000	2017-06-21	4147.93	A
USGS	14313000	2017-06-22	4147.85	A
USGS	14313000	2017-06-23	4147.89	A
USGS	14313000	2017-06-24	4148.02	A
USGS	14313000	2017-06-25	4148.02	A
USGS	14313000	2017-06-26	4147.93	A
USGS	14313000	2017-06-27	4147.84	A
USGS	14313000	2017-06-28	4147.75	A
USGS	14313000	2017-06-29	4147.69	A
USGS	14313000	2017-06-30	4147.59	A
USGS	14313000	2017-07-01	4147.72	A
USGS	14313000	2017-07-02	4147.85	A
USGS	14313000	2017-07-03	4147.84	A
USGS	14313000	2017-07-04	4147.87	A
USGS	14313000	2017-07-05	4147.84	A
USGS	14313000	2017-07-06	4147.66	A
USGS	14313000	2017-07-07	4147.69	A
USGS	14313000	2017-07-08	4147.77	A
USGS	14313000	2017-07-09	4147.85	A
USGS	14313000	2017-07-10	4147.86	A
USGS	14313000	2017-07-11	4147.87	A
USGS	14313000	2017-07-12	4147.78	A
USGS	14313000	2017-07-13	4147.75	A
USGS	14313000	2017-07-14	4147.70	A
USGS	14313000	2017-07-15	4147.75	A
USGS	14313000	2017-07-16	4147.80	A
USGS	14313000	2017-07-17	4147.85	A
USGS	14313000	2017-07-18	4147.78	A
USGS	14313000	2017-07-19	4147.75	A
USGS	14313000	2017-07-20	4147.78	A
USGS	14313000	2017-07-21	4147.75	A
USGS	14313000	2017-07-22	4147.83	A
USGS	14313000	2017-07-23	4147.91	A
USGS	14313000	2017-07-24	4147.92	A
USGS	14313000	2017-07-25	4147.79	A
USGS	14313000	2017-07-26	4147.73	A
USGS	14313000	2017-07-27	4147.70	A
USGS	14313000	2017-07-28	4147.70	A
USGS	14313000	2017-07-29	4147.73	A
USGS	14313000	2017-07-30	4147.75	A
USGS	14313000	2017-07-31	4147.77	A
USGS	14313000	2017-08-01	4147.73	A
USGS	14313000	2017-08-02	4147.63	A
USGS	14313000	2017-08-03	4147.69	A
USGS	14313000	2017-08-04	4147.66	A
USGS	14313000	2017-08-05	4147.69	A
USGS	14313000	2017-08-06	4147.69	A
USGS	14313000	2017-08-07	4147.71	A
USGS	14313000	2017-08-08	4147.77	A
USGS	14313000	2017-08-09	4147.78	A
USGS	14313000	2017-08-10	4147.82	A
USGS	14313000	2017-08-11	4147.80	A
USGS	14313000	2017-08-12	4147.89	A
USGS	14313000	2017-08-13	4147.93	A
USGS	14313000	2017-08-14	4147.89	A
USGS	14313000	2017-08-15	4147.96	A
USGS	14313000	2017-08-16	4147.84	A
USGS	14313000	2017-08-17	4147.93	A
USGS	14313000	2017-08-18	4147.95	A
USGS	14313000	2017-08-19	4147.95	A
USGS	14313000	2017-08-20	4147.96	A
USGS	14313000	2017-08-21	4147.94	A
USGS	14313000	2017-08-22	4147.90	A
USGS	14313000	2017-08-23	4147.77	A
USGS	14313000	2017-08-24	4147.71	A
USGS	14313000	2017-08-25	4147.69	A
USGS	14313000	2017-08-26	4147.67	A
USGS	14313000	2017-08-27	4147.66	A
USGS	14313000	2017-08-28	4147.61	A
USGS	14313000	2017-08-29	4147.60	A
USGS	14313000	2017-08-30	4147.56	A
USGS	14313000	2017-08-31	4147.57	A
USGS	14313000	2017-09-01	4147.62	A
USGS	14313000	2017-09-02	4147.65	A
USGS	14313000	2017-09-03	4147.68	A
USGS	14313000	2017-09-04	4147.70	A
USGS	14313000	2017-09-05	4147.69	A
USGS	14313000	2017-09-06	4147.63	A
USGS	14313000	2017-09-07	4147.53	A
USGS	14313000	2017-09-08	4147.42	A
USGS	14313000	2017-09-09	4147.19	A
USGS	14313000	2017-09-10	4146.86	A
USGS	14313000	2017-09-11	4146.42	A
USGS	14313000	2017-09-12	4145.90	A
USGS	14313000	2017-09-13	4145.59	A
USGS	14313000	2017-09-14	4145.29	A
USGS	14313000	2017-09-15	4144.90	A
USGS	14313000	2017-09-16	4144.47	A
USGS	14313000	2017-09-17	4144.11	A
USGS	14313000	2017-09-18	4143.79	A
USGS	14313000	2017-09-19	4143.57	A
USGS	14313000	2017-09-20	4143.34	A
USGS	14313000	2017-09-21	4142.86	A
USGS	14313000	2017-09-22	4142.45	A
USGS	14313000	2017-09-23	4141.92	A
USGS	14313000	2017-09-24	4141.46	A
USGS	14313000	2017-09-25	4141.02	A
USGS	14313000	2017-09-26	4140.56	A
USGS	14313000	2017-09-27	4140.11	A
USGS	14313000	2017-09-28	4139.74	A
USGS	14313000	2017-09-29	4139.23	A
USGS	14313000	2017-09-30	4138.85	A
USGS	14313000	2017-10-01	4138.34	A
USGS	14313000	2017-10-02	4137.93	A
USGS	14313000	2017-10-03	4137.41	A
USGS	14313000	2017-10-04	4136.99	A
USGS	14313000	2017-10-05	4136.54	A
USGS	14313000	2017-10-06	4136.13	A
USGS	14313000	2017-10-07	4135.74	A
USGS	14313000	2017-10-08	4135.26	A
USGS	14313000	2017-10-09	4134.82	A
USGS	14313000	2017-10-10	4134.41	A
USGS	14313000	2017-10-11	4133.84	A
USGS	14313000	2017-10-12	4133.43	A
USGS	14313000	2017-10-13	4133.12	A
USGS	14313000	2017-10-14	4132.63	A
USGS	14313000	2017-10-15	4132.29	A
USGS	14313000	2017-10-16	4131.78	A
USGS	14313000	2017-10-17	4131.27	A
USGS	14313000	2017-10-18	4130.86	A
USGS	14313000	2017-10-19	4130.51	A
USGS	14313000	2017-10-20	4130.01	A
USGS	14313000	2017-10-21	4129.68	A
USGS	14313000	2017-10-22	4129.74	A
USGS	14313000	2017-10-23	4129.20	A
USGS	14313000	2017-10-24	4128.91	A
USGS	14313000	2017-10-25	4128.31	A
USGS	14313000	2017-10-26	4127.99	A
USGS	14313000	2017-10-27	4127.40	A
USGS	14313000	2017-10-28	4126.84	A
USGS	14313000	2017-10-29	4126.49	A
USGS	14313000	2017-10-30	4126.00	A
USGS	14313000	2017-10-31	4125.61	A
USGS	14313000	2017-11-01	4125.36	A
USGS	14313000	2017-11-02	4124.91	A
USGS	14313000	2017-11-03	4124.56	A
USGS	14313000	2017-11-04	4124.48	A
USGS	14313000	2017-11-05	4124.38	A
USGS	14313000	2017-11-06	4124.25	A
USGS	14313000	2017-11-07	4124.21	A
USGS	14313000	2017-11-08	4124.46	A
USGS	14313000	2017-11-09	4124.45	A
USGS	14313000	2017-11-10	4124.39	A
USGS	14313000	2017-11-11	4124.45	A
USGS	14313000	2017-11-12	4124.26	A
USGS	14313000	2017-11-13	4124.37	A
USGS	14313000	2017-11-14	4124.22	A
USGS	14313000	2017-11-15	4124.24	A
USGS	14313000	2017-11-16	4124.24	A
USGS	14313000	2017-11-17	4124.15	A
USGS	14313000	2017-11-18	4124.04	A
USGS	14313000	2017-11-19	4124.19	A
USGS	14313000	2017-11-20	4125.09	A
USGS	14313000	2017-11-21	4125.96	A
USGS	14313000	2017-11-22	4126.31	A
USGS	14313000	2017-11-23	4127.00	A
USGS	14313000	2017-11-24	4128.32	A
USGS	14313000	2017-11-25	4128.77	A
USGS	14313000	2017-11-26	4129.04	A
USGS	14313000	2017-11-27	4128.75	A
USGS	14313000	2017-11-28	4128.36	A
USGS	14313000	2017-11-29	4127.86	A
USGS	14313000	2017-11-30	4127.52	A
USGS	14313000	2017-12-01	4127.15	A
USGS	14313000	2017-12-02	4126.77	A
USGS	14313000	2017-12-03	4126.38	A
USGS	14313000	2017-12-04	4125.80	A
USGS	14313000	2017-12-05	4125.37	A
USGS	14313000	2017-12-06	4124.86	A
USGS	14313000	2017-12-07	4124.50	A
USGS	14313000	2017-12-08	4124.33	A
USGS	14313000	2017-12-09	4124.27	A
USGS	14313000	2017-12-10	4124.19	A
USGS	14313000	2017-12-11	4124.05	A
USGS	14313000	2017-12-12	4124.04	A
USGS	14313000	2017-12-13	4124.11	A
USGS	14313000	2017-12-14	4124.06	A
USGS	14313000	2017-12-15	4124.07	A
USGS	14313000	2017-12-16	4124.18	A
USGS	14313000	2017-12-17	4124.08	A
USGS	14313000	2017-12-18	4124.22	A
USGS	14313000	2017-12-19	4124.25	A
USGS	14313000	2017-12-20	4124.41	A
USGS	14313000	2017-12-21	4124.42	A
USGS	14313000	2017-12-22	4124.37	A
USGS	14313000	2017-12-23	4124.40	A
USGS	14313000	2017-12-24	4124.50	A
USGS	14313000	2017-12-25	4124.50	A
USGS	14313000	2017-12-26	4124.38	A
USGS	14313000	2017-12-27	4124.46	A
USGS	14313000	2017-12-28	4124.42	A
USGS	14313000	2017-12-29	4124.42	A
USGS	14313000	2017-12-30	4124.52	A
USGS	14313000	2017-12-31	4124.52	A
USGS	14313000	2018-01-01	4124.42	A
