agency_cd	site_no	datetime	216844_00054_32400	216844_00054_32400_cd
5s	15s	20d	14n	10s
USGS	11361400	2013-01-01	34000	A
USGS	11361400	2013-01-02	33880	A
USGS	11361400	2013-01-03	33910	A
USGS	11361400	2013-01-04	33970	A
USGS	11361400	2013-01-05	34310	A
USGS	11361400	2013-01-06	33850	A
USGS	11361400	2013-01-07	33950	A
USGS	11361400	2013-01-08	34160	A
USGS	11361400	2013-01-09	34340	A
USGS	11361400	2013-01-10	34250	A
USGS	11361400	2013-01-11	34010	A
USGS	11361400	2013-01-12	33790	A
USGS	11361400	2013-01-13	33790	A
USGS	11361400	2013-01-14	33600	A
USGS	11361400	2013-01-15	33680	A
USGS	11361400	2013-01-16	33650	A
USGS	11361400	2013-01-17	33810	A
USGS	11361400	2013-01-18	33740	A
USGS	11361400	2013-01-19	33660	A
USGS	11361400	2013-01-20	33800	A
USGS	11361400	2013-01-21	33810	A
USGS	11361400	2013-01-22	33860	A
USGS	11361400	2013-01-23	33830	A
USGS	11361400	2013-01-24	34340	A
USGS	11361400	2013-01-25	34280	A
USGS	11361400	2013-01-26	34180	A
USGS	11361400	2013-01-27	33960	A
USGS	11361400	2013-01-28	33850	A
USGS	11361400	2013-01-29	34190	A
USGS	11361400	2013-01-30	34000	A
USGS	11361400	2013-01-31	34270	A
USGS	11361400	2013-02-01	34270	A
USGS	11361400	2013-02-02	33870	A
USGS	11361400	2013-02-03	33740	A
USGS	11361400	2013-02-04	34140	A
USGS	11361400	2013-02-05	34020	A
USGS	11361400	2013-02-06	34470	A
USGS	11361400	2013-02-07	34850	A
USGS	11361400	2013-02-08	34920	A
USGS	11361400	2013-02-09	34050	A
USGS	11361400	2013-02-10	33640	A
USGS	11361400	2013-02-11	34160	A
USGS	11361400	2013-02-12	34440	A
USGS	11361400	2013-02-13	34410	A
USGS	11361400	2013-02-14	34180	A
USGS	11361400	2013-02-15	33980	A
USGS	11361400	2013-02-16	33870	A
USGS	11361400	2013-02-17	33690	A
USGS	11361400	2013-02-18	33640	A
USGS	11361400	2013-02-19	33890	A
USGS	11361400	2013-02-20	34330	A
USGS	11361400	2013-02-21	34420	A
USGS	11361400	2013-02-22	34450	A
USGS	11361400	2013-02-23	33630	A
USGS	11361400	2013-02-24	33520	A
USGS	11361400	2013-02-25	35000	A
USGS	11361400	2013-02-26	34550	A
USGS	11361400	2013-02-27	34410	A
USGS	11361400	2013-02-28	34210	A
USGS	11361400	2013-03-01	34070	A
USGS	11361400	2013-03-02	33590	A
USGS	11361400	2013-03-03	33610	A
USGS	11361400	2013-03-04	34470	A
USGS	11361400	2013-03-05	34520	A
USGS	11361400	2013-03-06	35180	A
USGS	11361400	2013-03-07	35180	A
USGS	11361400	2013-03-08	35180	A
USGS	11361400	2013-03-09	35520	A
USGS	11361400	2013-03-10	35560	A
USGS	11361400	2013-03-11	35600	A
USGS	11361400	2013-03-12	35810	A
USGS	11361400	2013-03-13	35830	A
USGS	11361400	2013-03-14	35840	A
USGS	11361400	2013-03-15	36050	A
USGS	11361400	2013-03-16	36090	A
USGS	11361400	2013-03-17	36090	A
USGS	11361400	2013-03-18	35920	A
USGS	11361400	2013-03-19	35830	A
USGS	11361400	2013-03-20	35770	A
USGS	11361400	2013-03-21	35800	A
USGS	11361400	2013-03-22	35700	A
USGS	11361400	2013-03-23	35430	A
USGS	11361400	2013-03-24	36550	A
USGS	11361400	2013-03-25	36720	A
USGS	11361400	2013-03-26	36710	A
USGS	11361400	2013-03-27	36780	A
USGS	11361400	2013-03-28	36700	A
USGS	11361400	2013-03-29	36070	A
USGS	11361400	2013-03-30	35440	A
USGS	11361400	2013-03-31	35030	A
USGS	11361400	2013-04-01	34810	A
USGS	11361400	2013-04-02	33870	A
USGS	11361400	2013-04-03	33820	A
USGS	11361400	2013-04-04	33810	A
USGS	11361400	2013-04-05	34240	A
USGS	11361400	2013-04-06	34220	A
USGS	11361400	2013-04-07	34280	A
USGS	11361400	2013-04-08	34370	A
USGS	11361400	2013-04-09	34250	A
USGS	11361400	2013-04-10	34000	A
USGS	11361400	2013-04-11	34020	A
USGS	11361400	2013-04-12	34360	A
USGS	11361400	2013-04-13	33700	A
USGS	11361400	2013-04-14	33980	A
USGS	11361400	2013-04-15	33790	A
USGS	11361400	2013-04-16	34140	A
USGS	11361400	2013-04-17	34300	A
USGS	11361400	2013-04-18	34060	A
USGS	11361400	2013-04-19	33610	A
USGS	11361400	2013-04-20	33720	A
USGS	11361400	2013-04-21	34050	A
USGS	11361400	2013-04-22	33640	A
USGS	11361400	2013-04-23	34090	A
USGS	11361400	2013-04-24	34260	A
USGS	11361400	2013-04-25	33970	A
USGS	11361400	2013-04-26	34090	A
USGS	11361400	2013-04-27	33980	A
USGS	11361400	2013-04-28	34140	A
USGS	11361400	2013-04-29	34200	A
USGS	11361400	2013-04-30	34200	A
USGS	11361400	2013-05-01	34550	A
USGS	11361400	2013-05-02	34650	A
USGS	11361400	2013-05-03	34590	A
USGS	11361400	2013-05-04	35500	A
USGS	11361400	2013-05-05	35670	A
USGS	11361400	2013-05-06	35280	A
USGS	11361400	2013-05-07	34810	A
USGS	11361400	2013-05-08	35840	A
USGS	11361400	2013-05-09	35720	A
USGS	11361400	2013-05-10	35320	A
USGS	11361400	2013-05-11	35170	A
USGS	11361400	2013-05-12	34670	A
USGS	11361400	2013-05-13	33990	A
USGS	11361400	2013-05-14	33900	A
USGS	11361400	2013-05-15	34400	A
USGS	11361400	2013-05-16	35210	A
USGS	11361400	2013-05-17	35360	A
USGS	11361400	2013-05-18	35590	A
USGS	11361400	2013-05-19	35810	A
USGS	11361400	2013-05-20	35670	A
USGS	11361400	2013-05-21	34930	A
USGS	11361400	2013-05-22	34880	A
USGS	11361400	2013-05-23	35090	A
USGS	11361400	2013-05-24	34840	A
USGS	11361400	2013-05-25	34720	A
USGS	11361400	2013-05-26	34790	A
USGS	11361400	2013-05-27	34370	A
USGS	11361400	2013-05-28	34040	A
USGS	11361400	2013-05-29	34350	A
USGS	11361400	2013-05-30	34680	A
USGS	11361400	2013-05-31	34640	A
USGS	11361400	2013-06-01	34730	A
USGS	11361400	2013-06-02	34820	A
USGS	11361400	2013-06-03	34060	A
USGS	11361400	2013-06-04	33800	A
USGS	11361400	2013-06-05	33950	A
USGS	11361400	2013-06-06	34070	A
USGS	11361400	2013-06-07	33500	A
USGS	11361400	2013-06-08	33640	A
USGS	11361400	2013-06-09	34100	A
USGS	11361400	2013-06-10	33790	A
USGS	11361400	2013-06-11	33930	A
USGS	11361400	2013-06-12	33820	A
USGS	11361400	2013-06-13	33800	A
USGS	11361400	2013-06-14	33860	A
USGS	11361400	2013-06-15	34220	A
USGS	11361400	2013-06-16	34910	A
USGS	11361400	2013-06-17	35050	A
USGS	11361400	2013-06-18	35200	A
USGS	11361400	2013-06-19	35340	A
USGS	11361400	2013-06-20	35360	A
USGS	11361400	2013-06-21	35180	A
USGS	11361400	2013-06-22	34780	A
USGS	11361400	2013-06-23	34690	A
USGS	11361400	2013-06-24	34540	A
USGS	11361400	2013-06-25	34850	A
USGS	11361400	2013-06-26	35590	A
USGS	11361400	2013-06-27	35830	A
USGS	11361400	2013-06-28	35670	A
USGS	11361400	2013-06-29	35390	A
USGS	11361400	2013-06-30	36690	A
USGS	11361400	2013-07-01	37360	A
USGS	11361400	2013-07-02	38050	A
USGS	11361400	2013-07-03	38050	A
USGS	11361400	2013-07-04	38100	A
USGS	11361400	2013-07-05	38020	A
USGS	11361400	2013-07-06	37790	A
USGS	11361400	2013-07-07	37610	A
USGS	11361400	2013-07-08	37220	A
USGS	11361400	2013-07-09	36920	A
USGS	11361400	2013-07-10	36580	A
USGS	11361400	2013-07-11	36220	A
USGS	11361400	2013-07-12	35900	A
USGS	11361400	2013-07-13	35490	A
USGS	11361400	2013-07-14	35120	A
USGS	11361400	2013-07-15	34870	A
USGS	11361400	2013-07-16	35610	A
USGS	11361400	2013-07-17	35850	A
USGS	11361400	2013-07-18	36030	A
USGS	11361400	2013-07-19	36040	A
USGS	11361400	2013-07-20	36020	A
USGS	11361400	2013-07-21	36080	A
USGS	11361400	2013-07-22	36050	A
USGS	11361400	2013-07-23	36050	A
USGS	11361400	2013-07-24	36010	A
USGS	11361400	2013-07-25	35920	A
USGS	11361400	2013-07-26	35800	A
USGS	11361400	2013-07-27	35940	A
USGS	11361400	2013-07-28	35990	A
USGS	11361400	2013-07-29	35910	A
USGS	11361400	2013-07-30	35900	A
USGS	11361400	2013-07-31	35840	A
USGS	11361400	2013-08-01	35860	A
USGS	11361400	2013-08-02	35900	A
USGS	11361400	2013-08-03	35450	A
USGS	11361400	2013-08-04	34980	A
USGS	11361400	2013-08-05	33980	A
USGS	11361400	2013-08-06	33880	A
USGS	11361400	2013-08-07	34030	A
USGS	11361400	2013-08-08	34360	A
USGS	11361400	2013-08-09	34980	A
USGS	11361400	2013-08-10	35220	A
USGS	11361400	2013-08-11	35350	A
USGS	11361400	2013-08-12	35500	A
USGS	11361400	2013-08-13	35560	A
USGS	11361400	2013-08-14	35490	A
USGS	11361400	2013-08-15	35400	A
USGS	11361400	2013-08-16	35120	A
USGS	11361400	2013-08-17	35100	A
USGS	11361400	2013-08-18	35100	A
USGS	11361400	2013-08-19	34930	A
USGS	11361400	2013-08-20	34730	A
USGS	11361400	2013-08-21	34310	A
USGS	11361400	2013-08-22	34210	A
USGS	11361400	2013-08-23	34530	A
USGS	11361400	2013-08-24	36830	A
USGS	11361400	2013-08-25	36820	A
USGS	11361400	2013-08-26	36820	A
USGS	11361400	2013-08-27	36790	A
USGS	11361400	2013-08-28	36780	A
USGS	11361400	2013-08-29	36680	A
USGS	11361400	2013-08-30	36590	A
USGS	11361400	2013-08-31	36470	A
USGS	11361400	2013-09-01	36460	A
USGS	11361400	2013-09-02	36380	A
USGS	11361400	2013-09-03	36400	A
USGS	11361400	2013-09-04	36380	A
USGS	11361400	2013-09-05	36230	A
USGS	11361400	2013-09-06	36220	A
USGS	11361400	2013-09-07	36130	A
USGS	11361400	2013-09-08	36080	A
USGS	11361400	2013-09-09	36040	A
USGS	11361400	2013-09-10	36030	A
USGS	11361400	2013-09-11	35890	A
USGS	11361400	2013-09-12	35820	A
USGS	11361400	2013-09-13	35770	A
USGS	11361400	2013-09-14	35700	A
USGS	11361400	2013-09-15	35550	A
USGS	11361400	2013-09-16	35570	A
USGS	11361400	2013-09-17	35550	A
USGS	11361400	2013-09-18	35600	A
USGS	11361400	2013-09-19	35460	A
USGS	11361400	2013-09-20	35220	A
USGS	11361400	2013-09-21	35400	A
USGS	11361400	2013-09-22	35590	A
USGS	11361400	2013-09-23	35560	A
USGS	11361400	2013-09-24	35410	A
USGS	11361400	2013-09-25	34660	A
USGS	11361400	2013-09-26	34860	A
USGS	11361400	2013-09-27	34240	A
USGS	11361400	2013-09-28	34260	A
USGS	11361400	2013-09-29	34130	A
USGS	11361400	2013-09-30	33640	A
USGS	11361400	2013-10-01	33800	A
USGS	11361400	2013-10-02	33900	A
USGS	11361400	2013-10-03	33900	A
USGS	11361400	2013-10-04	34100	A
USGS	11361400	2013-10-05	34200	A
USGS	11361400	2013-10-06	34900	A
USGS	11361400	2013-10-07	35100	A
USGS	11361400	2013-10-08	35200	A
USGS	11361400	2013-10-09	35200	A
USGS	11361400	2013-10-10	35100	A
USGS	11361400	2013-10-11	35000	A
USGS	11361400	2013-10-12	35000	A
USGS	11361400	2013-10-13	35100	A
USGS	11361400	2013-10-14	34900	A
USGS	11361400	2013-10-15	34800	A
USGS	11361400	2013-10-16	34500	A
USGS	11361400	2013-10-17	34300	A
USGS	11361400	2013-10-18	34200	A
USGS	11361400	2013-10-19	34300	A
USGS	11361400	2013-10-20	34700	A
USGS	11361400	2013-10-21	34500	A
USGS	11361400	2013-10-22	33900	A
USGS	11361400	2013-10-23	33800	A
USGS	11361400	2013-10-24	33700	A
USGS	11361400	2013-10-25	33600	A
USGS	11361400	2013-10-26	33800	A
USGS	11361400	2013-10-27	34000	A
USGS	11361400	2013-10-28	34000	A
USGS	11361400	2013-10-29	34000	A
USGS	11361400	2013-10-30	34000	A
USGS	11361400	2013-10-31	34100	A
USGS	11361400	2013-11-01	34000	A
USGS	11361400	2013-11-02	34200	A
USGS	11361400	2013-11-03	34300	A
USGS	11361400	2013-11-04	34900	A
USGS	11361400	2013-11-05	35400	A
USGS	11361400	2013-11-06	35400	A
USGS	11361400	2013-11-07	35400	A
USGS	11361400	2013-11-08	35300	A
USGS	11361400	2013-11-09	35300	A
USGS	11361400	2013-11-10	35400	A
USGS	11361400	2013-11-11	35300	A
USGS	11361400	2013-11-12	34600	A
USGS	11361400	2013-11-13	34200	A
USGS	11361400	2013-11-14	33600	A
USGS	11361400	2013-11-15	35600	A
USGS	11361400	2013-11-16	35100	A
USGS	11361400	2013-11-17	34400	A
USGS	11361400	2013-11-18	34500	A
USGS	11361400	2013-11-19	33900	A
USGS	11361400	2013-11-20	33900	A
USGS	11361400	2013-11-21	34000	A
USGS	11361400	2013-11-22	34100	A
USGS	11361400	2013-11-23	33800	A
USGS	11361400	2013-11-24	33800	A
USGS	11361400	2013-11-25	33800	A
USGS	11361400	2013-11-26	34000	A
USGS	11361400	2013-11-27	34300	A
USGS	11361400	2013-11-28	33800	A
USGS	11361400	2013-11-29	34200	A
USGS	11361400	2013-11-30	33900	A
USGS	11361400	2013-12-01	33700	A
USGS	11361400	2013-12-02	34200	A
USGS	11361400	2013-12-03	33600	A
USGS	11361400	2013-12-04	34000	A
USGS	11361400	2013-12-05	33800	A
USGS	11361400	2013-12-06	33700	A
USGS	11361400	2013-12-07	33900	A
USGS	11361400	2013-12-08	33900	A
USGS	11361400	2013-12-09	33700	A
USGS	11361400	2013-12-10	33800	A
USGS	11361400	2013-12-11	33800	A
USGS	11361400	2013-12-12	33800	A
USGS	11361400	2013-12-13	33600	A
USGS	11361400	2013-12-14	33600	A
USGS	11361400	2013-12-15	33700	A
USGS	11361400	2013-12-16	33800	A
USGS	11361400	2013-12-17	33900	A
USGS	11361400	2013-12-18	34300	A
USGS	11361400	2013-12-19	34000	A
USGS	11361400	2013-12-20	33800	A
USGS	11361400	2013-12-21	33900	A
USGS	11361400	2013-12-22	34000	A
USGS	11361400	2013-12-23	33900	A
USGS	11361400	2013-12-24	33800	A
USGS	11361400	2013-12-25	34000	A
USGS	11361400	2013-12-26	34000	A
USGS	11361400	2013-12-27	34000	A
USGS	11361400	2013-12-28	34100	A
USGS	11361400	2013-12-29	33900	A
USGS	11361400	2013-12-30	33800	A
USGS	11361400	2013-12-31	33700	A
USGS	11361400	2014-01-01	33800	A
USGS	11361400	2014-01-02	33700	A
USGS	11361400	2014-01-03	33600	A
USGS	11361400	2014-01-04	33700	A
USGS	11361400	2014-01-05	33700	A
USGS	11361400	2014-01-06	33700	A
USGS	11361400	2014-01-07	33700	A
USGS	11361400	2014-01-08	33700	A
USGS	11361400	2014-01-09	33600	A
USGS	11361400	2014-01-10	33700	A
USGS	11361400	2014-01-11	33900	A
USGS	11361400	2014-01-12	34000	A
USGS	11361400	2014-01-13	33900	A
USGS	11361400	2014-01-14	33900	A
USGS	11361400	2014-01-15	33700	A
USGS	11361400	2014-01-16	33800	A
USGS	11361400	2014-01-17	33700	A
USGS	11361400	2014-01-18	33600	A
USGS	11361400	2014-01-19	33700	A
USGS	11361400	2014-01-20	33700	A
USGS	11361400	2014-01-21	33800	A
USGS	11361400	2014-01-22	33700	A
USGS	11361400	2014-01-23	33600	A
USGS	11361400	2014-01-24	33600	A
USGS	11361400	2014-01-25	33700	A
USGS	11361400	2014-01-26	33700	A
USGS	11361400	2014-01-27	33700	A
USGS	11361400	2014-01-28	33700	A
USGS	11361400	2014-01-29	33600	A
USGS	11361400	2014-01-30	33600	A
USGS	11361400	2014-01-31	33600	A
USGS	11361400	2014-02-01	33700	A
USGS	11361400	2014-02-02	34000	A
USGS	11361400	2014-02-03	33700	A
USGS	11361400	2014-02-04	33600	A
USGS	11361400	2014-02-05	33600	A
USGS	11361400	2014-02-06	33700	A
USGS	11361400	2014-02-07	33700	A
USGS	11361400	2014-02-08	33900	A
USGS	11361400	2014-02-09	34300	A
USGS	11361400	2014-02-10	34300	A
USGS	11361400	2014-02-11	33900	A
USGS	11361400	2014-02-12	33600	A
USGS	11361400	2014-02-13	33700	A
USGS	11361400	2014-02-14	34000	A
USGS	11361400	2014-02-15	34100	A
USGS	11361400	2014-02-16	34200	A
USGS	11361400	2014-02-17	34500	A
USGS	11361400	2014-02-18	34300	A
USGS	11361400	2014-02-19	34300	A
USGS	11361400	2014-02-20	34300	A
USGS	11361400	2014-02-21	34000	A
USGS	11361400	2014-02-22	33700	A
USGS	11361400	2014-02-23	33800	A
USGS	11361400	2014-02-24	34000	A
USGS	11361400	2014-02-25	34300	A
USGS	11361400	2014-02-26	34000	A
USGS	11361400	2014-02-27	33800	A
USGS	11361400	2014-02-28	33900	A
USGS	11361400	2014-03-01	34100	A
USGS	11361400	2014-03-02	34300	A
USGS	11361400	2014-03-03	34300	A
USGS	11361400	2014-03-04	34200	A
USGS	11361400	2014-03-05	34000	A
USGS	11361400	2014-03-06	34100	A
USGS	11361400	2014-03-07	34300	A
USGS	11361400	2014-03-08	34100	A
USGS	11361400	2014-03-09	34100	A
USGS	11361400	2014-03-10	34500	A
USGS	11361400	2014-03-11	34300	A
USGS	11361400	2014-03-12	33900	A
USGS	11361400	2014-03-13	33900	A
USGS	11361400	2014-03-14	33900	A
USGS	11361400	2014-03-15	34100	A
USGS	11361400	2014-03-16	36400	A
USGS	11361400	2014-03-17	36800	A
USGS	11361400	2014-03-18	36800	A
USGS	11361400	2014-03-19	36700	A
USGS	11361400	2014-03-20	36700	A
USGS	11361400	2014-03-21	36700	A
USGS	11361400	2014-03-22	36600	A
USGS	11361400	2014-03-23	36700	A
USGS	11361400	2014-03-24	36600	A
USGS	11361400	2014-03-25	36600	A
USGS	11361400	2014-03-26	36700	A
USGS	11361400	2014-03-27	36700	A
USGS	11361400	2014-03-28	36700	A
USGS	11361400	2014-03-29	37000	A
USGS	11361400	2014-03-30	37300	A
USGS	11361400	2014-03-31	37200	A
USGS	11361400	2014-04-01	37200	A
USGS	11361400	2014-04-02	37000	A
USGS	11361400	2014-04-03	36900	A
USGS	11361400	2014-04-04	37000	A
USGS	11361400	2014-04-05	36900	A
USGS	11361400	2014-04-06	36800	A
USGS	11361400	2014-04-07	36900	A
USGS	11361400	2014-04-08	36900	A
USGS	11361400	2014-04-09	36000	A
USGS	11361400	2014-04-10	35600	A
USGS	11361400	2014-04-11	35400	A
USGS	11361400	2014-04-12	35000	A
USGS	11361400	2014-04-13	33500	A
USGS	11361400	2014-04-14	33700	A
USGS	11361400	2014-04-15	33900	A
USGS	11361400	2014-04-16	34100	A
USGS	11361400	2014-04-17	34000	A
USGS	11361400	2014-04-18	33800	A
USGS	11361400	2014-04-19	33800	A
USGS	11361400	2014-04-20	33800	A
USGS	11361400	2014-04-21	33600	A
USGS	11361400	2014-04-22	33600	A
USGS	11361400	2014-04-23	33800	A
USGS	11361400	2014-04-24	33800	A
USGS	11361400	2014-04-25	34100	A
USGS	11361400	2014-04-26	34400	A
USGS	11361400	2014-04-27	34700	A
USGS	11361400	2014-04-28	34700	A
USGS	11361400	2014-04-29	34500	A
USGS	11361400	2014-04-30	34200	A
USGS	11361400	2014-05-01	33800	A
USGS	11361400	2014-05-02	33700	A
USGS	11361400	2014-05-03	33700	A
USGS	11361400	2014-05-04	33600	A
USGS	11361400	2014-05-05	33800	A
USGS	11361400	2014-05-06	33800	A
USGS	11361400	2014-05-07	33900	A
USGS	11361400	2014-05-08	33800	A
USGS	11361400	2014-05-09	33800	A
USGS	11361400	2014-05-10	34800	A
USGS	11361400	2014-05-11	34600	A
USGS	11361400	2014-05-12	34500	A
USGS	11361400	2014-05-13	34500	A
USGS	11361400	2014-05-14	34500	A
USGS	11361400	2014-05-15	34300	A
USGS	11361400	2014-05-16	34200	A
USGS	11361400	2014-05-17	34100	A
USGS	11361400	2014-05-18	33800	A
USGS	11361400	2014-05-19	33600	A
USGS	11361400	2014-05-20	33800	A
USGS	11361400	2014-05-21	34000	A
USGS	11361400	2014-05-22	34200	A
USGS	11361400	2014-05-23	33800	A
USGS	11361400	2014-05-24	33700	A
USGS	11361400	2014-05-25	33600	A
USGS	11361400	2014-05-26	33500	A
USGS	11361400	2014-05-27	33700	A
USGS	11361400	2014-05-28	34000	A
USGS	11361400	2014-05-29	34100	A
USGS	11361400	2014-05-30	34400	A
USGS	11361400	2014-05-31	34300	A
USGS	11361400	2014-06-01	34200	A
USGS	11361400	2014-06-02	34000	A
USGS	11361400	2014-06-03	34000	A
USGS	11361400	2014-06-04	34000	A
USGS	11361400	2014-06-05	34000	A
USGS	11361400	2014-06-06	33800	A
USGS	11361400	2014-06-07	33700	A
USGS	11361400	2014-06-08	33900	A
USGS	11361400	2014-06-09	33600	A
USGS	11361400	2014-06-10	33900	A
USGS	11361400	2014-06-11	33900	A
USGS	11361400	2014-06-12	33900	A
USGS	11361400	2014-06-13	34000	A
USGS	11361400	2014-06-14	34100	A
USGS	11361400	2014-06-15	34400	A
USGS	11361400	2014-06-16	34600	A
USGS	11361400	2014-06-17	34700	A
USGS	11361400	2014-06-18	34800	A
USGS	11361400	2014-06-19	34900	A
USGS	11361400	2014-06-20	34500	A
USGS	11361400	2014-06-21	34400	A
USGS	11361400	2014-06-22	34600	A
USGS	11361400	2014-06-23	34400	A
USGS	11361400	2014-06-24	34200	A
USGS	11361400	2014-06-25	34100	A
USGS	11361400	2014-06-26	34200	A
USGS	11361400	2014-06-27	34400	A
USGS	11361400	2014-06-28	34500	A
USGS	11361400	2014-06-29	34500	A
USGS	11361400	2014-06-30	34300	A
USGS	11361400	2014-07-01	34000	A
USGS	11361400	2014-07-02	34100	A
USGS	11361400	2014-07-03	34200	A
USGS	11361400	2014-07-04	34400	A
USGS	11361400	2014-07-05	34600	A
USGS	11361400	2014-07-06	34800	A
USGS	11361400	2014-07-07	34200	A
USGS	11361400	2014-07-08	33800	A
USGS	11361400	2014-07-09	33800	A
USGS	11361400	2014-07-10	34000	A
USGS	11361400	2014-07-11	34200	A
USGS	11361400	2014-07-12	34100	A
USGS	11361400	2014-07-13	34200	A
USGS	11361400	2014-07-14	33900	A
USGS	11361400	2014-07-15	33900	A
USGS	11361400	2014-07-16	34100	A
USGS	11361400	2014-07-17	34400	A
USGS	11361400	2014-07-18	34300	A
USGS	11361400	2014-07-19	34400	A
USGS	11361400	2014-07-20	34900	A
USGS	11361400	2014-07-21	34600	A
USGS	11361400	2014-07-22	34300	A
USGS	11361400	2014-07-23	34300	A
USGS	11361400	2014-07-24	34200	A
USGS	11361400	2014-07-25	34200	A
USGS	11361400	2014-07-26	35000	A
USGS	11361400	2014-07-27	34600	A
USGS	11361400	2014-07-28	34200	A
USGS	11361400	2014-07-29	34000	A
USGS	11361400	2014-07-30	33900	A
USGS	11361400	2014-07-31	33900	A
USGS	11361400	2014-08-01	34000	A
USGS	11361400	2014-08-02	33900	A
USGS	11361400	2014-08-03	34400	A
USGS	11361400	2014-08-04	34500	A
USGS	11361400	2014-08-05	34400	A
USGS	11361400	2014-08-06	34400	A
USGS	11361400	2014-08-07	34500	A
USGS	11361400	2014-08-08	34300	A
USGS	11361400	2014-08-09	34500	A
USGS	11361400	2014-08-10	34500	A
USGS	11361400	2014-08-11	34700	A
USGS	11361400	2014-08-12	34400	A
USGS	11361400	2014-08-13	33900	A
USGS	11361400	2014-08-14	33700	A
USGS	11361400	2014-08-15	33800	A
USGS	11361400	2014-08-16	33800	A
USGS	11361400	2014-08-17	34100	A
USGS	11361400	2014-08-18	33800	A
USGS	11361400	2014-08-19	33800	A
USGS	11361400	2014-08-20	33500	A
USGS	11361400	2014-08-21	33600	A
USGS	11361400	2014-08-22	33800	A
USGS	11361400	2014-08-23	34000	A
USGS	11361400	2014-08-24	33700	A
USGS	11361400	2014-08-25	33800	A
USGS	11361400	2014-08-26	34000	A
USGS	11361400	2014-08-27	33600	A
USGS	11361400	2014-08-28	33800	A
USGS	11361400	2014-08-29	34000	A
USGS	11361400	2014-08-30	33900	A
USGS	11361400	2014-08-31	34000	A
USGS	11361400	2014-09-01	34000	A
USGS	11361400	2014-09-02	33600	A
USGS	11361400	2014-09-03	33700	A
USGS	11361400	2014-09-04	33700	A
USGS	11361400	2014-09-05	34000	A
USGS	11361400	2014-09-06	33900	A
USGS	11361400	2014-09-07	33800	A
USGS	11361400	2014-09-08	33800	A
USGS	11361400	2014-09-09	33800	A
USGS	11361400	2014-09-10	33800	A
USGS	11361400	2014-09-11	33800	A
USGS	11361400	2014-09-12	33700	A
USGS	11361400	2014-09-13	33800	A
USGS	11361400	2014-09-14	33900	A
USGS	11361400	2014-09-15	33800	A
USGS	11361400	2014-09-16	33700	A
USGS	11361400	2014-09-17	33700	A
USGS	11361400	2014-09-18	33700	A
USGS	11361400	2014-09-19	33700	A
USGS	11361400	2014-09-20	33800	A
USGS	11361400	2014-09-21	33800	A
USGS	11361400	2014-09-22	33800	A
USGS	11361400	2014-09-23	33900	A
USGS	11361400	2014-09-24	33900	A
USGS	11361400	2014-09-25	34000	A
USGS	11361400	2014-09-26	34000	A
USGS	11361400	2014-09-27	34100	A
USGS	11361400	2014-09-28	34100	A
USGS	11361400	2014-09-29	33900	A
USGS	11361400	2014-09-30	33800	A
USGS	11361400	2014-10-01	33700	A
USGS	11361400	2014-10-02	33700	A
USGS	11361400	2014-10-03	33800	A
USGS	11361400	2014-10-04	33600	A
USGS	11361400	2014-10-05	33900	A
USGS	11361400	2014-10-06	33900	A
USGS	11361400	2014-10-07	33900	A
USGS	11361400	2014-10-08	34000	A
USGS	11361400	2014-10-09	34000	A
USGS	11361400	2014-10-10	34000	A
USGS	11361400	2014-10-11	33900	A
USGS	11361400	2014-10-12	33700	A
USGS	11361400	2014-10-13	33900	A
USGS	11361400	2014-10-14	34000	A
USGS	11361400	2014-10-15	33700	A
USGS	11361400	2014-10-16	33700	A
USGS	11361400	2014-10-17	33900	A
USGS	11361400	2014-10-18	34000	A
USGS	11361400	2014-10-19	34000	A
USGS	11361400	2014-10-20	33800	A
USGS	11361400	2014-10-21	33600	A
USGS	11361400	2014-10-22	33800	A
USGS	11361400	2014-10-23	33700	A
USGS	11361400	2014-10-24	33600	A
USGS	11361400	2014-10-25	33700	A
USGS	11361400	2014-10-26	33700	A
USGS	11361400	2014-10-27	33800	A
USGS	11361400	2014-10-28	33700	A
USGS	11361400	2014-10-29	33900	A
USGS	11361400	2014-10-30	33900	A
USGS	11361400	2014-10-31	33900	A
USGS	11361400	2014-11-01	34000	A
USGS	11361400	2014-11-02	33900	A
USGS	11361400	2014-11-03	33800	A
USGS	11361400	2014-11-04	33800	A
USGS	11361400	2014-11-05	34100	A
USGS	11361400	2014-11-06	33800	A
USGS	11361400	2014-11-07	33800	A
USGS	11361400	2014-11-08	33700	A
USGS	11361400	2014-11-09	33600	A
USGS	11361400	2014-11-10	33600	A
USGS	11361400	2014-11-11	33700	A
USGS	11361400	2014-11-12	33700	A
USGS	11361400	2014-11-13	33900	A
USGS	11361400	2014-11-14	34000	A
USGS	11361400	2014-11-15	33900	A
USGS	11361400	2014-11-16	33800	A
USGS	11361400	2014-11-17	33900	A
USGS	11361400	2014-11-18	33800	A
USGS	11361400	2014-11-19	33700	A
USGS	11361400	2014-11-20	33600	A
USGS	11361400	2014-11-21	33800	A
USGS	11361400	2014-11-22	33700	A
USGS	11361400	2014-11-23	33800	A
USGS	11361400	2014-11-24	33600	A
USGS	11361400	2014-11-25	33700	A
USGS	11361400	2014-11-26	33600	A
USGS	11361400	2014-11-27	33700	A
USGS	11361400	2014-11-28	33700	A
USGS	11361400	2014-11-29	33600	A
USGS	11361400	2014-11-30	33700	A
USGS	11361400	2014-12-01	33700	A
USGS	11361400	2014-12-02	33700	A
USGS	11361400	2014-12-03	33900	A
USGS	11361400	2014-12-04	33900	A
USGS	11361400	2014-12-05	33800	A
USGS	11361400	2014-12-06	33700	A
USGS	11361400	2014-12-07	33800	A
USGS	11361400	2014-12-08	33500	A
USGS	11361400	2014-12-09	33500	A
USGS	11361400	2014-12-10	33500	A
USGS	11361400	2014-12-11	34200	A
USGS	11361400	2014-12-12	33900	A
USGS	11361400	2014-12-13	33600	A
USGS	11361400	2014-12-14	33600	A
USGS	11361400	2014-12-15	33800	A
USGS	11361400	2014-12-16	33800	A
USGS	11361400	2014-12-17	33600	A
USGS	11361400	2014-12-18	33800	A
USGS	11361400	2014-12-19	33900	A
USGS	11361400	2014-12-20	33800	A
USGS	11361400	2014-12-21	33800	A
USGS	11361400	2014-12-22	33700	A
USGS	11361400	2014-12-23	33600	A
USGS	11361400	2014-12-24	33900	A
USGS	11361400	2014-12-25	34100	A
USGS	11361400	2014-12-26	33900	A
USGS	11361400	2014-12-27	33700	A
USGS	11361400	2014-12-28	33700	A
USGS	11361400	2014-12-29	33800	A
USGS	11361400	2014-12-30	34200	A
USGS	11361400	2014-12-31	33700	A
USGS	11361400	2015-01-01	33600	A
USGS	11361400	2015-01-02	33700	A
USGS	11361400	2015-01-03	33800	A
USGS	11361400	2015-01-04	33700	A
USGS	11361400	2015-01-05	33700	A
USGS	11361400	2015-01-06	34100	A
USGS	11361400	2015-01-07	34100	A
USGS	11361400	2015-01-08	34200	A
USGS	11361400	2015-01-09	33900	A
USGS	11361400	2015-01-10	33900	A
USGS	11361400	2015-01-11	33700	A
USGS	11361400	2015-01-12	33700	A
USGS	11361400	2015-01-13	34200	A
USGS	11361400	2015-01-14	34000	A
USGS	11361400	2015-01-15	34200	A
USGS	11361400	2015-01-16	34200	A
USGS	11361400	2015-01-17	34100	A
USGS	11361400	2015-01-18	34000	A
USGS	11361400	2015-01-19	33900	A
USGS	11361400	2015-01-20	33800	A
USGS	11361400	2015-01-21	33900	A
USGS	11361400	2015-01-22	33700	A
USGS	11361400	2015-01-23	33600	A
USGS	11361400	2015-01-24	33600	A
USGS	11361400	2015-01-25	33600	A
USGS	11361400	2015-01-26	33700	A
USGS	11361400	2015-01-27	33700	A
USGS	11361400	2015-01-28	33600	A
USGS	11361400	2015-01-29	33700	A
USGS	11361400	2015-01-30	33600	A
USGS	11361400	2015-01-31	33800	A
USGS	11361400	2015-02-01	34000	A
USGS	11361400	2015-02-02	34300	A
USGS	11361400	2015-02-03	34200	A
USGS	11361400	2015-02-04	34100	A
USGS	11361400	2015-02-05	33600	A
USGS	11361400	2015-02-06	34200	A
USGS	11361400	2015-02-07	33900	A
USGS	11361400	2015-02-08	33800	A
USGS	11361400	2015-02-09	34100	A
USGS	11361400	2015-02-10	34300	A
USGS	11361400	2015-02-11	33700	A
USGS	11361400	2015-02-12	33700	A
USGS	11361400	2015-02-13	33900	A
USGS	11361400	2015-02-14	33800	A
USGS	11361400	2015-02-15	33700	A
USGS	11361400	2015-02-16	33800	A
USGS	11361400	2015-02-17	33700	A
USGS	11361400	2015-02-18	33800	A
USGS	11361400	2015-02-19	33900	A
USGS	11361400	2015-02-20	33900	A
USGS	11361400	2015-02-21	33800	A
USGS	11361400	2015-02-22	33700	A
USGS	11361400	2015-02-23	33700	A
USGS	11361400	2015-02-24	33900	A
USGS	11361400	2015-02-25	34300	A
USGS	11361400	2015-02-26	34100	A
USGS	11361400	2015-02-27	34000	A
USGS	11361400	2015-02-28	33900	A
USGS	11361400	2015-03-01	33900	A
USGS	11361400	2015-03-02	33800	A
USGS	11361400	2015-03-03	33800	A
USGS	11361400	2015-03-04	33600	A
USGS	11361400	2015-03-05	33700	A
USGS	11361400	2015-03-06	33700	A
USGS	11361400	2015-03-07	33800	A
USGS	11361400	2015-03-08	34000	A
USGS	11361400	2015-03-09	34200	A
USGS	11361400	2015-03-10	34200	A
USGS	11361400	2015-03-11	34100	A
USGS	11361400	2015-03-12	34000	A
USGS	11361400	2015-03-13	34000	A
USGS	11361400	2015-03-14	34000	A
USGS	11361400	2015-03-15	34000	A
USGS	11361400	2015-03-16	34000	A
USGS	11361400	2015-03-17	33900	A
USGS	11361400	2015-03-18	33900	A
USGS	11361400	2015-03-19	33900	A
USGS	11361400	2015-03-20	34400	A
USGS	11361400	2015-03-21	37000	A
USGS	11361400	2015-03-22	39600	A
USGS	11361400	2015-03-23	40400	A
USGS	11361400	2015-03-24	40400	A
USGS	11361400	2015-03-25	40500	A
USGS	11361400	2015-03-26	40600	A
USGS	11361400	2015-03-27	39800	A
USGS	11361400	2015-03-28	38000	A
USGS	11361400	2015-03-29	36300	A
USGS	11361400	2015-03-30	34500	A
USGS	11361400	2015-03-31	34100	A
USGS	11361400	2015-04-01	33900	A
USGS	11361400	2015-04-02	33700	A
USGS	11361400	2015-04-03	33600	A
USGS	11361400	2015-04-04	33800	A
USGS	11361400	2015-04-05	33900	A
USGS	11361400	2015-04-06	33900	A
USGS	11361400	2015-04-07	33700	A
USGS	11361400	2015-04-08	34000	A
USGS	11361400	2015-04-09	33900	A
USGS	11361400	2015-04-10	33800	A
USGS	11361400	2015-04-11	33600	A
USGS	11361400	2015-04-12	33600	A
USGS	11361400	2015-04-13	33500	A
USGS	11361400	2015-04-14	33800	A
USGS	11361400	2015-04-15	33700	A
USGS	11361400	2015-04-16	33700	A
USGS	11361400	2015-04-17	33600	A
USGS	11361400	2015-04-18	33700	A
USGS	11361400	2015-04-19	33700	A
USGS	11361400	2015-04-20	33700	A
USGS	11361400	2015-04-21	33700	A
USGS	11361400	2015-04-22	33900	A
USGS	11361400	2015-04-23	34400	A
USGS	11361400	2015-04-24	34400	A
USGS	11361400	2015-04-25	35700	A
USGS	11361400	2015-04-26	36600	A
USGS	11361400	2015-04-27	36400	A
USGS	11361400	2015-04-28	36200	A
USGS	11361400	2015-04-29	35700	A
USGS	11361400	2015-04-30	34700	A
USGS	11361400	2015-05-01	35100	A
USGS	11361400	2015-05-02	35300	A
USGS	11361400	2015-05-03	35600	A
USGS	11361400	2015-05-04	35300	A
USGS	11361400	2015-05-05	34700	A
USGS	11361400	2015-05-06	34400	A
USGS	11361400	2015-05-07	34500	A
USGS	11361400	2015-05-08	34300	A
USGS	11361400	2015-05-09	35500	A
USGS	11361400	2015-05-10	36600	A
USGS	11361400	2015-05-11	36500	A
USGS	11361400	2015-05-12	36500	A
USGS	11361400	2015-05-13	36400	A
USGS	11361400	2015-05-14	35800	A
USGS	11361400	2015-05-15	35600	A
USGS	11361400	2015-05-16	36100	A
USGS	11361400	2015-05-17	37100	A
USGS	11361400	2015-05-18	36800	A
USGS	11361400	2015-05-19	36800	A
USGS	11361400	2015-05-20	37100	A
USGS	11361400	2015-05-21	36400	A
USGS	11361400	2015-05-22	35000	A
USGS	11361400	2015-05-23	35400	A
USGS	11361400	2015-05-24	35600	A
USGS	11361400	2015-05-25	35900	A
USGS	11361400	2015-05-26	34500	A
USGS	11361400	2015-05-27	33900	A
USGS	11361400	2015-05-28	33700	A
USGS	11361400	2015-05-29	33700	A
USGS	11361400	2015-05-30	34200	A
USGS	11361400	2015-05-31	34700	A
USGS	11361400	2015-06-01	34900	A
USGS	11361400	2015-06-02	35900	A
USGS	11361400	2015-06-03	36000	A
USGS	11361400	2015-06-04	35000	A
USGS	11361400	2015-06-05	34900	A
USGS	11361400	2015-06-06	35200	A
USGS	11361400	2015-06-07	35500	A
USGS	11361400	2015-06-08	35700	A
USGS	11361400	2015-06-09	35200	A
USGS	11361400	2015-06-10	34900	A
USGS	11361400	2015-06-11	34900	A
USGS	11361400	2015-06-12	34400	A
USGS	11361400	2015-06-13	34400	A
USGS	11361400	2015-06-14	34200	A
USGS	11361400	2015-06-15	33900	A
USGS	11361400	2015-06-16	33900	A
USGS	11361400	2015-06-17	34100	A
USGS	11361400	2015-06-18	34300	A
USGS	11361400	2015-06-19	34500	A
USGS	11361400	2015-06-20	35400	A
USGS	11361400	2015-06-21	36000	A
USGS	11361400	2015-06-22	35800	A
USGS	11361400	2015-06-23	35600	A
USGS	11361400	2015-06-24	36100	A
USGS	11361400	2015-06-25	36200	A
USGS	11361400	2015-06-26	35900	A
USGS	11361400	2015-06-27	36500	A
USGS	11361400	2015-06-28	36900	A
USGS	11361400	2015-06-29	36700	A
USGS	11361400	2015-06-30	35900	A
USGS	11361400	2015-07-01	35100	A
USGS	11361400	2015-07-02	34800	A
USGS	11361400	2015-07-03	35200	A
USGS	11361400	2015-07-04	35900	A
USGS	11361400	2015-07-05	36400	A
USGS	11361400	2015-07-06	36700	A
USGS	11361400	2015-07-07	37300	A
USGS	11361400	2015-07-08	37400	A
USGS	11361400	2015-07-09	37000	A
USGS	11361400	2015-07-10	36700	A
USGS	11361400	2015-07-11	36900	A
USGS	11361400	2015-07-12	37000	A
USGS	11361400	2015-07-13	36400	A
USGS	11361400	2015-07-14	36000	A
USGS	11361400	2015-07-15	35300	A
USGS	11361400	2015-07-16	34600	A
USGS	11361400	2015-07-17	34000	A
USGS	11361400	2015-07-18	34700	A
USGS	11361400	2015-07-19	35300	A
USGS	11361400	2015-07-20	34700	A
USGS	11361400	2015-07-21	34500	A
USGS	11361400	2015-07-22	34300	A
USGS	11361400	2015-07-23	34600	A
USGS	11361400	2015-07-24	35300	A
USGS	11361400	2015-07-25	36100	A
USGS	11361400	2015-07-26	36700	A
USGS	11361400	2015-07-27	36900	A
USGS	11361400	2015-07-28	36900	A
USGS	11361400	2015-07-29	36400	A
USGS	11361400	2015-07-30	35600	A
USGS	11361400	2015-07-31	34800	A
USGS	11361400	2015-08-01	34600	A
USGS	11361400	2015-08-02	34500	A
USGS	11361400	2015-08-03	35000	A
USGS	11361400	2015-08-04	35000	A
USGS	11361400	2015-08-05	35300	A
USGS	11361400	2015-08-06	35400	A
USGS	11361400	2015-08-07	35800	A
USGS	11361400	2015-08-08	36600	A
USGS	11361400	2015-08-09	37000	A
USGS	11361400	2015-08-10	36700	A
USGS	11361400	2015-08-11	36700	A
USGS	11361400	2015-08-12	36900	A
USGS	11361400	2015-08-13	37000	A
USGS	11361400	2015-08-14	36600	A
USGS	11361400	2015-08-15	36400	A
USGS	11361400	2015-08-16	36300	A
USGS	11361400	2015-08-17	35400	A
USGS	11361400	2015-08-18	35000	A
USGS	11361400	2015-08-19	34900	A
USGS	11361400	2015-08-20	35300	A
USGS	11361400	2015-08-21	35800	A
USGS	11361400	2015-08-22	36300	A
USGS	11361400	2015-08-23	36700	A
USGS	11361400	2015-08-24	37200	A
USGS	11361400	2015-08-25	37400	A
USGS	11361400	2015-08-26	37100	A
USGS	11361400	2015-08-27	36400	A
USGS	11361400	2015-08-28	35100	A
USGS	11361400	2015-08-29	35600	A
USGS	11361400	2015-08-30	36000	A
USGS	11361400	2015-08-31	36300	A
USGS	11361400	2015-09-01	36800	A
USGS	11361400	2015-09-02	37200	A
USGS	11361400	2015-09-03	37600	A
USGS	11361400	2015-09-04	38000	A
USGS	11361400	2015-09-05	38400	A
USGS	11361400	2015-09-06	38900	A
USGS	11361400	2015-09-07	39400	A
USGS	11361400	2015-09-08	39600	A
USGS	11361400	2015-09-09	38400	A
USGS	11361400	2015-09-10	36900	A
USGS	11361400	2015-09-11	35700	A
USGS	11361400	2015-09-12	35900	A
USGS	11361400	2015-09-13	36300	A
USGS	11361400	2015-09-14	36300	A
USGS	11361400	2015-09-15	36700	A
USGS	11361400	2015-09-16	37500	A
USGS	11361400	2015-09-17	38500	A
USGS	11361400	2015-09-18	39300	A
USGS	11361400	2015-09-19	38600	A
USGS	11361400	2015-09-20	37600	A
USGS	11361400	2015-09-21	36300	A
USGS	11361400	2015-09-22	35400	A
USGS	11361400	2015-09-23	35300	A
USGS	11361400	2015-09-24	34600	A
USGS	11361400	2015-09-25	33800	A
USGS	11361400	2015-09-26	34100	A
USGS	11361400	2015-09-27	34900	A
USGS	11361400	2015-09-28	35000	A
USGS	11361400	2015-09-29	34800	A
USGS	11361400	2015-09-30	33900	A
USGS	11361400	2015-10-01	34400	A
USGS	11361400	2015-10-02	35500	A
USGS	11361400	2015-10-03	36700	A
USGS	11361400	2015-10-04	37900	A
USGS	11361400	2015-10-05	38200	A
USGS	11361400	2015-10-06	38000	A
USGS	11361400	2015-10-07	37700	A
USGS	11361400	2015-10-08	36400	A
USGS	11361400	2015-10-09	35700	A
USGS	11361400	2015-10-10	36400	A
USGS	11361400	2015-10-11	37400	A
USGS	11361400	2015-10-12	38100	A
USGS	11361400	2015-10-13	38000	A
USGS	11361400	2015-10-14	37700	A
USGS	11361400	2015-10-15	37300	A
USGS	11361400	2015-10-16	37000	A
USGS	11361400	2015-10-17	37800	A
USGS	11361400	2015-10-18	38600	A
USGS	11361400	2015-10-19	38700	A
USGS	11361400	2015-10-20	38700	A
USGS	11361400	2015-10-21	38600	A
USGS	11361400	2015-10-22	38200	A
USGS	11361400	2015-10-23	37700	A
USGS	11361400	2015-10-24	35900	A
USGS	11361400	2015-10-25	35200	A
USGS	11361400	2015-10-26	35900	A
USGS	11361400	2015-10-27	35700	A
USGS	11361400	2015-10-28	35500	A
USGS	11361400	2015-10-29	35300	A
USGS	11361400	2015-10-30	34700	A
USGS	11361400	2015-10-31	34000	A
USGS	11361400	2015-11-01	34300	A
USGS	11361400	2015-11-02	34400	A
USGS	11361400	2015-11-03	35300	A
USGS	11361400	2015-11-04	35500	A
USGS	11361400	2015-11-05	35700	A
USGS	11361400	2015-11-06	35700	A
USGS	11361400	2015-11-07	36000	A
USGS	11361400	2015-11-08	36100	A
USGS	11361400	2015-11-09	35800	A
USGS	11361400	2015-11-10	35600	A
USGS	11361400	2015-11-11	35400	A
USGS	11361400	2015-11-12	35200	A
USGS	11361400	2015-11-13	34800	A
USGS	11361400	2015-11-14	34600	A
USGS	11361400	2015-11-15	34500	A
USGS	11361400	2015-11-16	34900	A
USGS	11361400	2015-11-17	35300	A
USGS	11361400	2015-11-18	34700	A
USGS	11361400	2015-11-19	34300	A
USGS	11361400	2015-11-20	33800	A
USGS	11361400	2015-11-21	34200	A
USGS	11361400	2015-11-22	34600	A
USGS	11361400	2015-11-23	34400	A
USGS	11361400	2015-11-24	34000	A
USGS	11361400	2015-11-25	34000	A
USGS	11361400	2015-11-26	33800	A
USGS	11361400	2015-11-27	33800	A
USGS	11361400	2015-11-28	33800	A
USGS	11361400	2015-11-29	33800	A
USGS	11361400	2015-11-30	34000	A
USGS	11361400	2015-12-01	34000	A
USGS	11361400	2015-12-02	34400	A
USGS	11361400	2015-12-03	34200	A
USGS	11361400	2015-12-04	34200	A
USGS	11361400	2015-12-05	34200	A
USGS	11361400	2015-12-06	34100	A
USGS	11361400	2015-12-07	33900	A
USGS	11361400	2015-12-08	33800	A
USGS	11361400	2015-12-09	33800	A
USGS	11361400	2015-12-10	33900	A
USGS	11361400	2015-12-11	34200	A
USGS	11361400	2015-12-12	34000	A
USGS	11361400	2015-12-13	33900	A
USGS	11361400	2015-12-14	34200	A
USGS	11361400	2015-12-15	34100	A
USGS	11361400	2015-12-16	33900	A
USGS	11361400	2015-12-17	33800	A
USGS	11361400	2015-12-18	34000	A
USGS	11361400	2015-12-19	34300	A
USGS	11361400	2015-12-20	34200	A
USGS	11361400	2015-12-21	34200	A
USGS	11361400	2015-12-22	34000	A
USGS	11361400	2015-12-23	34000	A
USGS	11361400	2015-12-24	33900	A
USGS	11361400	2015-12-25	33800	A
USGS	11361400	2015-12-26	33900	A
USGS	11361400	2015-12-27	33800	A
USGS	11361400	2015-12-28	34000	A
USGS	11361400	2015-12-29	34100	A
USGS	11361400	2015-12-30	34100	A
USGS	11361400	2015-12-31	34200	A
USGS	11361400	2016-01-01	34000	A
USGS	11361400	2016-01-02	33700	A
USGS	11361400	2016-01-03	33900	A
USGS	11361400	2016-01-04	33800	A
USGS	11361400	2016-01-05	33900	A
USGS	11361400	2016-01-06	34200	A
USGS	11361400	2016-01-07	34100	A
USGS	11361400	2016-01-08	33900	A
USGS	11361400	2016-01-09	34000	A
USGS	11361400	2016-01-10	33900	A
USGS	11361400	2016-01-11	33700	A
USGS	11361400	2016-01-12	33700	A
USGS	11361400	2016-01-13	34500	A
USGS	11361400	2016-01-14	34200	A
USGS	11361400	2016-01-15	34200	A
USGS	11361400	2016-01-16	33900	A
USGS	11361400	2016-01-17	33800	A
USGS	11361400	2016-01-18	35800	A
USGS	11361400	2016-01-19	37400	A
USGS	11361400	2016-01-20	37600	A
USGS	11361400	2016-01-21	37600	A
USGS	11361400	2016-01-22	37600	A
USGS	11361400	2016-01-23	38000	A
USGS	11361400	2016-01-24	37900	A
USGS	11361400	2016-01-25	37500	A
USGS	11361400	2016-01-26	37100	A
USGS	11361400	2016-01-27	36600	A
USGS	11361400	2016-01-28	36200	A
USGS	11361400	2016-01-29	36500	A
USGS	11361400	2016-01-30	37700	A
USGS	11361400	2016-01-31	37900	A
USGS	11361400	2016-02-01	37700	A
USGS	11361400	2016-02-02	37400	A
USGS	11361400	2016-02-03	36900	A
USGS	11361400	2016-02-04	36500	A
USGS	11361400	2016-02-05	36200	A
USGS	11361400	2016-02-06	36200	A
USGS	11361400	2016-02-07	36000	A
USGS	11361400	2016-02-08	35800	A
USGS	11361400	2016-02-09	35500	A
USGS	11361400	2016-02-10	35300	A
USGS	11361400	2016-02-11	35300	A
USGS	11361400	2016-02-12	35200	A
USGS	11361400	2016-02-13	35100	A
USGS	11361400	2016-02-14	35000	A
USGS	11361400	2016-02-15	35000	A
USGS	11361400	2016-02-16	34900	A
USGS	11361400	2016-02-17	34900	A
USGS	11361400	2016-02-18	35400	A
USGS	11361400	2016-02-19	35900	A
USGS	11361400	2016-02-20	36000	A
USGS	11361400	2016-02-21	36000	A
USGS	11361400	2016-02-22	35800	A
USGS	11361400	2016-02-23	35700	A
USGS	11361400	2016-02-24	35600	A
USGS	11361400	2016-02-25	35300	A
USGS	11361400	2016-02-26	35000	A
USGS	11361400	2016-02-27	34900	A
USGS	11361400	2016-02-28	35000	A
USGS	11361400	2016-02-29	36000	A
USGS	11361400	2016-03-01	36100	A
USGS	11361400	2016-03-02	36200	A
USGS	11361400	2016-03-03	36200	A
USGS	11361400	2016-03-04	36300	A
USGS	11361400	2016-03-05	36400	A
USGS	11361400	2016-03-06	37500	A
USGS	11361400	2016-03-07	37900	A
USGS	11361400	2016-03-08	37700	A
USGS	11361400	2016-03-09	37600	A
USGS	11361400	2016-03-10	37500	A
USGS	11361400	2016-03-11	37800	A
USGS	11361400	2016-03-12	37700	A
USGS	11361400	2016-03-13	38700	A
USGS	11361400	2016-03-14	39200	A
USGS	11361400	2016-03-15	39500	A
USGS	11361400	2016-03-16	39200	A
USGS	11361400	2016-03-17	38600	A
USGS	11361400	2016-03-18	38000	A
USGS	11361400	2016-03-19	37400	A
USGS	11361400	2016-03-20	36900	A
USGS	11361400	2016-03-21	36900	A
USGS	11361400	2016-03-22	37300	A
USGS	11361400	2016-03-23	37300	A
USGS	11361400	2016-03-24	37100	A
USGS	11361400	2016-03-25	36300	A
USGS	11361400	2016-03-26	35600	A
USGS	11361400	2016-03-27	35200	A
USGS	11361400	2016-03-28	34600	A
USGS	11361400	2016-03-29	33800	A
USGS	11361400	2016-03-30	34000	A
USGS	11361400	2016-03-31	34000	A
USGS	11361400	2016-04-01	34100	A
USGS	11361400	2016-04-02	34100	A
USGS	11361400	2016-04-03	34100	A
USGS	11361400	2016-04-04	34100	A
USGS	11361400	2016-04-05	33700	A
USGS	11361400	2016-04-06	34000	A
USGS	11361400	2016-04-07	33800	A
USGS	11361400	2016-04-08	34000	A
USGS	11361400	2016-04-09	34000	A
USGS	11361400	2016-04-10	33900	A
USGS	11361400	2016-04-11	33900	A
USGS	11361400	2016-04-12	34200	A
USGS	11361400	2016-04-13	34400	A
USGS	11361400	2016-04-14	34400	A
USGS	11361400	2016-04-15	34400	A
USGS	11361400	2016-04-16	34000	A
USGS	11361400	2016-04-17	34400	A
USGS	11361400	2016-04-18	34200	A
USGS	11361400	2016-04-19	34000	A
USGS	11361400	2016-04-20	34400	A
USGS	11361400	2016-04-21	34000	A
USGS	11361400	2016-04-22	33600	A
USGS	11361400	2016-04-23	34600	A
USGS	11361400	2016-04-24	36300	A
USGS	11361400	2016-04-25	35700	A
USGS	11361400	2016-04-26	36100	A
USGS	11361400	2016-04-27	36000	A
USGS	11361400	2016-04-28	35900	A
USGS	11361400	2016-04-29	35300	A
USGS	11361400	2016-04-30	35800	A
USGS	11361400	2016-05-01	35800	A
USGS	11361400	2016-05-02	35300	A
USGS	11361400	2016-05-03	35200	A
USGS	11361400	2016-05-04	35000	A
USGS	11361400	2016-05-05	34800	A
USGS	11361400	2016-05-06	34700	A
USGS	11361400	2016-05-07	35300	A
USGS	11361400	2016-05-08	35900	A
USGS	11361400	2016-05-09	36000	A
USGS	11361400	2016-05-10	35700	A
USGS	11361400	2016-05-11	35000	A
USGS	11361400	2016-05-12	35300	A
USGS	11361400	2016-05-13	36000	A
USGS	11361400	2016-05-14	34100	A
USGS	11361400	2016-05-15	34700	A
USGS	11361400	2016-05-16	35400	A
USGS	11361400	2016-05-17	34900	A
USGS	11361400	2016-05-18	35900	A
USGS	11361400	2016-05-19	35300	A
USGS	11361400	2016-05-20	34200	A
USGS	11361400	2016-05-21	34900	A
USGS	11361400	2016-05-22	35700	A
USGS	11361400	2016-05-23	36500	A
USGS	11361400	2016-05-24	35900	A
USGS	11361400	2016-05-25	35200	A
USGS	11361400	2016-05-26	33800	A
USGS	11361400	2016-05-27	33800	A
USGS	11361400	2016-05-28	34000	A
USGS	11361400	2016-05-29	33700	A
USGS	11361400	2016-05-30	33900	A
USGS	11361400	2016-05-31	33800	A
USGS	11361400	2016-06-01	34300	A
USGS	11361400	2016-06-02	34400	A
USGS	11361400	2016-06-03	33800	A
USGS	11361400	2016-06-04	34700	A
USGS	11361400	2016-06-05	35800	A
USGS	11361400	2016-06-06	36200	A
USGS	11361400	2016-06-07	35400	A
USGS	11361400	2016-06-08	35300	A
USGS	11361400	2016-06-09	35200	A
USGS	11361400	2016-06-10	35600	A
USGS	11361400	2016-06-11	36800	A
USGS	11361400	2016-06-12	37900	A
USGS	11361400	2016-06-13	36700	A
USGS	11361400	2016-06-14	36400	A
USGS	11361400	2016-06-15	35000	A
USGS	11361400	2016-06-16	33900	A
USGS	11361400	2016-06-17	35200	A
USGS	11361400	2016-06-18	36600	A
USGS	11361400	2016-06-19	37900	A
USGS	11361400	2016-06-20	36900	A
USGS	11361400	2016-06-21	36000	A
USGS	11361400	2016-06-22	35100	A
USGS	11361400	2016-06-23	34500	A
USGS	11361400	2016-06-24	35400	A
USGS	11361400	2016-06-25	36900	A
USGS	11361400	2016-06-26	38000	A
USGS	11361400	2016-06-27	36500	A
USGS	11361400	2016-06-28	35000	A
USGS	11361400	2016-06-29	34000	A
USGS	11361400	2016-06-30	33800	A
USGS	11361400	2016-07-01	33900	A
USGS	11361400	2016-07-02	35100	A
USGS	11361400	2016-07-03	36600	A
USGS	11361400	2016-07-04	37500	A
USGS	11361400	2016-07-05	37300	A
USGS	11361400	2016-07-06	37300	A
USGS	11361400	2016-07-07	36900	A
USGS	11361400	2016-07-08	35300	A
USGS	11361400	2016-07-09	36300	A
USGS	11361400	2016-07-10	37300	A
USGS	11361400	2016-07-11	38300	A
USGS	11361400	2016-07-12	38500	A
USGS	11361400	2016-07-13	37500	A
USGS	11361400	2016-07-14	36300	A
USGS	11361400	2016-07-15	34900	A
USGS	11361400	2016-07-16	36000	A
USGS	11361400	2016-07-17	37500	A
USGS	11361400	2016-07-18	37300	A
USGS	11361400	2016-07-19	36600	A
USGS	11361400	2016-07-20	35700	A
USGS	11361400	2016-07-21	35400	A
USGS	11361400	2016-07-22	35300	A
USGS	11361400	2016-07-23	36500	A
USGS	11361400	2016-07-24	37700	A
USGS	11361400	2016-07-25	37200	A
USGS	11361400	2016-07-26	36500	A
USGS	11361400	2016-07-27	35600	A
USGS	11361400	2016-07-28	34800	A
USGS	11361400	2016-07-29	34500	A
USGS	11361400	2016-07-30	35300	A
USGS	11361400	2016-07-31	36100	A
USGS	11361400	2016-08-01	35900	A
USGS	11361400	2016-08-02	36400	A
USGS	11361400	2016-08-03	36700	A
USGS	11361400	2016-08-04	34900	A
USGS	11361400	2016-08-05	33900	A
USGS	11361400	2016-08-06	33900	A
USGS	11361400	2016-08-07	33800	A
USGS	11361400	2016-08-08	33700	A
USGS	11361400	2016-08-09	33700	A
USGS	11361400	2016-08-10	33700	A
USGS	11361400	2016-08-11	34700	A
USGS	11361400	2016-08-12	35900	A
USGS	11361400	2016-08-13	35600	A
USGS	11361400	2016-08-14	35500	A
USGS	11361400	2016-08-15	35100	A
USGS	11361400	2016-08-16	34400	A
USGS	11361400	2016-08-17	34200	A
USGS	11361400	2016-08-18	34400	A
USGS	11361400	2016-08-19	34100	A
USGS	11361400	2016-08-20	35500	A
USGS	11361400	2016-08-21	36800	A
USGS	11361400	2016-08-22	36500	A
USGS	11361400	2016-08-23	36600	A
USGS	11361400	2016-08-24	36100	A
USGS	11361400	2016-08-25	35600	A
USGS	11361400	2016-08-26	35000	A
USGS	11361400	2016-08-27	34300	A
USGS	11361400	2016-08-28	33800	A
USGS	11361400	2016-08-29	33800	A
USGS	11361400	2016-08-30	33900	A
USGS	11361400	2016-08-31	33900	A
USGS	11361400	2016-09-01	33900	A
USGS	11361400	2016-09-02	33800	A
USGS	11361400	2016-09-03	33700	A
USGS	11361400	2016-09-04	34400	A
USGS	11361400	2016-09-05	35000	A
USGS	11361400	2016-09-06	34600	A
USGS	11361400	2016-09-07	34100	A
USGS	11361400	2016-09-08	33900	A
USGS	11361400	2016-09-09	34800	A
USGS	11361400	2016-09-10	34900	A
USGS	11361400	2016-09-11	35000	A
USGS	11361400	2016-09-12	35600	A
USGS	11361400	2016-09-13	35800	A
USGS	11361400	2016-09-14	36200	A
USGS	11361400	2016-09-15	36400	A
USGS	11361400	2016-09-16	36500	A
USGS	11361400	2016-09-17	37200	A
USGS	11361400	2016-09-18	37300	A
USGS	11361400	2016-09-19	36200	A
USGS	11361400	2016-09-20	35500	A
USGS	11361400	2016-09-21	35200	A
USGS	11361400	2016-09-22	35200	A
USGS	11361400	2016-09-23	36100	A
USGS	11361400	2016-09-24	36900	A
USGS	11361400	2016-09-25	37300	A
USGS	11361400	2016-09-26	35400	A
USGS	11361400	2016-09-27	34000	A
USGS	11361400	2016-09-28	34000	A
USGS	11361400	2016-09-29	34200	A
USGS	11361400	2016-09-30	34900	A
USGS	11361400	2016-10-01	35900	A
USGS	11361400	2016-10-02	36500	A
USGS	11361400	2016-10-03	36300	A
USGS	11361400	2016-10-04	36500	A
USGS	11361400	2016-10-05	36500	A
USGS	11361400	2016-10-06	36500	A
USGS	11361400	2016-10-07	36100	A
USGS	11361400	2016-10-08	36500	A
USGS	11361400	2016-10-09	37200	A
USGS	11361400	2016-10-10	36600	A
USGS	11361400	2016-10-11	36100	A
USGS	11361400	2016-10-12	35400	A
USGS	11361400	2016-10-13	35900	A
USGS	11361400	2016-10-14	35500	A
USGS	11361400	2016-10-15	34800	A
USGS	11361400	2016-10-16	34400	A
USGS	11361400	2016-10-17	33900	A
USGS	11361400	2016-10-18	34900	A
USGS	11361400	2016-10-19	35100	A
USGS	11361400	2016-10-20	34900	A
USGS	11361400	2016-10-21	35300	A
USGS	11361400	2016-10-22	35400	A
USGS	11361400	2016-10-23	35600	A
USGS	11361400	2016-10-24	35700	A
USGS	11361400	2016-10-25	36500	A
USGS	11361400	2016-10-26	36600	A
USGS	11361400	2016-10-27	36100	A
USGS	11361400	2016-10-28	36800	A
USGS	11361400	2016-10-29	36400	A
USGS	11361400	2016-10-30	36100	A
USGS	11361400	2016-10-31	36100	A
USGS	11361400	2016-11-01	36000	A
USGS	11361400	2016-11-02	35900	A
USGS	11361400	2016-11-03	36300	A
USGS	11361400	2016-11-04	36100	A
USGS	11361400	2016-11-05	35900	A
USGS	11361400	2016-11-06	35600	A
USGS	11361400	2016-11-07	35300	A
USGS	11361400	2016-11-08	35000	A
USGS	11361400	2016-11-09	35800	A
USGS	11361400	2016-11-10	35800	A
USGS	11361400	2016-11-11	35500	A
USGS	11361400	2016-11-12	35000	A
USGS	11361400	2016-11-13	34400	A
USGS	11361400	2016-11-14	34700	A
USGS	11361400	2016-11-15	35600	A
USGS	11361400	2016-11-16	35700	A
USGS	11361400	2016-11-17	35900	A
USGS	11361400	2016-11-18	35900	A
USGS	11361400	2016-11-19	35900	A
USGS	11361400	2016-11-20	36000	A
USGS	11361400	2016-11-21	36100	A
USGS	11361400	2016-11-22	36000	A
USGS	11361400	2016-11-23	35300	A
USGS	11361400	2016-11-24	34500	A
USGS	11361400	2016-11-25	34200	A
USGS	11361400	2016-11-26	34100	A
USGS	11361400	2016-11-27	34000	A
USGS	11361400	2016-11-28	34200	A
USGS	11361400	2016-11-29	34300	A
USGS	11361400	2016-11-30	34400	A
USGS	11361400	2016-12-01	34200	A
USGS	11361400	2016-12-02	33800	A
USGS	11361400	2016-12-03	33800	A
USGS	11361400	2016-12-04	33900	A
USGS	11361400	2016-12-05	34000	A
USGS	11361400	2016-12-06	34300	A
USGS	11361400	2016-12-07	34300	A
USGS	11361400	2016-12-08	33900	A
USGS	11361400	2016-12-09	33900	A
USGS	11361400	2016-12-10	34500	A
USGS	11361400	2016-12-11	34500	A
USGS	11361400	2016-12-12	34300	A
USGS	11361400	2016-12-13	34000	A
USGS	11361400	2016-12-14	34100	A
USGS	11361400	2016-12-15	34800	A
USGS	11361400	2016-12-16	36800	A
USGS	11361400	2016-12-17	36500	A
USGS	11361400	2016-12-18	35600	A
USGS	11361400	2016-12-19	34600	A
USGS	11361400	2016-12-20	34400	A
USGS	11361400	2016-12-21	34300	A
USGS	11361400	2016-12-22	34000	A
USGS	11361400	2016-12-23	33900	A
USGS	11361400	2016-12-24	33800	A
USGS	11361400	2016-12-25	33700	A
USGS	11361400	2016-12-26	33900	A
USGS	11361400	2016-12-27	34500	A
USGS	11361400	2016-12-28	34400	A
USGS	11361400	2016-12-29	34500	A
USGS	11361400	2016-12-30	34400	A
USGS	11361400	2016-12-31	34700	A
USGS	11361400	2017-01-01	36200	A
USGS	11361400	2017-01-02	36700	A
USGS	11361400	2017-01-03	37100	A
USGS	11361400	2017-01-04	37200	A
USGS	11361400	2017-01-05	37200	A
USGS	11361400	2017-01-06	37000	A
USGS	11361400	2017-01-07	37000	A
USGS	11361400	2017-01-08	37500	A
USGS	11361400	2017-01-09	38400	A
USGS	11361400	2017-01-10	38800	A
USGS	11361400	2017-01-11	38900	A
USGS	11361400	2017-01-12	38800	A
USGS	11361400	2017-01-13	38700	A
USGS	11361400	2017-01-14	38000	A
USGS	11361400	2017-01-15	37200	A
USGS	11361400	2017-01-16	36600	A
USGS	11361400	2017-01-17	37200	A
USGS	11361400	2017-01-18	37000	A
USGS	11361400	2017-01-19	36800	A
USGS	11361400	2017-01-20	36900	A
USGS	11361400	2017-01-21	38200	A
USGS	11361400	2017-01-22	38600	A
USGS	11361400	2017-01-23	38500	A
USGS	11361400	2017-01-24	38200	A
USGS	11361400	2017-01-25	38000	A
USGS	11361400	2017-01-26	37900	A
USGS	11361400	2017-01-27	37700	A
USGS	11361400	2017-01-28	37400	A
USGS	11361400	2017-01-29	37400	A
USGS	11361400	2017-01-30	37500	A
USGS	11361400	2017-01-31	37500	A
USGS	11361400	2017-02-01	37400	A
USGS	11361400	2017-02-02	37500	A
USGS	11361400	2017-02-03	37900	A
USGS	11361400	2017-02-04	39000	A
USGS	11361400	2017-02-05	38800	A
USGS	11361400	2017-02-06	39100	A
USGS	11361400	2017-02-07	40800	A
USGS	11361400	2017-02-08	41500	A
USGS	11361400	2017-02-09	42600	A
USGS	11361400	2017-02-10	43300	A
USGS	11361400	2017-02-11	44500	A
USGS	11361400	2017-02-12	43100	A
USGS	11361400	2017-02-13	41800	A
USGS	11361400	2017-02-14	40200	A
USGS	11361400	2017-02-15	39000	A
USGS	11361400	2017-02-16	38600	A
USGS	11361400	2017-02-17	38400	A
USGS	11361400	2017-02-18	38300	A
USGS	11361400	2017-02-19	38200	A
USGS	11361400	2017-02-20	38600	A
USGS	11361400	2017-02-21	40200	A
USGS	11361400	2017-02-22	43200	A
USGS	11361400	2017-02-23	43900	A
USGS	11361400	2017-02-24	43100	A
USGS	11361400	2017-02-25	42200	A
USGS	11361400	2017-02-26	41300	A
USGS	11361400	2017-02-27	40800	A
USGS	11361400	2017-02-28	40300	A
USGS	11361400	2017-03-01	39900	A
USGS	11361400	2017-03-02	39500	A
USGS	11361400	2017-03-03	39300	A
USGS	11361400	2017-03-04	39100	A
USGS	11361400	2017-03-05	39400	A
USGS	11361400	2017-03-06	39500	A
USGS	11361400	2017-03-07	39500	A
USGS	11361400	2017-03-08	39600	A
USGS	11361400	2017-03-09	39500	A
USGS	11361400	2017-03-10	39600	A
USGS	11361400	2017-03-11	39700	A
USGS	11361400	2017-03-12	39900	A
USGS	11361400	2017-03-13	39800	A
USGS	11361400	2017-03-14	39600	A
USGS	11361400	2017-03-15	39500	A
USGS	11361400	2017-03-16	39400	A
USGS	11361400	2017-03-17	39300	A
USGS	11361400	2017-03-18	39000	A
USGS	11361400	2017-03-19	39400	A
USGS	11361400	2017-03-20	39400	A
USGS	11361400	2017-03-21	39400	A
USGS	11361400	2017-03-22	39500	A
USGS	11361400	2017-03-23	39600	A
USGS	11361400	2017-03-24	39700	A
USGS	11361400	2017-03-25	39600	A
USGS	11361400	2017-03-26	39600	A
USGS	11361400	2017-03-27	39500	A
USGS	11361400	2017-03-28	39200	A
USGS	11361400	2017-03-29	39000	A
USGS	11361400	2017-03-30	38900	A
USGS	11361400	2017-03-31	39000	A
USGS	11361400	2017-04-01	38700	A
USGS	11361400	2017-04-02	38800	A
USGS	11361400	2017-04-03	38900	A
USGS	11361400	2017-04-04	38700	A
USGS	11361400	2017-04-05	38600	A
USGS	11361400	2017-04-06	38700	A
USGS	11361400	2017-04-07	39000	A
USGS	11361400	2017-04-08	39200	A
USGS	11361400	2017-04-09	39300	A
USGS	11361400	2017-04-10	39200	A
USGS	11361400	2017-04-11	39100	A
USGS	11361400	2017-04-12	38900	A
USGS	11361400	2017-04-13	39200	A
USGS	11361400	2017-04-14	39200	A
USGS	11361400	2017-04-15	39000	A
USGS	11361400	2017-04-16	39000	A
USGS	11361400	2017-04-17	39000	A
USGS	11361400	2017-04-18	38800	A
USGS	11361400	2017-04-19	38800	A
USGS	11361400	2017-04-20	38900	A
USGS	11361400	2017-04-21	38300	A
USGS	11361400	2017-04-22	37500	A
USGS	11361400	2017-04-23	37500	A
USGS	11361400	2017-04-24	36600	A
USGS	11361400	2017-04-25	36500	A
USGS	11361400	2017-04-26	36300	A
USGS	11361400	2017-04-27	36200	A
USGS	11361400	2017-04-28	36300	A
USGS	11361400	2017-04-29	36100	A
USGS	11361400	2017-04-30	36100	A
USGS	11361400	2017-05-01	36000	A
USGS	11361400	2017-05-02	35800	A
USGS	11361400	2017-05-03	35700	A
USGS	11361400	2017-05-04	35600	A
USGS	11361400	2017-05-05	35400	A
USGS	11361400	2017-05-06	35100	A
USGS	11361400	2017-05-07	35200	A
USGS	11361400	2017-05-08	35000	A
USGS	11361400	2017-05-09	34900	A
USGS	11361400	2017-05-10	34700	A
USGS	11361400	2017-05-11	34200	A
USGS	11361400	2017-05-12	33800	A
USGS	11361400	2017-05-13	33800	A
USGS	11361400	2017-05-14	34400	A
USGS	11361400	2017-05-15	34300	A
USGS	11361400	2017-05-16	34300	A
USGS	11361400	2017-05-17	34200	A
USGS	11361400	2017-05-18	33900	A
USGS	11361400	2017-05-19	34200	A
USGS	11361400	2017-05-20	33900	A
USGS	11361400	2017-05-21	33900	A
USGS	11361400	2017-05-22	33900	A
USGS	11361400	2017-05-23	34300	A
USGS	11361400	2017-05-24	34100	A
USGS	11361400	2017-05-25	34100	A
USGS	11361400	2017-05-26	34200	A
USGS	11361400	2017-05-27	34100	A
USGS	11361400	2017-05-28	34000	A
USGS	11361400	2017-05-29	34100	A
USGS	11361400	2017-05-30	34100	A
USGS	11361400	2017-05-31	34400	A
USGS	11361400	2017-06-01	34600	A
USGS	11361400	2017-06-02	34300	A
USGS	11361400	2017-06-03	34200	A
USGS	11361400	2017-06-04	34100	A
USGS	11361400	2017-06-05	34400	A
USGS	11361400	2017-06-06	34200	A
USGS	11361400	2017-06-07	34300	A
USGS	11361400	2017-06-08	34100	A
USGS	11361400	2017-06-09	34000	A
USGS	11361400	2017-06-10	33900	A
USGS	11361400	2017-06-11	34000	A
USGS	11361400	2017-06-12	34100	A
USGS	11361400	2017-06-13	34200	A
USGS	11361400	2017-06-14	34200	A
USGS	11361400	2017-06-15	34200	A
USGS	11361400	2017-06-16	34200	A
USGS	11361400	2017-06-17	34300	A
USGS	11361400	2017-06-18	34200	A
USGS	11361400	2017-06-19	34200	A
USGS	11361400	2017-06-20	34300	A
USGS	11361400	2017-06-21	34200	A
USGS	11361400	2017-06-22	34300	A
USGS	11361400	2017-06-23	34300	A
USGS	11361400	2017-06-24	34200	A
USGS	11361400	2017-06-25	33900	A
USGS	11361400	2017-06-26	33800	A
USGS	11361400	2017-06-27	34000	A
USGS	11361400	2017-06-28	33900	A
USGS	11361400	2017-06-29	33700	A
USGS	11361400	2017-06-30	33700	A
USGS	11361400	2017-07-01	34000	A
USGS	11361400	2017-07-02	33800	A
USGS	11361400	2017-07-03	33800	A
USGS	11361400	2017-07-04	34100	A
USGS	11361400	2017-07-05	34100	A
USGS	11361400	2017-07-06	34100	A
USGS	11361400	2017-07-07	34100	A
USGS	11361400	2017-07-08	33900	A
USGS	11361400	2017-07-09	33900	A
USGS	11361400	2017-07-10	33900	A
USGS	11361400	2017-07-11	33900	A
USGS	11361400	2017-07-12	34100	A
USGS	11361400	2017-07-13	34100	A
USGS	11361400	2017-07-14	34000	A
USGS	11361400	2017-07-15	34100	A
USGS	11361400	2017-07-16	34200	A
USGS	11361400	2017-07-17	34200	A
USGS	11361400	2017-07-18	34200	A
USGS	11361400	2017-07-19	34500	A
USGS	11361400	2017-07-20	34800	A
USGS	11361400	2017-07-21	34600	A
USGS	11361400	2017-07-22	34900	A
USGS	11361400	2017-07-23	35000	A
USGS	11361400	2017-07-24	35000	A
USGS	11361400	2017-07-25	35100	A
USGS	11361400	2017-07-26	34900	A
USGS	11361400	2017-07-27	34600	A
USGS	11361400	2017-07-28	34900	A
USGS	11361400	2017-07-29	34900	A
USGS	11361400	2017-07-30	35000	A
USGS	11361400	2017-07-31	35000	A
USGS	11361400	2017-08-01	34800	A
USGS	11361400	2017-08-02	34600	A
USGS	11361400	2017-08-03	34700	A
USGS	11361400	2017-08-04	34700	A
USGS	11361400	2017-08-05	34800	A
USGS	11361400	2017-08-06	34900	A
USGS	11361400	2017-08-07	35000	A
USGS	11361400	2017-08-08	35100	A
USGS	11361400	2017-08-09	35100	A
USGS	11361400	2017-08-10	34900	A
USGS	11361400	2017-08-11	34800	A
USGS	11361400	2017-08-12	35000	A
USGS	11361400	2017-08-13	35100	A
USGS	11361400	2017-08-14	35200	A
USGS	11361400	2017-08-15	35300	A
USGS	11361400	2017-08-16	35400	A
USGS	11361400	2017-08-17	35400	A
USGS	11361400	2017-08-18	35400	A
USGS	11361400	2017-08-19	35400	A
USGS	11361400	2017-08-20	35400	A
USGS	11361400	2017-08-21	35400	A
USGS	11361400	2017-08-22	35400	A
USGS	11361400	2017-08-23	35400	A
USGS	11361400	2017-08-24	35600	A
USGS	11361400	2017-08-25	35600	A
USGS	11361400	2017-08-26	35700	A
USGS	11361400	2017-08-27	35900	A
USGS	11361400	2017-08-28	35800	A
USGS	11361400	2017-08-29	35600	A
USGS	11361400	2017-08-30	35400	A
USGS	11361400	2017-08-31	35600	A
USGS	11361400	2017-09-01	35800	A
USGS	11361400	2017-09-02	35600	A
USGS	11361400	2017-09-03	35300	A
USGS	11361400	2017-09-04	35000	A
USGS	11361400	2017-09-05	34900	A
USGS	11361400	2017-09-06	34600	A
USGS	11361400	2017-09-07	34800	A
USGS	11361400	2017-09-08	35100	A
USGS	11361400	2017-09-09	35000	A
USGS	11361400	2017-09-10	35000	A
USGS	11361400	2017-09-11	35000	A
USGS	11361400	2017-09-12	35000	A
USGS	11361400	2017-09-13	35000	A
USGS	11361400	2017-09-14	35000	A
USGS	11361400	2017-09-15	35400	A
USGS	11361400	2017-09-16	35400	A
USGS	11361400	2017-09-17	35500	A
USGS	11361400	2017-09-18	35900	A
USGS	11361400	2017-09-19	36200	A
USGS	11361400	2017-09-20	36500	A
USGS	11361400	2017-09-21	36600	A
USGS	11361400	2017-09-22	36300	A
USGS	11361400	2017-09-23	36300	A
USGS	11361400	2017-09-24	36100	A
USGS	11361400	2017-09-25	36000	A
USGS	11361400	2017-09-26	35900	A
USGS	11361400	2017-09-27	35900	A
USGS	11361400	2017-09-28	35800	A
USGS	11361400	2017-09-29	36000	A
USGS	11361400	2017-09-30	36100	A
USGS	11361400	2017-10-01	36100	A
USGS	11361400	2017-10-02	36200	A
USGS	11361400	2017-10-03	36300	A
USGS	11361400	2017-10-04	35800	A
USGS	11361400	2017-10-05	35200	A
USGS	11361400	2017-10-06	35300	A
USGS	11361400	2017-10-07	35200	A
USGS	11361400	2017-10-08	35100	A
USGS	11361400	2017-10-09	35200	A
USGS	11361400	2017-10-10	35200	A
USGS	11361400	2017-10-11	35300	A
USGS	11361400	2017-10-12	35600	A
USGS	11361400	2017-10-13	35600	A
USGS	11361400	2017-10-14	35600	A
USGS	11361400	2017-10-15	35600	A
USGS	11361400	2017-10-16	35600	A
USGS	11361400	2017-10-17	35600	A
USGS	11361400	2017-10-18	35600	A
USGS	11361400	2017-10-19	35600	A
USGS	11361400	2017-10-20	35600	A
USGS	11361400	2017-10-21	35600	A
USGS	11361400	2017-10-22	35600	A
USGS	11361400	2017-10-23	35500	A
USGS	11361400	2017-10-24	35700	A
USGS	11361400	2017-10-25	35900	A
USGS	11361400	2017-10-26	35700	A
USGS	11361400	2017-10-27	35700	A
USGS	11361400	2017-10-28	35500	A
USGS	11361400	2017-10-29	35600	A
USGS	11361400	2017-10-30	35900	A
USGS	11361400	2017-10-31	35900	A
USGS	11361400	2017-11-01	35700	A
USGS	11361400	2017-11-02	35500	A
USGS	11361400	2017-11-03	35400	A
USGS	11361400	2017-11-04	35300	A
USGS	11361400	2017-11-05	35200	A
USGS	11361400	2017-11-06	35300	A
USGS	11361400	2017-11-07	35200	A
USGS	11361400	2017-11-08	35800	A
USGS	11361400	2017-11-09	35800	A
USGS	11361400	2017-11-10	35600	A
USGS	11361400	2017-11-11	35400	A
USGS	11361400	2017-11-12	35100	A
USGS	11361400	2017-11-13	34900	A
USGS	11361400	2017-11-14	34700	A
USGS	11361400	2017-11-15	34800	A
USGS	11361400	2017-11-16	34900	A
USGS	11361400	2017-11-17	35400	A
USGS	11361400	2017-11-18	34700	A
USGS	11361400	2017-11-19	33700	A
USGS	11361400	2017-11-20	33900	A
USGS	11361400	2017-11-21	34100	A
USGS	11361400	2017-11-22	34200	A
USGS	11361400	2017-11-23	34000	A
USGS	11361400	2017-11-24	33700	A
USGS	11361400	2017-11-25	33700	A
USGS	11361400	2017-11-26	33800	A
USGS	11361400	2017-11-27	34000	A
USGS	11361400	2017-11-28	33900	A
USGS	11361400	2017-11-29	34100	A
USGS	11361400	2017-11-30	33900	A
USGS	11361400	2017-12-01	33700	A
USGS	11361400	2017-12-02	34000	A
USGS	11361400	2017-12-03	34200	A
USGS	11361400	2017-12-04	34300	A
USGS	11361400	2017-12-05	34000	A
USGS	11361400	2017-12-06	34100	A
USGS	11361400	2017-12-07	34000	A
USGS	11361400	2017-12-08	33700	A
USGS	11361400	2017-12-09	33700	A
USGS	11361400	2017-12-10	33700	A
USGS	11361400	2017-12-11	34100	A
USGS	11361400	2017-12-12	33800	A
USGS	11361400	2017-12-13	34000	A
USGS	11361400	2017-12-14	34000	A
USGS	11361400	2017-12-15	33600	A
USGS	11361400	2017-12-16	34000	A
USGS	11361400	2017-12-17	34400	A
USGS	11361400	2017-12-18	33800	A
USGS	11361400	2017-12-19	33600	A
USGS	11361400	2017-12-20	33700	A
USGS	11361400	2017-12-21	34200	A
USGS	11361400	2017-12-22	33600	A
USGS	11361400	2017-12-23	34000	A
USGS	11361400	2017-12-24	33800	A
USGS	11361400	2017-12-25	33900	A
USGS	11361400	2017-12-26	34200	A
USGS	11361400	2017-12-27	34100	A
USGS	11361400	2017-12-28	34200	A
USGS	11361400	2017-12-29	34100	A
USGS	11361400	2017-12-30	33800	A
USGS	11361400	2017-12-31	33600	A
USGS	11361400	2018-01-01	34100	A
