agency_cd	site_no	datetime	8824_62615_00001	8824_62615_00001_cd	8825_62615_00002	8825_62615_00002_cd
5s	15s	20d	14n	10s	14n	10s
USGS	11162750	2013-01-01	285.30	A	285.19	A
USGS	11162750	2013-01-02	285.19	A	285.10	A
USGS	11162750	2013-01-03	285.10	A	285.02	A
USGS	11162750	2013-01-04	285.02	A	284.90	A
USGS	11162750	2013-01-05	284.90	A	284.76	A
USGS	11162750	2013-01-06	284.77	A	284.63	A
USGS	11162750	2013-01-07	284.63	A	284.49	A
USGS	11162750	2013-01-08	284.49	A	284.33	A
USGS	11162750	2013-01-09	284.34	A	284.19	A
USGS	11162750	2013-01-10	284.19	A	284.03	A
USGS	11162750	2013-01-11	284.03	A	283.87	A
USGS	11162750	2013-01-12	283.87	A	283.70	A
USGS	11162750	2013-01-13	283.71	A	283.54	A
USGS	11162750	2013-01-14	283.54	A	283.38	A
USGS	11162750	2013-01-15	283.38	A	283.21	A
USGS	11162750	2013-01-16	283.21	A	283.05	A
USGS	11162750	2013-01-17	283.05	A	282.88	A
USGS	11162750	2013-01-18	282.88	A	282.72	A
USGS	11162750	2013-01-19	282.72	A	282.55	A
USGS	11162750	2013-01-20	282.55	A	282.38	A
USGS	11162750	2013-01-21	282.38	A	282.22	A
USGS	11162750	2013-01-22	282.22	A	282.13	A
USGS	11162750	2013-01-23	282.14	A	282.07	A
USGS	11162750	2013-01-24	282.09	A	281.92	A
USGS	11162750	2013-01-25	281.92	A	281.76	A
USGS	11162750	2013-01-26	281.76	A	281.60	A
USGS	11162750	2013-01-27	281.60	A	281.44	A
USGS	11162750	2013-01-28	281.44	A	281.27	A
USGS	11162750	2013-01-29	281.27	A	281.07	A
USGS	11162750	2013-01-30	281.08	A	280.88	A
USGS	11162750	2013-01-31	280.88	A	280.70	A
USGS	11162750	2013-02-01	280.70	A	280.57	A
USGS	11162750	2013-02-02	280.58	A	280.42	A
USGS	11162750	2013-02-03	280.42	A	280.26	A
USGS	11162750	2013-02-04	280.26	A	280.10	A
USGS	11162750	2013-02-05	280.10	A	279.93	A
USGS	11162750	2013-02-06	279.94	A	279.77	A
USGS	11162750	2013-02-07	279.78	A	279.62	A
USGS	11162750	2013-02-08	279.62	A	279.48	A
USGS	11162750	2013-02-09	279.48	A	279.31	A
USGS	11162750	2013-02-10	279.32	A	279.15	A
USGS	11162750	2013-02-11	279.15	A	278.98	A
USGS	11162750	2013-02-12	278.98	A	278.80	A
USGS	11162750	2013-02-13	278.80	A	278.66	A
USGS	11162750	2013-02-14	278.66	A	278.59	A
USGS	11162750	2013-02-15	278.60	A	278.59	A
USGS	11162750	2013-02-16	278.61	A	278.59	A
USGS	11162750	2013-02-17	278.61	A	278.59	A
USGS	11162750	2013-02-18	278.64	A	278.60	A
USGS	11162750	2013-02-19	278.69	A	278.63	A
USGS	11162750	2013-02-20	278.70	A	278.67	A
USGS	11162750	2013-02-21	278.73	A	278.69	A
USGS	11162750	2013-02-22	278.73	A	278.71	A
USGS	11162750	2013-02-23	278.75	A	278.71	A
USGS	11162750	2013-02-24	278.75	A	278.72	A
USGS	11162750	2013-02-25	278.76	A	278.73	A
USGS	11162750	2013-02-26	278.79	A	278.75	A
USGS	11162750	2013-02-27	278.82	A	278.78	A
USGS	11162750	2013-02-28	278.88	A	278.81	A
USGS	11162750	2013-03-01	278.90	A	278.87	A
USGS	11162750	2013-03-02	278.95	A	278.90	A
USGS	11162750	2013-03-03	279.02	A	278.94	A
USGS	11162750	2013-03-04	279.03	A	279.00	A
USGS	11162750	2013-03-05	279.14	A	279.03	A
USGS	11162750	2013-03-06	279.27	A	279.12	A
USGS	11162750	2013-03-07	279.49	A	279.27	A
USGS	11162750	2013-03-08	279.64	A	279.49	A
USGS	11162750	2013-03-09	279.77	A	279.63	A
USGS	11162750	2013-03-10	279.90	A	279.77	A
USGS	11162750	2013-03-11	280.02	A	279.90	A
USGS	11162750	2013-03-12	280.14	A	280.02	A
USGS	11162750	2013-03-13	280.21	A	280.14	A
USGS	11162750	2013-03-14	280.31	A	280.21	A
USGS	11162750	2013-03-15	280.34	A	280.30	A
USGS	11162750	2013-03-16	280.42	A	280.33	A
USGS	11162750	2013-03-17	280.48	A	280.41	A
USGS	11162750	2013-03-18	280.55	A	280.47	A
USGS	11162750	2013-03-19	280.61	A	280.55	A
USGS	11162750	2013-03-20	280.72	A	280.59	A
USGS	11162750	2013-03-21	280.82	A	280.71	A
USGS	11162750	2013-03-22	280.88	A	280.82	A
USGS	11162750	2013-03-23	280.94	A	280.87	A
USGS	11162750	2013-03-24	281.01	A	280.94	A
USGS	11162750	2013-03-25	281.02	A	280.99	A
USGS	11162750	2013-03-26	281.06	A	280.99	A
USGS	11162750	2013-03-27	281.18	A	281.06	A
USGS	11162750	2013-03-28	281.29	A	281.18	A
USGS	11162750	2013-03-29	281.38	A	281.29	A
USGS	11162750	2013-03-30	281.49	A	281.38	A
USGS	11162750	2013-03-31	281.67	A	281.49	A
USGS	11162750	2013-04-01	281.84	A	281.67	A
USGS	11162750	2013-04-02	281.93	A	281.83	A
USGS	11162750	2013-04-03	282.02	A	281.93	A
USGS	11162750	2013-04-04	282.21	A	282.02	A
USGS	11162750	2013-04-05	282.27	A	282.21	A
USGS	11162750	2013-04-06	282.39	A	282.27	A
USGS	11162750	2013-04-07	282.52	A	282.38	A
USGS	11162750	2013-04-08	282.60	A	282.51	A
USGS	11162750	2013-04-09	282.64	A	282.58	A
USGS	11162750	2013-04-10	282.68	A	282.64	A
USGS	11162750	2013-04-11	282.72	A	282.66	A
USGS	11162750	2013-04-12	282.72	A	282.69	A
USGS	11162750	2013-04-13	282.74	A	282.70	A
USGS	11162750	2013-04-14	282.81	A	282.73	A
USGS	11162750	2013-04-15	282.81	A	282.76	A
USGS	11162750	2013-04-16	282.79	A	282.77	A
USGS	11162750	2013-04-17	282.79	A	282.76	A
USGS	11162750	2013-04-18	282.77	A	282.74	A
USGS	11162750	2013-04-19	282.75	A	282.73	A
USGS	11162750	2013-04-20	282.73	A	282.71	A
USGS	11162750	2013-04-21	282.74	A	282.71	A
USGS	11162750	2013-04-22	282.73	A	282.69	A
USGS	11162750	2013-04-23	282.70	A	282.66	A
USGS	11162750	2013-04-24	282.67	A	282.63	A
USGS	11162750	2013-04-25	282.64	A	282.60	A
USGS	11162750	2013-04-26	282.61	A	282.56	A
USGS	11162750	2013-04-27	282.58	A	282.56	A
USGS	11162750	2013-04-28	282.65	A	282.58	A
USGS	11162750	2013-04-29	282.66	A	282.62	A
USGS	11162750	2013-04-30	282.64	A	282.61	A
USGS	11162750	2013-05-01	282.61	A	282.59	A
USGS	11162750	2013-05-02	282.60	A	282.54	A
USGS	11162750	2013-05-03	282.55	A	282.49	A
USGS	11162750	2013-05-04	282.51	A	282.46	A
USGS	11162750	2013-05-05	282.52	A	282.49	A
USGS	11162750	2013-05-06	282.51	A	282.48	A
USGS	11162750	2013-05-07	282.50	A	282.47	A
USGS	11162750	2013-05-08	282.49	A	282.46	A
USGS	11162750	2013-05-09	282.47	A	282.41	A
USGS	11162750	2013-05-10	282.44	A	282.40	A
USGS	11162750	2013-05-11	282.41	A	282.39	A
USGS	11162750	2013-05-12	282.41	A	282.39	A
USGS	11162750	2013-05-13	282.41	A	282.38	A
USGS	11162750	2013-05-14	282.39	A	282.35	A
USGS	11162750	2013-05-15	282.44	A	282.38	A
USGS	11162750	2013-05-16	282.49	A	282.42	A
USGS	11162750	2013-05-17	282.51	A	282.49	A
USGS	11162750	2013-05-18	282.62	A	282.50	A
USGS	11162750	2013-05-19	282.69	A	282.61	A
USGS	11162750	2013-05-20	282.71	A	282.68	A
USGS	11162750	2013-05-21	282.71	A	282.65	A
USGS	11162750	2013-05-22	282.78	A	282.69	A
USGS	11162750	2013-05-23	282.85	A	282.77	A
USGS	11162750	2013-05-24	282.95	A	282.85	A
USGS	11162750	2013-05-25	283.09	A	282.95	A
USGS	11162750	2013-05-26	283.20	A	283.09	A
USGS	11162750	2013-05-27	283.31	A	283.20	A
USGS	11162750	2013-05-28	283.40	A	283.30	A
USGS	11162750	2013-05-29	283.51	A	283.38	A
USGS	11162750	2013-05-30	283.52	A	283.49	A
USGS	11162750	2013-05-31	283.52	A	283.43	A
USGS	11162750	2013-06-01	283.49	A	283.46	A
USGS	11162750	2013-06-02	283.59	A	283.48	A
USGS	11162750	2013-06-03	283.59	A	283.56	A
USGS	11162750	2013-06-04	283.62	A	283.56	A
USGS	11162750	2013-06-05	283.61	A	283.58	A
USGS	11162750	2013-06-06	283.59	A	283.56	A
USGS	11162750	2013-06-07	283.58	A	283.56	A
USGS	11162750	2013-06-08	283.62	A	283.56	A
USGS	11162750	2013-06-09	283.68	A	283.59	A
USGS	11162750	2013-06-10	283.74	A	283.67	A
USGS	11162750	2013-06-11	283.76	A	283.72	A
USGS	11162750	2013-06-12	283.76	A	283.68	A
USGS	11162750	2013-06-13	283.68	A	283.63	A
USGS	11162750	2013-06-14	283.64	A	283.58	A
USGS	11162750	2013-06-15	283.59	A	283.51	A
USGS	11162750	2013-06-16	283.54	A	283.51	A
USGS	11162750	2013-06-17	283.52	A	283.48	A
USGS	11162750	2013-06-18	283.48	A	283.45	A
USGS	11162750	2013-06-19	283.47	A	283.42	A
USGS	11162750	2013-06-20	283.45	A	283.40	A
USGS	11162750	2013-06-21	283.42	A	283.36	A
USGS	11162750	2013-06-22	283.40	A	283.37	A
USGS	11162750	2013-06-23	283.44	A	283.38	A
USGS	11162750	2013-06-24	283.50	A	283.44	A
USGS	11162750	2013-06-25	283.54	A	283.48	A
USGS	11162750	2013-06-26	283.48	A	283.34	A
USGS	11162750	2013-06-27	283.34	A	283.11	A
USGS	11162750	2013-06-28	283.11	A	282.89	A
USGS	11162750	2013-06-29	282.89	A	282.68	A
USGS	11162750	2013-06-30	282.68	A	282.54	A
USGS	11162750	2013-07-01	282.54	A	282.35	A
USGS	11162750	2013-07-02	282.36	A	282.20	A
USGS	11162750	2013-07-03	282.20	A	282.14	A
USGS	11162750	2013-07-04	282.22	A	282.16	A
USGS	11162750	2013-07-05	282.27	A	282.20	A
USGS	11162750	2013-07-06	282.36	A	282.26	A
USGS	11162750	2013-07-07	282.48	A	282.36	A
USGS	11162750	2013-07-08	282.48	A	282.35	A
USGS	11162750	2013-07-09	282.36	A	282.19	A
USGS	11162750	2013-07-10	282.19	A	282.01	A
USGS	11162750	2013-07-11	282.01	A	281.79	A
USGS	11162750	2013-07-12	281.80	A	281.56	A
USGS	11162750	2013-07-13	281.56	A	281.36	A
USGS	11162750	2013-07-14	281.36	A	281.23	A
USGS	11162750	2013-07-15	281.24	A	280.98	A
USGS	11162750	2013-07-16	280.98	A	280.67	A
USGS	11162750	2013-07-17	280.67	A	280.43	A
USGS	11162750	2013-07-18	280.43	A	280.29	A
USGS	11162750	2013-07-19	280.30	A	280.16	A
USGS	11162750	2013-07-20	280.16	A	280.05	A
USGS	11162750	2013-07-21	280.08	A	280.04	A
USGS	11162750	2013-07-22	280.07	A	280.00	A
USGS	11162750	2013-07-23	280.01	A	279.92	A
USGS	11162750	2013-07-24	279.92	A	279.86	A
USGS	11162750	2013-07-25	279.87	A	279.83	A
USGS	11162750	2013-07-26	279.84	A	279.80	A
USGS	11162750	2013-07-27	279.82	A	279.78	A
USGS	11162750	2013-07-28	279.79	A	279.74	A
USGS	11162750	2013-07-29	279.78	A	279.73	A
USGS	11162750	2013-07-30	279.78	A	279.74	A
USGS	11162750	2013-07-31	279.78	A	279.76	A
USGS	11162750	2013-08-01	279.84	A	279.78	A
USGS	11162750	2013-08-02	279.86	A	279.81	A
USGS	11162750	2013-08-03	279.92	A	279.86	A
USGS	11162750	2013-08-04	280.00	A	279.92	A
USGS	11162750	2013-08-05	280.04	A	280.00	A
USGS	11162750	2013-08-06	280.04	A	280.01	A
USGS	11162750	2013-08-07	280.04	A	280.02	A
USGS	11162750	2013-08-08	280.13	A	280.04	A
USGS	11162750	2013-08-09	280.13	A	280.10	A
USGS	11162750	2013-08-10	280.13	A	280.11	A
USGS	11162750	2013-08-11	280.17	A	280.11	A
USGS	11162750	2013-08-12	280.17	A	280.15	A
USGS	11162750	2013-08-13	280.15	A	280.12	A
USGS	11162750	2013-08-14	280.13	A	280.10	A
USGS	11162750	2013-08-15	280.10	A	280.08	A
USGS	11162750	2013-08-16	280.09	A	280.07	A
USGS	11162750	2013-08-17	280.10	A	280.06	A
USGS	11162750	2013-08-18	280.12	A	280.08	A
USGS	11162750	2013-08-19	280.13	A	280.09	A
USGS	11162750	2013-08-20	280.11	A	280.07	A
USGS	11162750	2013-08-21	280.08	A	280.05	A
USGS	11162750	2013-08-22	280.08	A	280.04	A
USGS	11162750	2013-08-23	280.04	A	279.99	A
USGS	11162750	2013-08-24	279.99	A	279.92	A
USGS	11162750	2013-08-25	279.95	A	279.92	A
USGS	11162750	2013-08-26	279.98	A	279.95	A
USGS	11162750	2013-08-27	279.95	A	279.87	A
USGS	11162750	2013-08-28	279.88	A	279.79	A
USGS	11162750	2013-08-29	279.79	A	279.75	A
USGS	11162750	2013-08-30	279.75	A	279.72	A
USGS	11162750	2013-08-31	279.72	A	279.68	A
USGS	11162750	2013-09-01	279.85	A	279.69	A
USGS	11162750	2013-09-02	279.85	A	279.79	A
USGS	11162750	2013-09-03	279.80	A	279.59	A
USGS	11162750	2013-09-04	279.59	A	279.36	A
USGS	11162750	2013-09-05	279.36	A	279.15	A
USGS	11162750	2013-09-06	279.15	A	279.10	A
USGS	11162750	2013-09-07	279.14	A	279.12	A
USGS	11162750	2013-09-08	279.27	A	279.12	A
USGS	11162750	2013-09-09	279.36	A	279.27	A
USGS	11162750	2013-09-10	279.32	A	279.20	A
USGS	11162750	2013-09-11	279.20	A	279.00	A
USGS	11162750	2013-09-12	279.00	A	278.83	A
USGS	11162750	2013-09-13	278.83	A	278.63	A
USGS	11162750	2013-09-14	278.63	A	278.48	A
USGS	11162750	2013-09-15	278.48	A	278.33	A
USGS	11162750	2013-09-16	278.33	A	278.14	A
USGS	11162750	2013-09-17	278.16	A	278.02	A
USGS	11162750	2013-09-18	278.14	A	278.09	A
USGS	11162750	2013-09-19	278.22	A	278.14	A
USGS	11162750	2013-09-20	278.26	A	278.22	A
USGS	11162750	2013-09-21	278.42	A	278.25	A
USGS	11162750	2013-09-22	278.58	A	278.42	A
USGS	11162750	2013-09-23	278.76	A	278.58	A
USGS	11162750	2013-09-24	278.95	A	278.76	A
USGS	11162750	2013-09-25	279.08	A	278.94	A
USGS	11162750	2013-09-26	279.25	A	279.08	A
USGS	11162750	2013-09-27	279.37	A	279.25	A
USGS	11162750	2013-09-28	279.46	A	279.37	A
USGS	11162750	2013-09-29	279.52	A	279.43	A
USGS	11162750	2013-09-30	279.62	A	279.51	A
USGS	11162750	2013-10-01	279.69	A	279.61	A
USGS	11162750	2013-10-02	279.81	A	279.69	A
USGS	11162750	2013-10-03	279.82	A	279.80	A
USGS	11162750	2013-10-04	279.87	A	279.81	A
USGS	11162750	2013-10-05	279.89	A	279.86	A
USGS	11162750	2013-10-06	280.07	A	279.89	A
USGS	11162750	2013-10-07	280.20	A	280.07	A
USGS	11162750	2013-10-08	280.37	A	280.20	A
USGS	11162750	2013-10-09	280.52	A	280.37	A
USGS	11162750	2013-10-10	280.66	A	280.51	A
USGS	11162750	2013-10-11	280.74	A	280.65	A
USGS	11162750	2013-10-12	280.88	A	280.74	A
USGS	11162750	2013-10-13	281.04	A	280.87	A
USGS	11162750	2013-10-14	281.08	A	281.04	A
USGS	11162750	2013-10-15	281.12	A	281.08	A
USGS	11162750	2013-10-16	281.14	A	281.12	A
USGS	11162750	2013-10-17	281.13	A	281.10	A
USGS	11162750	2013-10-18	281.11	A	281.09	A
USGS	11162750	2013-10-19	281.21	A	281.11	A
USGS	11162750	2013-10-20	281.32	A	281.21	A
USGS	11162750	2013-10-21	281.33	A	281.25	A
USGS	11162750	2013-10-22	281.28	A	281.21	A
USGS	11162750	2013-10-23	281.23	A	281.14	A
USGS	11162750	2013-10-24				
USGS	11162750	2013-10-25				
USGS	11162750	2013-10-26	280.96	A	280.94	A
USGS	11162750	2013-10-27	281.01	A	280.95	A
USGS	11162750	2013-10-28	281.02	A	280.91	A
USGS	11162750	2013-10-29	280.94	A	280.92	A
USGS	11162750	2013-10-30	280.97	A	280.94	A
USGS	11162750	2013-10-31	281.03	A	280.97	A
USGS	11162750	2013-11-01	281.05	A	281.03	A
USGS	11162750	2013-11-02	281.06	A	281.03	A
USGS	11162750	2013-11-03	281.13	A	281.05	A
USGS	11162750	2013-11-04	281.15	A	281.12	A
USGS	11162750	2013-11-05	281.20	A	281.14	A
USGS	11162750	2013-11-06	281.28	A	281.20	A
USGS	11162750	2013-11-07	281.40	A	281.28	A
USGS	11162750	2013-11-08	281.50	A	281.40	A
USGS	11162750	2013-11-09	281.64	A	281.50	A
USGS	11162750	2013-11-10	281.78	A	281.63	A
USGS	11162750	2013-11-11	281.88	A	281.78	A
USGS	11162750	2013-11-12	281.95	A	281.87	A
USGS	11162750	2013-11-13	281.96	A	281.94	A
USGS	11162750	2013-11-14	281.95	A	281.92	A
USGS	11162750	2013-11-15	281.93	A	281.92	A
USGS	11162750	2013-11-16	281.93	A	281.90	A
USGS	11162750	2013-11-17	281.91	A	281.89	A
USGS	11162750	2013-11-18	281.91	A	281.89	A
USGS	11162750	2013-11-19	281.97	A	281.89	A
USGS	11162750	2013-11-20	282.06	A	281.96	A
USGS	11162750	2013-11-21	282.13	A	282.06	A
USGS	11162750	2013-11-22	282.14	A	282.11	A
USGS	11162750	2013-11-23	282.20	A	282.14	A
USGS	11162750	2013-11-24	282.27	A	282.19	A
USGS	11162750	2013-11-25	282.28	A	282.26	A
USGS	11162750	2013-11-26	282.37	A	282.28	A
USGS	11162750	2013-11-27	282.43	A	282.36	A
USGS	11162750	2013-11-28	282.49	A	282.42	A
USGS	11162750	2013-11-29	282.54	A	282.49	A
USGS	11162750	2013-11-30	282.63	A	282.54	A
USGS	11162750	2013-12-01	282.68	A	282.62	A
USGS	11162750	2013-12-02	282.68	A	282.66	A
USGS	11162750	2013-12-03	282.70	A	282.67	A
USGS	11162750	2013-12-04	282.73	A	282.69	A
USGS	11162750	2013-12-05	282.71	A	282.70	A
USGS	11162750	2013-12-06	282.79	A	282.70	A
USGS	11162750	2013-12-07	282.82	A	282.77	A
USGS	11162750	2013-12-08	282.88	A	282.81	A
USGS	11162750	2013-12-09	282.89	A	282.86	A
USGS	11162750	2013-12-10	282.91	A	282.87	A
USGS	11162750	2013-12-11	282.93	A	282.89	A
USGS	11162750	2013-12-12	282.93	A	282.91	A
USGS	11162750	2013-12-13	282.95	A	282.92	A
USGS	11162750	2013-12-14	282.95	A	282.93	A
USGS	11162750	2013-12-15	282.98	A	282.94	A
USGS	11162750	2013-12-16	283.02	A	282.97	A
USGS	11162750	2013-12-17	283.03	A	283.00	A
USGS	11162750	2013-12-18	283.02	A	282.99	A
USGS	11162750	2013-12-19	283.01	A	282.98	A
USGS	11162750	2013-12-20	283.00	A	282.97	A
USGS	11162750	2013-12-21	283.01	A	282.97	A
USGS	11162750	2013-12-22	283.03	A	283.00	A
USGS	11162750	2013-12-23	283.08	A	283.02	A
USGS	11162750	2013-12-24	283.07	A	283.05	A
USGS	11162750	2013-12-25	283.08	A	283.05	A
USGS	11162750	2013-12-26	283.13	A	283.08	A
USGS	11162750	2013-12-27	283.14	A	283.11	A
USGS	11162750	2013-12-28	283.13	A	283.11	A
USGS	11162750	2013-12-29	283.14	A	283.11	A
USGS	11162750	2013-12-30	283.14	A	283.12	A
USGS	11162750	2013-12-31	283.13	A	283.12	A
USGS	11162750	2014-01-01	283.15	A	283.12	A
USGS	11162750	2014-01-02	283.16	A	283.13	A
USGS	11162750	2014-01-03	283.15	A	283.13	A
USGS	11162750	2014-01-04	283.15	A	283.13	A
USGS	11162750	2014-01-05	283.20	A	283.14	A
USGS	11162750	2014-01-06	283.23	A	283.19	A
USGS	11162750	2014-01-07	283.22	A	283.20	A
USGS	11162750	2014-01-08	283.21	A	283.19	A
USGS	11162750	2014-01-09	283.21	A	283.19	A
USGS	11162750	2014-01-10	283.20	A	283.18	A
USGS	11162750	2014-01-11	283.19	A	283.16	A
USGS	11162750	2014-01-12	283.19	A	283.16	A
USGS	11162750	2014-01-13	283.18	A	283.16	A
USGS	11162750	2014-01-14	283.17	A	283.15	A
USGS	11162750	2014-01-15	283.16	A	283.01	A
USGS	11162750	2014-01-16	283.01	A	282.70	A
USGS	11162750	2014-01-17	282.70	A	282.43	A
USGS	11162750	2014-01-18	282.43	A	282.12	A
USGS	11162750	2014-01-19	282.12	A	281.83	A
USGS	11162750	2014-01-20	281.83	A	281.56	A
USGS	11162750	2014-01-21	281.56	A	281.29	A
USGS	11162750	2014-01-22	281.29	A	280.98	A
USGS	11162750	2014-01-23	280.98	A	280.66	A
USGS	11162750	2014-01-24	280.66	A	280.36	A
USGS	11162750	2014-01-25	280.36	A	280.04	A
USGS	11162750	2014-01-26	280.04	A	279.81	A
USGS	11162750	2014-01-27	279.81	A	279.57	A
USGS	11162750	2014-01-28	279.57	A	279.35	A
USGS	11162750	2014-01-29	279.35	A	279.08	A
USGS	11162750	2014-01-30	279.09	A	278.82	A
USGS	11162750	2014-01-31	278.82	A	278.54	A
USGS	11162750	2014-02-01	278.54	A	278.20	A
USGS	11162750	2014-02-02	278.20	A	278.07	A
USGS	11162750	2014-02-03	278.07	A	277.80	A
USGS	11162750	2014-02-04	277.80	A	277.55	A
USGS	11162750	2014-02-05	277.55	A	277.44	A
USGS	11162750	2014-02-06	277.47	A	277.33	A
USGS	11162750	2014-02-07	277.34	A	277.18	A
USGS	11162750	2014-02-08	277.19	A	277.04	A
USGS	11162750	2014-02-09	277.10	A	277.03	A
USGS	11162750	2014-02-10	277.05	A	276.86	A
USGS	11162750	2014-02-11	276.86	A	276.60	A
USGS	11162750	2014-02-12	276.60	A	276.29	A
USGS	11162750	2014-02-13	276.29	A	275.97	A
USGS	11162750	2014-02-14	275.97	A	275.64	A
USGS	11162750	2014-02-15	275.64	A	275.52	A
USGS	11162750	2014-02-16	275.53	A	275.41	A
USGS	11162750	2014-02-17	275.42	A	275.23	A
USGS	11162750	2014-02-18	275.23	A	275.07	A
USGS	11162750	2014-02-19	275.35	A	275.13	A
USGS	11162750	2014-02-20	275.53	A	275.35	A
USGS	11162750	2014-02-21	275.69	A	275.52	A
USGS	11162750	2014-02-22	275.90	A	275.69	A
USGS	11162750	2014-02-23	276.12	A	275.90	A
USGS	11162750	2014-02-24	276.31	A	276.12	A
USGS	11162750	2014-02-25	276.50	A	276.30	A
USGS	11162750	2014-02-26	276.73	A	276.48	A
USGS	11162750	2014-02-27	276.94	A	276.70	A
USGS	11162750	2014-02-28	277.19	A	276.94	A
USGS	11162750	2014-03-01	277.46	A	277.19	A
USGS	11162750	2014-03-02	277.69	A	277.46	A
USGS	11162750	2014-03-03	277.93	A	277.69	A
USGS	11162750	2014-03-04	278.14	A	277.91	A
USGS	11162750	2014-03-05	278.37	A	278.14	A
USGS	11162750	2014-03-06	278.63	A	278.37	A
USGS	11162750	2014-03-07	278.97	A	278.63	A
USGS	11162750	2014-03-08	279.29	A	278.97	A
USGS	11162750	2014-03-09	279.58	A	279.28	A
USGS	11162750	2014-03-10	279.89	A	279.58	A
USGS	11162750	2014-03-11	280.17	A	279.89	A
USGS	11162750	2014-03-12	280.36	A	280.17	A
USGS	11162750	2014-03-13	280.58	A	280.36	A
USGS	11162750	2014-03-14	280.79	A	280.58	A
USGS	11162750	2014-03-15	281.03	A	280.79	A
USGS	11162750	2014-03-16	281.26	A	281.03	A
USGS	11162750	2014-03-17	281.46	A	281.25	A
USGS	11162750	2014-03-18	281.67	A	281.46	A
USGS	11162750	2014-03-19	281.82	A	281.67	A
USGS	11162750	2014-03-20	282.05	A	281.82	A
USGS	11162750	2014-03-21	282.26	A	282.05	A
USGS	11162750	2014-03-22	282.46	A	282.26	A
USGS	11162750	2014-03-23	282.65	A	282.46	A
USGS	11162750	2014-03-24	282.81	A	282.64	A
USGS	11162750	2014-03-25	283.04	A	282.81	A
USGS	11162750	2014-03-26	283.30	A	283.03	A
USGS	11162750	2014-03-27	283.53	A	283.30	A
USGS	11162750	2014-03-28	283.73	A	283.52	A
USGS	11162750	2014-03-29	284.06	A	283.73	A
USGS	11162750	2014-03-30	284.26	A	284.06	A
USGS	11162750	2014-03-31	284.60	A	284.26	A
USGS	11162750	2014-04-01	284.82	A	284.60	A
USGS	11162750	2014-04-02	284.92	A	284.82	A
USGS	11162750	2014-04-03	284.99	A	284.92	A
USGS	11162750	2014-04-04	284.96	A	284.93	A
USGS	11162750	2014-04-05	284.94	A	284.88	A
USGS	11162750	2014-04-06	284.94	A	284.89	A
USGS	11162750	2014-04-07	284.93	A	284.84	A
USGS	11162750	2014-04-08	284.84	A	284.75	A
USGS	11162750	2014-04-09	284.75	A	284.66	A
USGS	11162750	2014-04-10	284.66	A	284.55	A
USGS	11162750	2014-04-11	284.56	A	284.42	A
USGS	11162750	2014-04-12	284.42	A	284.34	A
USGS	11162750	2014-04-13	284.35	A	284.27	A
USGS	11162750	2014-04-14	284.28	A	284.17	A
USGS	11162750	2014-04-15	284.18	A	284.07	A
USGS	11162750	2014-04-16	284.15	A	284.08	A
USGS	11162750	2014-04-17	284.15	A	284.13	A
USGS	11162750	2014-04-18	284.14	A	284.12	A
USGS	11162750	2014-04-19	284.13	A	284.11	A
USGS	11162750	2014-04-20	284.17	A	284.11	A
USGS	11162750	2014-04-21	284.22	A	284.17	A
USGS	11162750	2014-04-22	284.22	A	284.17	A
USGS	11162750	2014-04-23	284.19	A	284.16	A
USGS	11162750	2014-04-24	284.17	A	284.15	A
USGS	11162750	2014-04-25	284.27	A	284.15	A
USGS	11162750	2014-04-26	284.43	A	284.27	A
USGS	11162750	2014-04-27	284.63	A	284.42	A
USGS	11162750	2014-04-28	284.81	A	284.63	A
USGS	11162750	2014-04-29	284.86	A	284.81	A
USGS	11162750	2014-04-30	284.87	A	284.85	A
USGS	11162750	2014-05-01	284.86	A	284.85	A
USGS	11162750	2014-05-02	284.86	A	284.84	A
USGS	11162750	2014-05-03	284.85	A	284.83	A
USGS	11162750	2014-05-04	284.93	A	284.83	A
USGS	11162750	2014-05-05	285.01	A	284.93	A
USGS	11162750	2014-05-06	284.99	A	284.96	A
USGS	11162750	2014-05-07	284.97	A	284.95	A
USGS	11162750	2014-05-08	285.00	A	284.96	A
USGS	11162750	2014-05-09	285.02	A	284.98	A
USGS	11162750	2014-05-10	285.01	A	284.97	A
USGS	11162750	2014-05-11	284.98	A	284.96	A
USGS	11162750	2014-05-12	284.99	A	284.97	A
USGS	11162750	2014-05-13	284.98	A	284.96	A
USGS	11162750	2014-05-14	284.96	A	284.94	A
USGS	11162750	2014-05-15	284.95	A	284.91	A
USGS	11162750	2014-05-16	284.92	A	284.89	A
USGS	11162750	2014-05-17	284.90	A	284.86	A
USGS	11162750	2014-05-18	284.89	A	284.86	A
USGS	11162750	2014-05-19	284.88	A	284.85	A
USGS	11162750	2014-05-20	284.88	A	284.84	A
USGS	11162750	2014-05-21	284.88	A	284.85	A
USGS	11162750	2014-05-22	284.87	A	284.84	A
USGS	11162750	2014-05-23	284.87	A	284.83	A
USGS	11162750	2014-05-24	284.85	A	284.81	A
USGS	11162750	2014-05-25	284.84	A	284.80	A
USGS	11162750	2014-05-26	284.88	A	284.84	A
USGS	11162750	2014-05-27	284.88	A	284.84	A
USGS	11162750	2014-05-28	284.86	A	284.79	A
USGS	11162750	2014-05-29	284.79	A	284.62	A
USGS	11162750	2014-05-30	284.62	A	284.42	A
USGS	11162750	2014-05-31	284.42	A	284.25	A
USGS	11162750	2014-06-01	284.25	A	284.06	A
USGS	11162750	2014-06-02	284.06	A	283.86	A
USGS	11162750	2014-06-03	283.87	A	283.79	A
USGS	11162750	2014-06-04	283.80	A	283.78	A
USGS	11162750	2014-06-05	283.79	A	283.76	A
USGS	11162750	2014-06-06	283.79	A	283.75	A
USGS	11162750	2014-06-07	283.76	A	283.74	A
USGS	11162750	2014-06-08	283.86	A	283.75	A
USGS	11162750	2014-06-09	283.87	A	283.75	A
USGS	11162750	2014-06-10	283.76	A	283.58	A
USGS	11162750	2014-06-11	283.60	A	283.35	A
USGS	11162750	2014-06-12	283.36	A	283.18	A
USGS	11162750	2014-06-13	283.18	A	283.06	A
USGS	11162750	2014-06-14	283.16	A	283.11	A
USGS	11162750	2014-06-15	283.24	A	283.15	A
USGS	11162750	2014-06-16	283.29	A	283.22	A
USGS	11162750	2014-06-17	283.34	A	283.27	A
USGS	11162750	2014-06-18	283.36	A	283.33	A
USGS	11162750	2014-06-19	283.36	A	283.33	A
USGS	11162750	2014-06-20	283.40	A	283.35	A
USGS	11162750	2014-06-21	283.45	A	283.39	A
USGS	11162750	2014-06-22	283.54	A	283.44	A
USGS	11162750	2014-06-23	283.58	A	283.53	A
USGS	11162750	2014-06-24	283.61	A	283.56	A
USGS	11162750	2014-06-25	283.74	A	283.61	A
USGS	11162750	2014-06-26	283.83	A	283.72	A
USGS	11162750	2014-06-27	283.85	A	283.82	A
USGS	11162750	2014-06-28	283.86	A	283.82	A
USGS	11162750	2014-06-29	283.96	A	283.84	A
USGS	11162750	2014-06-30	283.99	A	283.94	A
USGS	11162750	2014-07-01	283.99	A	283.92	A
USGS	11162750	2014-07-02	284.00	A	283.92	A
USGS	11162750	2014-07-03	284.05	A	283.96	A
USGS	11162750	2014-07-04	284.05	A	284.01	A
USGS	11162750	2014-07-05	284.07	A	284.01	A
USGS	11162750	2014-07-06	284.18	A	284.07	A
USGS	11162750	2014-07-07	284.20	A	284.12	A
USGS	11162750	2014-07-08	284.25	A	284.17	A
USGS	11162750	2014-07-09	284.24	A	284.20	A
USGS	11162750	2014-07-10	284.24	A	284.20	A
USGS	11162750	2014-07-11	284.29	A	284.23	A
USGS	11162750	2014-07-12	284.29	A	284.26	A
USGS	11162750	2014-07-13	284.33	A	284.26	A
USGS	11162750	2014-07-14	284.40	A	284.32	A
USGS	11162750	2014-07-15	284.47	A	284.37	A
USGS	11162750	2014-07-16	284.52	A	284.45	A
USGS	11162750	2014-07-17	284.60	A	284.51	A
USGS	11162750	2014-07-18	284.63	A	284.57	A
USGS	11162750	2014-07-19	284.63	A	284.60	A
USGS	11162750	2014-07-20	284.78	A	284.62	A
USGS	11162750	2014-07-21	284.82	A	284.76	A
USGS	11162750	2014-07-22	284.76	A	284.58	A
USGS	11162750	2014-07-23	284.58	A	284.41	A
USGS	11162750	2014-07-24	284.41	A	284.30	A
USGS	11162750	2014-07-25	284.30	A	284.12	A
USGS	11162750	2014-07-26	284.13	A	283.99	A
USGS	11162750	2014-07-27	284.07	A	283.99	A
USGS	11162750	2014-07-28	284.06	A	284.04	A
USGS	11162750	2014-07-29	284.04	A	284.00	A
USGS	11162750	2014-07-30	284.03	A	283.97	A
USGS	11162750	2014-07-31	284.03	A	283.99	A
USGS	11162750	2014-08-01	284.03	A	283.99	A
USGS	11162750	2014-08-02	284.03	A	283.95	A
USGS	11162750	2014-08-03	283.95	A	283.89	A
USGS	11162750	2014-08-04	283.97	A	283.90	A
USGS	11162750	2014-08-05	284.02	A	283.95	A
USGS	11162750	2014-08-06	284.04	A	284.00	A
USGS	11162750	2014-08-07	284.07	A	284.01	A
USGS	11162750	2014-08-08	284.10	A	284.05	A
USGS	11162750	2014-08-09	284.15	A	284.07	A
USGS	11162750	2014-08-10	284.24	A	284.14	A
USGS	11162750	2014-08-11	284.29	A	284.23	A
USGS	11162750	2014-08-12	284.35	A	284.26	A
USGS	11162750	2014-08-13	284.42	A	284.34	A
USGS	11162750	2014-08-14	284.42	A	284.40	A
USGS	11162750	2014-08-15	284.43	A	284.40	A
USGS	11162750	2014-08-16	284.40	A	284.37	A
USGS	11162750	2014-08-17	284.42	A	284.37	A
USGS	11162750	2014-08-18	284.44	A	284.39	A
USGS	11162750	2014-08-19	284.43	A	284.41	A
USGS	11162750	2014-08-20	284.43	A	284.40	A
USGS	11162750	2014-08-21	284.41	A	284.39	A
USGS	11162750	2014-08-22	284.40	A	284.37	A
USGS	11162750	2014-08-23	284.37	A	284.30	A
USGS	11162750	2014-08-24	284.32	A	284.28	A
USGS	11162750	2014-08-25	284.32	A	284.27	A
USGS	11162750	2014-08-26	284.28	A	284.21	A
USGS	11162750	2014-08-27	284.21	A	284.01	A
USGS	11162750	2014-08-28	284.01	A	283.77	A
USGS	11162750	2014-08-29	283.77	A	283.56	A
USGS	11162750	2014-08-30	283.56	A	283.36	A
USGS	11162750	2014-08-31	283.44	A	283.35	A
USGS	11162750	2014-09-01	283.37	A	283.19	A
USGS	11162750	2014-09-02	283.19	A	282.98	A
USGS	11162750	2014-09-03	282.98	A	282.80	A
USGS	11162750	2014-09-04	282.80	A	282.55	A
USGS	11162750	2014-09-05	282.55	A	282.36	A
USGS	11162750	2014-09-06	282.36	A	282.15	A
USGS	11162750	2014-09-07	282.22	A	282.09	A
USGS	11162750	2014-09-08	282.09	A	281.88	A
USGS	11162750	2014-09-09	281.90	A	281.86	A
USGS	11162750	2014-09-10	281.86	A	281.76	A
USGS	11162750	2014-09-11	281.76	A	281.70	A
USGS	11162750	2014-09-12	281.70	A	281.68	A
USGS	11162750	2014-09-13	281.68	A	281.63	A
USGS	11162750	2014-09-14	281.72	A	281.63	A
USGS	11162750	2014-09-15	281.76	A	281.70	A
USGS	11162750	2014-09-16	281.85	A	281.76	A
USGS	11162750	2014-09-17	281.88	A	281.85	A
USGS	11162750	2014-09-18	281.96	A	281.87	A
USGS	11162750	2014-09-19	282.07	A	281.96	A
USGS	11162750	2014-09-20	282.11	A	282.06	A
USGS	11162750	2014-09-21	282.18	A	282.08	A
USGS	11162750	2014-09-22	282.20	A	282.16	A
USGS	11162750	2014-09-23	282.18	A	282.14	A
USGS	11162750	2014-09-24	282.14	A	282.07	A
USGS	11162750	2014-09-25	282.10	A	282.05	A
USGS	11162750	2014-09-26	282.10	A	282.05	A
USGS	11162750	2014-09-27	282.08	A	282.04	A
USGS	11162750	2014-09-28	282.20	A	282.07	A
USGS	11162750	2014-09-29	282.27	A	282.20	A
USGS	11162750	2014-09-30	282.36	A	282.27	A
USGS	11162750	2014-10-01	282.44	A	282.36	A
USGS	11162750	2014-10-02	282.50	A	282.43	A
USGS	11162750	2014-10-03	282.54	A	282.50	A
USGS	11162750	2014-10-04	282.59	A	282.53	A
USGS	11162750	2014-10-05	282.69	A	282.59	A
USGS	11162750	2014-10-06	282.74	A	282.69	A
USGS	11162750	2014-10-07	282.75	A	282.73	A
USGS	11162750	2014-10-08	282.78	A	282.73	A
USGS	11162750	2014-10-09	282.86	A	282.78	A
USGS	11162750	2014-10-10	282.91	A	282.85	A
USGS	11162750	2014-10-11	282.96	A	282.89	A
USGS	11162750	2014-10-12	283.01	A	282.96	A
USGS	11162750	2014-10-13	283.00	A	282.97	A
USGS	11162750	2014-10-14	283.03	A	282.96	A
USGS	11162750	2014-10-15	283.05	A	283.02	A
USGS	11162750	2014-10-16	283.07	A	283.03	A
USGS	11162750	2014-10-17	283.10	A	283.06	A
USGS	11162750	2014-10-18	283.09	A	283.07	A
USGS	11162750	2014-10-19	283.07	A	283.05	A
USGS	11162750	2014-10-20	283.09	A	283.05	A
USGS	11162750	2014-10-21	283.08	A	283.06	A
USGS	11162750	2014-10-22	283.09	A	283.05	A
USGS	11162750	2014-10-23	283.08	A	283.05	A
USGS	11162750	2014-10-24	283.07	A	283.04	A
USGS	11162750	2014-10-25	283.12	A	283.04	A
USGS	11162750	2014-10-26	283.19	A	283.11	A
USGS	11162750	2014-10-27	283.21	A	283.18	A
USGS	11162750	2014-10-28	283.22	A	283.19	A
USGS	11162750	2014-10-29	283.22	A	283.19	A
USGS	11162750	2014-10-30	283.24	A	283.21	A
USGS	11162750	2014-10-31	283.29	A	283.22	A
USGS	11162750	2014-11-01	283.36	A	283.28	A
USGS	11162750	2014-11-02	283.44	A	283.36	A
USGS	11162750	2014-11-03	283.50	A	283.42	A
USGS	11162750	2014-11-04	283.57	A	283.49	A
USGS	11162750	2014-11-05	283.61	A	283.56	A
USGS	11162750	2014-11-06	283.67	A	283.60	A
USGS	11162750	2014-11-07	283.70	A	283.65	A
USGS	11162750	2014-11-08	283.74	A	283.69	A
USGS	11162750	2014-11-09	283.81	A	283.73	A
USGS	11162750	2014-11-10	283.86	A	283.80	A
USGS	11162750	2014-11-11	283.93	A	283.85	A
USGS	11162750	2014-11-12	284.00	A	283.93	A
USGS	11162750	2014-11-13	284.12	A	284.00	A
USGS	11162750	2014-11-14	284.13	A	284.11	A
USGS	11162750	2014-11-15	284.17	A	284.13	A
USGS	11162750	2014-11-16	284.21	A	284.16	A
USGS	11162750	2014-11-17	284.22	A	284.20	A
USGS	11162750	2014-11-18	284.22	A	284.20	A
USGS	11162750	2014-11-19	284.27	A	284.20	A
USGS	11162750	2014-11-20	284.33	A	284.26	A
USGS	11162750	2014-11-21	284.37	A	284.32	A
USGS	11162750	2014-11-22	284.48	A	284.35	A
USGS	11162750	2014-11-23	284.54	A	284.47	A
USGS	11162750	2014-11-24	284.56	A	284.53	A
USGS	11162750	2014-11-25	284.58	A	284.54	A
USGS	11162750	2014-11-26	284.54	A	284.48	A
USGS	11162750	2014-11-27	284.48	A	284.40	A
USGS	11162750	2014-11-28	284.40	A	284.36	A
USGS	11162750	2014-11-29	284.38	A	284.34	A
USGS	11162750	2014-11-30	284.38	A	284.32	A
USGS	11162750	2014-12-01	284.36	A	284.32	A
USGS	11162750	2014-12-02	284.46	A	284.32	A
USGS	11162750	2014-12-03	284.69	A	284.45	A
USGS	11162750	2014-12-04	284.73	A	284.69	A
USGS	11162750	2014-12-05	284.69	A	284.65	A
USGS	11162750	2014-12-06	284.65	A	284.58	A
USGS	11162750	2014-12-07	284.59	A	284.49	A
USGS	11162750	2014-12-08	284.49	A	284.39	A
USGS	11162750	2014-12-09	284.39	A	284.30	A
USGS	11162750	2014-12-10	284.30	A	284.18	A
USGS	11162750	2014-12-11	285.16	A	284.17	A
USGS	11162750	2014-12-12	285.51	A	285.16	A
USGS	11162750	2014-12-13	285.51	A	285.43	A
USGS	11162750	2014-12-14	285.43	A	285.30	A
USGS	11162750	2014-12-15	285.69	A	285.30	A
USGS	11162750	2014-12-16	286.27	A	285.69	A
USGS	11162750	2014-12-17	286.57	A	286.27	A
USGS	11162750	2014-12-18	286.69	A	286.57	A
USGS	11162750	2014-12-19	286.76	A	286.68	A
USGS	11162750	2014-12-20	286.79	A	286.76	A
USGS	11162750	2014-12-21	286.77	A	286.71	A
USGS	11162750	2014-12-22	286.72	A	286.64	A
USGS	11162750	2014-12-23	286.64	A	286.55	A
USGS	11162750	2014-12-24	286.55	A	286.45	A
USGS	11162750	2014-12-25	286.45	A	286.40	A
USGS	11162750	2014-12-26	286.41	A	286.36	A
USGS	11162750	2014-12-27	286.37	A	286.28	A
USGS	11162750	2014-12-28	286.28	A	286.20	A
USGS	11162750	2014-12-29	286.20	A	286.10	A
USGS	11162750	2014-12-30	286.10	A	285.99	A
USGS	11162750	2014-12-31	285.99	A	285.87	A
USGS	11162750	2015-01-01	285.87	A	285.76	A
USGS	11162750	2015-01-02	285.77	A	285.65	A
USGS	11162750	2015-01-03	285.65	A	285.52	A
USGS	11162750	2015-01-04	285.53	A	285.38	A
USGS	11162750	2015-01-05	285.38	A	285.24	A
USGS	11162750	2015-01-06	285.24	A	285.10	A
USGS	11162750	2015-01-07	285.10	A	284.96	A
USGS	11162750	2015-01-08	284.97	A	284.79	A
USGS	11162750	2015-01-09	284.79	A	284.62	A
USGS	11162750	2015-01-10	284.62	A	284.45	A
USGS	11162750	2015-01-11	284.45	A	284.32	A
USGS	11162750	2015-01-12	284.32	A	284.15	A
USGS	11162750	2015-01-13	284.16	A	284.00	A
USGS	11162750	2015-01-14	284.00	A	283.86	A
USGS	11162750	2015-01-15	283.87	A	283.76	A
USGS	11162750	2015-01-16	283.78	A	283.69	A
USGS	11162750	2015-01-17	283.69	A	283.59	A
USGS	11162750	2015-01-18	283.59	A	283.52	A
USGS	11162750	2015-01-19	283.53	A	283.42	A
USGS	11162750	2015-01-20	283.42	A	283.30	A
USGS	11162750	2015-01-21	283.31	A	283.15	A
USGS	11162750	2015-01-22	283.15	A	283.01	A
USGS	11162750	2015-01-23	283.01	A	282.84	A
USGS	11162750	2015-01-24	282.84	A	282.67	A
USGS	11162750	2015-01-25	282.67	A	282.52	A
USGS	11162750	2015-01-26	282.52	A	282.34	A
USGS	11162750	2015-01-27	282.34	A	282.14	A
USGS	11162750	2015-01-28	282.14	A	281.96	A
USGS	11162750	2015-01-29	281.96	A	281.79	A
USGS	11162750	2015-01-30	281.79	A	281.60	A
USGS	11162750	2015-01-31	281.60	A	281.41	A
USGS	11162750	2015-02-01	281.41	A	281.24	A
USGS	11162750	2015-02-02	281.24	A	281.07	A
USGS	11162750	2015-02-03	281.07	A	280.96	A
USGS	11162750	2015-02-04	280.97	A	280.95	A
USGS	11162750	2015-02-05	280.97	A	280.92	A
USGS	11162750	2015-02-06	281.08	A	280.92	A
USGS	11162750	2015-02-07	281.13	A	281.06	A
USGS	11162750	2015-02-08	281.54	A	281.11	A
USGS	11162750	2015-02-09	281.68	A	281.52	A
USGS	11162750	2015-02-10	281.73	A	281.67	A
USGS	11162750	2015-02-11	281.75	A	281.72	A
USGS	11162750	2015-02-12	281.79	A	281.73	A
USGS	11162750	2015-02-13	281.81	A	281.77	A
USGS	11162750	2015-02-14	281.81	A	281.77	A
USGS	11162750	2015-02-15	281.86	A	281.77	A
USGS	11162750	2015-02-16	281.89	A	281.83	A
USGS	11162750	2015-02-17	281.85	A	281.83	A
USGS	11162750	2015-02-18	281.86	A	281.83	A
USGS	11162750	2015-02-19	281.85	A	281.81	A
USGS	11162750	2015-02-20	281.85	A	281.80	A
USGS	11162750	2015-02-21	281.87	A	281.82	A
USGS	11162750	2015-02-22	281.90	A	281.84	A
USGS	11162750	2015-02-23	281.87	A	281.83	A
USGS	11162750	2015-02-24	281.85	A	281.81	A
USGS	11162750	2015-02-25	281.83	A	281.80	A
USGS	11162750	2015-02-26	281.82	A	281.79	A
USGS	11162750	2015-02-27	281.80	A	281.77	A
USGS	11162750	2015-02-28	281.90	A	281.79	A
USGS	11162750	2015-03-01	282.03	A	281.90	A
USGS	11162750	2015-03-02	282.11	A	282.03	A
USGS	11162750	2015-03-03	282.20	A	282.11	A
USGS	11162750	2015-03-04	282.43	A	282.20	A
USGS	11162750	2015-03-05	282.49	A	282.43	A
USGS	11162750	2015-03-06	282.48	A	282.45	A
USGS	11162750	2015-03-07	282.49	A	282.45	A
USGS	11162750	2015-03-08	282.50	A	282.48	A
USGS	11162750	2015-03-09	282.49	A	282.46	A
USGS	11162750	2015-03-10	282.48	A	282.46	A
USGS	11162750	2015-03-11	282.48	A	282.45	A
USGS	11162750	2015-03-12	282.49	A	282.45	A
USGS	11162750	2015-03-13	282.48	A	282.38	A
USGS	11162750	2015-03-14	282.38	A	282.27	A
USGS	11162750	2015-03-15	282.27	A	282.22	A
USGS	11162750	2015-03-16	282.22	A	282.10	A
USGS	11162750	2015-03-17	282.13	A	282.10	A
USGS	11162750	2015-03-18	282.10	A	282.06	A
USGS	11162750	2015-03-19	282.08	A	281.97	A
USGS	11162750	2015-03-20	281.98	A	281.94	A
USGS	11162750	2015-03-21	281.96	A	281.87	A
USGS	11162750	2015-03-22	281.87	A	281.82	A
USGS	11162750	2015-03-23	281.83	A	281.80	A
USGS	11162750	2015-03-24	281.83	A	281.73	A
USGS	11162750	2015-03-25	281.73	A	281.57	A
USGS	11162750	2015-03-26	281.57	A	281.37	A
USGS	11162750	2015-03-27	281.37	A	281.19	A
USGS	11162750	2015-03-28	281.20	A	280.99	A
USGS	11162750	2015-03-29	280.99	A	280.80	A
USGS	11162750	2015-03-30	280.80	A	280.57	A
USGS	11162750	2015-03-31	280.57	A	280.32	A
USGS	11162750	2015-04-01	280.32	A	280.20	A
USGS	11162750	2015-04-02	280.21	A	280.04	A
USGS	11162750	2015-04-03	280.04	A	279.81	A
USGS	11162750	2015-04-04	279.81	A	279.61	A
USGS	11162750	2015-04-05	279.61	A	279.44	A
USGS	11162750	2015-04-06	279.44	A	279.31	A
USGS	11162750	2015-04-07	279.36	A	279.30	A
USGS	11162750	2015-04-08	279.45	A	279.33	A
USGS	11162750	2015-04-09	279.43	A	279.30	A
USGS	11162750	2015-04-10	279.35	A	279.28	A
USGS	11162750	2015-04-11	279.40	A	279.31	A
USGS	11162750	2015-04-12	279.42	A	279.35	A
USGS	11162750	2015-04-13	279.47	A	279.37	A
USGS	11162750	2015-04-14	279.45	A	279.39	A
USGS	11162750	2015-04-15	279.50	A	279.39	A
USGS	11162750	2015-04-16	279.42	A	279.34	A
USGS	11162750	2015-04-17	279.36	A	279.31	A
USGS	11162750	2015-04-18	279.34	A	279.29	A
USGS	11162750	2015-04-19	279.36	A	279.29	A
USGS	11162750	2015-04-20	279.38	A	279.31	A
USGS	11162750	2015-04-21	279.37	A	279.31	A
USGS	11162750	2015-04-22	279.38	A	279.30	A
USGS	11162750	2015-04-23	279.38	A	279.30	A
USGS	11162750	2015-04-24	279.40	A	279.32	A
USGS	11162750	2015-04-25	279.52	A	279.40	A
USGS	11162750	2015-04-26	279.59	A	279.52	A
USGS	11162750	2015-04-27	279.59	A	279.57	A
USGS	11162750	2015-04-28	279.60	A	279.56	A
USGS	11162750	2015-04-29	279.60	A	279.54	A
USGS	11162750	2015-04-30	279.69	A	279.56	A
USGS	11162750	2015-05-01	279.99	A	279.69	A
USGS	11162750	2015-05-02	280.26	A	279.99	A
USGS	11162750	2015-05-03	280.54	A	280.26	A
USGS	11162750	2015-05-04	280.82	A	280.54	A
USGS	11162750	2015-05-05	281.09	A	280.82	A
USGS	11162750	2015-05-06	281.32	A	281.08	A
USGS	11162750	2015-05-07	281.64	A	281.31	A
USGS	11162750	2015-05-08	281.89	A	281.62	A
USGS	11162750	2015-05-09	282.06	A	281.89	A
USGS	11162750	2015-05-10	282.25	A	282.05	A
USGS	11162750	2015-05-11	282.52	A	282.25	A
USGS	11162750	2015-05-12	282.72	A	282.50	A
USGS	11162750	2015-05-13	282.89	A	282.72	A
USGS	11162750	2015-05-14	283.15	A	282.89	A
USGS	11162750	2015-05-15	283.36	A	283.15	A
USGS	11162750	2015-05-16	283.46	A	283.35	A
USGS	11162750	2015-05-17	283.62	A	283.46	A
USGS	11162750	2015-05-18	283.83	A	283.62	A
USGS	11162750	2015-05-19	284.02	A	283.83	A
USGS	11162750	2015-05-20	284.16	A	284.01	A
USGS	11162750	2015-05-21	284.30	A	284.15	A
USGS	11162750	2015-05-22	284.44	A	284.29	A
USGS	11162750	2015-05-23	284.52	A	284.43	A
USGS	11162750	2015-05-24	284.63	A	284.52	A
USGS	11162750	2015-05-25	284.75	A	284.63	A
USGS	11162750	2015-05-26	284.91	A	284.75	A
USGS	11162750	2015-05-27	285.12	A	284.91	A
USGS	11162750	2015-05-28	285.24	A	285.12	A
USGS	11162750	2015-05-29	285.40	A	285.23	A
USGS	11162750	2015-05-30	285.50	A	285.39	A
USGS	11162750	2015-05-31	285.56	A	285.49	A
USGS	11162750	2015-06-01	285.52	A	285.46	A
USGS	11162750	2015-06-02	285.58	A	285.51	A
USGS	11162750	2015-06-03	285.57	A	285.53	A
USGS	11162750	2015-06-04	285.55	A	285.51	A
USGS	11162750	2015-06-05	285.53	A	285.50	A
USGS	11162750	2015-06-06	285.51	A	285.41	A
USGS	11162750	2015-06-07	285.44	A	285.41	A
USGS	11162750	2015-06-08	285.42	A	285.40	A
USGS	11162750	2015-06-09	285.42	A	285.38	A
USGS	11162750	2015-06-10	285.41	A	285.37	A
USGS	11162750	2015-06-11	285.41	A	285.38	A
USGS	11162750	2015-06-12	285.39	A	285.35	A
USGS	11162750	2015-06-13	285.40	A	285.32	A
USGS	11162750	2015-06-14	285.32	A	285.23	A
USGS	11162750	2015-06-15	285.25	A	285.20	A
USGS	11162750	2015-06-16	285.22	A	285.16	A
USGS	11162750	2015-06-17	285.17	A	285.10	A
USGS	11162750	2015-06-18	285.11	A	285.03	A
USGS	11162750	2015-06-19	285.04	A	284.94	A
USGS	11162750	2015-06-20	284.94	A	284.85	A
USGS	11162750	2015-06-21	284.85	A	284.79	A
USGS	11162750	2015-06-22	284.80	A	284.75	A
USGS	11162750	2015-06-23	284.76	A	284.72	A
USGS	11162750	2015-06-24	284.73	A	284.66	A
USGS	11162750	2015-06-25	284.66	A	284.60	A
USGS	11162750	2015-06-26	284.60	A	284.53	A
USGS	11162750	2015-06-27	284.53	A	284.41	A
USGS	11162750	2015-06-28	284.41	A	284.34	A
USGS	11162750	2015-06-29	284.35	A	284.30	A
USGS	11162750	2015-06-30	284.30	A	284.19	A
USGS	11162750	2015-07-01	284.20	A	284.12	A
USGS	11162750	2015-07-02	284.12	A	284.03	A
USGS	11162750	2015-07-03	284.05	A	284.01	A
USGS	11162750	2015-07-04	284.04	A	283.98	A
USGS	11162750	2015-07-05	284.07	A	283.99	A
USGS	11162750	2015-07-06	284.08	A	284.02	A
USGS	11162750	2015-07-07	284.08	A	284.01	A
USGS	11162750	2015-07-08	284.05	A	284.00	A
USGS	11162750	2015-07-09	284.04	A	284.02	A
USGS	11162750	2015-07-10	284.06	A	284.01	A
USGS	11162750	2015-07-11	284.04	A	283.94	A
USGS	11162750	2015-07-12	283.95	A	283.89	A
USGS	11162750	2015-07-13	283.89	A	283.84	A
USGS	11162750	2015-07-14	283.84	A	283.77	A
USGS	11162750	2015-07-15	283.77	A	283.66	A
USGS	11162750	2015-07-16	283.66	A	283.52	A
USGS	11162750	2015-07-17	283.52	A	283.33	A
USGS	11162750	2015-07-18	283.33	A	283.12	A
USGS	11162750	2015-07-19	283.12	A	282.94	A
USGS	11162750	2015-07-20	282.94	A	282.77	A
USGS	11162750	2015-07-21	282.78	A	282.60	A
USGS	11162750	2015-07-22	282.60	A	282.46	A
USGS	11162750	2015-07-23	282.47	A	282.37	A
USGS	11162750	2015-07-24	282.37	A	282.25	A
USGS	11162750	2015-07-25	282.26	A	282.13	A
USGS	11162750	2015-07-26	282.13	A	282.07	A
USGS	11162750	2015-07-27	282.08	A	282.03	A
USGS	11162750	2015-07-28	282.04	A	281.95	A
USGS	11162750	2015-07-29	281.95	A	281.84	A
USGS	11162750	2015-07-30	281.85	A	281.80	A
USGS	11162750	2015-07-31	281.81	A	281.74	A
USGS	11162750	2015-08-01	281.76	A	281.72	A
USGS	11162750	2015-08-02	281.73	A	281.67	A
USGS	11162750	2015-08-03	281.69	A	281.64	A
USGS	11162750	2015-08-04	281.65	A	281.59	A
USGS	11162750	2015-08-05	281.59	A	281.55	A
USGS	11162750	2015-08-06	281.62	A	281.54	A
USGS	11162750	2015-08-07	281.61	A	281.56	A
USGS	11162750	2015-08-08	281.56	A	281.51	A
USGS	11162750	2015-08-09	281.56	A	281.51	A
USGS	11162750	2015-08-10	281.58	A	281.52	A
USGS	11162750	2015-08-11	281.56	A	281.50	A
USGS	11162750	2015-08-12	281.60	A	281.52	A
USGS	11162750	2015-08-13	281.60	A	281.54	A
USGS	11162750	2015-08-14	281.59	A	281.50	A
USGS	11162750	2015-08-15	281.50	A	281.48	A
USGS	11162750	2015-08-16	281.49	A	281.46	A
USGS	11162750	2015-08-17	281.51	A	281.44	A
USGS	11162750	2015-08-18	281.49	A	281.41	A
USGS	11162750	2015-08-19	281.43	A	281.38	A
USGS	11162750	2015-08-20	281.40	A	281.33	A
USGS	11162750	2015-08-21	281.36	A	281.30	A
USGS	11162750	2015-08-22	281.33	A	281.28	A
USGS	11162750	2015-08-23	281.31	A	281.27	A
USGS	11162750	2015-08-24	281.31	A	281.26	A
USGS	11162750	2015-08-25	281.30	A	281.24	A
USGS	11162750	2015-08-26	281.27	A	281.23	A
USGS	11162750	2015-08-27	281.25	A	281.21	A
USGS	11162750	2015-08-28	281.24	A	281.18	A
USGS	11162750	2015-08-29	281.19	A	281.13	A
USGS	11162750	2015-08-30	281.15	A	281.11	A
USGS	11162750	2015-08-31	281.18	A	281.13	A
USGS	11162750	2015-09-01	281.17	A	281.11	A
USGS	11162750	2015-09-02	281.22	A	281.12	A
USGS	11162750	2015-09-03	281.26	A	281.18	A
USGS	11162750	2015-09-04	281.26	A	281.22	A
USGS	11162750	2015-09-05	281.31	A	281.25	A
USGS	11162750	2015-09-06	281.37	A	281.29	A
USGS	11162750	2015-09-07	281.40	A	281.35	A
USGS	11162750	2015-09-08	281.42	A	281.34	A
USGS	11162750	2015-09-09	281.41	A	281.37	A
USGS	11162750	2015-09-10	281.43	A	281.37	A
USGS	11162750	2015-09-11	281.41	A	281.37	A
USGS	11162750	2015-09-12	281.53	A	281.40	A
USGS	11162750	2015-09-13	281.65	A	281.52	A
USGS	11162750	2015-09-14	281.75	A	281.64	A
USGS	11162750	2015-09-15	281.82	A	281.73	A
USGS	11162750	2015-09-16	281.90	A	281.80	A
USGS	11162750	2015-09-17	282.00	A	281.89	A
USGS	11162750	2015-09-18	282.05	A	281.97	A
USGS	11162750	2015-09-19	282.13	A	282.04	A
USGS	11162750	2015-09-20	282.31	A	282.13	A
USGS	11162750	2015-09-21	282.35	A	282.27	A
USGS	11162750	2015-09-22	282.39	A	282.29	A
USGS	11162750	2015-09-23	282.48	A	282.37	A
USGS	11162750	2015-09-24	282.54	A	282.46	A
USGS	11162750	2015-09-25	282.61	A	282.53	A
USGS	11162750	2015-09-26	282.74	A	282.61	A
USGS	11162750	2015-09-27	282.87	A	282.74	A
USGS	11162750	2015-09-28	283.02	A	282.87	A
USGS	11162750	2015-09-29	283.10	A	282.99	A
USGS	11162750	2015-09-30	283.26	A	283.08	A
USGS	11162750	2015-10-01	283.44	A	283.25	A
USGS	11162750	2015-10-02	283.56	A	283.43	A
USGS	11162750	2015-10-03	283.71	A	283.56	A
USGS	11162750	2015-10-04	283.88	A	283.70	A
USGS	11162750	2015-10-05	284.01	A	283.88	A
USGS	11162750	2015-10-06	284.10	A	283.99	A
USGS	11162750	2015-10-07	284.24	A	284.10	A
USGS	11162750	2015-10-08	284.38	A	284.23	A
USGS	11162750	2015-10-09	284.53	A	284.38	A
USGS	11162750	2015-10-10	284.73	A	284.53	A
USGS	11162750	2015-10-11	284.80	A	284.66	A
USGS	11162750	2015-10-12	284.67	A	284.56	A
USGS	11162750	2015-10-13	284.56	A	284.49	A
USGS	11162750	2015-10-14	284.49	A	284.41	A
USGS	11162750	2015-10-15	284.43	A	284.33	A
USGS	11162750	2015-10-16	284.34	A	284.22	A
USGS	11162750	2015-10-17	284.22	A	284.02	A
USGS	11162750	2015-10-18	284.02	A	283.84	A
USGS	11162750	2015-10-19	283.84	A	283.75	A
USGS	11162750	2015-10-20	283.75	A	283.66	A
USGS	11162750	2015-10-21	283.66	A	283.63	A
USGS	11162750	2015-10-22	283.63	A	283.50	A
USGS	11162750	2015-10-23	283.50	A	283.37	A
USGS	11162750	2015-10-24	283.37	A	283.18	A
USGS	11162750	2015-10-25	283.19	A	283.00	A
USGS	11162750	2015-10-26	283.01	A	282.91	A
USGS	11162750	2015-10-27	282.92	A	282.83	A
USGS	11162750	2015-10-28	282.83	A	282.75	A
USGS	11162750	2015-10-29	282.76	A	282.71	A
USGS	11162750	2015-10-30	282.71	A	282.61	A
USGS	11162750	2015-10-31	282.61	A	282.44	A
USGS	11162750	2015-11-01	282.45	A	282.31	A
USGS	11162750	2015-11-02	282.31	A	282.26	A
USGS	11162750	2015-11-03	282.26	A	282.20	A
USGS	11162750	2015-11-04	282.21	A	282.11	A
USGS	11162750	2015-11-05	282.12	A	282.03	A
USGS	11162750	2015-11-06	282.03	A	281.95	A
USGS	11162750	2015-11-07	281.95	A	281.85	A
USGS	11162750	2015-11-08	281.85	A	281.78	A
USGS	11162750	2015-11-09	281.79	A	281.74	A
USGS	11162750	2015-11-10	281.74	A	281.67	A
USGS	11162750	2015-11-11	281.67	A	281.58	A
USGS	11162750	2015-11-12	281.58	A	281.44	A
USGS	11162750	2015-11-13	281.44	A	281.34	A
USGS	11162750	2015-11-14	281.34	A	281.25	A
USGS	11162750	2015-11-15	281.27	A	281.18	A
USGS	11162750	2015-11-16	281.19	A	281.06	A
USGS	11162750	2015-11-17	281.06	A	280.97	A
USGS	11162750	2015-11-18	280.98	A	280.86	A
USGS	11162750	2015-11-19	280.86	A	280.72	A
USGS	11162750	2015-11-20	280.72	A	280.61	A
USGS	11162750	2015-11-21	280.61	A	280.48	A
USGS	11162750	2015-11-22	280.48	A	280.28	A
USGS	11162750	2015-11-23	280.28	A	280.05	A
USGS	11162750	2015-11-24	280.05	A	279.83	A
USGS	11162750	2015-11-25	279.84	A	279.66	A
USGS	11162750	2015-11-26	279.66	A	279.48	A
USGS	11162750	2015-11-27	279.49	A	279.31	A
USGS	11162750	2015-11-28	279.31	A	279.12	A
USGS	11162750	2015-11-29	279.12	A	278.96	A
USGS	11162750	2015-11-30	278.96	A	278.81	A
USGS	11162750	2015-12-01	278.81	A	278.71	A
USGS	11162750	2015-12-02	278.81	A	278.71	A
USGS	11162750	2015-12-03	279.01	A	278.80	A
USGS	11162750	2015-12-04	279.05	A	279.00	A
USGS	11162750	2015-12-05	279.14	A	279.04	A
USGS	11162750	2015-12-06	279.23	A	279.13	A
USGS	11162750	2015-12-07	279.34	A	279.22	A
USGS	11162750	2015-12-08	279.40	A	279.33	A
USGS	11162750	2015-12-09	279.49	A	279.40	A
USGS	11162750	2015-12-10	279.61	A	279.48	A
USGS	11162750	2015-12-11	279.68	A	279.59	A
USGS	11162750	2015-12-12	279.85	A	279.68	A
USGS	11162750	2015-12-13	280.05	A	279.85	A
USGS	11162750	2015-12-14	280.08	A	280.02	A
USGS	11162750	2015-12-15	280.08	A	280.05	A
USGS	11162750	2015-12-16	280.06	A	280.04	A
USGS	11162750	2015-12-17	280.06	A	280.03	A
USGS	11162750	2015-12-18	280.11	A	280.04	A
USGS	11162750	2015-12-19	280.23	A	280.10	A
USGS	11162750	2015-12-20	280.38	A	280.21	A
USGS	11162750	2015-12-21	280.81	A	280.38	A
USGS	11162750	2015-12-22	281.18	A	280.81	A
USGS	11162750	2015-12-23	281.32	A	281.17	A
USGS	11162750	2015-12-24	281.43	A	281.31	A
USGS	11162750	2015-12-25	281.55	A	281.43	A
USGS	11162750	2015-12-26	281.68	A	281.55	A
USGS	11162750	2015-12-27	281.83	A	281.68	A
USGS	11162750	2015-12-28	282.01	A	281.83	A
USGS	11162750	2015-12-29	282.27	A	282.01	A
USGS	11162750	2015-12-30	282.52	A	282.27	A
USGS	11162750	2015-12-31	282.66	A	282.52	A
USGS	11162750	2016-01-01	282.75	A	282.66	A
USGS	11162750	2016-01-02	282.83	A	282.74	A
USGS	11162750	2016-01-03	282.88	A	282.82	A
USGS	11162750	2016-01-04	283.00	A	282.88	A
USGS	11162750	2016-01-05	283.29	A	282.99	A
USGS	11162750	2016-01-06	283.64	A	283.28	A
USGS	11162750	2016-01-07	283.73	A	283.64	A
USGS	11162750	2016-01-08	283.73	A	283.62	A
USGS	11162750	2016-01-09	283.62	A	283.44	A
USGS	11162750	2016-01-10	283.44	A	283.24	A
USGS	11162750	2016-01-11	283.24	A	283.03	A
USGS	11162750	2016-01-12	283.03	A	282.86	A
USGS	11162750	2016-01-13	282.87	A	282.71	A
USGS	11162750	2016-01-14	282.71	A	282.53	A
USGS	11162750	2016-01-15	282.53	A	282.45	A
USGS	11162750	2016-01-16	282.53	A	282.49	A
USGS	11162750	2016-01-17	282.70	A	282.52	A
USGS	11162750	2016-01-18	283.10	A	282.70	A
USGS	11162750	2016-01-19	283.76	A	283.10	A
USGS	11162750	2016-01-20	283.95	A	283.76	A
USGS	11162750	2016-01-21	283.98	A	283.94	A
USGS	11162750	2016-01-22	283.97	A	283.93	A
USGS	11162750	2016-01-23	284.00	A	283.96	A
USGS	11162750	2016-01-24	283.99	A	283.95	A
USGS	11162750	2016-01-25	283.95	A	283.89	A
USGS	11162750	2016-01-26	283.89	A	283.75	A
USGS	11162750	2016-01-27	283.75	A	283.55	A
USGS	11162750	2016-01-28	283.56	A	283.35	A
USGS	11162750	2016-01-29	283.36	A	283.24	A
USGS	11162750	2016-01-30	283.25	A	283.10	A
USGS	11162750	2016-01-31	283.10	A	282.91	A
USGS	11162750	2016-02-01	282.92	A	282.72	A
USGS	11162750	2016-02-02	282.72	A	282.56	A
USGS	11162750	2016-02-03	282.56	A	282.44	A
USGS	11162750	2016-02-04	282.45	A	282.38	A
USGS	11162750	2016-02-05	282.38	A	282.28	A
USGS	11162750	2016-02-06	282.30	A	282.21	A
USGS	11162750	2016-02-07	282.21	A	282.13	A
USGS	11162750	2016-02-08	282.13	A	282.04	A
USGS	11162750	2016-02-09	282.04	A	281.95	A
USGS	11162750	2016-02-10	281.96	A	281.85	A
USGS	11162750	2016-02-11	281.86	A	281.77	A
USGS	11162750	2016-02-12	281.77	A	281.70	A
USGS	11162750	2016-02-13	281.70	A	281.62	A
USGS	11162750	2016-02-14	281.62	A	281.53	A
USGS	11162750	2016-02-15	281.54	A	281.41	A
USGS	11162750	2016-02-16	281.41	A	281.29	A
USGS	11162750	2016-02-17	281.30	A	281.21	A
USGS	11162750	2016-02-18	281.27	A	281.19	A
USGS	11162750	2016-02-19	281.19	A	281.07	A
USGS	11162750	2016-02-20	281.08	A	280.96	A
USGS	11162750	2016-02-21	280.96	A	280.85	A
USGS	11162750	2016-02-22	280.85	A	280.76	A
USGS	11162750	2016-02-23	280.76	A	280.65	A
USGS	11162750	2016-02-24	280.66	A	280.55	A
USGS	11162750	2016-02-25	280.55	A	280.44	A
USGS	11162750	2016-02-26	280.44	A	280.33	A
USGS	11162750	2016-02-27	280.33	A	280.21	A
USGS	11162750	2016-02-28	280.22	A	280.11	A
USGS	11162750	2016-02-29	280.12	A	280.01	A
USGS	11162750	2016-03-01	280.01	A	279.89	A
USGS	11162750	2016-03-02	279.90	A	279.84	A
USGS	11162750	2016-03-03	279.86	A	279.83	A
USGS	11162750	2016-03-04	279.83	A	279.79	A
USGS	11162750	2016-03-05	280.25	A	279.79	A
USGS	11162750	2016-03-06	281.06	A	280.25	A
USGS	11162750	2016-03-07	281.78	A	281.06	A
USGS	11162750	2016-03-08	282.00	A	281.77	A
USGS	11162750	2016-03-09	282.22	A	282.00	A
USGS	11162750	2016-03-10	282.60	A	282.22	A
USGS	11162750	2016-03-11	283.22	A	282.60	A
USGS	11162750	2016-03-12	283.81	A	283.22	A
USGS	11162750	2016-03-13	284.97	A	283.81	A
USGS	11162750	2016-03-14	285.48	A	284.97	A
USGS	11162750	2016-03-15	285.62	A	285.48	A
USGS	11162750	2016-03-16	285.62	A	285.59	A
USGS	11162750	2016-03-17	285.60	A	285.52	A
USGS	11162750	2016-03-18	285.54	A	285.50	A
USGS	11162750	2016-03-19	285.51	A	285.48	A
USGS	11162750	2016-03-20	285.52	A	285.47	A
USGS	11162750	2016-03-21	285.53	A	285.49	A
USGS	11162750	2016-03-22	285.53	A	285.50	A
USGS	11162750	2016-03-23	285.53	A	285.48	A
USGS	11162750	2016-03-24	285.48	A	285.42	A
USGS	11162750	2016-03-25	285.42	A	285.34	A
USGS	11162750	2016-03-26	285.34	A	285.26	A
USGS	11162750	2016-03-27	285.26	A	285.18	A
USGS	11162750	2016-03-28	285.21	A	285.10	A
USGS	11162750	2016-03-29	285.11	A	285.03	A
USGS	11162750	2016-03-30	285.04	A	284.95	A
USGS	11162750	2016-03-31	284.96	A	284.85	A
USGS	11162750	2016-04-01	284.86	A	284.76	A
USGS	11162750	2016-04-02	284.76	A	284.66	A
USGS	11162750	2016-04-03	284.67	A	284.59	A
USGS	11162750	2016-04-04	284.60	A	284.50	A
USGS	11162750	2016-04-05	284.50	A	284.38	A
USGS	11162750	2016-04-06	284.38	A	284.24	A
USGS	11162750	2016-04-07	284.24	A	284.06	A
USGS	11162750	2016-04-08	284.07	A	283.92	A
USGS	11162750	2016-04-09	283.92	A	283.81	A
USGS	11162750	2016-04-10	283.81	A	283.69	A
USGS	11162750	2016-04-11	283.69	A	283.57	A
USGS	11162750	2016-04-12	283.57	A	283.47	A
USGS	11162750	2016-04-13	283.47	A	283.36	A
USGS	11162750	2016-04-14	283.38	A	283.27	A
USGS	11162750	2016-04-15	283.29	A	283.18	A
USGS	11162750	2016-04-16	283.18	A	283.09	A
USGS	11162750	2016-04-17	283.09	A	283.02	A
USGS	11162750	2016-04-18	283.02	A	282.91	A
USGS	11162750	2016-04-19	282.91	A	282.80	A
USGS	11162750	2016-04-20	282.80	A	282.68	A
USGS	11162750	2016-04-21	282.68	A	282.63	A
USGS	11162750	2016-04-22	282.64	A	282.59	A
USGS	11162750	2016-04-23	282.60	A	282.52	A
USGS	11162750	2016-04-24	282.55	A	282.50	A
USGS	11162750	2016-04-25	282.52	A	282.43	A
USGS	11162750	2016-04-26	282.43	A	282.36	A
USGS	11162750	2016-04-27	282.36	A	282.28	A
USGS	11162750	2016-04-28	282.37	A	282.31	A
USGS	11162750	2016-04-29	282.41	A	282.35	A
USGS	11162750	2016-04-30	282.46	A	282.40	A
USGS	11162750	2016-05-01	282.47	A	282.44	A
USGS	11162750	2016-05-02	282.56	A	282.44	A
USGS	11162750	2016-05-03	282.65	A	282.55	A
USGS	11162750	2016-05-04	282.72	A	282.61	A
USGS	11162750	2016-05-05	282.80	A	282.71	A
USGS	11162750	2016-05-06	282.88	A	282.80	A
USGS	11162750	2016-05-07	282.90	A	282.85	A
USGS	11162750	2016-05-08	282.98	A	282.90	A
USGS	11162750	2016-05-09	282.98	A	282.95	A
USGS	11162750	2016-05-10	283.01	A	282.97	A
USGS	11162750	2016-05-11	283.01	A	282.98	A
USGS	11162750	2016-05-12	283.00	A	282.97	A
USGS	11162750	2016-05-13	282.98	A	282.95	A
USGS	11162750	2016-05-14	282.96	A	282.92	A
USGS	11162750	2016-05-15	282.93	A	282.86	A
USGS	11162750	2016-05-16	282.91	A	282.88	A
USGS	11162750	2016-05-17	282.90	A	282.86	A
USGS	11162750	2016-05-18	282.86	A	282.80	A
USGS	11162750	2016-05-19	282.82	A	282.75	A
USGS	11162750	2016-05-20	282.77	A	282.74	A
USGS	11162750	2016-05-21	282.75	A	282.72	A
USGS	11162750	2016-05-22	282.75	A	282.73	A
USGS	11162750	2016-05-23	282.75	A	282.72	A
USGS	11162750	2016-05-24	282.74	A	282.71	A
USGS	11162750	2016-05-25	282.71	A	282.67	A
USGS	11162750	2016-05-26	282.71	A	282.67	A
USGS	11162750	2016-05-27	282.72	A	282.70	A
USGS	11162750	2016-05-28	282.72	A	282.69	A
USGS	11162750	2016-05-29	282.80	A	282.72	A
USGS	11162750	2016-05-30	282.88	A	282.80	A
USGS	11162750	2016-05-31	282.89	A	282.87	A
USGS	11162750	2016-06-01	282.88	A	282.85	A
USGS	11162750	2016-06-02	282.90	A	282.87	A
USGS	11162750	2016-06-03	282.91	A	282.89	A
USGS	11162750	2016-06-04	282.91	A	282.84	A
USGS	11162750	2016-06-05	282.88	A	282.84	A
USGS	11162750	2016-06-06	282.85	A	282.80	A
USGS	11162750	2016-06-07	282.88	A	282.80	A
USGS	11162750	2016-06-08	282.97	A	282.86	A
USGS	11162750	2016-06-09	283.03	A	282.94	A
USGS	11162750	2016-06-10	283.10	A	282.99	A
USGS	11162750	2016-06-11	283.10	A	283.07	A
USGS	11162750	2016-06-12	283.19	A	283.08	A
USGS	11162750	2016-06-13	283.26	A	283.17	A
USGS	11162750	2016-06-14	283.31	A	283.21	A
USGS	11162750	2016-06-15	283.33	A	283.27	A
USGS	11162750	2016-06-16	283.38	A	283.31	A
USGS	11162750	2016-06-17	283.43	A	283.35	A
USGS	11162750	2016-06-18	283.43	A	283.41	A
USGS	11162750	2016-06-19	283.51	A	283.43	A
USGS	11162750	2016-06-20	283.57	A	283.47	A
USGS	11162750	2016-06-21	283.62	A	283.55	A
USGS	11162750	2016-06-22	283.67	A	283.58	A
USGS	11162750	2016-06-23	283.71	A	283.62	A
USGS	11162750	2016-06-24	283.73	A	283.67	A
USGS	11162750	2016-06-25	283.75	A	283.73	A
USGS	11162750	2016-06-26	283.78	A	283.74	A
USGS	11162750	2016-06-27	283.83	A	283.77	A
USGS	11162750	2016-06-28	283.82	A	283.77	A
USGS	11162750	2016-06-29	283.82	A	283.76	A
USGS	11162750	2016-06-30	283.81	A	283.75	A
USGS	11162750	2016-07-01	283.82	A	283.75	A
USGS	11162750	2016-07-02	283.82	A	283.77	A
USGS	11162750	2016-07-03	283.84	A	283.78	A
USGS	11162750	2016-07-04	283.93	A	283.83	A
USGS	11162750	2016-07-05	283.95	A	283.88	A
USGS	11162750	2016-07-06	284.01	A	283.93	A
USGS	11162750	2016-07-07	284.02	A	283.98	A
USGS	11162750	2016-07-08	284.00	A	283.94	A
USGS	11162750	2016-07-09	283.94	A	283.91	A
USGS	11162750	2016-07-10	283.98	A	283.93	A
USGS	11162750	2016-07-11	284.00	A	283.94	A
USGS	11162750	2016-07-12	283.98	A	283.89	A
USGS	11162750	2016-07-13	283.90	A	283.83	A
USGS	11162750	2016-07-14	283.84	A	283.73	A
USGS	11162750	2016-07-15	283.74	A	283.67	A
USGS	11162750	2016-07-16	283.69	A	283.58	A
USGS	11162750	2016-07-17	283.62	A	283.58	A
USGS	11162750	2016-07-18	283.60	A	283.54	A
USGS	11162750	2016-07-19	283.55	A	283.51	A
USGS	11162750	2016-07-20	283.53	A	283.49	A
USGS	11162750	2016-07-21	283.51	A	283.46	A
USGS	11162750	2016-07-22	283.47	A	283.34	A
USGS	11162750	2016-07-23	283.34	A	283.26	A
USGS	11162750	2016-07-24	283.27	A	283.23	A
USGS	11162750	2016-07-25	283.23	A	283.13	A
USGS	11162750	2016-07-26	283.15	A	283.09	A
USGS	11162750	2016-07-27	283.09	A	283.04	A
USGS	11162750	2016-07-28	283.10	A	283.03	A
USGS	11162750	2016-07-29	283.18	A	283.09	A
USGS	11162750	2016-07-30	283.20	A	283.15	A
USGS	11162750	2016-07-31	283.28	A	283.19	A
USGS	11162750	2016-08-01	283.33	A	283.26	A
USGS	11162750	2016-08-02	283.36	A	283.29	A
USGS	11162750	2016-08-03	283.36	A	283.30	A
USGS	11162750	2016-08-04	283.35	A	283.29	A
USGS	11162750	2016-08-05	283.35	A	283.29	A
USGS	11162750	2016-08-06	283.36	A	283.31	A
USGS	11162750	2016-08-07	283.42	A	283.33	A
USGS	11162750	2016-08-08	283.46	A	283.38	A
USGS	11162750	2016-08-09	283.45	A	283.38	A
USGS	11162750	2016-08-10	283.44	A	283.38	A
USGS	11162750	2016-08-11	283.47	A	283.40	A
USGS	11162750	2016-08-12	283.47	A	283.41	A
USGS	11162750	2016-08-13	283.51	A	283.47	A
USGS	11162750	2016-08-14	283.55	A	283.48	A
USGS	11162750	2016-08-15	283.57	A	283.51	A
USGS	11162750	2016-08-16	283.59	A	283.52	A
USGS	11162750	2016-08-17	283.59	A	283.53	A
USGS	11162750	2016-08-18	283.64	A	283.55	A
USGS	11162750	2016-08-19	283.65	A	283.59	A
USGS	11162750	2016-08-20	283.66	A	283.62	A
USGS	11162750	2016-08-21	283.71	A	283.66	A
USGS	11162750	2016-08-22	283.78	A	283.69	A
USGS	11162750	2016-08-23	283.79	A	283.73	A
USGS	11162750	2016-08-24	283.80	A	283.73	A
USGS	11162750	2016-08-25	283.82	A	283.75	A
USGS	11162750	2016-08-26	283.87	A	283.77	A
USGS	11162750	2016-08-27	284.00	A	283.87	A
USGS	11162750	2016-08-28	284.20	A	284.00	A
USGS	11162750	2016-08-29	284.27	A	284.19	A
USGS	11162750	2016-08-30	284.32	A	284.23	A
USGS	11162750	2016-08-31	284.34	A	284.27	A
USGS	11162750	2016-09-01	284.38	A	284.30	A
USGS	11162750	2016-09-02	284.38	A	284.33	A
USGS	11162750	2016-09-03	284.37	A	284.30	A
USGS	11162750	2016-09-04	284.38	A	284.32	A
USGS	11162750	2016-09-05	284.36	A	284.34	A
USGS	11162750	2016-09-06	284.35	A	284.29	A
USGS	11162750	2016-09-07	284.34	A	284.26	A
USGS	11162750	2016-09-08	284.26	A	284.20	A
USGS	11162750	2016-09-09	284.21	A	284.14	A
USGS	11162750	2016-09-10	284.19	A	284.17	A
USGS	11162750	2016-09-11	284.19	A	284.17	A
USGS	11162750	2016-09-12	284.21	A	284.14	A
USGS	11162750	2016-09-13	284.22	A	284.16	A
USGS	11162750	2016-09-14	284.21	A	284.16	A
USGS	11162750	2016-09-15	284.24	A	284.19	A
USGS	11162750	2016-09-16	284.24	A	284.18	A
USGS	11162750	2016-09-17	284.22	A	284.20	A
USGS	11162750	2016-09-18	284.20	A	284.18	A
USGS	11162750	2016-09-19	284.25	A	284.16	A
USGS	11162750	2016-09-20	284.30	A	284.23	A
USGS	11162750	2016-09-21	284.30	A	284.25	A
USGS	11162750	2016-09-22	284.27	A	284.19	A
USGS	11162750	2016-09-23	284.19	A	284.12	A
USGS	11162750	2016-09-24	284.12	A	284.03	A
USGS	11162750	2016-09-25	284.03	A	284.00	A
USGS	11162750	2016-09-26	284.01	A	283.94	A
USGS	11162750	2016-09-27	283.94	A	283.87	A
USGS	11162750	2016-09-28	283.87	A	283.80	A
USGS	11162750	2016-09-29	283.82	A	283.75	A
USGS	11162750	2016-09-30	283.85	A	283.79	A
USGS	11162750	2016-10-01	283.92	A	283.84	A
USGS	11162750	2016-10-02	284.02	A	283.92	A
USGS	11162750	2016-10-03	284.05	A	283.97	A
USGS	11162750	2016-10-04	284.07	A	284.03	A
USGS	11162750	2016-10-05	284.03	A	283.93	A
USGS	11162750	2016-10-06	283.93	A	283.84	A
USGS	11162750	2016-10-07	283.84	A	283.75	A
USGS	11162750	2016-10-08	283.75	A	283.61	A
USGS	11162750	2016-10-09	283.61	A	283.49	A
USGS	11162750	2016-10-10	283.49	A	283.39	A
USGS	11162750	2016-10-11	283.39	A	283.34	A
USGS	11162750	2016-10-12	283.34	A	283.28	A
USGS	11162750	2016-10-13	283.28	A	283.23	A
USGS	11162750	2016-10-14	283.30	A	283.21	A
USGS	11162750	2016-10-15	283.33	A	283.23	A
USGS	11162750	2016-10-16	283.53	A	283.32	A
USGS	11162750	2016-10-17	283.50	A	283.46	A
USGS	11162750	2016-10-18	283.51	A	283.47	A
USGS	11162750	2016-10-19	283.51	A	283.47	A
USGS	11162750	2016-10-20	283.52	A	283.48	A
USGS	11162750	2016-10-21	283.54	A	283.49	A
USGS	11162750	2016-10-22	283.53	A	283.50	A
USGS	11162750	2016-10-23	283.51	A	283.43	A
USGS	11162750	2016-10-24	283.47	A	283.41	A
USGS	11162750	2016-10-25	283.46	A	283.42	A
USGS	11162750	2016-10-26	283.48	A	283.43	A
USGS	11162750	2016-10-27	283.51	A	283.42	A
USGS	11162750	2016-10-28	283.58	A	283.51	A
USGS	11162750	2016-10-29	283.63	A	283.57	A
USGS	11162750	2016-10-30	283.69	A	283.60	A
USGS	11162750	2016-10-31	283.66	A	283.62	A
USGS	11162750	2016-11-01	283.67	A	283.62	A
USGS	11162750	2016-11-02	283.64	A	283.60	A
USGS	11162750	2016-11-03	283.65	A	283.58	A
USGS	11162750	2016-11-04	283.65	A	283.58	A
USGS	11162750	2016-11-05	283.62	A	283.58	A
USGS	11162750	2016-11-06	283.58	A	283.46	A
USGS	11162750	2016-11-07	283.47	A	283.43	A
USGS	11162750	2016-11-08	283.48	A	283.43	A
USGS	11162750	2016-11-09	283.47	A	283.43	A
USGS	11162750	2016-11-10	283.44	A	283.33	A
USGS	11162750	2016-11-11	283.35	A	283.30	A
USGS	11162750	2016-11-12	283.34	A	283.30	A
USGS	11162750	2016-11-13	283.33	A	283.26	A
USGS	11162750	2016-11-14	283.27	A	283.24	A
USGS	11162750	2016-11-15	283.25	A	283.17	A
USGS	11162750	2016-11-16	283.22	A	283.17	A
USGS	11162750	2016-11-17	283.35	A	283.22	A
USGS	11162750	2016-11-18	283.30	A	283.27	A
USGS	11162750	2016-11-19	283.34	A	283.26	A
USGS	11162750	2016-11-20	283.38	A	283.33	A
USGS	11162750	2016-11-21	283.41	A	283.35	A
USGS	11162750	2016-11-22	283.42	A	283.38	A
USGS	11162750	2016-11-23	283.48	A	283.42	A
USGS	11162750	2016-11-24	283.51	A	283.45	A
USGS	11162750	2016-11-25	283.54	A	283.47	A
USGS	11162750	2016-11-26	283.68	A	283.53	A
USGS	11162750	2016-11-27	283.79	A	283.68	A
USGS	11162750	2016-11-28	283.84	A	283.78	A
USGS	11162750	2016-11-29	283.83	A	283.79	A
USGS	11162750	2016-11-30	283.85	A	283.81	A
USGS	11162750	2016-12-01	283.83	A	283.80	A
USGS	11162750	2016-12-02	283.81	A	283.72	A
USGS	11162750	2016-12-03	283.75	A	283.71	A
USGS	11162750	2016-12-04	283.73	A	283.68	A
USGS	11162750	2016-12-05	283.68	A	283.63	A
USGS	11162750	2016-12-06	283.63	A	283.58	A
USGS	11162750	2016-12-07	283.60	A	283.54	A
USGS	11162750	2016-12-08	283.88	A	283.60	A
USGS	11162750	2016-12-09	283.91	A	283.88	A
USGS	11162750	2016-12-10	284.36	A	283.89	A
USGS	11162750	2016-12-11	284.54	A	284.36	A
USGS	11162750	2016-12-12	284.54	A	284.51	A
USGS	11162750	2016-12-13	284.52	A	284.46	A
USGS	11162750	2016-12-14	284.47	A	284.33	A
USGS	11162750	2016-12-15	284.77	A	284.24	A
USGS	11162750	2016-12-16	285.08	A	284.76	A
USGS	11162750	2016-12-17	285.10	A	285.08	A
USGS	11162750	2016-12-18	285.18	A	285.08	A
USGS	11162750	2016-12-19	285.20	A	285.16	A
USGS	11162750	2016-12-20	285.19	A	285.15	A
USGS	11162750	2016-12-21	285.16	A	285.07	A
USGS	11162750	2016-12-22	285.10	A	285.07	A
USGS	11162750	2016-12-23	285.14	A	285.06	A
USGS	11162750	2016-12-24	285.16	A	285.11	A
USGS	11162750	2016-12-25	285.16	A	285.12	A
USGS	11162750	2016-12-26	285.21	A	285.16	A
USGS	11162750	2016-12-27	285.18	A	285.15	A
USGS	11162750	2016-12-28	285.19	A	285.14	A
USGS	11162750	2016-12-29	285.23	A	285.17	A
USGS	11162750	2016-12-30	285.19	A	285.13	A
USGS	11162750	2016-12-31	285.13	A	285.05	A
USGS	11162750	2017-01-01	285.06	A	285.00	A
USGS	11162750	2017-01-02	285.01	A	284.93	A
USGS	11162750	2017-01-03	284.95	A	284.88	A
USGS	11162750	2017-01-04	285.05	A	284.88	A
USGS	11162750	2017-01-05	284.99	A	284.77	A
USGS	11162750	2017-01-06	284.77	A	284.48	A
USGS	11162750	2017-01-07	284.49	A	284.40	A
USGS	11162750	2017-01-08	285.34	A	284.46	A
USGS	11162750	2017-01-09	285.64	A	285.34	A
USGS	11162750	2017-01-10	286.82	A	285.62	A
USGS	11162750	2017-01-11	287.22	A	286.82	A
USGS	11162750	2017-01-12	287.35	A	287.22	A
USGS	11162750	2017-01-13	287.28	A	287.02	A
USGS	11162750	2017-01-14	287.02	A	286.70	A
USGS	11162750	2017-01-15	286.70	A	286.32	A
USGS	11162750	2017-01-16	286.32	A	285.89	A
USGS	11162750	2017-01-17	285.89	A	285.43	A
USGS	11162750	2017-01-18	285.44	A	285.24	A
USGS	11162750	2017-01-19	285.33	A	285.21	A
USGS	11162750	2017-01-20	285.68	A	285.21	A
USGS	11162750	2017-01-21	285.68	A	285.60	A
USGS	11162750	2017-01-22	286.02	A	285.63	A
USGS	11162750	2017-01-23	286.09	A	286.02	A
USGS	11162750	2017-01-24	286.05	A	285.88	A
USGS	11162750	2017-01-25	285.88	A	285.52	A
USGS	11162750	2017-01-26	285.52	A	285.09	A
USGS	11162750	2017-01-27	285.09	A	284.74	A
USGS	11162750	2017-01-28	284.74	A	284.35	A
USGS	11162750	2017-01-29	284.35	A	283.91	A
USGS	11162750	2017-01-30	283.91	A	283.39	A
USGS	11162750	2017-01-31	283.39	A	282.81	A
USGS	11162750	2017-02-01	282.81	A	282.39	A
USGS	11162750	2017-02-02	282.40	A	282.27	A
USGS	11162750	2017-02-03	282.32	A	282.26	A
USGS	11162750	2017-02-04	282.36	A	282.32	A
USGS	11162750	2017-02-05	282.40	A	282.35	A
USGS	11162750	2017-02-06	282.60	A	282.39	A
USGS	11162750	2017-02-07	284.02	A	282.60	A
USGS	11162750	2017-02-08	284.34	A	284.02	A
USGS	11162750	2017-02-09	284.88	A	284.33	A
USGS	11162750	2017-02-10	285.21	A	284.88	A
USGS	11162750	2017-02-11	285.24	A	285.07	A
USGS	11162750	2017-02-12	285.07	A	284.78	A
USGS	11162750	2017-02-13	284.78	A	284.39	A
USGS	11162750	2017-02-14	284.39	A	283.97	A
USGS	11162750	2017-02-15	283.97	A	283.53	A
USGS	11162750	2017-02-16	283.59	A	283.35	A
USGS	11162750	2017-02-17	283.35	A	283.26	A
USGS	11162750	2017-02-18	283.26	A	283.04	A
USGS	11162750	2017-02-19	283.04	A	282.76	A
USGS	11162750	2017-02-20	284.15	A	282.82	A
USGS	11162750	2017-02-21	284.60	A	284.13	A
USGS	11162750	2017-02-22	284.61	A	284.53	A
USGS	11162750	2017-02-23	284.53	A	284.33	A
USGS	11162750	2017-02-24	284.33	A	284.00	A
USGS	11162750	2017-02-25	284.00	A	283.67	A
USGS	11162750	2017-02-26	283.67	A	283.30	A
USGS	11162750	2017-02-27	283.30	A	282.85	A
USGS	11162750	2017-02-28	282.85	A	282.36	A
USGS	11162750	2017-03-01	282.36	A	282.11	A
USGS	11162750	2017-03-02	282.11	A	281.96	A
USGS	11162750	2017-03-03	281.96	A	281.86	A
USGS	11162750	2017-03-04	281.87	A	281.79	A
USGS	11162750	2017-03-05	281.98	A	281.85	A
USGS	11162750	2017-03-06	282.02	A	281.97	A
USGS	11162750	2017-03-07	282.02	A	281.98	A
USGS	11162750	2017-03-08	281.99	A	281.97	A
USGS	11162750	2017-03-09	281.97	A	281.93	A
USGS	11162750	2017-03-10	281.94	A	281.89	A
USGS	11162750	2017-03-11	281.90	A	281.84	A
USGS	11162750	2017-03-12	281.84	A	281.78	A
USGS	11162750	2017-03-13	281.78	A	281.72	A
USGS	11162750	2017-03-14	281.72	A	281.65	A
USGS	11162750	2017-03-15	281.65	A	281.57	A
USGS	11162750	2017-03-16	281.57	A	281.51	A
USGS	11162750	2017-03-17	281.51	A	281.41	A
USGS	11162750	2017-03-18	281.42	A	281.31	A
USGS	11162750	2017-03-19	281.31	A	281.21	A
USGS	11162750	2017-03-20	281.22	A	281.18	A
USGS	11162750	2017-03-21	281.27	A	281.20	A
USGS	11162750	2017-03-22	281.39	A	281.26	A
USGS	11162750	2017-03-23	281.45	A	281.38	A
USGS	11162750	2017-03-24	281.63	A	281.44	A
USGS	11162750	2017-03-25	281.80	A	281.63	A
USGS	11162750	2017-03-26	281.90	A	281.80	A
USGS	11162750	2017-03-27	281.95	A	281.89	A
USGS	11162750	2017-03-28	281.94	A	281.91	A
USGS	11162750	2017-03-29	281.92	A	281.86	A
USGS	11162750	2017-03-30	281.89	A	281.86	A
USGS	11162750	2017-03-31	281.86	A	281.83	A
USGS	11162750	2017-04-01	281.92	A	281.86	A
USGS	11162750	2017-04-02	281.98	A	281.90	A
USGS	11162750	2017-04-03	282.03	A	281.98	A
USGS	11162750	2017-04-04	282.13	A	282.03	A
USGS	11162750	2017-04-05	282.18	A	282.12	A
USGS	11162750	2017-04-06	282.42	A	282.17	A
USGS	11162750	2017-04-07	282.71	A	282.42	A
USGS	11162750	2017-04-08	282.96	A	282.71	A
USGS	11162750	2017-04-09	283.17	A	282.96	A
USGS	11162750	2017-04-10	283.32	A	283.17	A
USGS	11162750	2017-04-11	283.45	A	283.32	A
USGS	11162750	2017-04-12	283.64	A	283.45	A
USGS	11162750	2017-04-13	283.83	A	283.63	A
USGS	11162750	2017-04-14	283.98	A	283.83	A
USGS	11162750	2017-04-15	284.19	A	283.98	A
USGS	11162750	2017-04-16	284.37	A	284.19	A
USGS	11162750	2017-04-17	284.58	A	284.37	A
USGS	11162750	2017-04-18	284.73	A	284.57	A
USGS	11162750	2017-04-19	284.88	A	284.73	A
USGS	11162750	2017-04-20	285.03	A	284.87	A
USGS	11162750	2017-04-21	285.11	A	285.03	A
USGS	11162750	2017-04-22	285.26	A	285.10	A
USGS	11162750	2017-04-23	285.36	A	285.26	A
USGS	11162750	2017-04-24	285.39	A	285.35	A
USGS	11162750	2017-04-25	285.36	A	285.28	A
USGS	11162750	2017-04-26	285.28	A	285.19	A
USGS	11162750	2017-04-27	285.19	A	285.12	A
USGS	11162750	2017-04-28	285.13	A	285.05	A
USGS	11162750	2017-04-29	285.05	A	284.94	A
USGS	11162750	2017-04-30	284.94	A	284.84	A
USGS	11162750	2017-05-01	284.84	A	284.79	A
USGS	11162750	2017-05-02	284.80	A	284.73	A
USGS	11162750	2017-05-03	284.73	A	284.64	A
USGS	11162750	2017-05-04	284.64	A	284.55	A
USGS	11162750	2017-05-05	284.55	A	284.38	A
USGS	11162750	2017-05-06	284.41	A	284.18	A
USGS	11162750	2017-05-07	284.18	A	283.98	A
USGS	11162750	2017-05-08	283.98	A	283.85	A
USGS	11162750	2017-05-09	283.86	A	283.67	A
USGS	11162750	2017-05-10	283.69	A	283.46	A
USGS	11162750	2017-05-11	283.47	A	283.30	A
USGS	11162750	2017-05-12	283.30	A	283.09	A
USGS	11162750	2017-05-13	283.09	A	282.89	A
USGS	11162750	2017-05-14	282.89	A	282.70	A
USGS	11162750	2017-05-15	282.70	A	282.50	A
USGS	11162750	2017-05-16	282.51	A	282.30	A
USGS	11162750	2017-05-17	282.30	A	282.08	A
USGS	11162750	2017-05-18	282.08	A	281.89	A
USGS	11162750	2017-05-19	281.89	A	281.69	A
USGS	11162750	2017-05-20	281.69	A	281.46	A
USGS	11162750	2017-05-21	281.46	A	281.26	A
USGS	11162750	2017-05-22	281.26	A	281.03	A
USGS	11162750	2017-05-23	281.03	A	280.82	A
USGS	11162750	2017-05-24	280.82	A	280.59	A
USGS	11162750	2017-05-25	280.60	A	280.38	A
USGS	11162750	2017-05-26	280.38	A	280.16	A
USGS	11162750	2017-05-27	280.16	A	279.98	A
USGS	11162750	2017-05-28	279.99	A	279.86	A
USGS	11162750	2017-05-29	279.86	A	279.65	A
USGS	11162750	2017-05-30	279.65	A	279.48	A
USGS	11162750	2017-05-31	279.48	A	279.31	A
USGS	11162750	2017-06-01	279.31	A	279.21	A
USGS	11162750	2017-06-02	279.21	A	279.04	A
USGS	11162750	2017-06-03	279.04	A	278.79	A
USGS	11162750	2017-06-04	278.79	A	278.54	A
USGS	11162750	2017-06-05	278.54	A	278.36	A
USGS	11162750	2017-06-06	278.36	A	278.20	A
USGS	11162750	2017-06-07	278.21	A	278.04	A
USGS	11162750	2017-06-08	278.04	A	277.92	A
USGS	11162750	2017-06-09	277.92	A	277.74	A
USGS	11162750	2017-06-10	277.74	A	277.50	A
USGS	11162750	2017-06-11	277.50	A	277.34	A
USGS	11162750	2017-06-12	277.35	A	277.21	A
USGS	11162750	2017-06-13	277.21	A	277.11	A
USGS	11162750	2017-06-14	277.12	A	277.07	A
USGS	11162750	2017-06-15	277.15	A	277.08	A
USGS	11162750	2017-06-16	277.17	A	277.07	A
USGS	11162750	2017-06-17	277.24	A	277.16	A
USGS	11162750	2017-06-18	277.32	A	277.24	A
USGS	11162750	2017-06-19	277.37	A	277.30	A
USGS	11162750	2017-06-20	277.38	A	277.34	A
USGS	11162750	2017-06-21	277.35	A	277.29	A
USGS	11162750	2017-06-22	277.32	A	277.29	A
USGS	11162750	2017-06-23	277.31	A	277.25	A
USGS	11162750	2017-06-24	277.28	A	277.20	A
USGS	11162750	2017-06-25	277.26	A	277.20	A
USGS	11162750	2017-06-26	277.26	A	277.22	A
USGS	11162750	2017-06-27	277.25	A	277.22	A
USGS	11162750	2017-06-28	277.23	A	277.18	A
USGS	11162750	2017-06-29	277.22	A	277.17	A
USGS	11162750	2017-06-30	277.21	A	277.15	A
USGS	11162750	2017-07-01	277.22	A	277.17	A
USGS	11162750	2017-07-02	277.23	A	277.20	A
USGS	11162750	2017-07-03	277.29	A	277.21	A
USGS	11162750	2017-07-04	277.35	A	277.29	A
USGS	11162750	2017-07-05	277.33	A	277.27	A
USGS	11162750	2017-07-06	277.36	A	277.31	A
USGS	11162750	2017-07-07	277.33	A	277.28	A
USGS	11162750	2017-07-08	277.29	A	277.25	A
USGS	11162750	2017-07-09	277.33	A	277.29	A
USGS	11162750	2017-07-10	277.32	A	277.28	A
USGS	11162750	2017-07-11	277.31	A	277.26	A
USGS	11162750	2017-07-12	277.30	A	277.25	A
USGS	11162750	2017-07-13	277.30	A	277.24	A
USGS	11162750	2017-07-14	277.31	A	277.20	A
USGS	11162750	2017-07-15	277.30	A	277.23	A
USGS	11162750	2017-07-16	277.27	A	277.21	A
USGS	11162750	2017-07-17	277.26	A	277.21	A
USGS	11162750	2017-07-18	277.33	A	277.25	A
USGS	11162750	2017-07-19	277.40	A	277.32	A
USGS	11162750	2017-07-20	277.47	A	277.39	A
USGS	11162750	2017-07-21	277.50	A	277.45	A
USGS	11162750	2017-07-22	277.53	A	277.50	A
USGS	11162750	2017-07-23	277.53	A	277.48	A
USGS	11162750	2017-07-24	277.55	A	277.48	A
USGS	11162750	2017-07-25	277.59	A	277.52	A
USGS	11162750	2017-07-26	277.65	A	277.56	A
USGS	11162750	2017-07-27	277.74	A	277.63	A
USGS	11162750	2017-07-28	277.87	A	277.71	A
USGS	11162750	2017-07-29	277.93	A	277.86	A
USGS	11162750	2017-07-30	278.03	A	277.93	A
USGS	11162750	2017-07-31	278.08	A	278.02	A
USGS	11162750	2017-08-01	278.08	A	277.99	A
USGS	11162750	2017-08-02	277.99	A	277.92	A
USGS	11162750	2017-08-03	278.11	A	277.97	A
USGS	11162750	2017-08-04	278.14	A	278.07	A
USGS	11162750	2017-08-05	278.18	A	278.13	A
USGS	11162750	2017-08-06	278.22	A	278.18	A
USGS	11162750	2017-08-07	278.25	A	278.17	A
USGS	11162750	2017-08-08	278.24	A	278.18	A
USGS	11162750	2017-08-09	278.23	A	278.16	A
USGS	11162750	2017-08-10	278.24	A	278.18	A
USGS	11162750	2017-08-11	278.24	A	278.18	A
USGS	11162750	2017-08-12	278.25	A	278.21	A
USGS	11162750	2017-08-13	278.25	A	278.23	A
USGS	11162750	2017-08-14	278.27	A	278.20	A
USGS	11162750	2017-08-15	278.31	A	278.23	A
USGS	11162750	2017-08-16	278.29	A	278.23	A
USGS	11162750	2017-08-17	278.29	A	278.22	A
USGS	11162750	2017-08-18	278.29	A	278.22	A
USGS	11162750	2017-08-19	278.28	A	278.22	A
USGS	11162750	2017-08-20	278.29	A	278.22	A
USGS	11162750	2017-08-21	278.32	A	278.23	A
USGS	11162750	2017-08-22	278.33	A	278.27	A
USGS	11162750	2017-08-23	278.34	A	278.26	A
USGS	11162750	2017-08-24	278.38	A	278.30	A
USGS	11162750	2017-08-25	278.38	A	278.33	A
USGS	11162750	2017-08-26	278.37	A	278.31	A
USGS	11162750	2017-08-27	278.38	A	278.32	A
USGS	11162750	2017-08-28	278.41	A	278.34	A
USGS	11162750	2017-08-29	278.40	A	278.34	A
USGS	11162750	2017-08-30	278.41	A	278.35	A
USGS	11162750	2017-08-31	278.47	A	278.36	A
USGS	11162750	2017-09-01	278.58	A	278.46	A
USGS	11162750	2017-09-02	278.72	A	278.58	A
USGS	11162750	2017-09-03	278.99	A	278.72	A
USGS	11162750	2017-09-04	279.19	A	278.99	A
USGS	11162750	2017-09-05	279.28	A	279.17	A
USGS	11162750	2017-09-06	279.41	A	279.27	A
USGS	11162750	2017-09-07	279.55	A	279.41	A
USGS	11162750	2017-09-08	279.66	A	279.54	A
USGS	11162750	2017-09-09	279.84	A	279.66	A
USGS	11162750	2017-09-10	279.98	A	279.84	A
USGS	11162750	2017-09-11	280.14	A	279.97	A
USGS	11162750	2017-09-12	280.30	A	280.13	A
USGS	11162750	2017-09-13	280.48	A	280.30	A
USGS	11162750	2017-09-14	280.68	A	280.48	A
USGS	11162750	2017-09-15	280.87	A	280.67	A
USGS	11162750	2017-09-16	281.08	A	280.87	A
USGS	11162750	2017-09-17	281.27	A	281.08	A
USGS	11162750	2017-09-18	281.49	A	281.27	A
USGS	11162750	2017-09-19	281.71	A	281.49	A
USGS	11162750	2017-09-20	281.90	A	281.71	A
USGS	11162750	2017-09-21	282.09	A	281.90	A
USGS	11162750	2017-09-22	282.24	A	282.09	A
USGS	11162750	2017-09-23	282.47	A	282.24	A
USGS	11162750	2017-09-24	282.69	A	282.47	A
USGS	11162750	2017-09-25	282.85	A	282.69	A
USGS	11162750	2017-09-26	282.93	A	282.84	A
USGS	11162750	2017-09-27	282.90	A	282.80	A
USGS	11162750	2017-09-28	282.80	A	282.71	A
USGS	11162750	2017-09-29	282.72	A	282.63	A
USGS	11162750	2017-09-30	282.64	A	282.55	A
USGS	11162750	2017-10-01	282.55	A	282.47	A
USGS	11162750	2017-10-02	282.47	A	282.40	A
USGS	11162750	2017-10-03	282.40	A	282.33	A
USGS	11162750	2017-10-04	282.33	A	282.24	A
USGS	11162750	2017-10-05	282.24	A	282.16	A
USGS	11162750	2017-10-06	282.16	A	282.10	A
USGS	11162750	2017-10-07	282.10	A	281.98	A
USGS	11162750	2017-10-08	282.00	A	281.95	A
USGS	11162750	2017-10-09	281.95	A	281.87	A
USGS	11162750	2017-10-10	281.87	A	281.80	A
USGS	11162750	2017-10-11	281.82	A	281.74	A
USGS	11162750	2017-10-12	281.74	A	281.64	A
USGS	11162750	2017-10-13	281.64	A	281.54	A
USGS	11162750	2017-10-14	281.54	A	281.35	A
USGS	11162750	2017-10-15	281.35	A	281.20	A
USGS	11162750	2017-10-16	281.20	A	281.11	A
USGS	11162750	2017-10-17	281.11	A	281.00	A
USGS	11162750	2017-10-18	281.00	A	280.89	A
USGS	11162750	2017-10-19	280.89	A	280.81	A
USGS	11162750	2017-10-20	280.85	A	280.76	A
USGS	11162750	2017-10-21	280.80	A	280.69	A
USGS	11162750	2017-10-22	280.70	A	280.53	A
USGS	11162750	2017-10-23	280.54	A	280.50	A
USGS	11162750	2017-10-24	280.50	A	280.43	A
USGS	11162750	2017-10-25	280.43	A	280.35	A
USGS	11162750	2017-10-26	280.35	A	280.29	A
USGS	11162750	2017-10-27	280.32	A	280.26	A
USGS	11162750	2017-10-28	280.29	A	280.16	A
USGS	11162750	2017-10-29	280.16	A	280.03	A
USGS	11162750	2017-10-30	280.05	A	280.00	A
USGS	11162750	2017-10-31	280.08	A	279.99	A
USGS	11162750	2017-11-01	280.22	A	280.08	A
USGS	11162750	2017-11-02	280.22	A	280.14	A
USGS	11162750	2017-11-03	280.14	A	280.05	A
USGS	11162750	2017-11-04	280.07	A	279.98	A
USGS	11162750	2017-11-05	279.98	A	279.89	A
USGS	11162750	2017-11-06	279.90	A	279.82	A
USGS	11162750	2017-11-07	279.82	A	279.75	A
USGS	11162750	2017-11-08	279.78	A	279.68	A
USGS	11162750	2017-11-09	279.73	A	279.67	A
USGS	11162750	2017-11-10	279.75	A	279.71	A
USGS	11162750	2017-11-11	279.75	A	279.70	A
USGS	11162750	2017-11-12	279.72	A	279.69	A
USGS	11162750	2017-11-13	279.69	A	279.64	A
USGS	11162750	2017-11-14	279.65	A	279.60	A
USGS	11162750	2017-11-15	279.60	A	279.53	A
USGS	11162750	2017-11-16	279.70	A	279.53	A
USGS	11162750	2017-11-17	279.66	A	279.60	A
USGS	11162750	2017-11-18	279.60	A	279.44	A
USGS	11162750	2017-11-19	279.45	A	279.29	A
USGS	11162750	2017-11-20	279.29	A	279.22	A
USGS	11162750	2017-11-21	279.22	A	279.18	A
USGS	11162750	2017-11-22	279.18	A	279.12	A
USGS	11162750	2017-11-23	279.12	A	279.05	A
USGS	11162750	2017-11-24	279.08	A	279.02	A
USGS	11162750	2017-11-25	279.04	A	278.94	A
USGS	11162750	2017-11-26	278.94	A	278.85	A
USGS	11162750	2017-11-27	278.91	A	278.86	A
USGS	11162750	2017-11-28	278.87	A	278.81	A
USGS	11162750	2017-11-29	278.82	A	278.79	A
USGS	11162750	2017-11-30	278.80	A	278.76	A
USGS	11162750	2017-12-01	278.77	A	278.71	A
USGS	11162750	2017-12-02	278.71	A	278.66	A
USGS	11162750	2017-12-03	278.68	A	278.56	A
USGS	11162750	2017-12-04	278.57	A	278.53	A
USGS	11162750	2017-12-05	278.53	A	278.48	A
USGS	11162750	2017-12-06	278.48	A	278.44	A
USGS	11162750	2017-12-07	278.44	A	278.40	A
USGS	11162750	2017-12-08	278.40	A	278.36	A
USGS	11162750	2017-12-09	278.36	A	278.32	A
USGS	11162750	2017-12-10	278.33	A	278.29	A
USGS	11162750	2017-12-11	278.29	A	278.23	A
USGS	11162750	2017-12-12	278.24	A	278.22	A
USGS	11162750	2017-12-13	278.29	A	278.24	A
USGS	11162750	2017-12-14	278.35	A	278.28	A
USGS	11162750	2017-12-15	278.34	A	278.30	A
USGS	11162750	2017-12-16	278.31	A	278.20	A
USGS	11162750	2017-12-17	278.20	A	278.17	A
USGS	11162750	2017-12-18	278.19	A	278.16	A
USGS	11162750	2017-12-19	278.16	A	278.11	A
USGS	11162750	2017-12-20	278.16	A	278.11	A
USGS	11162750	2017-12-21	278.15	A	278.08	A
USGS	11162750	2017-12-22	278.18	A	278.14	A
USGS	11162750	2017-12-23	278.15	A	278.02	A
USGS	11162750	2017-12-24	278.02	A	277.91	A
USGS	11162750	2017-12-25	277.91	A	277.86	A
USGS	11162750	2017-12-26	277.88	A	277.85	A
USGS	11162750	2017-12-27	277.86	A	277.82	A
USGS	11162750	2017-12-28	277.98	A	277.86	A
USGS	11162750	2017-12-29	278.01	A	277.98	A
USGS	11162750	2017-12-30	278.00	A	277.95	A
USGS	11162750	2017-12-31	277.95	A	277.89	A
USGS	11162750	2018-01-01	278.03	A	277.89	A
