agency_cd	site_no	datetime	217555_00054_32400	217555_00054_32400_cd
USGS	11376010	2013-01-01	734.0	A
USGS	11376010	2013-01-02	734.0	A
USGS	11376010	2013-01-03	733.0	A
USGS	11376010	2013-01-04	733.0	A
USGS	11376010	2013-01-05	733.0	A
USGS	11376010	2013-01-06	734.0	A
USGS	11376010	2013-01-07	733.0	A
USGS	11376010	2013-01-08	733.0	A
USGS	11376010	2013-01-09	735.0	A
USGS	11376010	2013-01-10	733.0	A
USGS	11376010	2013-01-11	733.0	A
USGS	11376010	2013-01-12	732.0	A
USGS	11376010	2013-01-13	734.0	A
USGS	11376010	2013-01-14	732.0	A
USGS	11376010	2013-01-15	732.0	A
USGS	11376010	2013-01-16	732.0	A
USGS	11376010	2013-01-17	731.0	A
USGS	11376010	2013-01-18	731.0	A
USGS	11376010	2013-01-19	732.0	A
USGS	11376010	2013-01-20	732.0	A
USGS	11376010	2013-01-21	732.0	A
USGS	11376010	2013-01-22	732.0	A
USGS	11376010	2013-01-23	734.0	A
USGS	11376010	2013-01-24	737.0	A
USGS	11376010	2013-01-25	737.0	A
USGS	11376010	2013-01-26	737.0	A
USGS	11376010	2013-01-27	736.0	A
USGS	11376010	2013-01-28	734.0	A
USGS	11376010	2013-01-29	733.0	A
USGS	11376010	2013-01-30	734.0	A
USGS	11376010	2013-01-31	733.0	A
USGS	11376010	2013-02-01	734.0	A
USGS	11376010	2013-02-02	733.0	A
USGS	11376010	2013-02-03	734.0	A
USGS	11376010	2013-02-04	733.0	A
USGS	11376010	2013-02-05	733.0	A
USGS	11376010	2013-02-06	732.0	A
USGS	11376010	2013-02-07	733.0	A
USGS	11376010	2013-02-08	733.0	A
USGS	11376010	2013-02-09	732.0	A
USGS	11376010	2013-02-10	731.0	A
USGS	11376010	2013-02-11	731.0	A
USGS	11376010	2013-02-12	731.0	A
USGS	11376010	2013-02-13	732.0	A
USGS	11376010	2013-02-14	732.0	A
USGS	11376010	2013-02-15	732.0	A
USGS	11376010	2013-02-16	732.0	A
USGS	11376010	2013-02-17	731.0	A
USGS	11376010	2013-02-18	731.0	A
USGS	11376010	2013-02-19	733.0	A
USGS	11376010	2013-02-20	732.0	A
USGS	11376010	2013-02-21	730.0	A
USGS	11376010	2013-02-22	730.0	A
USGS	11376010	2013-02-23	729.0	A
USGS	11376010	2013-02-24	724.0	A
USGS	11376010	2013-02-25	726.0	A
USGS	11376010	2013-02-26	726.0	A
USGS	11376010	2013-02-27	728.0	A
USGS	11376010	2013-02-28	728.0	A
USGS	11376010	2013-03-01	729.0	A
USGS	11376010	2013-03-02	731.0	A
USGS	11376010	2013-03-03	733.0	A
USGS	11376010	2013-03-04	732.0	A
USGS	11376010	2013-03-05	734.0	A
USGS	11376010	2013-03-06	737.0	A
USGS	11376010	2013-03-07	733.0	A
USGS	11376010	2013-03-08	732.0	A
USGS	11376010	2013-03-09	732.0	A
USGS	11376010	2013-03-10	731.0	A
USGS	11376010	2013-03-11	733.0	A
USGS	11376010	2013-03-12	733.0	A
USGS	11376010	2013-03-13	734.0	A
USGS	11376010	2013-03-14	735.0	A
USGS	11376010	2013-03-15	735.0	A
USGS	11376010	2013-03-16	736.0	A
USGS	11376010	2013-03-17	735.0	A
USGS	11376010	2013-03-18	735.0	A
USGS	11376010	2013-03-19	739.0	A
USGS	11376010	2013-03-20	750.0	A
USGS	11376010	2013-03-21	745.0	A
USGS	11376010	2013-03-22	741.0	A
USGS	11376010	2013-03-23	740.0	A
USGS	11376010	2013-03-24	739.0	A
USGS	11376010	2013-03-25	741.0	A
USGS	11376010	2013-03-26	741.0	A
USGS	11376010	2013-03-27	742.0	A
USGS	11376010	2013-03-28	742.0	A
USGS	11376010	2013-03-29	741.0	A
USGS	11376010	2013-03-30	741.0	A
USGS	11376010	2013-03-31	750.0	A
USGS	11376010	2013-04-01	748.0	A
USGS	11376010	2013-04-02	747.0	A
USGS	11376010	2013-04-03	745.0	A
USGS	11376010	2013-04-04	749.0	A
USGS	11376010	2013-04-05	748.0	A
USGS	11376010	2013-04-06	753.0	A
USGS	11376010	2013-04-07	758.0	A
USGS	11376010	2013-04-08	752.0	A
USGS	11376010	2013-04-09	749.0	A
USGS	11376010	2013-04-10	750.0	A
USGS	11376010	2013-04-11	763.0	A
USGS	11376010	2013-04-12	785.0	A
USGS	11376010	2013-04-13	806.0	A
USGS	11376010	2013-04-14	825.0	A
USGS	11376010	2013-04-15	844.0	A
USGS	11376010	2013-04-16	858.0	A
USGS	11376010	2013-04-17	870.0	A
USGS	11376010	2013-04-18	883.0	A
USGS	11376010	2013-04-19	895.0	A
USGS	11376010	2013-04-20	904.0	A
USGS	11376010	2013-04-21	916.0	A
USGS	11376010	2013-04-22	926.0	A
USGS	11376010	2013-04-23	934.0	A
USGS	11376010	2013-04-24	943.0	A
USGS	11376010	2013-04-25	949.0	A
USGS	11376010	2013-04-26	956.0	A
USGS	11376010	2013-04-27	963.0	A
USGS	11376010	2013-04-28	968.0	A
USGS	11376010	2013-04-29	974.0	A
USGS	11376010	2013-04-30	978.0	A
USGS	11376010	2013-05-01	979.0	A
USGS	11376010	2013-05-02	983.0	A
USGS	11376010	2013-05-03	987.0	A
USGS	11376010	2013-05-04	990.0	A
USGS	11376010	2013-05-05	992.0	A
USGS	11376010	2013-05-06	999.0	A
USGS	11376010	2013-05-07	1000	A
USGS	11376010	2013-05-08	1010	A
USGS	11376010	2013-05-09	1010	A
USGS	11376010	2013-05-10	1020	A
USGS	11376010	2013-05-11	1020	A
USGS	11376010	2013-05-12	1020	A
USGS	11376010	2013-05-13	1020	A
USGS	11376010	2013-05-14	1020	A
USGS	11376010	2013-05-15	1020	A
USGS	11376010	2013-05-16	1030	A
USGS	11376010	2013-05-17	1040	A
USGS	11376010	2013-05-18	1040	A
USGS	11376010	2013-05-19	1040	A
USGS	11376010	2013-05-20	1040	A
USGS	11376010	2013-05-21	1040	A
USGS	11376010	2013-05-22	1030	A
USGS	11376010	2013-05-23	1030	A
USGS	11376010	2013-05-24	1030	A
USGS	11376010	2013-05-25	1030	A
USGS	11376010	2013-05-26	1030	A
USGS	11376010	2013-05-27	1040	A
USGS	11376010	2013-05-28	1060	A
USGS	11376010	2013-05-29	1060	A
USGS	11376010	2013-05-30	1060	A
USGS	11376010	2013-05-31	1060	A
USGS	11376010	2013-06-01	1060	A
USGS	11376010	2013-06-02	1060	A
USGS	11376010	2013-06-03	1060	A
USGS	11376010	2013-06-04	1060	A
USGS	11376010	2013-06-05	1050	A
USGS	11376010	2013-06-06	1050	A
USGS	11376010	2013-06-07	1050	A
USGS	11376010	2013-06-08	1040	A
USGS	11376010	2013-06-09	1040	A
USGS	11376010	2013-06-10	1040	A
USGS	11376010	2013-06-11	1030	A
USGS	11376010	2013-06-12	1030	A
USGS	11376010	2013-06-13	1030	A
USGS	11376010	2013-06-14	1020	A
USGS	11376010	2013-06-15	1020	A
USGS	11376010	2013-06-16	1010	A
USGS	11376010	2013-06-17	1010	A
USGS	11376010	2013-06-18	1010	A
USGS	11376010	2013-06-19	1010	A
USGS	11376010	2013-06-20	1000	A
USGS	11376010	2013-06-21	999.0	A
USGS	11376010	2013-06-22	995.0	A
USGS	11376010	2013-06-23	992.0	A
USGS	11376010	2013-06-24	993.0	A
USGS	11376010	2013-06-25	1020	A
USGS	11376010	2013-06-26	1020	A
USGS	11376010	2013-06-27	1020	A
USGS	11376010	2013-06-28	1020	A
USGS	11376010	2013-06-29	1010	A
USGS	11376010	2013-06-30	1010	A
USGS	11376010	2013-07-01	1010	A
USGS	11376010	2013-07-02	1000	A
USGS	11376010	2013-07-03	1000	A
USGS	11376010	2013-07-04	995.0	A
USGS	11376010	2013-07-05	992.0	A
USGS	11376010	2013-07-06	987.0	A
USGS	11376010	2013-07-07	983.0	A
USGS	11376010	2013-07-08	978.0	A
USGS	11376010	2013-07-09	973.0	A
USGS	11376010	2013-07-10	968.0	A
USGS	11376010	2013-07-11	964.0	A
USGS	11376010	2013-07-12	959.0	A
USGS	11376010	2013-07-13	955.0	A
USGS	11376010	2013-07-14	951.0	A
USGS	11376010	2013-07-15	947.0	A
USGS	11376010	2013-07-16	943.0	A
USGS	11376010	2013-07-17	938.0	A
USGS	11376010	2013-07-18	935.0	A
USGS	11376010	2013-07-19	931.0	A
USGS	11376010	2013-07-20	926.0	A
USGS	11376010	2013-07-21	922.0	A
USGS	11376010	2013-07-22	917.0	A
USGS	11376010	2013-07-23	913.0	A
USGS	11376010	2013-07-24	909.0	A
USGS	11376010	2013-07-25	905.0	A
USGS	11376010	2013-07-26	901.0	A
USGS	11376010	2013-07-27	897.0	A
USGS	11376010	2013-07-28	893.0	A
USGS	11376010	2013-07-29	888.0	A
USGS	11376010	2013-07-30	884.0	A
USGS	11376010	2013-07-31	880.0	A
USGS	11376010	2013-08-01	876.0	A
USGS	11376010	2013-08-02	871.0	A
USGS	11376010	2013-08-03	867.0	A
USGS	11376010	2013-08-04	863.0	A
USGS	11376010	2013-08-05	859.0	A
USGS	11376010	2013-08-06	855.0	A
USGS	11376010	2013-08-07	851.0	A
USGS	11376010	2013-08-08	847.0	A
USGS	11376010	2013-08-09	843.0	A
USGS	11376010	2013-08-10	840.0	A
USGS	11376010	2013-08-11	836.0	A
USGS	11376010	2013-08-12	832.0	A
USGS	11376010	2013-08-13	828.0	A
USGS	11376010	2013-08-14	823.0	A
USGS	11376010	2013-08-15	819.0	A
USGS	11376010	2013-08-16	814.0	A
USGS	11376010	2013-08-17	811.0	A
USGS	11376010	2013-08-18	806.0	A
USGS	11376010	2013-08-19	802.0	A
USGS	11376010	2013-08-20	798.0	A
USGS	11376010	2013-08-21	796.0	A
USGS	11376010	2013-08-22	792.0	A
USGS	11376010	2013-08-23	787.0	A
USGS	11376010	2013-08-24	783.0	A
USGS	11376010	2013-08-25	778.0	A
USGS	11376010	2013-08-26	773.0	A
USGS	11376010	2013-08-27	768.0	A
USGS	11376010	2013-08-28	764.0	A
USGS	11376010	2013-08-29	759.0	A
USGS	11376010	2013-08-30	754.0	A
USGS	11376010	2013-08-31	750.0	A
USGS	11376010	2013-09-01	746.0	A
USGS	11376010	2013-09-02	741.0	A
USGS	11376010	2013-09-03	737.0	A
USGS	11376010	2013-09-04	733.0	A
USGS	11376010	2013-09-05	729.0	A
USGS	11376010	2013-09-06	724.0	A
USGS	11376010	2013-09-07	722.0	A
USGS	11376010	2013-09-08	718.0	A
USGS	11376010	2013-09-09	714.0	A
USGS	11376010	2013-09-10	710.0	A
USGS	11376010	2013-09-11	700.0	A
USGS	11376010	2013-09-12	687.0	A
USGS	11376010	2013-09-13	676.0	A
USGS	11376010	2013-09-14	664.0	A
USGS	11376010	2013-09-15	652.0	A
USGS	11376010	2013-09-16	637.0	A
USGS	11376010	2013-09-17	620.0	A
USGS	11376010	2013-09-18	602.0	A
USGS	11376010	2013-09-19	586.0	A
USGS	11376010	2013-09-20	569.0	A
USGS	11376010	2013-09-21	560.0	A
USGS	11376010	2013-09-22	544.0	A
USGS	11376010	2013-09-23	529.0	A
USGS	11376010	2013-09-24	513.0	A
USGS	11376010	2013-09-25	499.0	A
USGS	11376010	2013-09-26	483.0	A
USGS	11376010	2013-09-27	468.0	A
USGS	11376010	2013-09-28	453.0	A
USGS	11376010	2013-09-29	441.0	A
USGS	11376010	2013-09-30	435.0	A
USGS	11376010	2013-10-01	424.0	A
USGS	11376010	2013-10-02	410.0	A
USGS	11376010	2013-10-03	396.0	A
USGS	11376010	2013-10-04	384.0	A
USGS	11376010	2013-10-05	373.0	A
USGS	11376010	2013-10-06	363.0	A
USGS	11376010	2013-10-07	353.0	A
USGS	11376010	2013-10-08	343.0	A
USGS	11376010	2013-10-09	333.0	A
USGS	11376010	2013-10-10	323.0	A
USGS	11376010	2013-10-11	313.0	A
USGS	11376010	2013-10-12	305.0	A
USGS	11376010	2013-10-13	295.0	A
USGS	11376010	2013-10-14	285.0	A
USGS	11376010	2013-10-15	275.0	A
USGS	11376010	2013-10-16	267.0	A
USGS	11376010	2013-10-17	257.0	A
USGS	11376010	2013-10-18	248.0	A
USGS	11376010	2013-10-19	239.0	A
USGS	11376010	2013-10-20	231.0	A
USGS	11376010	2013-10-21	222.0	A
USGS	11376010	2013-10-22	214.0	A
USGS	11376010	2013-10-23	205.0	A
USGS	11376010	2013-10-24	197.0	A
USGS	11376010	2013-10-25	189.0	A
USGS	11376010	2013-10-26	181.0	A
USGS	11376010	2013-10-27	173.0	A
USGS	11376010	2013-10-28	167.0	A
USGS	11376010	2013-10-29	161.0	A
USGS	11376010	2013-10-30	154.0	A
USGS	11376010	2013-10-31	146.0	A
USGS	11376010	2013-11-01	143.0	A
USGS	11376010	2013-11-02	144.0	A
USGS	11376010	2013-11-03	144.0	A
USGS	11376010	2013-11-04	143.0	A
USGS	11376010	2013-11-05	144.0	A
USGS	11376010	2013-11-06	144.0	A
USGS	11376010	2013-11-07	144.0	A
USGS	11376010	2013-11-08	144.0	A
USGS	11376010	2013-11-09	144.0	A
USGS	11376010	2013-11-10	144.0	A
USGS	11376010	2013-11-11	144.0	A
USGS	11376010	2013-11-12	143.0	A
USGS	11376010	2013-11-13	143.0	A
USGS	11376010	2013-11-14	143.0	A
USGS	11376010	2013-11-15	143.0	A
USGS	11376010	2013-11-16	143.0	A
USGS	11376010	2013-11-17	143.0	A
USGS	11376010	2013-11-18	142.0	A
USGS	11376010	2013-11-19	151.0	A
USGS	11376010	2013-11-20	163.0	A
USGS	11376010	2013-11-21	164.0	A
USGS	11376010	2013-11-22	164.0	A
USGS	11376010	2013-11-23	164.0	A
USGS	11376010	2013-11-24	164.0	A
USGS	11376010	2013-11-25	164.0	A
USGS	11376010	2013-11-26	164.0	A
USGS	11376010	2013-11-27	164.0	A
USGS	11376010	2013-11-28	164.0	A
USGS	11376010	2013-11-29	164.0	A
USGS	11376010	2013-11-30	164.0	A
USGS	11376010	2013-12-01	164.0	A
USGS	11376010	2013-12-02	166.0	A
USGS	11376010	2013-12-03	166.0	A
USGS	11376010	2013-12-04	164.0	A
USGS	11376010	2013-12-05	164.0	A
USGS	11376010	2013-12-06	165.0	A
USGS	11376010	2013-12-07	165.0	A
USGS	11376010	2013-12-08	165.0	A
USGS	11376010	2013-12-09	165.0	A
USGS	11376010	2013-12-10	165.0	A
USGS	11376010	2013-12-11	164.0	A
USGS	11376010	2013-12-12	164.0	A
USGS	11376010	2013-12-13	164.0	A
USGS	11376010	2013-12-14	164.0	A
USGS	11376010	2013-12-15	164.0	A
USGS	11376010	2013-12-16	164.0	A
USGS	11376010	2013-12-17	164.0	A
USGS	11376010	2013-12-18	164.0	A
USGS	11376010	2013-12-19	165.0	A
USGS	11376010	2013-12-20	164.0	A
USGS	11376010	2013-12-21	164.0	A
USGS	11376010	2013-12-22	164.0	A
USGS	11376010	2013-12-23	164.0	A
USGS	11376010	2013-12-24	164.0	A
USGS	11376010	2013-12-25	163.0	A
USGS	11376010	2013-12-26	163.0	A
USGS	11376010	2013-12-27	159.0	A
USGS	11376010	2013-12-28	159.0	A
USGS	11376010	2013-12-29	158.0	A
USGS	11376010	2013-12-30	157.0	A
USGS	11376010	2013-12-31	157.0	A
USGS	11376010	2014-01-01	156.0	A
USGS	11376010	2014-01-02	156.0	A
USGS	11376010	2014-01-03	155.0	A
USGS	11376010	2014-01-04	155.0	A
USGS	11376010	2014-01-05	154.0	A
USGS	11376010	2014-01-06	153.0	A
USGS	11376010	2014-01-07	153.0	A
USGS	11376010	2014-01-08	152.0	A
USGS	11376010	2014-01-09	152.0	A
USGS	11376010	2014-01-10	152.0	A
USGS	11376010	2014-01-11	154.0	A
USGS	11376010	2014-01-12	154.0	A
USGS	11376010	2014-01-13	154.0	A
USGS	11376010	2014-01-14	153.0	A
USGS	11376010	2014-01-15	153.0	A
USGS	11376010	2014-01-16	152.0	A
USGS	11376010	2014-01-17	152.0	A
USGS	11376010	2014-01-18	151.0	A
USGS	11376010	2014-01-19	151.0	A
USGS	11376010	2014-01-20	150.0	A
USGS	11376010	2014-01-21	149.0	A
USGS	11376010	2014-01-22	149.0	A
USGS	11376010	2014-01-23	148.0	A
USGS	11376010	2014-01-24	148.0	A
USGS	11376010	2014-01-25	149.0	A
USGS	11376010	2014-01-26	149.0	A
USGS	11376010	2014-01-27	149.0	A
USGS	11376010	2014-01-28	150.0	A
USGS	11376010	2014-01-29	166.0	A
USGS	11376010	2014-01-30	168.0	A
USGS	11376010	2014-01-31	169.0	A
USGS	11376010	2014-02-01	169.0	A
USGS	11376010	2014-02-02	170.0	A
USGS	11376010	2014-02-03	170.0	A
USGS	11376010	2014-02-04	170.0	A
USGS	11376010	2014-02-05	170.0	A
USGS	11376010	2014-02-06	171.0	A
USGS	11376010	2014-02-07	177.0	A
USGS	11376010	2014-02-08	185.0	A
USGS	11376010	2014-02-09	237.0	A
USGS	11376010	2014-02-10	255.0	A
USGS	11376010	2014-02-11	264.0	A
USGS	11376010	2014-02-12	272.0	A
USGS	11376010	2014-02-13	296.0	A
USGS	11376010	2014-02-14	311.0	A
USGS	11376010	2014-02-15	323.0	A
USGS	11376010	2014-02-16	334.0	A
USGS	11376010	2014-02-17	339.0	A
USGS	11376010	2014-02-18	344.0	A
USGS	11376010	2014-02-19	350.0	A
USGS	11376010	2014-02-20	354.0	A
USGS	11376010	2014-02-21	357.0	A
USGS	11376010	2014-02-22	359.0	A
USGS	11376010	2014-02-23	362.0	A
USGS	11376010	2014-02-24	364.0	A
USGS	11376010	2014-02-25	366.0	A
USGS	11376010	2014-02-26	372.0	A
USGS	11376010	2014-02-27	381.0	A
USGS	11376010	2014-02-28	388.0	A
USGS	11376010	2014-03-01	395.0	A
USGS	11376010	2014-03-02	406.0	A
USGS	11376010	2014-03-03	436.0	A
USGS	11376010	2014-03-04	454.0	A
USGS	11376010	2014-03-05	482.0	A
USGS	11376010	2014-03-06	512.0	A
USGS	11376010	2014-03-07	527.0	A
USGS	11376010	2014-03-08	539.0	A
USGS	11376010	2014-03-09	585.0	A
USGS	11376010	2014-03-10	656.0	A
USGS	11376010	2014-03-11	685.0	A
USGS	11376010	2014-03-12	705.0	A
USGS	11376010	2014-03-13	721.0	A
USGS	11376010	2014-03-14	733.0	A
USGS	11376010	2014-03-15	743.0	A
USGS	11376010	2014-03-16	751.0	A
USGS	11376010	2014-03-17	760.0	A
USGS	11376010	2014-03-18	765.0	A
USGS	11376010	2014-03-19	770.0	A
USGS	11376010	2014-03-20	775.0	A
USGS	11376010	2014-03-21	779.0	A
USGS	11376010	2014-03-22	783.0	A
USGS	11376010	2014-03-23	785.0	A
USGS	11376010	2014-03-24	787.0	A
USGS	11376010	2014-03-25	797.0	A
USGS	11376010	2014-03-26	807.0	A
USGS	11376010	2014-03-27	813.0	A
USGS	11376010	2014-03-28	824.0	A
USGS	11376010	2014-03-29	873.0	A
USGS	11376010	2014-03-30	889.0	A
USGS	11376010	2014-03-31	902.0	A
USGS	11376010	2014-04-01	910.0	A
USGS	11376010	2014-04-02	916.0	A
USGS	11376010	2014-04-03	924.0	A
USGS	11376010	2014-04-04	930.0	A
USGS	11376010	2014-04-05	935.0	A
USGS	11376010	2014-04-06	942.0	A
USGS	11376010	2014-04-07	949.0	A
USGS	11376010	2014-04-08	958.0	A
USGS	11376010	2014-04-09	967.0	A
USGS	11376010	2014-04-10	976.0	A
USGS	11376010	2014-04-11	985.0	A
USGS	11376010	2014-04-12	994.0	A
USGS	11376010	2014-04-13	1000	A
USGS	11376010	2014-04-14	1010	A
USGS	11376010	2014-04-15	1010	A
USGS	11376010	2014-04-16	1010	A
USGS	11376010	2014-04-17	1020	A
USGS	11376010	2014-04-18	1020	A
USGS	11376010	2014-04-19	1020	A
USGS	11376010	2014-04-20	1020	A
USGS	11376010	2014-04-21	1020	A
USGS	11376010	2014-04-22	1030	A
USGS	11376010	2014-04-23	1030	A
USGS	11376010	2014-04-24	1040	A
USGS	11376010	2014-04-25	1050	A
USGS	11376010	2014-04-26	1050	A
USGS	11376010	2014-04-27	1050	A
USGS	11376010	2014-04-28	1050	A
USGS	11376010	2014-04-29	1060	A
USGS	11376010	2014-04-30	1060	A
USGS	11376010	2014-05-01	1060	A
USGS	11376010	2014-05-02	1060	A
USGS	11376010	2014-05-03	1060	A
USGS	11376010	2014-05-04	1060	A
USGS	11376010	2014-05-05	1060	A
USGS	11376010	2014-05-06	1050	A
USGS	11376010	2014-05-07	1050	A
USGS	11376010	2014-05-08	1060	A
USGS	11376010	2014-05-09	1070	A
USGS	11376010	2014-05-10	1070	A
USGS	11376010	2014-05-11	1070	A
USGS	11376010	2014-05-12	1060	A
USGS	11376010	2014-05-13	1060	A
USGS	11376010	2014-05-14	1060	A
USGS	11376010	2014-05-15	1060	A
USGS	11376010	2014-05-16	1050	A
USGS	11376010	2014-05-17	1050	A
USGS	11376010	2014-05-18	1050	A
USGS	11376010	2014-05-19	1050	A
USGS	11376010	2014-05-20	1050	A
USGS	11376010	2014-05-21	1040	A
USGS	11376010	2014-05-22	1040	A
USGS	11376010	2014-05-23	1040	A
USGS	11376010	2014-05-24	1030	A
USGS	11376010	2014-05-25	1030	A
USGS	11376010	2014-05-26	1020	A
USGS	11376010	2014-05-27	1020	A
USGS	11376010	2014-05-28	1020	A
USGS	11376010	2014-05-29	1010	A
USGS	11376010	2014-05-30	1010	A
USGS	11376010	2014-05-31	1000	A
USGS	11376010	2014-06-01	998.0	A
USGS	11376010	2014-06-02	993.0	A
USGS	11376010	2014-06-03	989.0	A
USGS	11376010	2014-06-04	984.0	A
USGS	11376010	2014-06-05	979.0	A
USGS	11376010	2014-06-06	974.0	A
USGS	11376010	2014-06-07	969.0	A
USGS	11376010	2014-06-08	965.0	A
USGS	11376010	2014-06-09	959.0	A
USGS	11376010	2014-06-10	954.0	A
USGS	11376010	2014-06-11	949.0	A
USGS	11376010	2014-06-12	944.0	A
USGS	11376010	2014-06-13	940.0	A
USGS	11376010	2014-06-14	935.0	A
USGS	11376010	2014-06-15	930.0	A
USGS	11376010	2014-06-16	926.0	A
USGS	11376010	2014-06-17	924.0	A
USGS	11376010	2014-06-18	922.0	A
USGS	11376010	2014-06-19	918.0	A
USGS	11376010	2014-06-20	914.0	A
USGS	11376010	2014-06-21	909.0	A
USGS	11376010	2014-06-22	904.0	A
USGS	11376010	2014-06-23	899.0	A
USGS	11376010	2014-06-24	897.0	A
USGS	11376010	2014-06-25	896.0	A
USGS	11376010	2014-06-26	895.0	A
USGS	11376010	2014-06-27	891.0	A
USGS	11376010	2014-06-28	887.0	A
USGS	11376010	2014-06-29	883.0	A
USGS	11376010	2014-06-30	878.0	A
USGS	11376010	2014-07-01	874.0	A
USGS	11376010	2014-07-02	869.0	A
USGS	11376010	2014-07-03	864.0	A
USGS	11376010	2014-07-04	859.0	A
USGS	11376010	2014-07-05	854.0	A
USGS	11376010	2014-07-06	849.0	A
USGS	11376010	2014-07-07	845.0	A
USGS	11376010	2014-07-08	841.0	A
USGS	11376010	2014-07-09	837.0	A
USGS	11376010	2014-07-10	834.0	A
USGS	11376010	2014-07-11	830.0	A
USGS	11376010	2014-07-12	826.0	A
USGS	11376010	2014-07-13	821.0	A
USGS	11376010	2014-07-14	816.0	A
USGS	11376010	2014-07-15	811.0	A
USGS	11376010	2014-07-16	807.0	A
USGS	11376010	2014-07-17	801.0	A
USGS	11376010	2014-07-18	793.0	A
USGS	11376010	2014-07-19	785.0	A
USGS	11376010	2014-07-20	777.0	A
USGS	11376010	2014-07-21	767.0	A
USGS	11376010	2014-07-22	763.0	A
USGS	11376010	2014-07-23	759.0	A
USGS	11376010	2014-07-24	755.0	A
USGS	11376010	2014-07-25	750.0	A
USGS	11376010	2014-07-26	746.0	A
USGS	11376010	2014-07-27	742.0	A
USGS	11376010	2014-07-28	737.0	A
USGS	11376010	2014-07-29	733.0	A
USGS	11376010	2014-07-30	729.0	A
USGS	11376010	2014-07-31	724.0	A
USGS	11376010	2014-08-01	720.0	A
USGS	11376010	2014-08-02	715.0	A
USGS	11376010	2014-08-03	711.0	A
USGS	11376010	2014-08-04	708.0	A
USGS	11376010	2014-08-05	707.0	A
USGS	11376010	2014-08-06	705.0	A
USGS	11376010	2014-08-07	701.0	A
USGS	11376010	2014-08-08	698.0	A
USGS	11376010	2014-08-09	694.0	A
USGS	11376010	2014-08-10	691.0	A
USGS	11376010	2014-08-11	688.0	A
USGS	11376010	2014-08-12	684.0	A
USGS	11376010	2014-08-13	680.0	A
USGS	11376010	2014-08-14	676.0	A
USGS	11376010	2014-08-15	671.0	A
USGS	11376010	2014-08-16	667.0	A
USGS	11376010	2014-08-17	663.0	A
USGS	11376010	2014-08-18	658.0	A
USGS	11376010	2014-08-19	654.0	A
USGS	11376010	2014-08-20	650.0	A
USGS	11376010	2014-08-21	646.0	A
USGS	11376010	2014-08-22	642.0	A
USGS	11376010	2014-08-23	638.0	A
USGS	11376010	2014-08-24	633.0	A
USGS	11376010	2014-08-25	630.0	A
USGS	11376010	2014-08-26	625.0	A
USGS	11376010	2014-08-27	621.0	A
USGS	11376010	2014-08-28	617.0	A
USGS	11376010	2014-08-29	614.0	A
USGS	11376010	2014-08-30	610.0	A
USGS	11376010	2014-08-31	606.0	A
USGS	11376010	2014-09-01	602.0	A
USGS	11376010	2014-09-02	598.0	A
USGS	11376010	2014-09-03	594.0	A
USGS	11376010	2014-09-04	592.0	A
USGS	11376010	2014-09-05	588.0	A
USGS	11376010	2014-09-06	584.0	A
USGS	11376010	2014-09-07	581.0	A
USGS	11376010	2014-09-08	577.0	A
USGS	11376010	2014-09-09	573.0	A
USGS	11376010	2014-09-10	569.0	A
USGS	11376010	2014-09-11	561.0	A
USGS	11376010	2014-09-12	549.0	A
USGS	11376010	2014-09-13	537.0	A
USGS	11376010	2014-09-14	525.0	A
USGS	11376010	2014-09-15	513.0	A
USGS	11376010	2014-09-16	502.0	A
USGS	11376010	2014-09-17	490.0	A
USGS	11376010	2014-09-18	479.0	A
USGS	11376010	2014-09-19	468.0	A
USGS	11376010	2014-09-20	457.0	A
USGS	11376010	2014-09-21	446.0	A
USGS	11376010	2014-09-22	436.0	A
USGS	11376010	2014-09-23	426.0	A
USGS	11376010	2014-09-24	416.0	A
USGS	11376010	2014-09-25	412.0	A
USGS	11376010	2014-09-26	406.0	A
USGS	11376010	2014-09-27	397.0	A
USGS	11376010	2014-09-28	387.0	A
USGS	11376010	2014-09-29	378.0	A
USGS	11376010	2014-09-30	370.0	A
USGS	11376010	2014-10-01	359.0	A
USGS	11376010	2014-10-02	350.0	A
USGS	11376010	2014-10-03	342.0	A
USGS	11376010	2014-10-04	333.0	A
USGS	11376010	2014-10-05	324.0	A
USGS	11376010	2014-10-06	315.0	A
USGS	11376010	2014-10-07	307.0	A
USGS	11376010	2014-10-08	298.0	A
USGS	11376010	2014-10-09	290.0	A
USGS	11376010	2014-10-10	282.0	A
USGS	11376010	2014-10-11	274.0	A
USGS	11376010	2014-10-12	265.0	A
USGS	11376010	2014-10-13	259.0	A
USGS	11376010	2014-10-14	258.0	A
USGS	11376010	2014-10-15	260.0	A
USGS	11376010	2014-10-16	259.0	A
USGS	11376010	2014-10-17	258.0	A
USGS	11376010	2014-10-18	257.0	A
USGS	11376010	2014-10-19	256.0	A
USGS	11376010	2014-10-20	253.0	A
USGS	11376010	2014-10-21	251.0	A
USGS	11376010	2014-10-22	250.0	A
USGS	11376010	2014-10-23	257.0	A
USGS	11376010	2014-10-24	257.0	A
USGS	11376010	2014-10-25	268.0	A
USGS	11376010	2014-10-26	274.0	A
USGS	11376010	2014-10-27	274.0	A
USGS	11376010	2014-10-28	273.0	A
USGS	11376010	2014-10-29	273.0	A
USGS	11376010	2014-10-30	272.0	A
USGS	11376010	2014-10-31	280.0	A
USGS	11376010	2014-11-01	281.0	A
USGS	11376010	2014-11-02	281.0	A
USGS	11376010	2014-11-03	280.0	A
USGS	11376010	2014-11-04	279.0	A
USGS	11376010	2014-11-05	279.0	A
USGS	11376010	2014-11-06	278.0	A
USGS	11376010	2014-11-07	278.0	A
USGS	11376010	2014-11-08	278.0	A
USGS	11376010	2014-11-09	277.0	A
USGS	11376010	2014-11-10	277.0	A
USGS	11376010	2014-11-11	277.0	A
USGS	11376010	2014-11-12	276.0	A
USGS	11376010	2014-11-13	282.0	A
USGS	11376010	2014-11-14	284.0	A
USGS	11376010	2014-11-15	284.0	A
USGS	11376010	2014-11-16	284.0	A
USGS	11376010	2014-11-17	284.0	A
USGS	11376010	2014-11-18	283.0	A
USGS	11376010	2014-11-19	285.0	A
USGS	11376010	2014-11-20	288.0	A
USGS	11376010	2014-11-21	292.0	A
USGS	11376010	2014-11-22	305.0	A
USGS	11376010	2014-11-23	307.0	A
USGS	11376010	2014-11-24	307.0	A
USGS	11376010	2014-11-25	308.0	A
USGS	11376010	2014-11-26	308.0	A
USGS	11376010	2014-11-27	308.0	A
USGS	11376010	2014-11-28	312.0	A
USGS	11376010	2014-11-29	335.0	A
USGS	11376010	2014-11-30	347.0	A
USGS	11376010	2014-12-01	359.0	A
USGS	11376010	2014-12-02	365.0	A
USGS	11376010	2014-12-03	398.0	A
USGS	11376010	2014-12-04	413.0	A
USGS	11376010	2014-12-05	423.0	A
USGS	11376010	2014-12-06	437.0	A
USGS	11376010	2014-12-07	444.0	A
USGS	11376010	2014-12-08	448.0	A
USGS	11376010	2014-12-09	453.0	A
USGS	11376010	2014-12-10	465.0	A
USGS	11376010	2014-12-11	500.0	A
USGS	11376010	2014-12-12	510.0	A
USGS	11376010	2014-12-13	521.0	A
USGS	11376010	2014-12-14	532.0	A
USGS	11376010	2014-12-15	541.0	A
USGS	11376010	2014-12-16	549.0	A
USGS	11376010	2014-12-17	557.0	A
USGS	11376010	2014-12-18	565.0	A
USGS	11376010	2014-12-19	576.0	A
USGS	11376010	2014-12-20	602.0	A
USGS	11376010	2014-12-21	646.0	A
USGS	11376010	2014-12-22	667.0	A
USGS	11376010	2014-12-23	683.0	A
USGS	11376010	2014-12-24	702.0	A
USGS	11376010	2014-12-25	713.0	A
USGS	11376010	2014-12-26	720.0	A
USGS	11376010	2014-12-27	727.0	A
USGS	11376010	2014-12-28	726.0	A
USGS	11376010	2014-12-29	726.0	A
USGS	11376010	2014-12-30	726.0	A
USGS	11376010	2014-12-31	725.0	A
USGS	11376010	2015-01-01	724.0	A
USGS	11376010	2015-01-02	724.0	A
USGS	11376010	2015-01-03	724.0	A
USGS	11376010	2015-01-04	724.0	A
USGS	11376010	2015-01-05	724.0	A
USGS	11376010	2015-01-06	724.0	A
USGS	11376010	2015-01-07	724.0	A
USGS	11376010	2015-01-08	723.0	A
USGS	11376010	2015-01-09	722.0	A
USGS	11376010	2015-01-10	722.0	A
USGS	11376010	2015-01-11	721.0	A
USGS	11376010	2015-01-12	722.0	A
USGS	11376010	2015-01-13	717.0	A
USGS	11376010	2015-01-14	720.0	A
USGS	11376010	2015-01-15	720.0	A
USGS	11376010	2015-01-16	726.0	A
USGS	11376010	2015-01-17	727.0	A
USGS	11376010	2015-01-18	733.0	A
USGS	11376010	2015-01-19	733.0	A
USGS	11376010	2015-01-20	731.0	A
USGS	11376010	2015-01-21	728.0	A
USGS	11376010	2015-01-22	727.0	A
USGS	11376010	2015-01-23	729.0	A
USGS	11376010	2015-01-24	731.0	A
USGS	11376010	2015-01-25	732.0	A
USGS	11376010	2015-01-26	733.0	A
USGS	11376010	2015-01-27	733.0	A
USGS	11376010	2015-01-28	733.0	A
USGS	11376010	2015-01-29	733.0	A
USGS	11376010	2015-01-30	735.0	A
USGS	11376010	2015-01-31	734.0	A
USGS	11376010	2015-02-01	735.0	A
USGS	11376010	2015-02-02	743.0	A
USGS	11376010	2015-02-03	743.0	A
USGS	11376010	2015-02-04	743.0	A
USGS	11376010	2015-02-05	741.0	A
USGS	11376010	2015-02-06	743.0	A
USGS	11376010	2015-02-07	739.0	A
USGS	11376010	2015-02-08	738.0	A
USGS	11376010	2015-02-09	739.0	A
USGS	11376010	2015-02-10	734.0	A
USGS	11376010	2015-02-11	732.0	A
USGS	11376010	2015-02-12	731.0	A
USGS	11376010	2015-02-13	730.0	A
USGS	11376010	2015-02-14	730.0	A
USGS	11376010	2015-02-15	730.0	A
USGS	11376010	2015-02-16	730.0	A
USGS	11376010	2015-02-17	729.0	A
USGS	11376010	2015-02-18	729.0	A
USGS	11376010	2015-02-19	729.0	A
USGS	11376010	2015-02-20	729.0	A
USGS	11376010	2015-02-21	729.0	A
USGS	11376010	2015-02-22	727.0	A
USGS	11376010	2015-02-23	726.0	A
USGS	11376010	2015-02-24	725.0	A
USGS	11376010	2015-02-25	726.0	A
USGS	11376010	2015-02-26	727.0	A
USGS	11376010	2015-02-27	733.0	A
USGS	11376010	2015-02-28	735.0	A
USGS	11376010	2015-03-01	736.0	A
USGS	11376010	2015-03-02	737.0	A
USGS	11376010	2015-03-03	737.0	A
USGS	11376010	2015-03-04	737.0	A
USGS	11376010	2015-03-05	738.0	A
USGS	11376010	2015-03-06	738.0	A
USGS	11376010	2015-03-07	739.0	A
USGS	11376010	2015-03-08	740.0	A
USGS	11376010	2015-03-09	740.0	A
USGS	11376010	2015-03-10	740.0	A
USGS	11376010	2015-03-11	748.0	A
USGS	11376010	2015-03-12	750.0	A
USGS	11376010	2015-03-13	750.0	A
USGS	11376010	2015-03-14	750.0	A
USGS	11376010	2015-03-15	750.0	A
USGS	11376010	2015-03-16	752.0	A
USGS	11376010	2015-03-17	751.0	A
USGS	11376010	2015-03-18	750.0	A
USGS	11376010	2015-03-19	750.0	A
USGS	11376010	2015-03-20	749.0	A
USGS	11376010	2015-03-21	749.0	A
USGS	11376010	2015-03-22	752.0	A
USGS	11376010	2015-03-23	760.0	A
USGS	11376010	2015-03-24	768.0	A
USGS	11376010	2015-03-25	770.0	A
USGS	11376010	2015-03-26	772.0	A
USGS	11376010	2015-03-27	772.0	A
USGS	11376010	2015-03-28	772.0	A
USGS	11376010	2015-03-29	771.0	A
USGS	11376010	2015-03-30	771.0	A
USGS	11376010	2015-03-31	770.0	A
USGS	11376010	2015-04-01	768.0	A
USGS	11376010	2015-04-02	765.0	A
USGS	11376010	2015-04-03	763.0	A
USGS	11376010	2015-04-04	762.0	A
USGS	11376010	2015-04-05	767.0	A
USGS	11376010	2015-04-06	766.0	A
USGS	11376010	2015-04-07	767.0	A
USGS	11376010	2015-04-08	766.0	A
USGS	11376010	2015-04-09	766.0	A
USGS	11376010	2015-04-10	765.0	A
USGS	11376010	2015-04-11	764.0	A
USGS	11376010	2015-04-12	763.0	A
USGS	11376010	2015-04-13	761.0	A
USGS	11376010	2015-04-14	761.0	A
USGS	11376010	2015-04-15	758.0	A
USGS	11376010	2015-04-16	755.0	A
USGS	11376010	2015-04-17	753.0	A
USGS	11376010	2015-04-18	752.0	A
USGS	11376010	2015-04-19	749.0	A
USGS	11376010	2015-04-20	746.0	A
USGS	11376010	2015-04-21	745.0	A
USGS	11376010	2015-04-22	743.0	A
USGS	11376010	2015-04-23	741.0	A
USGS	11376010	2015-04-24	741.0	A
USGS	11376010	2015-04-25	743.0	A
USGS	11376010	2015-04-26	742.0	A
USGS	11376010	2015-04-27	739.0	A
USGS	11376010	2015-04-28	735.0	A
USGS	11376010	2015-04-29	733.0	A
USGS	11376010	2015-04-30	729.0	A
USGS	11376010	2015-05-01	726.0	A
USGS	11376010	2015-05-02	722.0	A
USGS	11376010	2015-05-03	719.0	A
USGS	11376010	2015-05-04	716.0	A
USGS	11376010	2015-05-05	712.0	A
USGS	11376010	2015-05-06	709.0	A
USGS	11376010	2015-05-07	704.0	A
USGS	11376010	2015-05-08	701.0	A
USGS	11376010	2015-05-09	697.0	A
USGS	11376010	2015-05-10	695.0	A
USGS	11376010	2015-05-11	693.0	A
USGS	11376010	2015-05-12	695.0	A
USGS	11376010	2015-05-13	695.0	A
USGS	11376010	2015-05-14	693.0	A
USGS	11376010	2015-05-15	691.0	A
USGS	11376010	2015-05-16	689.0	A
USGS	11376010	2015-05-17	687.0	A
USGS	11376010	2015-05-18	685.0	A
USGS	11376010	2015-05-19	683.0	A
USGS	11376010	2015-05-20	685.0	A
USGS	11376010	2015-05-21	686.0	A
USGS	11376010	2015-05-22	685.0	A
USGS	11376010	2015-05-23	685.0	A
USGS	11376010	2015-05-24	683.0	A
USGS	11376010	2015-05-25	680.0	A
USGS	11376010	2015-05-26	678.0	A
USGS	11376010	2015-05-27	674.0	A
USGS	11376010	2015-05-28	671.0	A
USGS	11376010	2015-05-29	668.0	A
USGS	11376010	2015-05-30	665.0	A
USGS	11376010	2015-05-31	662.0	A
USGS	11376010	2015-06-01	659.0	A
USGS	11376010	2015-06-02	656.0	A
USGS	11376010	2015-06-03	656.0	A
USGS	11376010	2015-06-04	654.0	A
USGS	11376010	2015-06-05	651.0	A
USGS	11376010	2015-06-06	647.0	A
USGS	11376010	2015-06-07	644.0	A
USGS	11376010	2015-06-08	643.0	A
USGS	11376010	2015-06-09	644.0	A
USGS	11376010	2015-06-10	641.0	A
USGS	11376010	2015-06-11	638.0	A
USGS	11376010	2015-06-12	634.0	A
USGS	11376010	2015-06-13	630.0	A
USGS	11376010	2015-06-14	624.0	A
USGS	11376010	2015-06-15	621.0	A
USGS	11376010	2015-06-16	617.0	A
USGS	11376010	2015-06-17	613.0	A
USGS	11376010	2015-06-18	609.0	A
USGS	11376010	2015-06-19	606.0	A
USGS	11376010	2015-06-20	601.0	A
USGS	11376010	2015-06-21	598.0	A
USGS	11376010	2015-06-22	594.0	A
USGS	11376010	2015-06-23	590.0	A
USGS	11376010	2015-06-24	586.0	A
USGS	11376010	2015-06-25	582.0	A
USGS	11376010	2015-06-26	579.0	A
USGS	11376010	2015-06-27	575.0	A
USGS	11376010	2015-06-28	572.0	A
USGS	11376010	2015-06-29	568.0	A
USGS	11376010	2015-06-30	564.0	A
USGS	11376010	2015-07-01	561.0	A
USGS	11376010	2015-07-02	557.0	A
USGS	11376010	2015-07-03	554.0	A
USGS	11376010	2015-07-04	551.0	A
USGS	11376010	2015-07-05	547.0	A
USGS	11376010	2015-07-06	543.0	A
USGS	11376010	2015-07-07	543.0	A
USGS	11376010	2015-07-08	543.0	A
USGS	11376010	2015-07-09	543.0	A
USGS	11376010	2015-07-10	540.0	A
USGS	11376010	2015-07-11	537.0	A
USGS	11376010	2015-07-12	535.0	A
USGS	11376010	2015-07-13	532.0	A
USGS	11376010	2015-07-14	528.0	A
USGS	11376010	2015-07-15	524.0	A
USGS	11376010	2015-07-16	521.0	A
USGS	11376010	2015-07-17	517.0	A
USGS	11376010	2015-07-18	514.0	A
USGS	11376010	2015-07-19	510.0	A
USGS	11376010	2015-07-20	507.0	A
USGS	11376010	2015-07-21	503.0	A
USGS	11376010	2015-07-22	501.0	A
USGS	11376010	2015-07-23	497.0	A
USGS	11376010	2015-07-24	493.0	A
USGS	11376010	2015-07-25	489.0	A
USGS	11376010	2015-07-26	486.0	A
USGS	11376010	2015-07-27	482.0	A
USGS	11376010	2015-07-28	479.0	A
USGS	11376010	2015-07-29	476.0	A
USGS	11376010	2015-07-30	472.0	A
USGS	11376010	2015-07-31	469.0	A
USGS	11376010	2015-08-01	467.0	A
USGS	11376010	2015-08-02	463.0	A
USGS	11376010	2015-08-03	461.0	A
USGS	11376010	2015-08-04	457.0	A
USGS	11376010	2015-08-05	454.0	A
USGS	11376010	2015-08-06	452.0	A
USGS	11376010	2015-08-07	448.0	A
USGS	11376010	2015-08-08	444.0	A
USGS	11376010	2015-08-09	441.0	A
USGS	11376010	2015-08-10	438.0	A
USGS	11376010	2015-08-11	434.0	A
USGS	11376010	2015-08-12	431.0	A
USGS	11376010	2015-08-13	428.0	A
USGS	11376010	2015-08-14	424.0	A
USGS	11376010	2015-08-15	421.0	A
USGS	11376010	2015-08-16	418.0	A
USGS	11376010	2015-08-17	414.0	A
USGS	11376010	2015-08-18	411.0	A
USGS	11376010	2015-08-19	408.0	A
USGS	11376010	2015-08-20	405.0	A
USGS	11376010	2015-08-21	402.0	A
USGS	11376010	2015-08-22	399.0	A
USGS	11376010	2015-08-23	396.0	A
USGS	11376010	2015-08-24	393.0	A
USGS	11376010	2015-08-25	390.0	A
USGS	11376010	2015-08-26	387.0	A
USGS	11376010	2015-08-27	383.0	A
USGS	11376010	2015-08-28	381.0	A
USGS	11376010	2015-08-29	378.0	A
USGS	11376010	2015-08-30	376.0	A
USGS	11376010	2015-08-31	372.0	A
USGS	11376010	2015-09-01	369.0	A
USGS	11376010	2015-09-02	366.0	A
USGS	11376010	2015-09-03	364.0	A
USGS	11376010	2015-09-04	361.0	A
USGS	11376010	2015-09-05	358.0	A
USGS	11376010	2015-09-06	355.0	A
USGS	11376010	2015-09-07	352.0	A
USGS	11376010	2015-09-08	350.0	A
USGS	11376010	2015-09-09	347.0	A
USGS	11376010	2015-09-10	345.0	A
USGS	11376010	2015-09-11	343.0	A
USGS	11376010	2015-09-12	340.0	A
USGS	11376010	2015-09-13	337.0	A
USGS	11376010	2015-09-14	335.0	A
USGS	11376010	2015-09-15	335.0	A
USGS	11376010	2015-09-16	337.0	A
USGS	11376010	2015-09-17	339.0	A
USGS	11376010	2015-09-18	337.0	A
USGS	11376010	2015-09-19	334.0	A
USGS	11376010	2015-09-20	332.0	A
USGS	11376010	2015-09-21	327.0	A
USGS	11376010	2015-09-22	320.0	A
USGS	11376010	2015-09-23	300.0	A
USGS	11376010	2015-09-24	263.0	A
USGS	11376010	2015-09-25	227.0	A
USGS	11376010	2015-09-26	194.0	A
USGS	11376010	2015-09-27	165.0	A
USGS	11376010	2015-09-28	165.0	A
USGS	11376010	2015-09-29	165.0	A
USGS	11376010	2015-09-30	164.0	A
USGS	11376010	2015-10-01	165.0	A
USGS	11376010	2015-10-02	164.0	A
USGS	11376010	2015-10-03	164.0	A
USGS	11376010	2015-10-04	162.0	A
USGS	11376010	2015-10-05	161.0	A
USGS	11376010	2015-10-06	160.0	A
USGS	11376010	2015-10-07	158.0	A
USGS	11376010	2015-10-08	157.0	A
USGS	11376010	2015-10-09	155.0	A
USGS	11376010	2015-10-10	154.0	A
USGS	11376010	2015-10-11	152.0	A
USGS	11376010	2015-10-12	151.0	A
USGS	11376010	2015-10-13	150.0	A
USGS	11376010	2015-10-14	148.0	A
USGS	11376010	2015-10-15	147.0	A
USGS	11376010	2015-10-16	146.0	A
USGS	11376010	2015-10-17	147.0	A
USGS	11376010	2015-10-18	147.0	A
USGS	11376010	2015-10-19	146.0	A
USGS	11376010	2015-10-20	144.0	A
USGS	11376010	2015-10-21	143.0	A
USGS	11376010	2015-10-22	141.0	A
USGS	11376010	2015-10-23	140.0	A
USGS	11376010	2015-10-24	138.0	A
USGS	11376010	2015-10-25	136.0	A
USGS	11376010	2015-10-26	136.0	A
USGS	11376010	2015-10-27	135.0	A
USGS	11376010	2015-10-28	135.0	A
USGS	11376010	2015-10-29	134.0	A
USGS	11376010	2015-10-30	133.0	A
USGS	11376010	2015-10-31	132.0	A
USGS	11376010	2015-11-01	133.0	A
USGS	11376010	2015-11-02	135.0	A
USGS	11376010	2015-11-03	135.0	A
USGS	11376010	2015-11-04	134.0	A
USGS	11376010	2015-11-05	134.0	A
USGS	11376010	2015-11-06	134.0	A
USGS	11376010	2015-11-07	134.0	A
USGS	11376010	2015-11-08	138.0	A
USGS	11376010	2015-11-09	141.0	A
USGS	11376010	2015-11-10	141.0	A
USGS	11376010	2015-11-11	141.0	A
USGS	11376010	2015-11-12	142.0	A
USGS	11376010	2015-11-13	142.0	A
USGS	11376010	2015-11-14	142.0	A
USGS	11376010	2015-11-15	146.0	A
USGS	11376010	2015-11-16	146.0	A
USGS	11376010	2015-11-17	146.0	A
USGS	11376010	2015-11-18	146.0	A
USGS	11376010	2015-11-19	147.0	A
USGS	11376010	2015-11-20	147.0	A
USGS	11376010	2015-11-21	148.0	A
USGS	11376010	2015-11-22	148.0	A
USGS	11376010	2015-11-23	148.0	A
USGS	11376010	2015-11-24	151.0	A
USGS	11376010	2015-11-25	152.0	A
USGS	11376010	2015-11-26	152.0	A
USGS	11376010	2015-11-27	151.0	A
USGS	11376010	2015-11-28	151.0	A
USGS	11376010	2015-11-29	151.0	A
USGS	11376010	2015-11-30	151.0	A
USGS	11376010	2015-12-01	150.0	A
USGS	11376010	2015-12-02	151.0	A
USGS	11376010	2015-12-03	154.0	A
USGS	11376010	2015-12-04	155.0	A
USGS	11376010	2015-12-05	155.0	A
USGS	11376010	2015-12-06	159.0	A
USGS	11376010	2015-12-07	165.0	A
USGS	11376010	2015-12-08	169.0	A
USGS	11376010	2015-12-09	179.0	A
USGS	11376010	2015-12-10	216.0	A
USGS	11376010	2015-12-11	222.0	A
USGS	11376010	2015-12-12	226.0	A
USGS	11376010	2015-12-13	235.0	A
USGS	11376010	2015-12-14	238.0	A
USGS	11376010	2015-12-15	239.0	A
USGS	11376010	2015-12-16	240.0	A
USGS	11376010	2015-12-17	242.0	A
USGS	11376010	2015-12-18	250.0	A
USGS	11376010	2015-12-19	253.0	A
USGS	11376010	2015-12-20	257.0	A
USGS	11376010	2015-12-21	266.0	A
USGS	11376010	2015-12-22	276.0	A
USGS	11376010	2015-12-23	289.0	A
USGS	11376010	2015-12-24	298.0	A
USGS	11376010	2015-12-25	300.0	A:e
USGS	11376010	2015-12-26	301.0	A:e
USGS	11376010	2015-12-27	303.0	A:e
USGS	11376010	2015-12-28	305.0	A:e
USGS	11376010	2015-12-29	306.0	A:e
USGS	11376010	2015-12-30	308.0	A:e
USGS	11376010	2015-12-31	310.0	A:e
USGS	11376010	2016-01-01	311.0	A:e
USGS	11376010	2016-01-02	313.0	A:e
USGS	11376010	2016-01-03	315.0	A:e
USGS	11376010	2016-01-04	316.0	A:e
USGS	11376010	2016-01-05	318.0	A:e
USGS	11376010	2016-01-06	320.0	A:e
USGS	11376010	2016-01-07	322.0	A
USGS	11376010	2016-01-08	322.0	A
USGS	11376010	2016-01-09	324.0	A
USGS	11376010	2016-01-10	324.0	A
USGS	11376010	2016-01-11	324.0	A
USGS	11376010	2016-01-12	325.0	A
USGS	11376010	2016-01-13	333.0	A
USGS	11376010	2016-01-14	340.0	A
USGS	11376010	2016-01-15	341.0	A
USGS	11376010	2016-01-16	344.0	A
USGS	11376010	2016-01-17	361.0	A
USGS	11376010	2016-01-18	389.0	A
USGS	11376010	2016-01-19	423.0	A
USGS	11376010	2016-01-20	440.0	A
USGS	11376010	2016-01-21	450.0	A
USGS	11376010	2016-01-22	464.0	A
USGS	11376010	2016-01-23	482.0	A
USGS	11376010	2016-01-24	491.0	A
USGS	11376010	2016-01-25	498.0	A
USGS	11376010	2016-01-26	504.0	A
USGS	11376010	2016-01-27	510.0	A
USGS	11376010	2016-01-28	517.0	A
USGS	11376010	2016-01-29	568.0	A
USGS	11376010	2016-01-30	618.0	A
USGS	11376010	2016-01-31	641.0	A
USGS	11376010	2016-02-01	654.0	A
USGS	11376010	2016-02-02	668.0	A
USGS	11376010	2016-02-03	679.0	A
USGS	11376010	2016-02-04	688.0	A
USGS	11376010	2016-02-05	694.0	A
USGS	11376010	2016-02-06	700.0	A
USGS	11376010	2016-02-07	706.0	A
USGS	11376010	2016-02-08	713.0	A
USGS	11376010	2016-02-09	721.0	A
USGS	11376010	2016-02-10	726.0	A
USGS	11376010	2016-02-11	728.0	A
USGS	11376010	2016-02-12	729.0	A
USGS	11376010	2016-02-13	729.0	A
USGS	11376010	2016-02-14	730.0	A
USGS	11376010	2016-02-15	731.0	A
USGS	11376010	2016-02-16	731.0	A
USGS	11376010	2016-02-17	739.0	A
USGS	11376010	2016-02-18	735.0	A
USGS	11376010	2016-02-19	735.0	A
USGS	11376010	2016-02-20	732.0	A
USGS	11376010	2016-02-21	731.0	A
USGS	11376010	2016-02-22	731.0	A
USGS	11376010	2016-02-23	730.0	A
USGS	11376010	2016-02-24	730.0	A
USGS	11376010	2016-02-25	730.0	A
USGS	11376010	2016-02-26	731.0	A
USGS	11376010	2016-02-27	731.0	A
USGS	11376010	2016-02-28	730.0	A
USGS	11376010	2016-02-29	730.0	A
USGS	11376010	2016-03-01	730.0	A
USGS	11376010	2016-03-02	732.0	A
USGS	11376010	2016-03-03	734.0	A
USGS	11376010	2016-03-04	737.0	A
USGS	11376010	2016-03-05	762.0	A
USGS	11376010	2016-03-06	760.0	A
USGS	11376010	2016-03-07	748.0	A
USGS	11376010	2016-03-08	744.0	A
USGS	11376010	2016-03-09	747.0	A
USGS	11376010	2016-03-10	762.0	A
USGS	11376010	2016-03-11	755.0	A
USGS	11376010	2016-03-12	754.0	A
USGS	11376010	2016-03-13	759.0	A
USGS	11376010	2016-03-14	754.0	A
USGS	11376010	2016-03-15	747.0	A
USGS	11376010	2016-03-16	744.0	A
USGS	11376010	2016-03-17	743.0	A
USGS	11376010	2016-03-18	742.0	A
USGS	11376010	2016-03-19	741.0	A
USGS	11376010	2016-03-20	751.0	A
USGS	11376010	2016-03-21	751.0	A
USGS	11376010	2016-03-22	745.0	A
USGS	11376010	2016-03-23	742.0	A
USGS	11376010	2016-03-24	740.0	A
USGS	11376010	2016-03-25	739.0	A
USGS	11376010	2016-03-26	739.0	A
USGS	11376010	2016-03-27	739.0	A
USGS	11376010	2016-03-28	738.0	A
USGS	11376010	2016-03-29	736.0	A
USGS	11376010	2016-03-30	736.0	A
USGS	11376010	2016-03-31	736.0	A
USGS	11376010	2016-04-01	736.0	A
USGS	11376010	2016-04-02	737.0	A
USGS	11376010	2016-04-03	738.0	A
USGS	11376010	2016-04-04	739.0	A
USGS	11376010	2016-04-05	746.0	A
USGS	11376010	2016-04-06	769.0	A
USGS	11376010	2016-04-07	796.0	A
USGS	11376010	2016-04-08	827.0	A
USGS	11376010	2016-04-09	860.0	A
USGS	11376010	2016-04-10	891.0	A
USGS	11376010	2016-04-11	920.0	A
USGS	11376010	2016-04-12	938.0	A
USGS	11376010	2016-04-13	934.0	A
USGS	11376010	2016-04-14	934.0	A
USGS	11376010	2016-04-15	932.0	A
USGS	11376010	2016-04-16	931.0	A
USGS	11376010	2016-04-17	933.0	A
USGS	11376010	2016-04-18	934.0	A
USGS	11376010	2016-04-19	936.0	A
USGS	11376010	2016-04-20	938.0	A
USGS	11376010	2016-04-21	935.0	A
USGS	11376010	2016-04-22	942.0	A
USGS	11376010	2016-04-23	937.0	A
USGS	11376010	2016-04-24	937.0	A
USGS	11376010	2016-04-25	934.0	A
USGS	11376010	2016-04-26	933.0	A
USGS	11376010	2016-04-27	943.0	A
USGS	11376010	2016-04-28	961.0	A
USGS	11376010	2016-04-29	978.0	A
USGS	11376010	2016-04-30	993.0	A
USGS	11376010	2016-05-01	1000	A
USGS	11376010	2016-05-02	1020	A
USGS	11376010	2016-05-03	1030	A
USGS	11376010	2016-05-04	1050	A
USGS	11376010	2016-05-05	1060	A
USGS	11376010	2016-05-06	1070	A
USGS	11376010	2016-05-07	1080	A
USGS	11376010	2016-05-08	1080	A
USGS	11376010	2016-05-09	1080	A
USGS	11376010	2016-05-10	1080	A
USGS	11376010	2016-05-11	1070	A
USGS	11376010	2016-05-12	1070	A
USGS	11376010	2016-05-13	1070	A
USGS	11376010	2016-05-14	1070	A
USGS	11376010	2016-05-15	1070	A
USGS	11376010	2016-05-16	1080	A
USGS	11376010	2016-05-17	1080	A
USGS	11376010	2016-05-18	1080	A
USGS	11376010	2016-05-19	1090	A
USGS	11376010	2016-05-20	1100	A
USGS	11376010	2016-05-21	1100	A
USGS	11376010	2016-05-22	1100	A
USGS	11376010	2016-05-23	1090	A
USGS	11376010	2016-05-24	1080	A
USGS	11376010	2016-05-25	1080	A
USGS	11376010	2016-05-26	1080	A
USGS	11376010	2016-05-27	1080	A
USGS	11376010	2016-05-28	1080	A
USGS	11376010	2016-05-29	1080	A
USGS	11376010	2016-05-30	1080	A
USGS	11376010	2016-05-31	1070	A
USGS	11376010	2016-06-01	1070	A
USGS	11376010	2016-06-02	1080	A
USGS	11376010	2016-06-03	1080	A
USGS	11376010	2016-06-04	1080	A
USGS	11376010	2016-06-05	1080	A
USGS	11376010	2016-06-06	1080	A
USGS	11376010	2016-06-07	1070	A
USGS	11376010	2016-06-08	1070	A
USGS	11376010	2016-06-09	1070	A
USGS	11376010	2016-06-10	1070	A
USGS	11376010	2016-06-11	1070	A
USGS	11376010	2016-06-12	1070	A
USGS	11376010	2016-06-13	1060	A
USGS	11376010	2016-06-14	1060	A
USGS	11376010	2016-06-15	1070	A
USGS	11376010	2016-06-16	1070	A
USGS	11376010	2016-06-17	1070	A
USGS	11376010	2016-06-18	1090	A
USGS	11376010	2016-06-19	1080	A
USGS	11376010	2016-06-20	1080	A
USGS	11376010	2016-06-21	1080	A
USGS	11376010	2016-06-22	1080	A
USGS	11376010	2016-06-23	1070	A
USGS	11376010	2016-06-24	1070	A
USGS	11376010	2016-06-25	1070	A
USGS	11376010	2016-06-26	1060	A
USGS	11376010	2016-06-27	1060	A
USGS	11376010	2016-06-28	1050	A
USGS	11376010	2016-06-29	1050	A
USGS	11376010	2016-06-30	1040	A
USGS	11376010	2016-07-01	1040	A
USGS	11376010	2016-07-02	1030	A
USGS	11376010	2016-07-03	1030	A
USGS	11376010	2016-07-04	1020	A
USGS	11376010	2016-07-05	1020	A
USGS	11376010	2016-07-06	1010	A
USGS	11376010	2016-07-07	1010	A
USGS	11376010	2016-07-08	997.0	A
USGS	11376010	2016-07-09	1000	A
USGS	11376010	2016-07-10	996.0	A
USGS	11376010	2016-07-11	992.0	A
USGS	11376010	2016-07-12	984.0	A
USGS	11376010	2016-07-13	979.0	A
USGS	11376010	2016-07-14	974.0	A
USGS	11376010	2016-07-15	968.0	A
USGS	11376010	2016-07-16	963.0	A
USGS	11376010	2016-07-17	958.0	A
USGS	11376010	2016-07-18	952.0	A
USGS	11376010	2016-07-19	947.0	A
USGS	11376010	2016-07-20	942.0	A
USGS	11376010	2016-07-21	937.0	A
USGS	11376010	2016-07-22	930.0	A
USGS	11376010	2016-07-23	925.0	A
USGS	11376010	2016-07-24	920.0	A
USGS	11376010	2016-07-25	916.0	A
USGS	11376010	2016-07-26	911.0	A
USGS	11376010	2016-07-27	906.0	A
USGS	11376010	2016-07-28	901.0	A
USGS	11376010	2016-07-29	897.0	A
USGS	11376010	2016-07-30	893.0	A
USGS	11376010	2016-07-31	888.0	A
USGS	11376010	2016-08-01	882.0	A
USGS	11376010	2016-08-02	876.0	A
USGS	11376010	2016-08-03	871.0	A
USGS	11376010	2016-08-04	866.0	A
USGS	11376010	2016-08-05	861.0	A
USGS	11376010	2016-08-06	856.0	A
USGS	11376010	2016-08-07	851.0	A
USGS	11376010	2016-08-08	845.0	A
USGS	11376010	2016-08-09	841.0	A
USGS	11376010	2016-08-10	836.0	A
USGS	11376010	2016-08-11	828.0	A
USGS	11376010	2016-08-12	823.0	A
USGS	11376010	2016-08-13	817.0	A
USGS	11376010	2016-08-14	812.0	A
USGS	11376010	2016-08-15	806.0	A
USGS	11376010	2016-08-16	802.0	A
USGS	11376010	2016-08-17	796.0	A
USGS	11376010	2016-08-18	792.0	A
USGS	11376010	2016-08-19	787.0	A
USGS	11376010	2016-08-20	782.0	A
USGS	11376010	2016-08-21	777.0	A
USGS	11376010	2016-08-22	772.0	A
USGS	11376010	2016-08-23	770.0	A
USGS	11376010	2016-08-24	766.0	A
USGS	11376010	2016-08-25	760.0	A
USGS	11376010	2016-08-26	756.0	A
USGS	11376010	2016-08-27	751.0	A
USGS	11376010	2016-08-28	747.0	A
USGS	11376010	2016-08-29	742.0	A
USGS	11376010	2016-08-30	738.0	A
USGS	11376010	2016-08-31	734.0	A
USGS	11376010	2016-09-01	729.0	A
USGS	11376010	2016-09-02	724.0	A
USGS	11376010	2016-09-03	722.0	A
USGS	11376010	2016-09-04	717.0	A
USGS	11376010	2016-09-05	713.0	A
USGS	11376010	2016-09-06	710.0	A
USGS	11376010	2016-09-07	705.0	A
USGS	11376010	2016-09-08	701.0	A
USGS	11376010	2016-09-09	695.0	A
USGS	11376010	2016-09-10	691.0	A
USGS	11376010	2016-09-11	687.0	A
USGS	11376010	2016-09-12	683.0	A
USGS	11376010	2016-09-13	670.0	A
USGS	11376010	2016-09-14	661.0	A
USGS	11376010	2016-09-15	654.0	A
USGS	11376010	2016-09-16	647.0	A
USGS	11376010	2016-09-17	640.0	A
USGS	11376010	2016-09-18	634.0	A
USGS	11376010	2016-09-19	627.0	A
USGS	11376010	2016-09-20	622.0	A
USGS	11376010	2016-09-21	615.0	A
USGS	11376010	2016-09-22	610.0	A
USGS	11376010	2016-09-23	604.0	A
USGS	11376010	2016-09-24	597.0	A
USGS	11376010	2016-09-25	591.0	A
USGS	11376010	2016-09-26	585.0	A
USGS	11376010	2016-09-27	580.0	A
USGS	11376010	2016-09-28	574.0	A
USGS	11376010	2016-09-29	568.0	A
USGS	11376010	2016-09-30	563.0	A
USGS	11376010	2016-10-01	559.0	A
USGS	11376010	2016-10-02	557.0	A
USGS	11376010	2016-10-03	552.0	A
USGS	11376010	2016-10-04	548.0	A
USGS	11376010	2016-10-05	542.0	A
USGS	11376010	2016-10-06	538.0	A
USGS	11376010	2016-10-07	534.0	A
USGS	11376010	2016-10-08	530.0	A
USGS	11376010	2016-10-09	527.0	A
USGS	11376010	2016-10-10	522.0	A
USGS	11376010	2016-10-11	516.0	A
USGS	11376010	2016-10-12	509.0	A
USGS	11376010	2016-10-13	501.0	A
USGS	11376010	2016-10-14	519.0	A
USGS	11376010	2016-10-15	519.0	A
USGS	11376010	2016-10-16	528.0	A
USGS	11376010	2016-10-17	537.0	A
USGS	11376010	2016-10-18	534.0	A
USGS	11376010	2016-10-19	525.0	A
USGS	11376010	2016-10-20	516.0	A
USGS	11376010	2016-10-21	506.0	A
USGS	11376010	2016-10-22	496.0	A
USGS	11376010	2016-10-23	487.0	A
USGS	11376010	2016-10-24	483.0	A
USGS	11376010	2016-10-25	502.0	A
USGS	11376010	2016-10-26	498.0	A
USGS	11376010	2016-10-27	500.0	A
USGS	11376010	2016-10-28	499.0	A
USGS	11376010	2016-10-29	508.0	A
USGS	11376010	2016-10-30	512.0	A
USGS	11376010	2016-10-31	515.0	A
USGS	11376010	2016-11-01	520.0	A
USGS	11376010	2016-11-02	512.0	A
USGS	11376010	2016-11-03	497.0	A
USGS	11376010	2016-11-04	482.0	A
USGS	11376010	2016-11-05	466.0	A
USGS	11376010	2016-11-06	451.0	A
USGS	11376010	2016-11-07	435.0	A
USGS	11376010	2016-11-08	420.0	A
USGS	11376010	2016-11-09	404.0	A
USGS	11376010	2016-11-10	398.0	A
USGS	11376010	2016-11-11	400.0	A
USGS	11376010	2016-11-12	405.0	A
USGS	11376010	2016-11-13	407.0	A
USGS	11376010	2016-11-14	409.0	A
USGS	11376010	2016-11-15	418.0	A
USGS	11376010	2016-11-16	421.0	A
USGS	11376010	2016-11-17	422.0	A
USGS	11376010	2016-11-18	423.0	A
USGS	11376010	2016-11-19	432.0	A
USGS	11376010	2016-11-20	444.0	A
USGS	11376010	2016-11-21	450.0	A
USGS	11376010	2016-11-22	456.0	A
USGS	11376010	2016-11-23	461.0	A
USGS	11376010	2016-11-24	463.0	A
USGS	11376010	2016-11-25	467.0	A
USGS	11376010	2016-11-26	474.0	A
USGS	11376010	2016-11-27	478.0	A
USGS	11376010	2016-11-28	485.0	A
USGS	11376010	2016-11-29	487.0	A
USGS	11376010	2016-11-30	491.0	A:e
USGS	11376010	2016-12-01	493.0	A:e
USGS	11376010	2016-12-02	495.0	A:e
USGS	11376010	2016-12-03	497.0	A:e
USGS	11376010	2016-12-04	499.0	A:e
USGS	11376010	2016-12-05	501.0	A:e
USGS	11376010	2016-12-06	503.0	A:e
USGS	11376010	2016-12-07	505.0	A:e
USGS	11376010	2016-12-08	510.0	A:e
USGS	11376010	2016-12-09	528.0	A:e
USGS	11376010	2016-12-10	543.0	A:e
USGS	11376010	2016-12-11	559.0	A:e
USGS	11376010	2016-12-12	576.0	A:e
USGS	11376010	2016-12-13	592.0	A:e
USGS	11376010	2016-12-14	609.0	A:e
USGS	11376010	2016-12-15	626.0	A:e
USGS	11376010	2016-12-16	643.0	A:e
USGS	11376010	2016-12-17	660.0	A:e
USGS	11376010	2016-12-18	678.0	A:e
USGS	11376010	2016-12-19	696.0	A:e
USGS	11376010	2016-12-20	714.0	A:e
USGS	11376010	2016-12-21	732.0	A:e
USGS	11376010	2016-12-22	741.0	A:e
USGS	11376010	2016-12-23	743.0	A
USGS	11376010	2016-12-24	739.0	A
USGS	11376010	2016-12-25	737.0	A
USGS	11376010	2016-12-26	737.0	A
USGS	11376010	2016-12-27	736.0	A
USGS	11376010	2016-12-28	735.0	A
USGS	11376010	2016-12-29	735.0	A
USGS	11376010	2016-12-30	735.0	A
USGS	11376010	2016-12-31	734.0	A
USGS	11376010	2017-01-01	734.0	A
USGS	11376010	2017-01-02	735.0	A
USGS	11376010	2017-01-03	739.0	A
USGS	11376010	2017-01-04	735.0	A
USGS	11376010	2017-01-05	734.0	A
USGS	11376010	2017-01-06	734.0	A
USGS	11376010	2017-01-07	739.0	A
USGS	11376010	2017-01-08	770.0	A
USGS	11376010	2017-01-09	764.0	A
USGS	11376010	2017-01-10	758.0	A
USGS	11376010	2017-01-11	759.0	A
USGS	11376010	2017-01-12	752.0	A
USGS	11376010	2017-01-13	747.0	A
USGS	11376010	2017-01-14	744.0	A
USGS	11376010	2017-01-15	743.0	A
USGS	11376010	2017-01-16	741.0	A
USGS	11376010	2017-01-17	739.0	A
USGS	11376010	2017-01-18	743.0	A
USGS	11376010	2017-01-19	741.0	A
USGS	11376010	2017-01-20	740.0	A
USGS	11376010	2017-01-21	738.0	A
USGS	11376010	2017-01-22	739.0	A
USGS	11376010	2017-01-23	737.0	A
USGS	11376010	2017-01-24	736.0	A
USGS	11376010	2017-01-25	735.0	A
USGS	11376010	2017-01-26	735.0	A
USGS	11376010	2017-01-27	735.0	A
USGS	11376010	2017-01-28	735.0	A
USGS	11376010	2017-01-29	733.0	A
USGS	11376010	2017-01-30	734.0	A
USGS	11376010	2017-01-31	734.0	A
USGS	11376010	2017-02-01	733.0	A
USGS	11376010	2017-02-02	736.0	A
USGS	11376010	2017-02-03	741.0	A
USGS	11376010	2017-02-04	739.0	A
USGS	11376010	2017-02-05	741.0	A
USGS	11376010	2017-02-06	748.0	A
USGS	11376010	2017-02-07	772.0	A
USGS	11376010	2017-02-08	789.0	A
USGS	11376010	2017-02-09	814.0	A
USGS	11376010	2017-02-10	782.0	A
USGS	11376010	2017-02-11	765.0	A
USGS	11376010	2017-02-12	760.0	A
USGS	11376010	2017-02-13	755.0	A
USGS	11376010	2017-02-14	752.0	A
USGS	11376010	2017-02-15	751.0	A
USGS	11376010	2017-02-16	755.0	A
USGS	11376010	2017-02-17	752.0	A
USGS	11376010	2017-02-18	752.0	A
USGS	11376010	2017-02-19	750.0	A
USGS	11376010	2017-02-20	766.0	A
USGS	11376010	2017-02-21	758.0	A
USGS	11376010	2017-02-22	752.0	A
USGS	11376010	2017-02-23	748.0	A
USGS	11376010	2017-02-24	748.0	A
USGS	11376010	2017-02-25	746.0	A
USGS	11376010	2017-02-26	745.0	A
USGS	11376010	2017-02-27	744.0	A
USGS	11376010	2017-02-28	742.0	A
USGS	11376010	2017-03-01	741.0	A
USGS	11376010	2017-03-02	740.0	A
USGS	11376010	2017-03-03	740.0	A
USGS	11376010	2017-03-04	743.0	A
USGS	11376010	2017-03-05	741.0	A
USGS	11376010	2017-03-06	739.0	A
USGS	11376010	2017-03-07	739.0	A
USGS	11376010	2017-03-08	740.0	A
USGS	11376010	2017-03-09	739.0	A
USGS	11376010	2017-03-10	738.0	A
USGS	11376010	2017-03-11	738.0	A
USGS	11376010	2017-03-12	739.0	A
USGS	11376010	2017-03-13	739.0	A
USGS	11376010	2017-03-14	739.0	A
USGS	11376010	2017-03-15	741.0	A
USGS	11376010	2017-03-16	742.0	A
USGS	11376010	2017-03-17	743.0	A
USGS	11376010	2017-03-18	745.0	A
USGS	11376010	2017-03-19	746.0	A
USGS	11376010	2017-03-20	747.0	A
USGS	11376010	2017-03-21	754.0	A
USGS	11376010	2017-03-22	750.0	A
USGS	11376010	2017-03-23	747.0	A
USGS	11376010	2017-03-24	748.0	A
USGS	11376010	2017-03-25	745.0	A
USGS	11376010	2017-03-26	748.0	A
USGS	11376010	2017-03-27	743.0	A
USGS	11376010	2017-03-28	742.0	A
USGS	11376010	2017-03-29	743.0	A
USGS	11376010	2017-03-30	745.0	A
USGS	11376010	2017-03-31	742.0	A
USGS	11376010	2017-04-01	742.0	A
USGS	11376010	2017-04-02	743.0	A
USGS	11376010	2017-04-03	742.0	A
USGS	11376010	2017-04-04	743.0	A
USGS	11376010	2017-04-05	743.0	A
USGS	11376010	2017-04-06	751.0	A
USGS	11376010	2017-04-07	751.0	A
USGS	11376010	2017-04-08	747.0	A
USGS	11376010	2017-04-09	745.0	A
USGS	11376010	2017-04-10	743.0	A
USGS	11376010	2017-04-11	745.0	A
USGS	11376010	2017-04-12	751.0	A
USGS	11376010	2017-04-13	749.0	A
USGS	11376010	2017-04-14	745.0	A
USGS	11376010	2017-04-15	744.0	A
USGS	11376010	2017-04-16	745.0	A
USGS	11376010	2017-04-17	746.0	A
USGS	11376010	2017-04-18	748.0	A
USGS	11376010	2017-04-19	748.0	A
USGS	11376010	2017-04-20	748.0	A
USGS	11376010	2017-04-21	747.0	A
USGS	11376010	2017-04-22	748.0	A
USGS	11376010	2017-04-23	748.0	A
USGS	11376010	2017-04-24	754.0	A
USGS	11376010	2017-04-25	750.0	A
USGS	11376010	2017-04-26	758.0	A
USGS	11376010	2017-04-27	754.0	A
USGS	11376010	2017-04-28	751.0	A
USGS	11376010	2017-04-29	751.0	A
USGS	11376010	2017-04-30	752.0	A
USGS	11376010	2017-05-01	753.0	A
USGS	11376010	2017-05-02	758.0	A
USGS	11376010	2017-05-03	762.0	A
USGS	11376010	2017-05-04	765.0	A
USGS	11376010	2017-05-05	766.0	A
USGS	11376010	2017-05-06	762.0	A
USGS	11376010	2017-05-07	759.0	A
USGS	11376010	2017-05-08	759.0	A
USGS	11376010	2017-05-09	759.0	A
USGS	11376010	2017-05-10	758.0	A
USGS	11376010	2017-05-11	785.0	A
USGS	11376010	2017-05-12	839.0	A
USGS	11376010	2017-05-13	883.0	A
USGS	11376010	2017-05-14	921.0	A
USGS	11376010	2017-05-15	956.0	A
USGS	11376010	2017-05-16	999.0	A
USGS	11376010	2017-05-17	1020	A
USGS	11376010	2017-05-18	1020	A
USGS	11376010	2017-05-19	1020	A
USGS	11376010	2017-05-20	1020	A
USGS	11376010	2017-05-21	1030	A
USGS	11376010	2017-05-22	1030	A
USGS	11376010	2017-05-23	1030	A
USGS	11376010	2017-05-24	1050	A
USGS	11376010	2017-05-25	1090	A
USGS	11376010	2017-05-26	1100	A
USGS	11376010	2017-05-27	1100	A
USGS	11376010	2017-05-28	1100	A
USGS	11376010	2017-05-29	1100	A
USGS	11376010	2017-05-30	1090	A
USGS	11376010	2017-05-31	1090	A
USGS	11376010	2017-06-01	1080	A
USGS	11376010	2017-06-02	1080	A
USGS	11376010	2017-06-03	1080	A
USGS	11376010	2017-06-04	1080	A
USGS	11376010	2017-06-05	1080	A
USGS	11376010	2017-06-06	1080	A
USGS	11376010	2017-06-07	1080	A
USGS	11376010	2017-06-08	1090	A
USGS	11376010	2017-06-09	1090	A
USGS	11376010	2017-06-10	1080	A
USGS	11376010	2017-06-11	1090	A
USGS	11376010	2017-06-12	1080	A
USGS	11376010	2017-06-13	1080	A
USGS	11376010	2017-06-14	1080	A
USGS	11376010	2017-06-15	1080	A
USGS	11376010	2017-06-16	1070	A
USGS	11376010	2017-06-17	1070	A
USGS	11376010	2017-06-18	1070	A
USGS	11376010	2017-06-19	1070	A
USGS	11376010	2017-06-20	1070	A
USGS	11376010	2017-06-21	1080	A
USGS	11376010	2017-06-22	1070	A
USGS	11376010	2017-06-23	1070	A
USGS	11376010	2017-06-24	1070	A
USGS	11376010	2017-06-25	1070	A
USGS	11376010	2017-06-26	1070	A
USGS	11376010	2017-06-27	1070	A
USGS	11376010	2017-06-28	1070	A
USGS	11376010	2017-06-29	1070	A
USGS	11376010	2017-06-30	1060	A
USGS	11376010	2017-07-01	1060	A
USGS	11376010	2017-07-02	1060	A
USGS	11376010	2017-07-03	1060	A
USGS	11376010	2017-07-04	1050	A
USGS	11376010	2017-07-05	1050	A
USGS	11376010	2017-07-06	1050	A
USGS	11376010	2017-07-07	1040	A
USGS	11376010	2017-07-08	1040	A
USGS	11376010	2017-07-09	1040	A
USGS	11376010	2017-07-10	1040	A
USGS	11376010	2017-07-11	1030	A
USGS	11376010	2017-07-12	1030	A
USGS	11376010	2017-07-13	1030	A
USGS	11376010	2017-07-14	1030	A
USGS	11376010	2017-07-15	1020	A
USGS	11376010	2017-07-16	1020	A
USGS	11376010	2017-07-17	1020	A
USGS	11376010	2017-07-18	1010	A
USGS	11376010	2017-07-19	1010	A
USGS	11376010	2017-07-20	1010	A
USGS	11376010	2017-07-21	1000	A
USGS	11376010	2017-07-22	1000	A
USGS	11376010	2017-07-23	999.0	A
USGS	11376010	2017-07-24	995.0	A
USGS	11376010	2017-07-25	992.0	A
USGS	11376010	2017-07-26	990.0	A
USGS	11376010	2017-07-27	987.0	A
USGS	11376010	2017-07-28	984.0	A
USGS	11376010	2017-07-29	981.0	A
USGS	11376010	2017-07-30	979.0	A
USGS	11376010	2017-07-31	975.0	A
USGS	11376010	2017-08-01	973.0	A
USGS	11376010	2017-08-02	970.0	A
USGS	11376010	2017-08-03	966.0	A
USGS	11376010	2017-08-04	963.0	A
USGS	11376010	2017-08-05	961.0	A
USGS	11376010	2017-08-06	961.0	A
USGS	11376010	2017-08-07	962.0	A
USGS	11376010	2017-08-08	959.0	A
USGS	11376010	2017-08-09	956.0	A
USGS	11376010	2017-08-10	952.0	A
USGS	11376010	2017-08-11	949.0	A
USGS	11376010	2017-08-12	945.0	A
USGS	11376010	2017-08-13	941.0	A
USGS	11376010	2017-08-14	938.0	A
USGS	11376010	2017-08-15	935.0	A
USGS	11376010	2017-08-16	932.0	A
USGS	11376010	2017-08-17	929.0	A
USGS	11376010	2017-08-18	924.0	A
USGS	11376010	2017-08-19	922.0	A
USGS	11376010	2017-08-20	917.0	A
USGS	11376010	2017-08-21	914.0	A
USGS	11376010	2017-08-22	911.0	A
USGS	11376010	2017-08-23	909.0	A
USGS	11376010	2017-08-24	905.0	A
USGS	11376010	2017-08-25	902.0	A
USGS	11376010	2017-08-26	898.0	A
USGS	11376010	2017-08-27	895.0	A
USGS	11376010	2017-08-28	891.0	A
USGS	11376010	2017-08-29	888.0	A
USGS	11376010	2017-08-30	884.0	A
USGS	11376010	2017-08-31	881.0	A
USGS	11376010	2017-09-01	878.0	A
USGS	11376010	2017-09-02	875.0	A
USGS	11376010	2017-09-03	872.0	A
USGS	11376010	2017-09-04	869.0	A
USGS	11376010	2017-09-05	868.0	A
USGS	11376010	2017-09-06	865.0	A
USGS	11376010	2017-09-07	864.0	A
USGS	11376010	2017-09-08	861.0	A
USGS	11376010	2017-09-09	858.0	A
USGS	11376010	2017-09-10	855.0	A
USGS	11376010	2017-09-11	848.0	A
USGS	11376010	2017-09-12	827.0	A
USGS	11376010	2017-09-13	797.0	A
USGS	11376010	2017-09-14	769.0	A
USGS	11376010	2017-09-15	742.0	A
USGS	11376010	2017-09-16	714.0	A
USGS	11376010	2017-09-17	687.0	A
USGS	11376010	2017-09-18	660.0	A
USGS	11376010	2017-09-19	634.0	A
USGS	11376010	2017-09-20	608.0	A
USGS	11376010	2017-09-21	576.0	A
USGS	11376010	2017-09-22	539.0	A
USGS	11376010	2017-09-23	508.0	A
USGS	11376010	2017-09-24	471.0	A
USGS	11376010	2017-09-25	439.0	A
USGS	11376010	2017-09-26	407.0	A
USGS	11376010	2017-09-27	376.0	A
USGS	11376010	2017-09-28	347.0	A
USGS	11376010	2017-09-29	319.0	A
USGS	11376010	2017-09-30	291.0	A
USGS	11376010	2017-10-01	264.0	A
USGS	11376010	2017-10-02	238.0	A
USGS	11376010	2017-10-03	205.0	A
USGS	11376010	2017-10-04	167.0	A
USGS	11376010	2017-10-05	142.0	A
USGS	11376010	2017-10-06	137.0	A
USGS	11376010	2017-10-07	135.0	A
USGS	11376010	2017-10-08	133.0	A
USGS	11376010	2017-10-09	129.0	A
USGS	11376010	2017-10-10	127.0	A
USGS	11376010	2017-10-11	115.0	A
USGS	11376010	2017-10-12	104.0	A
USGS	11376010	2017-10-13	105.0	A
USGS	11376010	2017-10-14	105.0	A
USGS	11376010	2017-10-15	105.0	A
USGS	11376010	2017-10-16	106.0	A
USGS	11376010	2017-10-17	106.0	A
USGS	11376010	2017-10-18	106.0	A
USGS	11376010	2017-10-19	109.0	A
USGS	11376010	2017-10-20	113.0	A
USGS	11376010	2017-10-21	116.0	A
USGS	11376010	2017-10-22	118.0	A
USGS	11376010	2017-10-23	119.0	A
USGS	11376010	2017-10-24	120.0	A
USGS	11376010	2017-10-25	121.0	A
USGS	11376010	2017-10-26	122.0	A
USGS	11376010	2017-10-27	122.0	A
USGS	11376010	2017-10-28	122.0	A
USGS	11376010	2017-10-29	122.0	A
USGS	11376010	2017-10-30	121.0	A
USGS	11376010	2017-10-31	120.0	A
USGS	11376010	2017-11-01	121.0	A
USGS	11376010	2017-11-02	124.0	A
USGS	11376010	2017-11-03	131.0	A
USGS	11376010	2017-11-04	141.0	A
USGS	11376010	2017-11-05	146.0	A
USGS	11376010	2017-11-06	150.0	A
USGS	11376010	2017-11-07	153.0	A
USGS	11376010	2017-11-08	164.0	A
USGS	11376010	2017-11-09	183.0	A
USGS	11376010	2017-11-10	198.0	A
USGS	11376010	2017-11-11	206.0	A
USGS	11376010	2017-11-12	210.0	A
USGS	11376010	2017-11-13	221.0	A
USGS	11376010	2017-11-14	227.0	A
USGS	11376010	2017-11-15	252.0	A
USGS	11376010	2017-11-16	294.0	A
USGS	11376010	2017-11-17	306.0	A
USGS	11376010	2017-11-18	313.0	A
USGS	11376010	2017-11-19	319.0	A
USGS	11376010	2017-11-20	340.0	A
USGS	11376010	2017-11-21	353.0	A
USGS	11376010	2017-11-22	362.0	A
USGS	11376010	2017-11-23	371.0	A
USGS	11376010	2017-11-24	378.0	A
USGS	11376010	2017-11-25	384.0	A
USGS	11376010	2017-11-26	401.0	A
USGS	11376010	2017-11-27	414.0	A
USGS	11376010	2017-11-28	421.0	A
USGS	11376010	2017-11-29	427.0	A
USGS	11376010	2017-11-30	432.0	A
USGS	11376010	2017-12-01	438.0	A
USGS	11376010	2017-12-02	445.0	A
USGS	11376010	2017-12-03	451.0	A
USGS	11376010	2017-12-04	455.0	A
USGS	11376010	2017-12-05	459.0	A
USGS	11376010	2017-12-06	463.0	A
USGS	11376010	2017-12-07	466.0	A
USGS	11376010	2017-12-08	469.0	A
USGS	11376010	2017-12-09	473.0	A
USGS	11376010	2017-12-10	476.0	A
USGS	11376010	2017-12-11	479.0	A
USGS	11376010	2017-12-12	482.0	A
USGS	11376010	2017-12-13	484.0	A
USGS	11376010	2017-12-14	487.0	A
USGS	11376010	2017-12-15	490.0	A
USGS	11376010	2017-12-16	493.0	A
USGS	11376010	2017-12-17	494.0	A
USGS	11376010	2017-12-18	497.0	A
USGS	11376010	2017-12-19	501.0	A
USGS	11376010	2017-12-20	505.0	A
USGS	11376010	2017-12-21	507.0	A
USGS	11376010	2017-12-22	509.0	A
USGS	11376010	2017-12-23	511.0	A
USGS	11376010	2017-12-24	513.0	A
USGS	11376010	2017-12-25	515.0	A
USGS	11376010	2017-12-26	516.0	A
USGS	11376010	2017-12-27	519.0	A
USGS	11376010	2017-12-28	520.0	A
USGS	11376010	2017-12-29	522.0	A
USGS	11376010	2017-12-30	524.0	A
USGS	11376010	2017-12-31	526.0	A
USGS	11376010	2018-01-01	529.0	A
