agency_cd	site_no	datetime	8490_62614_30800	8490_62614_30800_cd	8491_00054_30800	8491_00054_30800_cd
5s	15s	20d	14n	10s	14n	10s
USGS	11122000	2013-01-01	1381.28	A	1751	A
USGS	11122000	2013-01-02	1381.28	A	1751	A
USGS	11122000	2013-01-03	1381.29	A	1752	A
USGS	11122000	2013-01-04	1381.28	A	1751	A
USGS	11122000	2013-01-05	1381.28	A	1751	A
USGS	11122000	2013-01-06	1381.29	A	1752	A
USGS	11122000	2013-01-07	1381.31	A	1755	A
USGS	11122000	2013-01-08	1381.32	A	1756	A
USGS	11122000	2013-01-09	1381.33	A	1757	A
USGS	11122000	2013-01-10	1381.34	A	1759	A
USGS	11122000	2013-01-11	1381.34	A	1759	A
USGS	11122000	2013-01-12	1381.32	A	1756	A
USGS	11122000	2013-01-13	1381.33	A	1757	A
USGS	11122000	2013-01-14	1381.33	A	1757	A
USGS	11122000	2013-01-15	1381.32	A	1756	A
USGS	11122000	2013-01-16	1381.32	A	1756	A
USGS	11122000	2013-01-17	1381.32	A	1756	A
USGS	11122000	2013-01-18	1381.33	A	1757	A
USGS	11122000	2013-01-19	1381.33	A	1757	A
USGS	11122000	2013-01-20	1381.32	A	1756	A
USGS	11122000	2013-01-21	1381.31	A	1755	A
USGS	11122000	2013-01-22	1381.33	A	1757	A
USGS	11122000	2013-01-23	1381.32	A	1756	A
USGS	11122000	2013-01-24	1381.39	A	1765	A
USGS	11122000	2013-01-25	1381.42	A	1769	A
USGS	11122000	2013-01-26	1381.46	A	1774	A
USGS	11122000	2013-01-27	1381.47	A	1776	A
USGS	11122000	2013-01-28	1381.47	A	1776	A
USGS	11122000	2013-01-29	1381.49	A	1778	A
USGS	11122000	2013-01-30	1381.47	A	1776	A
USGS	11122000	2013-01-31	1381.48	A	1777	A
USGS	11122000	2013-02-01	1381.48	A	1777	A
USGS	11122000	2013-02-02	1381.47	A	1776	A
USGS	11122000	2013-02-03	1381.48	A	1777	A
USGS	11122000	2013-02-04	1381.49	A	1778	A
USGS	11122000	2013-02-05	1381.49	A	1778	A
USGS	11122000	2013-02-06	1381.49	A	1778	A
USGS	11122000	2013-02-07	1381.49	A	1778	A
USGS	11122000	2013-02-08	1381.49	A	1778	A
USGS	11122000	2013-02-09	1381.50	A	1780	A
USGS	11122000	2013-02-10	1381.49	A	1778	A
USGS	11122000	2013-02-11	1381.49	A	1778	A
USGS	11122000	2013-02-12	1381.49	A	1778	A
USGS	11122000	2013-02-13	1381.49	A	1778	A
USGS	11122000	2013-02-14	1381.49	A	1778	A
USGS	11122000	2013-02-15	1381.48	A	1777	A
USGS	11122000	2013-02-16	1381.47	A	1776	A
USGS	11122000	2013-02-17	1381.46	A	1774	A
USGS	11122000	2013-02-18	1381.47	A	1776	A
USGS	11122000	2013-02-19	1381.46	A	1774	A
USGS	11122000	2013-02-20	1381.49	A	1778	A
USGS	11122000	2013-02-21	1381.49	A	1778	A
USGS	11122000	2013-02-22	1381.47	A	1776	A
USGS	11122000	2013-02-23	1381.47	A	1776	A
USGS	11122000	2013-02-24	1381.48	A	1777	A
USGS	11122000	2013-02-25	1381.46	A	1774	A
USGS	11122000	2013-02-26	1381.45	A	1773	A
USGS	11122000	2013-02-27	1381.45	A	1773	A
USGS	11122000	2013-02-28	1381.42	A	1769	A
USGS	11122000	2013-03-01	1381.42	A	1769	A
USGS	11122000	2013-03-02	1381.43	A	1770	A
USGS	11122000	2013-03-03	1381.44	A	1772	A
USGS	11122000	2013-03-04	1381.42	A	1769	A
USGS	11122000	2013-03-05	1381.40	A	1767	A
USGS	11122000	2013-03-06	1381.40	A	1767	A
USGS	11122000	2013-03-07	1381.41	A	1768	A
USGS	11122000	2013-03-08	1381.47	A	1776	A
USGS	11122000	2013-03-09	1381.47	A	1776	A
USGS	11122000	2013-03-10	1381.46	A	1774	A
USGS	11122000	2013-03-11	1381.46	A	1774	A
USGS	11122000	2013-03-12	1381.46	A	1774	A
USGS	11122000	2013-03-13	1381.45	A	1773	A
USGS	11122000	2013-03-14	1381.34	A	1759	A
USGS	11122000	2013-03-15	1381.23	A	1744	A
USGS	11122000	2013-03-16	1381.12	A	1730	A
USGS	11122000	2013-03-17	1381.04	A	1720	A
USGS	11122000	2013-03-18	1380.90	A	1702	A
USGS	11122000	2013-03-19	1380.78	A	1686	A
USGS	11122000	2013-03-20	1380.67	A	1672	A
USGS	11122000	2013-03-21	1380.54	A	1656	A
USGS	11122000	2013-03-22	1380.47	A	1647	A
USGS	11122000	2013-03-23	1380.33	A	1629	A
USGS	11122000	2013-03-24	1380.21	A	1614	A
USGS	11122000	2013-03-25	1380.07	A	1596	A
USGS	11122000	2013-03-26	1379.98	A	1584	A
USGS	11122000	2013-03-27	1379.86	A	1569	A
USGS	11122000	2013-03-28	1379.75	A	1556	A
USGS	11122000	2013-03-29	1379.63	A	1541	A
USGS	11122000	2013-03-30	1379.53	A	1528	A
USGS	11122000	2013-03-31	1379.40	A	1512	A
USGS	11122000	2013-04-01	1379.30	A	1499	A
USGS	11122000	2013-04-02	1379.19	A	1485	A
USGS	11122000	2013-04-03	1379.08	A	1472	A
USGS	11122000	2013-04-04	1378.96	A	1457	A
USGS	11122000	2013-04-05	1378.85	A	1443	A
USGS	11122000	2013-04-06	1378.72	A	1427	A
USGS	11122000	2013-04-07	1378.62	A	1415	A
USGS	11122000	2013-04-08	1378.50	A	1400	A
USGS	11122000	2013-04-09	1378.38	A	1385	A
USGS	11122000	2013-04-10	1378.25	A	1369	A
USGS	11122000	2013-04-11	1378.14	A	1356	A
USGS	11122000	2013-04-12	1378.01	A	1340	A
USGS	11122000	2013-04-13	1377.88	A	1324	A
USGS	11122000	2013-04-14	1377.77	A	1311	A
USGS	11122000	2013-04-15	1377.64	A	1295	A
USGS	11122000	2013-04-16	1377.52	A	1280	A
USGS	11122000	2013-04-17	1377.37	A	1262	A
USGS	11122000	2013-04-18	1377.26	A	1249	A
USGS	11122000	2013-04-19	1377.11	A	1231	A
USGS	11122000	2013-04-20	1377.00	A	1217	A
USGS	11122000	2013-04-21	1376.87	A	1202	A
USGS	11122000	2013-04-22	1376.76	A	1189	A
USGS	11122000	2013-04-23	1376.62	A	1172	A
USGS	11122000	2013-04-24	1376.52	A	1161	A
USGS	11122000	2013-04-25	1376.39	A	1145	A
USGS	11122000	2013-04-26	1376.25	A	1129	A
USGS	11122000	2013-04-27	1376.13	A	1114	A
USGS	11122000	2013-04-28	1376.01	A	1100	A
USGS	11122000	2013-04-29	1375.88	A	1085	A
USGS	11122000	2013-04-30	1375.76	A	1071	A
USGS	11122000	2013-05-01	1375.62	A	1055	A
USGS	11122000	2013-05-02	1375.50	A	1041	A
USGS	11122000	2013-05-03	1375.37	A	1026	A
USGS	11122000	2013-05-04	1375.22	A	1008	A
USGS	11122000	2013-05-05	1375.10	A	994.1	A
USGS	11122000	2013-05-06	1375.00	A	982.5	A
USGS	11122000	2013-05-07	1374.88	A	968.9	A
USGS	11122000	2013-05-08	1374.76	A	955.2	A
USGS	11122000	2013-05-09	1374.63	A	940.4	A
USGS	11122000	2013-05-10	1374.50	A	925.6	A
USGS	11122000	2013-05-11	1374.39	A	913.1	A
USGS	11122000	2013-05-12	1374.26	A	898.3	A
USGS	11122000	2013-05-13	1374.12	A	882.4	A
USGS	11122000	2013-05-14	1373.98	A	866.6	A
USGS	11122000	2013-05-15	1373.84	A	851.1	A
USGS	11122000	2013-05-16	1373.71	A	836.8	A
USGS	11122000	2013-05-17	1373.58	A	822.5	A
USGS	11122000	2013-05-18	1373.44	A	807.0	A
USGS	11122000	2013-05-19	1373.30	A	791.6	A
USGS	11122000	2013-05-20	1373.17	A	777.3	A
USGS	11122000	2013-05-21	1373.03	A	761.9	A
USGS	11122000	2013-05-22	1372.93	A	729.0	A
USGS	11122000	2013-05-23	1372.86	A	743.6	A
USGS	11122000	2013-05-24	1372.72	A	728.5	A
USGS	11122000	2013-05-25	1372.57	A	712.5	A
USGS	11122000	2013-05-26	1372.44	A	698.5	A
USGS	11122000	2013-05-27	1372.29	A	682.5	A
USGS	11122000	2013-05-28	1372.21	A	673.9	A
USGS	11122000	2013-05-29	1372.20	A	672.8	A
USGS	11122000	2013-05-30	1372.18	A	670.7	A
USGS	11122000	2013-05-31	1372.16	A	668.5	A
USGS	11122000	2013-06-01	1372.15	A	667.5	A
USGS	11122000	2013-06-02	1372.13	A	665.3	A
USGS	11122000	2013-06-03	1372.11	A	663.2	A
USGS	11122000	2013-06-04	1372.10	A	662.1	A
USGS	11122000	2013-06-05	1372.08	A	660.0	A
USGS	11122000	2013-06-06	1372.07	A	658.9	A
USGS	11122000	2013-06-07	1372.04	A	655.7	A
USGS	11122000	2013-06-08	1372.03	A	654.6	A
USGS	11122000	2013-06-09	1372.01	A	652.5	A
USGS	11122000	2013-06-10	1371.98	A	649.3	A
USGS	11122000	2013-06-11	1371.97	A	648.3	A
USGS	11122000	2013-06-12	1371.95	A	646.2	A
USGS	11122000	2013-06-13	1371.92	A	643.1	A
USGS	11122000	2013-06-14	1371.90	A	641.0	A
USGS	11122000	2013-06-15	1371.87	A	637.8	A
USGS	11122000	2013-06-16	1371.85	A	635.7	A
USGS	11122000	2013-06-17	1371.82	A	632.6	A
USGS	11122000	2013-06-18	1371.79	A	629.5	A
USGS	11122000	2013-06-19	1371.77	A	627.4	A
USGS	11122000	2013-06-20	1371.75	A	625.3	A
USGS	11122000	2013-06-21	1371.72	A	622.2	A
USGS	11122000	2013-06-22	1371.71	A	621.1	A
USGS	11122000	2013-06-23	1371.68	A	618.0	A
USGS	11122000	2013-06-24	1371.67	A	617.0	A
USGS	11122000	2013-06-25	1371.65	A	614.9	A
USGS	11122000	2013-06-26	1371.63	A	612.8	A
USGS	11122000	2013-06-27	1371.60	A	609.7	A
USGS	11122000	2013-06-28	1371.58	A	607.6	A
USGS	11122000	2013-06-29	1371.56	A	605.5	A
USGS	11122000	2013-06-30	1371.53	A	602.4	A
USGS	11122000	2013-07-01	1371.50	A	599.2	A
USGS	11122000	2013-07-02	1371.49	A	598.2	A
USGS	11122000	2013-07-03	1371.47	A	596.1	A
USGS	11122000	2013-07-04	1371.44	A	593.0	A
USGS	11122000	2013-07-05	1371.42	A	590.9	A
USGS	11122000	2013-07-06	1371.39	A	587.8	A
USGS	11122000	2013-07-07	1371.37	A	585.7	A
USGS	11122000	2013-07-08	1371.34	A	582.6	A
USGS	11122000	2013-07-09	1371.31	A	579.4	A
USGS	11122000	2013-07-10	1371.28	A	576.3	A
USGS	11122000	2013-07-11	1371.26	A	574.2	A
USGS	11122000	2013-07-12	1371.25	A	573.2	A
USGS	11122000	2013-07-13	1371.23	A	571.1	A
USGS	11122000	2013-07-14	1371.21	A	569.0	A
USGS	11122000	2013-07-15	1371.17	A	564.8	A
USGS	11122000	2013-07-16	1371.14	A	561.7	A
USGS	11122000	2013-07-17	1371.12	A	559.6	A
USGS	11122000	2013-07-18	1371.10	A	557.5	A
USGS	11122000	2013-07-19	1371.08	A	555.4	A
USGS	11122000	2013-07-20	1371.06	A	553.4	A
USGS	11122000	2013-07-21	1371.04	A	551.3	A
USGS	11122000	2013-07-22	1371.02	A	549.2	A
USGS	11122000	2013-07-23	1371.01	A	548.1	A
USGS	11122000	2013-07-24	1370.99	A	546.1	A
USGS	11122000	2013-07-25	1370.96	A	543.1	A
USGS	11122000	2013-07-26	1370.94	A	541.0	A
USGS	11122000	2013-07-27	1370.92	A	539.0	A
USGS	11122000	2013-07-28	1370.90	A	537.0	A
USGS	11122000	2013-07-29	1370.88	A	535.0	A
USGS	11122000	2013-07-30	1370.86	A	533.0	A
USGS	11122000	2013-07-31	1370.83	A	529.9	A
USGS	11122000	2013-08-01	1370.80	A	526.9	A
USGS	11122000	2013-08-02	1370.77	A	523.9	A
USGS	11122000	2013-08-03	1370.75	A	521.8	A
USGS	11122000	2013-08-04	1370.73	A	519.8	A
USGS	11122000	2013-08-05	1370.70	A	516.8	A
USGS	11122000	2013-08-06	1370.68	A	514.8	A
USGS	11122000	2013-08-07	1370.66	A	512.8	A
USGS	11122000	2013-08-08	1370.64	A	510.7	A
USGS	11122000	2013-08-09	1370.62	A	508.7	A
USGS	11122000	2013-08-10	1370.60	A	506.7	A
USGS	11122000	2013-08-11	1370.57	A	503.7	A
USGS	11122000	2013-08-12	1370.56	A	502.7	A
USGS	11122000	2013-08-13	1370.54	A	500.6	A
USGS	11122000	2013-08-14	1370.51	A	497.6	A
USGS	11122000	2013-08-15	1370.50	A	496.6	A
USGS	11122000	2013-08-16	1370.47	A	493.6	A
USGS	11122000	2013-08-17	1370.45	A	491.5	A
USGS	11122000	2013-08-18	1370.42	A	488.5	A
USGS	11122000	2013-08-19	1370.40	A	486.5	A
USGS	11122000	2013-08-20	1370.38	A	484.5	A
USGS	11122000	2013-08-21	1370.36	A	482.4	A
USGS	11122000	2013-08-22	1370.33	A	479.4	A
USGS	11122000	2013-08-23	1370.31	A	477.4	A
USGS	11122000	2013-08-24	1370.29	A	475.4	A
USGS	11122000	2013-08-25	1370.26	A	472.3	A
USGS	11122000	2013-08-26	1370.24	A	470.3	A
USGS	11122000	2013-08-27	1370.23	A	469.3	A
USGS	11122000	2013-08-28	1370.21	A	467.3	A
USGS	11122000	2013-08-29	1370.19	A	465.3	A
USGS	11122000	2013-08-30	1370.16	A	462.2	A
USGS	11122000	2013-08-31	1370.15	A	461.2	A
USGS	11122000	2013-09-01	1370.14	A	460.2	A
USGS	11122000	2013-09-02	1370.12	A	458.2	A
USGS	11122000	2013-09-03	1370.10	A	456.2	A
USGS	11122000	2013-09-04	1370.07	A	453.1	A
USGS	11122000	2013-09-05	1370.05	A	451.1	A
USGS	11122000	2013-09-06	1370.03	A	449.1	A
USGS	11122000	2013-09-07	1370.00	A	446.1	A
USGS	11122000	2013-09-08	1369.97	A	443.2	A
USGS	11122000	2013-09-09	1369.95	A	441.2	A
USGS	11122000	2013-09-10	1369.92	A	438.3	A
USGS	11122000	2013-09-11	1369.91	A	437.4	A
USGS	11122000	2013-09-12	1369.89	A	435.4	A
USGS	11122000	2013-09-13	1369.87	A	433.5	A
USGS	11122000	2013-09-14	1369.85	A	431.5	A
USGS	11122000	2013-09-15	1369.84	A	430.6	A
USGS	11122000	2013-09-16	1369.81	A	427.7	A
USGS	11122000	2013-09-17	1369.79	A	425.7	A
USGS	11122000	2013-09-18	1369.77	A	423.8	A
USGS	11122000	2013-09-19	1369.75	A	421.8	A
USGS	11122000	2013-09-20	1369.73	A	419.9	A
USGS	11122000	2013-09-21	1369.71	A	418.0	A
USGS	11122000	2013-09-22	1369.69	A	416.0	A
USGS	11122000	2013-09-23	1369.68	A	415.1	A
USGS	11122000	2013-09-24	1369.67	A	414.1	A
USGS	11122000	2013-09-25	1369.64	A	411.2	A
USGS	11122000	2013-09-26	1369.62	A	409.2	A
USGS	11122000	2013-09-27	1369.59	A	406.3	A
USGS	11122000	2013-09-28	1369.57	A	404.4	A
USGS	11122000	2013-09-29	1369.56	A	403.4	A
USGS	11122000	2013-09-30	1369.54	A	401.5	A
USGS	11122000	2013-10-01	1369.53	A	400.5	A
USGS	11122000	2013-10-02	1369.51	A	398.6	A
USGS	11122000	2013-10-03	1369.51	A	398.6	A
USGS	11122000	2013-10-04	1369.49	A	396.7	A
USGS	11122000	2013-10-05	1369.48	A	395.7	A
USGS	11122000	2013-10-06	1369.46	A	393.7	A
USGS	11122000	2013-10-07	1369.44	A	391.8	A
USGS	11122000	2013-10-08	1369.42	A	389.9	A
USGS	11122000	2013-10-09	1369.41	A	388.9	A
USGS	11122000	2013-10-10	1369.40	A	387.9	A
USGS	11122000	2013-10-11	1369.40	A	387.9	A
USGS	11122000	2013-10-12	1369.39	A	387.0	A
USGS	11122000	2013-10-13	1369.37	A	385.0	A
USGS	11122000	2013-10-14	1369.36	A	384.1	A
USGS	11122000	2013-10-15	1369.36	A	384.1	A
USGS	11122000	2013-10-16	1369.34	A	382.1	A
USGS	11122000	2013-10-17	1369.33	A	381.1	A
USGS	11122000	2013-10-18	1369.31	A	379.2	A
USGS	11122000	2013-10-19	1369.30	A	378.2	A
USGS	11122000	2013-10-20	1369.29	A	377.3	A
USGS	11122000	2013-10-21	1369.28	A	376.3	A
USGS	11122000	2013-10-22	1369.26	A	374.4	A
USGS	11122000	2013-10-23	1369.25	A	373.4	A
USGS	11122000	2013-10-24	1369.24	A	372.4	A
USGS	11122000	2013-10-25	1369.23	A	371.5	A
USGS	11122000	2013-10-26	1369.22	A	370.5	A
USGS	11122000	2013-10-27	1369.20	A	368.5	A
USGS	11122000	2013-10-28	1369.20	A	368.5	A
USGS	11122000	2013-10-29	1369.20	A	368.5	A
USGS	11122000	2013-10-30	1369.19	A	367.6	A
USGS	11122000	2013-10-31	1369.19	A	367.6	A
USGS	11122000	2013-11-01	1369.18	A	366.6	A
USGS	11122000	2013-11-02	1369.17	A	365.6	A
USGS	11122000	2013-11-03	1369.15	A	363.7	A
USGS	11122000	2013-11-04	1369.15	A	363.7	A
USGS	11122000	2013-11-05	1369.14	A	362.7	A
USGS	11122000	2013-11-06	1369.13	A	361.8	A
USGS	11122000	2013-11-07	1369.12	A	360.8	A
USGS	11122000	2013-11-08	1369.11	A	359.8	A
USGS	11122000	2013-11-09	1369.10	A	358.9	A
USGS	11122000	2013-11-10	1369.09	A	357.9	A
USGS	11122000	2013-11-11	1369.08	A	356.9	A
USGS	11122000	2013-11-12	1369.07	A	355.9	A
USGS	11122000	2013-11-13	1369.07	A	355.9	A
USGS	11122000	2013-11-14	1369.06	A	355.0	A
USGS	11122000	2013-11-15	1369.05	A	354.0	A
USGS	11122000	2013-11-16	1369.05	A	354.0	A
USGS	11122000	2013-11-17	1369.04	A	353.0	A
USGS	11122000	2013-11-18	1369.03	A	352.1	A
USGS	11122000	2013-11-19	1369.03	A	352.1	A
USGS	11122000	2013-11-20	1369.03	A	352.1	A
USGS	11122000	2013-11-21	1369.06	A	355.0	A
USGS	11122000	2013-11-22	1369.06	A	355.0	A
USGS	11122000	2013-11-23	1369.09	A	357.9	A
USGS	11122000	2013-11-24	1369.08	A	356.9	A
USGS	11122000	2013-11-25	1369.07	A	355.9	A
USGS	11122000	2013-11-26	1369.08	A	356.9	A
USGS	11122000	2013-11-27	1369.07	A	355.9	A
USGS	11122000	2013-11-28	1369.06	A	355.0	A
USGS	11122000	2013-11-29	1369.07	A	355.9	A
USGS	11122000	2013-11-30	1369.07	A	355.9	A
USGS	11122000	2013-12-01	1369.07	A	355.9	A
USGS	11122000	2013-12-02	1369.06	A	355.0	A
USGS	11122000	2013-12-03	1369.06	A	355.0	A
USGS	11122000	2013-12-04	1369.04	A	353.0	A
USGS	11122000	2013-12-05	1369.05	A	354.0	A
USGS	11122000	2013-12-06	1369.03	A	352.1	A
USGS	11122000	2013-12-07	1369.03	A	352.1	A
USGS	11122000	2013-12-08	1369.04	A	353.0	A
USGS	11122000	2013-12-09	1369.03	A	352.1	A
USGS	11122000	2013-12-10	1369.03	A	352.1	A
USGS	11122000	2013-12-11	1369.03	A	352.1	A
USGS	11122000	2013-12-12	1369.03	A	352.1	A
USGS	11122000	2013-12-13	1369.03	A	352.1	A
USGS	11122000	2013-12-14	1369.01	A	350.1	A
USGS	11122000	2013-12-15	1369.01	A	350.1	A
USGS	11122000	2013-12-16	1369.01	A	350.1	A
USGS	11122000	2013-12-17	1369.01	A	350.1	A
USGS	11122000	2013-12-18	1369.00	A	349.2	A
USGS	11122000	2013-12-19	1369.00	A	349.2	A
USGS	11122000	2013-12-20	1369.00	A	349.2	A
USGS	11122000	2013-12-21	1369.00	A	349.2	A
USGS	11122000	2013-12-22	1368.99	A	348.3	A
USGS	11122000	2013-12-23	1368.99	A	348.3	A
USGS	11122000	2013-12-24	1368.99	A	348.3	A
USGS	11122000	2013-12-25	1368.98	A	347.3	A
USGS	11122000	2013-12-26	1368.99	A	348.3	A
USGS	11122000	2013-12-27	1368.98	A	347.3	A
USGS	11122000	2013-12-28	1368.97	A	346.4	A
USGS	11122000	2013-12-29	1368.95	A	344.6	A
USGS	11122000	2013-12-30	1368.95	A	344.6	A
USGS	11122000	2013-12-31	1368.94	A	343.7	A
USGS	11122000	2014-01-01	1368.95	A	344.6	A
USGS	11122000	2014-01-02	1368.94	A	343.7	A
USGS	11122000	2014-01-03	1368.93	A	342.8	A
USGS	11122000	2014-01-04	1368.92	A	341.9	A
USGS	11122000	2014-01-05	1368.92	A	341.9	A
USGS	11122000	2014-01-06	1368.91	A	340.9	A
USGS	11122000	2014-01-07	1368.91	A	340.9	A
USGS	11122000	2014-01-08	1368.90	A	340.0	A
USGS	11122000	2014-01-09	1368.89	A	339.1	A
USGS	11122000	2014-01-10	1368.89	A	339.1	A
USGS	11122000	2014-01-11	1368.89	A	339.1	A
USGS	11122000	2014-01-12	1368.88	A	338.2	A
USGS	11122000	2014-01-13	1368.88	A	338.2	A
USGS	11122000	2014-01-14	1368.86	A	336.4	A
USGS	11122000	2014-01-15	1368.86	A	336.4	A
USGS	11122000	2014-01-16	1368.87	A	337.3	A
USGS	11122000	2014-01-17	1368.85	A	335.4	A
USGS	11122000	2014-01-18	1368.84	A	334.5	A
USGS	11122000	2014-01-19	1368.83	A	333.6	A
USGS	11122000	2014-01-20	1368.83	A	333.6	A
USGS	11122000	2014-01-21	1368.83	A	333.6	A
USGS	11122000	2014-01-22	1368.82	A	332.7	A
USGS	11122000	2014-01-23	1368.81	A	331.8	A
USGS	11122000	2014-01-24	1368.80	A	330.9	A
USGS	11122000	2014-01-25	1368.79	A	330.0	A
USGS	11122000	2014-01-26	1368.79	A	330.0	A
USGS	11122000	2014-01-27	1368.79	A	330.0	A
USGS	11122000	2014-01-28	1368.77	A	328.1	A
USGS	11122000	2014-01-29	1368.78	A	329.0	A
USGS	11122000	2014-01-30	1368.77	A	328.1	A
USGS	11122000	2014-01-31	1368.77	A	328.1	A
USGS	11122000	2014-02-01	1368.76	A	327.2	A
USGS	11122000	2014-02-02	1368.76	A	327.2	A
USGS	11122000	2014-02-03	1368.76	A	327.2	A
USGS	11122000	2014-02-04	1368.76	A	327.2	A
USGS	11122000	2014-02-05	1368.69	A	320.8	A
USGS	11122000	2014-02-06	1368.55	A	308.0	A
USGS	11122000	2014-02-07	1368.44	A	297.9	A
USGS	11122000	2014-02-08	1368.29	A	284.2	A
USGS	11122000	2014-02-09	1368.15	A	271.4	A
USGS	11122000	2014-02-10	1367.99	A	256.8	A
USGS	11122000	2014-02-11	1367.85	A	245.1	A
USGS	11122000	2014-02-12	1367.68	A	230.9	A
USGS	11122000	2014-02-13	1367.52	A	217.6	A
USGS	11122000	2014-02-14	1367.35	A	203.4	A
USGS	11122000	2014-02-15	1367.18	A	189.2	A
USGS	11122000	2014-02-16	1366.99	A	173.4	A
USGS	11122000	2014-02-17	1366.81	A	161.2	A
USGS	11122000	2014-02-18	1366.60	A	146.9	A
USGS	11122000	2014-02-19	1366.39	A	132.6	A
USGS	11122000	2014-02-20	1366.18	A	118.3	A
USGS	11122000	2014-02-21	1365.93	A	102.4	A
USGS	11122000	2014-02-22	1365.68	A	89.44	A
USGS	11122000	2014-02-23	1365.48	A	79.08	A
USGS	11122000	2014-02-24	1365.45	A	77.53	A
USGS	11122000	2014-02-25	1365.44	A	77.01	A
USGS	11122000	2014-02-26	1365.43	A	76.50	A
USGS	11122000	2014-02-27	1365.63	A	86.85	A
USGS	11122000	2014-02-28	1366.08	A	111.4	A
USGS	11122000	2014-03-01	1369.75	A	421.8	A
USGS	11122000	2014-03-02	1380.02	A	1589	A
USGS	11122000	2014-03-03	1381.82	A	1821	A
USGS	11122000	2014-03-04	1382.14	A	1864	A
USGS	11122000	2014-03-05	1382.25	A	1878	A
USGS	11122000	2014-03-06	1382.31	A	1886	A
USGS	11122000	2014-03-07	1382.30	A	1885	A
USGS	11122000	2014-03-08	1382.30	A	1885	A
USGS	11122000	2014-03-09	1382.30	A	1885	A
USGS	11122000	2014-03-10	1382.30	A	1885	A
USGS	11122000	2014-03-11	1382.30	A	1885	A
USGS	11122000	2014-03-12	1382.29	A	1884	A
USGS	11122000	2014-03-13	1382.30	A	1885	A
USGS	11122000	2014-03-14	1382.30	A	1885	A
USGS	11122000	2014-03-15	1382.29	A	1884	A
USGS	11122000	2014-03-16	1382.29	A	1884	A
USGS	11122000	2014-03-17	1382.28	A	1882	A
USGS	11122000	2014-03-18	1382.28	A	1882	A
USGS	11122000	2014-03-19	1382.27	A	1881	A
USGS	11122000	2014-03-20	1382.27	A	1881	A
USGS	11122000	2014-03-21	1382.25	A	1878	A
USGS	11122000	2014-03-22	1382.25	A	1878	A
USGS	11122000	2014-03-23	1382.26	A	1880	A
USGS	11122000	2014-03-24	1382.26	A	1880	A
USGS	11122000	2014-03-25	1382.23	A	1876	A
USGS	11122000	2014-03-26	1382.23	A	1876	A
USGS	11122000	2014-03-27	1382.23	A	1876	A
USGS	11122000	2014-03-28	1382.22	A	1874	A
USGS	11122000	2014-03-29	1382.21	A	1873	A
USGS	11122000	2014-03-30	1382.20	A	1872	A
USGS	11122000	2014-03-31	1382.20	A	1872	A
USGS	11122000	2014-04-01	1382.23	A	1876	A
USGS	11122000	2014-04-02	1382.23	A	1876	A
USGS	11122000	2014-04-03	1382.23	A	1876	A
USGS	11122000	2014-04-04	1382.22	A	1874	A
USGS	11122000	2014-04-05	1382.21	A	1873	A
USGS	11122000	2014-04-06	1382.21	A	1873	A
USGS	11122000	2014-04-07	1382.19	A	1870	A
USGS	11122000	2014-04-08	1382.18	A	1869	A
USGS	11122000	2014-04-09	1382.17	A	1868	A
USGS	11122000	2014-04-10	1382.17	A	1868	A
USGS	11122000	2014-04-11	1382.16	A	1866	A
USGS	11122000	2014-04-12	1382.15	A	1865	A
USGS	11122000	2014-04-13	1382.13	A	1862	A
USGS	11122000	2014-04-14	1382.13	A	1862	A
USGS	11122000	2014-04-15	1382.12	A	1861	A
USGS	11122000	2014-04-16	1382.11	A	1859	A
USGS	11122000	2014-04-17	1382.09	A	1857	A
USGS	11122000	2014-04-18	1382.09	A	1857	A
USGS	11122000	2014-04-19	1382.08	A	1855	A
USGS	11122000	2014-04-20	1382.07	A	1854	A
USGS	11122000	2014-04-21	1382.06	A	1853	A
USGS	11122000	2014-04-22	1382.05	A	1851	A
USGS	11122000	2014-04-23	1382.05	A	1851	A
USGS	11122000	2014-04-24	1382.01	A	1846	A
USGS	11122000	2014-04-25	1381.99	A	1843	A
USGS	11122000	2014-04-26	1381.99	A	1843	A
USGS	11122000	2014-04-27	1381.97	A	1841	A
USGS	11122000	2014-04-28	1381.97	A	1841	A
USGS	11122000	2014-04-29	1381.95	A	1838	A
USGS	11122000	2014-04-30	1381.93	A	1836	A
USGS	11122000	2014-05-01	1381.92	A	1834	A
USGS	11122000	2014-05-02	1381.91	A	1833	A
USGS	11122000	2014-05-03	1381.89	A	1830	A
USGS	11122000	2014-05-04	1381.87	A	1828	A
USGS	11122000	2014-05-05	1381.85	A	1825	A
USGS	11122000	2014-05-06	1381.82	A	1821	A
USGS	11122000	2014-05-07	1381.81	A	1820	A
USGS	11122000	2014-05-08	1381.79	A	1817	A
USGS	11122000	2014-05-09	1381.77	A	1815	A
USGS	11122000	2014-05-10	1381.76	A	1813	A
USGS	11122000	2014-05-11	1381.74	A	1811	A
USGS	11122000	2014-05-12	1381.72	A	1808	A
USGS	11122000	2014-05-13	1381.69	A	1804	A
USGS	11122000	2014-05-14	1381.69	A	1804	A
USGS	11122000	2014-05-15	1381.66	A	1800	A
USGS	11122000	2014-05-16	1381.64	A	1798	A
USGS	11122000	2014-05-17	1381.62	A	1795	A
USGS	11122000	2014-05-18	1381.60	A	1793	A
USGS	11122000	2014-05-19	1381.58	A	1790	A
USGS	11122000	2014-05-20	1381.56	A	1787	A
USGS	11122000	2014-05-21	1381.54	A	1785	A
USGS	11122000	2014-05-22	1381.52	A	1782	A
USGS	11122000	2014-05-23	1381.56	A	1787	A
USGS	11122000	2014-05-24	1381.55	A	1786	A
USGS	11122000	2014-05-25	1381.53	A	1783	A
USGS	11122000	2014-05-26	1381.52	A	1782	A
USGS	11122000	2014-05-27	1381.51	A	1781	A
USGS	11122000	2014-05-28	1381.49	A	1778	A
USGS	11122000	2014-05-29	1381.46	A	1774	A
USGS	11122000	2014-05-30	1381.43	A	1770	A
USGS	11122000	2014-05-31	1381.41	A	1768	A
USGS	11122000	2014-06-01	1381.38	A	1764	A
USGS	11122000	2014-06-02	1381.36	A	1761	A
USGS	11122000	2014-06-03	1381.34	A	1759	A
USGS	11122000	2014-06-04	1381.32	A	1756	A
USGS	11122000	2014-06-05	1381.30	A	1754	A
USGS	11122000	2014-06-06	1381.27	A	1750	A
USGS	11122000	2014-06-07	1381.24	A	1746	A
USGS	11122000	2014-06-08	1381.23	A	1744	A
USGS	11122000	2014-06-09	1381.21	A	1742	A
USGS	11122000	2014-06-10	1381.18	A	1738	A
USGS	11122000	2014-06-11	1381.17	A	1737	A
USGS	11122000	2014-06-12	1381.15	A	1734	A
USGS	11122000	2014-06-13	1381.13	A	1731	A
USGS	11122000	2014-06-14	1381.10	A	1727	A
USGS	11122000	2014-06-15	1381.07	A	1724	A
USGS	11122000	2014-06-16	1381.04	A	1720	A
USGS	11122000	2014-06-17	1381.02	A	1717	A
USGS	11122000	2014-06-18	1380.99	A	1713	A
USGS	11122000	2014-06-19	1380.96	A	1709	A
USGS	11122000	2014-06-20	1380.94	A	1707	A
USGS	11122000	2014-06-21	1380.91	A	1703	A
USGS	11122000	2014-06-22	1380.89	A	1700	A
USGS	11122000	2014-06-23	1380.86	A	1697	A
USGS	11122000	2014-06-24	1380.84	A	1694	A
USGS	11122000	2014-06-25	1380.81	A	1690	A
USGS	11122000	2014-06-26	1380.79	A	1688	A
USGS	11122000	2014-06-27	1380.76	A	1684	A
USGS	11122000	2014-06-28	1380.74	A	1681	A
USGS	11122000	2014-06-29	1380.72	A	1679	A
USGS	11122000	2014-06-30	1380.69	A	1675	A
USGS	11122000	2014-07-01	1380.68	A	1674	A
USGS	11122000	2014-07-02	1380.66	A	1671	A
USGS	11122000	2014-07-03	1380.63	A	1667	A
USGS	11122000	2014-07-04	1380.61	A	1665	A
USGS	11122000	2014-07-05	1380.58	A	1661	A
USGS	11122000	2014-07-06	1380.56	A	1658	A
USGS	11122000	2014-07-07	1380.53	A	1655	A
USGS	11122000	2014-07-08	1380.49	A	1649	A
USGS	11122000	2014-07-09	1380.47	A	1647	A
USGS	11122000	2014-07-10	1380.44	A	1643	A
USGS	11122000	2014-07-11	1380.42	A	1640	A
USGS	11122000	2014-07-12	1380.39	A	1637	A
USGS	11122000	2014-07-13	1380.37	A	1634	A
USGS	11122000	2014-07-14	1380.34	A	1630	A
USGS	11122000	2014-07-15	1380.33	A	1629	A
USGS	11122000	2014-07-16	1380.31	A	1626	A
USGS	11122000	2014-07-17	1380.29	A	1624	A
USGS	11122000	2014-07-18	1380.26	A	1620	A
USGS	11122000	2014-07-19	1380.24	A	1618	A
USGS	11122000	2014-07-20	1380.21	A	1614	A
USGS	11122000	2014-07-21	1380.19	A	1611	A
USGS	11122000	2014-07-22	1380.17	A	1609	A
USGS	11122000	2014-07-23	1380.15	A	1606	A
USGS	11122000	2014-07-24	1380.12	A	1602	A
USGS	11122000	2014-07-25	1380.10	A	1600	A
USGS	11122000	2014-07-26	1380.07	A	1596	A
USGS	11122000	2014-07-27	1380.05	A	1593	A
USGS	11122000	2014-07-28	1380.02	A	1589	A
USGS	11122000	2014-07-29	1379.99	A	1586	A
USGS	11122000	2014-07-30	1379.97	A	1583	A
USGS	11122000	2014-07-31	1379.94	A	1579	A
USGS	11122000	2014-08-01	1379.92	A	1577	A
USGS	11122000	2014-08-02	1379.90	A	1574	A
USGS	11122000	2014-08-03	1379.89	A	1573	A
USGS	11122000	2014-08-04	1379.87	A	1571	A
USGS	11122000	2014-08-05	1379.85	A	1568	A
USGS	11122000	2014-08-06	1379.81	A	1563	A
USGS	11122000	2014-08-07	1379.79	A	1561	A
USGS	11122000	2014-08-08	1379.77	A	1558	A
USGS	11122000	2014-08-09	1379.75	A	1556	A
USGS	11122000	2014-08-10	1379.74	A	1554	A
USGS	11122000	2014-08-11	1379.71	A	1551	A
USGS	11122000	2014-08-12	1379.69	A	1548	A
USGS	11122000	2014-08-13	1379.66	A	1544	A
USGS	11122000	2014-08-14	1379.64	A	1542	A
USGS	11122000	2014-08-15	1379.61	A	1538	A
USGS	11122000	2014-08-16	1379.58	A	1534	A
USGS	11122000	2014-08-17	1379.55	A	1530	A
USGS	11122000	2014-08-18	1379.53	A	1528	A
USGS	11122000	2014-08-19	1379.50	A	1524	A
USGS	11122000	2014-08-20	1379.48	A	1522	A
USGS	11122000	2014-08-21	1379.46	A	1519	A
USGS	11122000	2014-08-22	1379.44	A	1517	A
USGS	11122000	2014-08-23	1379.42	A	1514	A
USGS	11122000	2014-08-24	1379.39	A	1510	A
USGS	11122000	2014-08-25	1379.37	A	1508	A
USGS	11122000	2014-08-26	1379.34	A	1504	A
USGS	11122000	2014-08-27	1379.25	A	1493	A
USGS	11122000	2014-08-28	1379.09	A	1473	A
USGS	11122000	2014-08-29	1378.93	A	1453	A
USGS	11122000	2014-08-30	1378.78	A	1434	A
USGS	11122000	2014-08-31	1378.62	A	1415	A
USGS	11122000	2014-09-01	1378.47	A	1396	A
USGS	11122000	2014-09-02	1378.31	A	1377	A
USGS	11122000	2014-09-03	1378.16	A	1358	A
USGS	11122000	2014-09-04	1378.01	A	1340	A
USGS	11122000	2014-09-05	1377.85	A	1320	A
USGS	11122000	2014-09-06	1377.70	A	1302	A
USGS	11122000	2014-09-07	1377.55	A	1284	A
USGS	11122000	2014-09-08	1377.39	A	1265	A
USGS	11122000	2014-09-09	1377.23	A	1245	A
USGS	11122000	2014-09-10	1377.07	A	1226	A
USGS	11122000	2014-09-11	1376.92	A	1208	A
USGS	11122000	2014-09-12	1376.77	A	1190	A
USGS	11122000	2014-09-13	1376.61	A	1171	A
USGS	11122000	2014-09-14	1376.46	A	1153	A
USGS	11122000	2014-09-15	1376.30	A	1135	A
USGS	11122000	2014-09-16	1376.15	A	1117	A
USGS	11122000	2014-09-17	1375.98	A	1097	A
USGS	11122000	2014-09-18	1375.82	A	1078	A
USGS	11122000	2014-09-19	1375.67	A	1061	A
USGS	11122000	2014-09-20	1375.52	A	1043	A
USGS	11122000	2014-09-21	1375.36	A	1024	A
USGS	11122000	2014-09-22	1375.20	A	1006	A
USGS	11122000	2014-09-23	1375.04	A	987.2	A
USGS	11122000	2014-09-24	1374.88	A	968.9	A
USGS	11122000	2014-09-25	1374.72	A	950.7	A
USGS	11122000	2014-09-26	1374.56	A	932.5	A
USGS	11122000	2014-09-27	1374.40	A	914.3	A
USGS	11122000	2014-09-28	1374.24	A	896.1	A
USGS	11122000	2014-09-29	1374.09	A	879.0	A
USGS	11122000	2014-09-30	1373.93	A	861.1	A
USGS	11122000	2014-10-01	1373.77	A	843.4	A
USGS	11122000	2014-10-02	1373.75	A	841.2	A
USGS	11122000	2014-10-03	1373.74	A	840.1	A
USGS	11122000	2014-10-04	1373.71	A	836.8	A
USGS	11122000	2014-10-05	1373.70	A	835.7	A
USGS	11122000	2014-10-06	1373.69	A	834.6	A
USGS	11122000	2014-10-07	1373.67	A	832.4	A
USGS	11122000	2014-10-08	1373.65	A	830.2	A
USGS	11122000	2014-10-09	1373.63	A	828.0	A
USGS	11122000	2014-10-10	1373.63	A	828.0	A
USGS	11122000	2014-10-11	1373.61	A	825.8	A
USGS	11122000	2014-10-12	1373.61	A	825.8	A
USGS	11122000	2014-10-13	1373.59	A	823.6	A
USGS	11122000	2014-10-14	1373.57	A	821.4	A
USGS	11122000	2014-10-15	1373.56	A	820.3	A
USGS	11122000	2014-10-16	1373.55	A	819.2	A
USGS	11122000	2014-10-17	1373.53	A	817.0	A
USGS	11122000	2014-10-18	1373.53	A	817.0	A
USGS	11122000	2014-10-19	1373.52	A	815.9	A
USGS	11122000	2014-10-20	1373.50	A	813.7	A
USGS	11122000	2014-10-21	1373.50	A	813.7	A
USGS	11122000	2014-10-22	1373.49	A	812.6	A
USGS	11122000	2014-10-23	1373.47	A	810.4	A
USGS	11122000	2014-10-24	1373.45	A	808.1	A
USGS	11122000	2014-10-25	1373.44	A	807.0	A
USGS	11122000	2014-10-26	1373.43	A	806.0	A
USGS	11122000	2014-10-27	1373.43	A	806.0	A
USGS	11122000	2014-10-28	1373.41	A	803.7	A
USGS	11122000	2014-10-29	1373.41	A	803.7	A
USGS	11122000	2014-10-30	1373.38	A	800.4	A
USGS	11122000	2014-10-31	1373.38	A	800.4	A
USGS	11122000	2014-11-01	1373.48	A	811.5	A
USGS	11122000	2014-11-02	1373.47	A	810.4	A
USGS	11122000	2014-11-03	1373.46	A	809.3	A
USGS	11122000	2014-11-04	1373.45	A	808.1	A
USGS	11122000	2014-11-05	1373.45	A	808.1	A
USGS	11122000	2014-11-06	1373.36	A	798.2	A
USGS	11122000	2014-11-07	1373.27	A	788.3	A
USGS	11122000	2014-11-08	1373.18	A	778.4	A
USGS	11122000	2014-11-09	1373.10	A	769.6	A
USGS	11122000	2014-11-10	1373.01	A	759.7	A
USGS	11122000	2014-11-11	1372.93	A	751.1	A
USGS	11122000	2014-11-12	1372.84	A	741.4	A
USGS	11122000	2014-11-13	1372.75	A	731.8	A
USGS	11122000	2014-11-14	1372.67	A	723.2	A
USGS	11122000	2014-11-15	1372.59	A	714.6	A
USGS	11122000	2014-11-16	1372.51	A	706.0	A
USGS	11122000	2014-11-17	1372.41	A	695.3	A
USGS	11122000	2014-11-18	1372.39	A	693.2	A
USGS	11122000	2014-11-19	1372.40	A	694.3	A
USGS	11122000	2014-11-20	1372.39	A	693.2	A
USGS	11122000	2014-11-21	1372.38	A	692.1	A
USGS	11122000	2014-11-22	1372.37	A	691.0	A
USGS	11122000	2014-11-23	1372.37	A	691.0	A
USGS	11122000	2014-11-24	1372.36	A	690.0	A
USGS	11122000	2014-11-25	1372.34	A	687.8	A
USGS	11122000	2014-11-26	1372.34	A	687.8	A
USGS	11122000	2014-11-27	1372.31	A	684.6	A
USGS	11122000	2014-11-28	1372.30	A	683.5	A
USGS	11122000	2014-11-29	1372.31	A	684.6	A
USGS	11122000	2014-11-30	1372.29	A	682.5	A
USGS	11122000	2014-12-01	1372.29	A	682.5	A
USGS	11122000	2014-12-02	1372.34	A	687.8	A
USGS	11122000	2014-12-03	1372.55	A	710.0	A
USGS	11122000	2014-12-04	1372.57	A	712.0	A
USGS	11122000	2014-12-05	1372.58	A	714.0	A
USGS	11122000	2014-12-06	1372.55	A	710.3	A
USGS	11122000	2014-12-07	1372.55	A	710.3	A
USGS	11122000	2014-12-08	1372.55	A	710.3	A
USGS	11122000	2014-12-09	1372.53	A	708.2	A
USGS	11122000	2014-12-10	1372.57	A	712.0	A
USGS	11122000	2014-12-11	1372.57	A	712.0	A
USGS	11122000	2014-12-12	1372.92	A	750.0	A
USGS	11122000	2014-12-13	1375.87	A	1084	A
USGS	11122000	2014-12-14	1375.92	A	1090	A
USGS	11122000	2014-12-15	1375.98	A	1097	A
USGS	11122000	2014-12-16	1375.99	A	1098	A
USGS	11122000	2014-12-17	1376.04	A	1104	A
USGS	11122000	2014-12-18	1376.12	A	1113	A
USGS	11122000	2014-12-19	1376.15	A	1117	A
USGS	11122000	2014-12-20	1376.17	A	1119	A
USGS	11122000	2014-12-21	1376.18	A	1120	A
USGS	11122000	2014-12-22	1376.21	A	1124	A
USGS	11122000	2014-12-23	1376.20	A	1123	A
USGS	11122000	2014-12-24	1376.20	A	1123	A
USGS	11122000	2014-12-25	1376.20	A	1123	A
USGS	11122000	2014-12-26	1376.20	A	1123	A
USGS	11122000	2014-12-27	1376.20	A	1123	A
USGS	11122000	2014-12-28	1376.19	A	1121	A
USGS	11122000	2014-12-29	1376.20	A	1123	A
USGS	11122000	2014-12-30	1376.20	A	1123	A
USGS	11122000	2014-12-31	1376.21	A	1124	A
USGS	11122000	2015-01-01	1376.20	A	1123	A
USGS	11122000	2015-01-02	1376.19	A	1121	A
USGS	11122000	2015-01-03	1376.20	A	1123	A
USGS	11122000	2015-01-04	1376.20	A	1123	A
USGS	11122000	2015-01-05	1376.21	A	1124	A
USGS	11122000	2015-01-06	1376.21	A	1124	A
USGS	11122000	2015-01-07	1376.22	A	1125	A
USGS	11122000	2015-01-08	1376.21	A	1124	A
USGS	11122000	2015-01-09	1376.22	A	1125	A
USGS	11122000	2015-01-10	1376.22	A	1125	A
USGS	11122000	2015-01-11	1376.28	A	1132	A
USGS	11122000	2015-01-12	1376.29	A	1133	A
USGS	11122000	2015-01-13	1376.29	A	1133	A
USGS	11122000	2015-01-14	1376.29	A	1133	A
USGS	11122000	2015-01-15	1376.30	A	1135	A
USGS	11122000	2015-01-16	1376.30	A	1135	A
USGS	11122000	2015-01-17	1376.29	A	1133	A
USGS	11122000	2015-01-18	1376.29	A	1133	A
USGS	11122000	2015-01-19	1376.30	A	1135	A
USGS	11122000	2015-01-20	1376.30	A	1135	A
USGS	11122000	2015-01-21	1376.30	A	1135	A
USGS	11122000	2015-01-22	1376.30	A	1135	A
USGS	11122000	2015-01-23	1376.30	A	1135	A
USGS	11122000	2015-01-24	1376.30	A	1135	A
USGS	11122000	2015-01-25	1376.30	A	1135	A
USGS	11122000	2015-01-26	1376.29	A	1133	A
USGS	11122000	2015-01-27	1376.32	A	1137	A
USGS	11122000	2015-01-28	1376.32	A	1137	A
USGS	11122000	2015-01-29	1376.33	A	1138	A
USGS	11122000	2015-01-30	1376.33	A	1138	A
USGS	11122000	2015-01-31	1376.33	A	1138	A
USGS	11122000	2015-02-01	1376.32	A	1137	A
USGS	11122000	2015-02-02	1376.33	A	1138	A
USGS	11122000	2015-02-03	1376.33	A	1138	A
USGS	11122000	2015-02-04	1376.32	A	1137	A
USGS	11122000	2015-02-05	1376.32	A	1137	A
USGS	11122000	2015-02-06	1376.32	A	1137	A
USGS	11122000	2015-02-07	1376.32	A	1137	A
USGS	11122000	2015-02-08	1376.35	A	1140	A
USGS	11122000	2015-02-09	1376.38	A	1144	A
USGS	11122000	2015-02-10	1376.38	A	1144	A
USGS	11122000	2015-02-11	1376.36	A	1142	A
USGS	11122000	2015-02-12	1376.31	A	1136	A
USGS	11122000	2015-02-13	1376.25	A	1129	A
USGS	11122000	2015-02-14	1376.18	A	1120	A
USGS	11122000	2015-02-15	1376.12	A	1113	A
USGS	11122000	2015-02-16	1376.06	A	1106	A
USGS	11122000	2015-02-17	1375.99	A	1098	A
USGS	11122000	2015-02-18	1375.93	A	1091	A
USGS	11122000	2015-02-19	1375.86	A	1083	A
USGS	11122000	2015-02-20	1375.79	A	1075	A
USGS	11122000	2015-02-21	1375.72	A	1066	A
USGS	11122000	2015-02-22	1375.66	A	1059	A
USGS	11122000	2015-02-23	1375.63	A	1056	A
USGS	11122000	2015-02-24	1375.56	A	1048	A
USGS	11122000	2015-02-25	1375.48	A	1038	A
USGS	11122000	2015-02-26	1375.42	A	1031	A
USGS	11122000	2015-02-27	1375.34	A	1022	A
USGS	11122000	2015-02-28	1375.27	A	1014	A
USGS	11122000	2015-03-01	1375.25	A	1012	A
USGS	11122000	2015-03-02	1375.18	A	1003	A
USGS	11122000	2015-03-03	1375.12	A	996.5	A
USGS	11122000	2015-03-04	1375.04	A	987.2	A
USGS	11122000	2015-03-05	1374.98	A	980.2	A
USGS	11122000	2015-03-06	1374.91	A	972.3	A
USGS	11122000	2015-03-07	1374.90	A	971.1	A
USGS	11122000	2015-03-08	1374.90	A	971.1	A
USGS	11122000	2015-03-09	1374.89	A	970.0	A
USGS	11122000	2015-03-10	1374.88	A	968.9	A
USGS	11122000	2015-03-11	1374.82	A	962.0	A
USGS	11122000	2015-03-12	1374.78	A	957.5	A
USGS	11122000	2015-03-13	1374.70	A	948.4	A
USGS	11122000	2015-03-14	1374.64	A	941.6	A
USGS	11122000	2015-03-15	1374.57	A	933.6	A
USGS	11122000	2015-03-16	1374.50	A	925.6	A
USGS	11122000	2015-03-17	1374.44	A	918.8	A
USGS	11122000	2015-03-18	1374.36	A	909.7	A
USGS	11122000	2015-03-19	1374.29	A	901.8	A
USGS	11122000	2015-03-20	1374.22	A	893.8	A
USGS	11122000	2015-03-21	1374.16	A	887.0	A
USGS	11122000	2015-03-22	1374.08	A	877.9	A
USGS	11122000	2015-03-23	1374.00	A	868.8	A
USGS	11122000	2015-03-24	1373.94	A	862.2	A
USGS	11122000	2015-03-25	1373.86	A	853.3	A
USGS	11122000	2015-03-26	1373.77	A	843.4	A
USGS	11122000	2015-03-27	1373.71	A	836.8	A
USGS	11122000	2015-03-28	1373.63	A	828.0	A
USGS	11122000	2015-03-29	1373.56	A	820.3	A
USGS	11122000	2015-03-30	1373.48	A	811.5	A
USGS	11122000	2015-03-31	1373.41	A	803.7	A
USGS	11122000	2015-04-01	1373.36	A	798.2	A
USGS	11122000	2015-04-02	1373.26	A	787.2	A
USGS	11122000	2015-04-03	1373.17	A	777.3	A
USGS	11122000	2015-04-04	1373.16	A	776.2	A
USGS	11122000	2015-04-05	1373.13	A	772.9	A
USGS	11122000	2015-04-06	1373.12	A	771.8	A
USGS	11122000	2015-04-07	1373.10	A	769.6	A
USGS	11122000	2015-04-08	1373.13	A	772.9	A
USGS	11122000	2015-04-09	1373.12	A	771.8	A
USGS	11122000	2015-04-10	1373.10	A	769.6	A
USGS	11122000	2015-04-11	1373.08	A	767.4	A
USGS	11122000	2015-04-12	1373.08	A	767.4	A
USGS	11122000	2015-04-13	1373.06	A	765.2	A
USGS	11122000	2015-04-14	1373.05	A	764.1	A
USGS	11122000	2015-04-15	1373.04	A	763.0	A
USGS	11122000	2015-04-16	1373.01	A	759.7	A
USGS	11122000	2015-04-17	1373.00	A	758.6	A
USGS	11122000	2015-04-18	1372.97	A	755.3	A
USGS	11122000	2015-04-19	1372.96	A	754.3	A
USGS	11122000	2015-04-20	1372.95	A	753.2	A
USGS	11122000	2015-04-21	1372.94	A	752.1	A
USGS	11122000	2015-04-22	1372.93	A	751.1	A
USGS	11122000	2015-04-23	1372.92	A	750.0	A
USGS	11122000	2015-04-24	1372.92	A	750.0	A
USGS	11122000	2015-04-25	1372.90	A	747.8	A
USGS	11122000	2015-04-26	1372.90	A	747.8	A
USGS	11122000	2015-04-27	1372.89	A	746.8	A
USGS	11122000	2015-04-28	1372.88	A	745.7	A
USGS	11122000	2015-04-29	1372.86	A	743.6	A
USGS	11122000	2015-04-30	1372.85	A	742.5	A
USGS	11122000	2015-05-01	1372.84	A	741.4	A
USGS	11122000	2015-05-02	1372.82	A	739.3	A
USGS	11122000	2015-05-03	1372.79	A	736.1	A
USGS	11122000	2015-05-04	1372.76	A	732.8	A
USGS	11122000	2015-05-05	1372.75	A	731.8	A
USGS	11122000	2015-05-06	1372.74	A	730.7	A
USGS	11122000	2015-05-07	1372.72	A	728.5	A
USGS	11122000	2015-05-08	1372.73	A	729.6	A
USGS	11122000	2015-05-09	1372.72	A	728.5	A
USGS	11122000	2015-05-10	1372.72	A	728.5	A
USGS	11122000	2015-05-11	1372.70	A	726.4	A
USGS	11122000	2015-05-12	1372.68	A	724.3	A
USGS	11122000	2015-05-13	1372.66	A	722.1	A
USGS	11122000	2015-05-14	1372.65	A	721.1	A
USGS	11122000	2015-05-15	1372.65	A	721.1	A
USGS	11122000	2015-05-16	1372.64	A	720.0	A
USGS	11122000	2015-05-17	1372.63	A	718.9	A
USGS	11122000	2015-05-18	1372.61	A	716.8	A
USGS	11122000	2015-05-19	1372.59	A	714.6	A
USGS	11122000	2015-05-20	1372.58	A	713.5	A
USGS	11122000	2015-05-21	1372.57	A	712.5	A
USGS	11122000	2015-05-22	1372.56	A	711.4	A
USGS	11122000	2015-05-23	1372.54	A	709.3	A
USGS	11122000	2015-05-24	1372.52	A	707.1	A
USGS	11122000	2015-05-25	1372.51	A	706.0	A
USGS	11122000	2015-05-26	1372.50	A	705.0	A
USGS	11122000	2015-05-27	1372.47	A	701.8	A
USGS	11122000	2015-05-28	1372.47	A	701.8	A
USGS	11122000	2015-05-29	1372.46	A	700.7	A
USGS	11122000	2015-05-30	1372.44	A	698.5	A
USGS	11122000	2015-05-31	1372.42	A	696.4	A
USGS	11122000	2015-06-01	1372.40	A	694.3	A
USGS	11122000	2015-06-02	1372.38	A	692.1	A
USGS	11122000	2015-06-03	1372.35	A	688.9	A
USGS	11122000	2015-06-04	1372.32	A	685.7	A
USGS	11122000	2015-06-05	1372.31	A	684.6	A
USGS	11122000	2015-06-06	1372.29	A	682.5	A
USGS	11122000	2015-06-07	1372.27	A	680.3	A
USGS	11122000	2015-06-08	1372.26	A	679.3	A
USGS	11122000	2015-06-09	1372.23	A	676.0	A
USGS	11122000	2015-06-10	1372.31	A	684.6	A
USGS	11122000	2015-06-11	1372.30	A	683.5	A
USGS	11122000	2015-06-12	1372.30	A	683.5	A
USGS	11122000	2015-06-13	1372.28	A	681.4	A
USGS	11122000	2015-06-14	1372.28	A	681.4	A
USGS	11122000	2015-06-15	1372.26	A	679.3	A
USGS	11122000	2015-06-16	1372.24	A	677.1	A
USGS	11122000	2015-06-17	1372.21	A	673.9	A
USGS	11122000	2015-06-18	1372.18	A	670.7	A
USGS	11122000	2015-06-19	1372.15	A	667.5	A
USGS	11122000	2015-06-20	1372.12	A	664.2	A
USGS	11122000	2015-06-21	1372.09	A	661.0	A
USGS	11122000	2015-06-22	1372.06	A	657.8	A
USGS	11122000	2015-06-23	1372.03	A	654.6	A
USGS	11122000	2015-06-24	1372.00	A	651.4	A
USGS	11122000	2015-06-25	1371.98	A	649.3	A
USGS	11122000	2015-06-26	1371.96	A	647.2	A
USGS	11122000	2015-06-27	1371.93	A	644.1	A
USGS	11122000	2015-06-28	1371.91	A	642.0	A
USGS	11122000	2015-06-29	1371.89	A	639.9	A
USGS	11122000	2015-06-30	1371.88	A	638.9	A
USGS	11122000	2015-07-01	1371.84	A	634.7	A
USGS	11122000	2015-07-02	1371.82	A	632.6	A
USGS	11122000	2015-07-03	1371.81	A	631.6	A
USGS	11122000	2015-07-04	1371.78	A	628.4	A
USGS	11122000	2015-07-05	1371.75	A	625.3	A
USGS	11122000	2015-07-06	1371.73	A	623.2	A
USGS	11122000	2015-07-07	1371.70	A	620.1	A
USGS	11122000	2015-07-08	1371.68	A	618.0	A
USGS	11122000	2015-07-09	1371.66	A	615.9	A
USGS	11122000	2015-07-10	1371.64	A	613.8	A
USGS	11122000	2015-07-11	1371.62	A	611.8	A
USGS	11122000	2015-07-12	1371.58	A	607.6	A
USGS	11122000	2015-07-13	1371.58	A	607.6	A
USGS	11122000	2015-07-14	1371.54	A	603.4	A
USGS	11122000	2015-07-15	1371.52	A	601.3	A
USGS	11122000	2015-07-16	1371.50	A	599.2	A
USGS	11122000	2015-07-17	1371.48	A	597.2	A
USGS	11122000	2015-07-18	1371.45	A	594.0	A
USGS	11122000	2015-07-19	1371.43	A	592.0	A
USGS	11122000	2015-07-20	1371.45	A	594.0	A
USGS	11122000	2015-07-21	1371.44	A	593.0	A
USGS	11122000	2015-07-22	1371.42	A	590.9	A
USGS	11122000	2015-07-23	1371.40	A	588.8	A
USGS	11122000	2015-07-24	1371.39	A	587.8	A
USGS	11122000	2015-07-25	1371.36	A	584.6	A
USGS	11122000	2015-07-26	1371.33	A	581.5	A
USGS	11122000	2015-07-27	1371.30	A	578.4	A
USGS	11122000	2015-07-28	1371.27	A	575.3	A
USGS	11122000	2015-07-29	1371.25	A	573.2	A
USGS	11122000	2015-07-30	1371.24	A	572.1	A
USGS	11122000	2015-07-31	1371.38	A	586.7	A
USGS	11122000	2015-08-01	1371.41	A	589.9	A
USGS	11122000	2015-08-02	1371.38	A	586.7	A
USGS	11122000	2015-08-03	1371.36	A	584.6	A
USGS	11122000	2015-08-04	1371.33	A	581.5	A
USGS	11122000	2015-08-05	1371.31	A	579.4	A
USGS	11122000	2015-08-06	1371.28	A	576.3	A
USGS	11122000	2015-08-07	1371.27	A	575.3	A
USGS	11122000	2015-08-08	1371.24	A	572.1	A
USGS	11122000	2015-08-09	1371.23	A	571.1	A
USGS	11122000	2015-08-10	1371.20	A	568.0	A
USGS	11122000	2015-08-11	1371.18	A	565.9	A
USGS	11122000	2015-08-12	1371.16	A	563.8	A
USGS	11122000	2015-08-13	1371.13	A	560.7	A
USGS	11122000	2015-08-14	1371.11	A	558.6	A
USGS	11122000	2015-08-15	1371.09	A	556.5	A
USGS	11122000	2015-08-16	1371.06	A	553.4	A
USGS	11122000	2015-08-17	1371.04	A	551.3	A
USGS	11122000	2015-08-18	1371.02	A	549.2	A
USGS	11122000	2015-08-19	1370.99	A	546.1	A
USGS	11122000	2015-08-20	1370.96	A	543.1	A
USGS	11122000	2015-08-21	1370.94	A	541.0	A
USGS	11122000	2015-08-22	1370.92	A	539.0	A
USGS	11122000	2015-08-23	1370.90	A	537.0	A
USGS	11122000	2015-08-24	1370.88	A	535.0	A
USGS	11122000	2015-08-25	1370.86	A	533.0	A
USGS	11122000	2015-08-26	1370.84	A	530.9	A
USGS	11122000	2015-08-27	1370.81	A	527.9	A
USGS	11122000	2015-08-28	1370.78	A	524.9	A
USGS	11122000	2015-08-29	1370.76	A	522.9	A
USGS	11122000	2015-08-30	1370.73	A	519.8	A
USGS	11122000	2015-08-31	1370.72	A	518.8	A
USGS	11122000	2015-09-01	1370.68	A	514.8	A
USGS	11122000	2015-09-02	1370.67	A	513.8	A
USGS	11122000	2015-09-03	1370.66	A	512.8	A
USGS	11122000	2015-09-04	1370.63	A	509.7	A
USGS	11122000	2015-09-05	1370.61	A	507.7	A
USGS	11122000	2015-09-06	1370.60	A	506.7	A
USGS	11122000	2015-09-07	1370.56	A	502.7	A
USGS	11122000	2015-09-08	1370.55	A	501.6	A
USGS	11122000	2015-09-09	1370.53	A	499.6	A
USGS	11122000	2015-09-10	1370.51	A	497.6	A
USGS	11122000	2015-09-11	1370.50	A	496.6	A
USGS	11122000	2015-09-12	1370.48	A	494.6	A
USGS	11122000	2015-09-13	1370.47	A	493.6	A
USGS	11122000	2015-09-14	1370.44	A	490.5	A
USGS	11122000	2015-09-15	1370.44	A	490.5	A
USGS	11122000	2015-09-16	1370.43	A	489.5	A
USGS	11122000	2015-09-17	1370.42	A	488.5	A
USGS	11122000	2015-09-18	1370.39	A	485.5	A
USGS	11122000	2015-09-19	1370.38	A	484.5	A
USGS	11122000	2015-09-20	1370.36	A	482.4	A
USGS	11122000	2015-09-21	1370.35	A	481.4	A
USGS	11122000	2015-09-22	1370.33	A	479.4	A
USGS	11122000	2015-09-23	1370.31	A	477.4	A
USGS	11122000	2015-09-24	1370.29	A	475.4	A
USGS	11122000	2015-09-25	1370.27	A	473.4	A
USGS	11122000	2015-09-26	1370.25	A	471.3	A
USGS	11122000	2015-09-27	1370.23	A	469.3	A
USGS	11122000	2015-09-28	1370.20	A	466.3	A
USGS	11122000	2015-09-29	1370.18	A	464.3	A
USGS	11122000	2015-09-30	1370.17	A	463.2	A
USGS	11122000	2015-10-01	1370.16	A	462.2	A
USGS	11122000	2015-10-02	1370.13	A	459.2	A
USGS	11122000	2015-10-03	1370.13	A	459.2	A
USGS	11122000	2015-10-04	1370.10	A	456.2	A
USGS	11122000	2015-10-05	1370.10	A	456.2	A
USGS	11122000	2015-10-06	1370.09	A	455.2	A
USGS	11122000	2015-10-07	1370.07	A	453.1	A
USGS	11122000	2015-10-08	1370.06	A	452.1	A
USGS	11122000	2015-10-09	1370.04	A	450.1	A
USGS	11122000	2015-10-10	1370.02	A	448.1	A
USGS	11122000	2015-10-11	1370.02	A	448.1	A
USGS	11122000	2015-10-12	1370.01	A	447.1	A
USGS	11122000	2015-10-13	1370.00	A	446.1	A
USGS	11122000	2015-10-14	1369.98	A	444.1	A
USGS	11122000	2015-10-15	1369.98	A	445.0	A
USGS	11122000	2015-10-16	1369.98	A	444.1	A
USGS	11122000	2015-10-17	1369.97	A	443.2	A
USGS	11122000	2015-10-18	1369.96	A	442.2	A
USGS	11122000	2015-10-19	1369.94	A	440.3	A
USGS	11122000	2015-10-20	1369.93	A	439.3	A
USGS	11122000	2015-10-21	1369.92	A	438.3	A
USGS	11122000	2015-10-22	1369.90	A	436.4	A
USGS	11122000	2015-10-23	1369.88	A	434.4	A
USGS	11122000	2015-10-24	1369.88	A	434.4	A
USGS	11122000	2015-10-25	1369.85	A	431.5	A
USGS	11122000	2015-10-26	1369.86	A	432.5	A
USGS	11122000	2015-10-27	1369.83	A	429.6	A
USGS	11122000	2015-10-28	1369.82	A	428.6	A
USGS	11122000	2015-10-29	1369.80	A	426.7	A
USGS	11122000	2015-10-30	1369.80	A	426.7	A
USGS	11122000	2015-10-31	1369.80	A	426.7	A
USGS	11122000	2015-11-01	1369.78	A	424.8	A
USGS	11122000	2015-11-02	1369.76	A	422.8	A
USGS	11122000	2015-11-03	1369.76	A	422.8	A
USGS	11122000	2015-11-04	1369.76	A	422.8	A
USGS	11122000	2015-11-05	1369.75	A	421.8	A
USGS	11122000	2015-11-06	1369.74	A	420.9	A
USGS	11122000	2015-11-07	1369.74	A	420.9	A
USGS	11122000	2015-11-08	1369.71	A	418.0	A
USGS	11122000	2015-11-09	1369.71	A	418.0	A
USGS	11122000	2015-11-10	1369.70	A	417.0	A
USGS	11122000	2015-11-11	1369.70	A	417.0	A
USGS	11122000	2015-11-12	1369.68	A	415.1	A
USGS	11122000	2015-11-13	1369.67	A	414.1	A
USGS	11122000	2015-11-14	1369.66	A	413.1	A
USGS	11122000	2015-11-15	1369.66	A	413.1	A
USGS	11122000	2015-11-16	1369.66	A	413.1	A
USGS	11122000	2015-11-17	1369.64	A	411.2	A
USGS	11122000	2015-11-18	1369.64	A	411.2	A
USGS	11122000	2015-11-19	1369.63	A	410.2	A
USGS	11122000	2015-11-20	1369.63	A	410.2	A
USGS	11122000	2015-11-21	1369.62	A	409.2	A
USGS	11122000	2015-11-22	1369.61	A	408.3	A
USGS	11122000	2015-11-23	1369.61	A	408.3	A
USGS	11122000	2015-11-24	1369.59	A	406.3	A
USGS	11122000	2015-11-25	1369.58	A	405.4	A
USGS	11122000	2015-11-26	1369.57	A	404.4	A
USGS	11122000	2015-11-27	1369.58	A	405.4	A
USGS	11122000	2015-11-28	1369.56	A	403.4	A
USGS	11122000	2015-11-29	1369.56	A	403.4	A
USGS	11122000	2015-11-30	1369.55	A	402.5	A
USGS	11122000	2015-12-01	1369.55	A	402.5	A
USGS	11122000	2015-12-02	1369.54	A	401.5	A
USGS	11122000	2015-12-03	1369.54	A	401.5	A
USGS	11122000	2015-12-04	1369.53	A	400.5	A
USGS	11122000	2015-12-05	1369.53	A	400.5	A
USGS	11122000	2015-12-06	1369.52	A	399.6	A
USGS	11122000	2015-12-07	1369.51	A	398.6	A
USGS	11122000	2015-12-08	1369.51	A	398.6	A
USGS	11122000	2015-12-09	1369.51	A	398.6	A
USGS	11122000	2015-12-10	1369.50	A	397.6	A
USGS	11122000	2015-12-11	1369.51	A	398.6	A
USGS	11122000	2015-12-12	1369.50	A	397.6	A
USGS	11122000	2015-12-13	1369.50	A	397.6	A
USGS	11122000	2015-12-14	1369.50	A	397.6	A
USGS	11122000	2015-12-15	1369.49	A	396.7	A
USGS	11122000	2015-12-16	1369.48	A	395.7	A
USGS	11122000	2015-12-17	1369.48	A	395.7	A
USGS	11122000	2015-12-18	1369.48	A	395.7	A
USGS	11122000	2015-12-19	1369.47	A	394.7	A
USGS	11122000	2015-12-20	1369.50	A	397.6	A
USGS	11122000	2015-12-21	1369.48	A	395.7	A
USGS	11122000	2015-12-22	1369.51	A	398.6	A
USGS	11122000	2015-12-23	1369.52	A	399.6	A
USGS	11122000	2015-12-24	1369.51	A	398.6	A
USGS	11122000	2015-12-25	1369.51	A	398.6	A
USGS	11122000	2015-12-26	1369.50	A	397.6	A
USGS	11122000	2015-12-27	1369.50	A	397.6	A
USGS	11122000	2015-12-28	1369.50	A	397.6	A
USGS	11122000	2015-12-29	1369.49	A	396.7	A
USGS	11122000	2015-12-30	1369.49	A	396.7	A
USGS	11122000	2015-12-31	1369.47	A	394.7	A
USGS	11122000	2016-01-01	1369.46	A	393.7	A
USGS	11122000	2016-01-02	1369.47	A	394.7	A
USGS	11122000	2016-01-03	1369.47	A	394.7	A
USGS	11122000	2016-01-04	1369.46	A	393.7	A
USGS	11122000	2016-01-05	1369.56	A	403.4	A
USGS	11122000	2016-01-06	1369.81	A	427.7	A
USGS	11122000	2016-01-07	1370.49	A	495.6	A
USGS	11122000	2016-01-08	1370.61	A	507.7	A
USGS	11122000	2016-01-09	1370.61	A	507.7	A
USGS	11122000	2016-01-10	1370.63	A	509.7	A
USGS	11122000	2016-01-11	1370.63	A	509.7	A
USGS	11122000	2016-01-12	1370.63	A	509.7	A
USGS	11122000	2016-01-13	1370.63	A	509.7	A
USGS	11122000	2016-01-14	1370.62	A	508.7	A
USGS	11122000	2016-01-15	1370.63	A	509.7	A
USGS	11122000	2016-01-16	1370.63	A	509.7	A
USGS	11122000	2016-01-17	1370.63	A	509.7	A
USGS	11122000	2016-01-18	1370.62	A	508.7	A
USGS	11122000	2016-01-19	1370.63	A	509.7	A
USGS	11122000	2016-01-20	1370.68	A	514.8	A
USGS	11122000	2016-01-21	1370.68	A	514.8	A
USGS	11122000	2016-01-22	1370.67	A	513.8	A
USGS	11122000	2016-01-23	1370.67	A	513.8	A
USGS	11122000	2016-01-24	1370.66	A	512.8	A
USGS	11122000	2016-01-25	1370.66	A	512.8	A
USGS	11122000	2016-01-26	1370.66	A	512.8	A
USGS	11122000	2016-01-27	1370.66	A	512.8	A
USGS	11122000	2016-01-28	1370.65	A	511.7	A
USGS	11122000	2016-01-29	1370.65	A	511.7	A
USGS	11122000	2016-01-30	1370.64	A	510.7	A
USGS	11122000	2016-01-31	1370.67	A	513.8	A
USGS	11122000	2016-02-01	1371.92	A	643.1	A
USGS	11122000	2016-02-02	1372.11	A	663.2	A
USGS	11122000	2016-02-03	1372.16	A	668.5	A
USGS	11122000	2016-02-04	1372.16	A	668.5	A
USGS	11122000	2016-02-05	1372.16	A	668.5	A
USGS	11122000	2016-02-06	1372.16	A	668.5	A
USGS	11122000	2016-02-07	1372.16	A	668.5	A
USGS	11122000	2016-02-08	1372.16	A	668.5	A
USGS	11122000	2016-02-09	1372.16	A	668.5	A
USGS	11122000	2016-02-10	1372.15	A	667.5	A
USGS	11122000	2016-02-11	1372.14	A	666.4	A
USGS	11122000	2016-02-12	1372.16	A	668.5	A
USGS	11122000	2016-02-13	1372.14	A	666.4	A
USGS	11122000	2016-02-14	1372.14	A	666.4	A
USGS	11122000	2016-02-15	1372.13	A	665.3	A
USGS	11122000	2016-02-16	1372.14	A	666.4	A
USGS	11122000	2016-02-17	1372.15	A	666.0	A
USGS	11122000	2016-02-18	1372.17	A	671.0	A
USGS	11122000	2016-02-19	1372.19	A	671.7	A
USGS	11122000	2016-02-20	1372.18	A	670.7	A
USGS	11122000	2016-02-21	1372.17	A	669.6	A
USGS	11122000	2016-02-22	1372.17	A	669.6	A
USGS	11122000	2016-02-23	1372.17	A	669.6	A
USGS	11122000	2016-02-24	1372.16	A	668.5	A
USGS	11122000	2016-02-25	1372.15	A	667.5	A
USGS	11122000	2016-02-26	1372.15	A	667.5	A
USGS	11122000	2016-02-27	1372.15	A	667.5	A
USGS	11122000	2016-02-28	1372.14	A	666.4	A
USGS	11122000	2016-02-29	1372.15	A	667.5	A
USGS	11122000	2016-03-01	1372.13	A	665.3	A
USGS	11122000	2016-03-02	1372.13	A	665.3	A
USGS	11122000	2016-03-03	1372.11	A	663.2	A
USGS	11122000	2016-03-04	1372.11	A	663.2	A
USGS	11122000	2016-03-05	1372.11	A	663.2	A
USGS	11122000	2016-03-06	1372.29	A	682.5	A
USGS	11122000	2016-03-07	1372.71	A	727.5	A
USGS	11122000	2016-03-08	1373.17	A	777.3	A
USGS	11122000	2016-03-09	1373.28	A	789.4	A
USGS	11122000	2016-03-10	1373.33	A	794.9	A
USGS	11122000	2016-03-11	1373.34	A	796.0	A
USGS	11122000	2016-03-12	1374.20	A	891.5	A
USGS	11122000	2016-03-13	1374.52	A	927.9	A
USGS	11122000	2016-03-14	1374.64	A	941.6	A
USGS	11122000	2016-03-15	1374.71	A	949.5	A
USGS	11122000	2016-03-16	1374.74	A	952.9	A
USGS	11122000	2016-03-17	1374.77	A	956.3	A
USGS	11122000	2016-03-18	1374.79	A	958.6	A
USGS	11122000	2016-03-19	1374.81	A	960.9	A
USGS	11122000	2016-03-20	1374.82	A	962.0	A
USGS	11122000	2016-03-21	1374.81	A	960.9	A
USGS	11122000	2016-03-22	1374.81	A	960.9	A
USGS	11122000	2016-03-23	1374.82	A	962.0	A
USGS	11122000	2016-03-24	1374.80	A	959.8	A
USGS	11122000	2016-03-25	1374.80	A	959.8	A
USGS	11122000	2016-03-26	1374.79	A	958.6	A
USGS	11122000	2016-03-27	1374.79	A	958.6	A
USGS	11122000	2016-03-28	1374.78	A	957.5	A
USGS	11122000	2016-03-29	1374.77	A	956.3	A
USGS	11122000	2016-03-30	1374.75	A	954.1	A
USGS	11122000	2016-03-31	1374.75	A	954.1	A
USGS	11122000	2016-04-01	1374.75	A	954.1	A
USGS	11122000	2016-04-02	1374.74	A	952.9	A
USGS	11122000	2016-04-03	1374.73	A	951.8	A
USGS	11122000	2016-04-04	1374.72	A	950.7	A
USGS	11122000	2016-04-05	1374.72	A	950.7	A
USGS	11122000	2016-04-06	1374.71	A	949.5	A
USGS	11122000	2016-04-07	1374.70	A	948.4	A
USGS	11122000	2016-04-08	1374.71	A	949.5	A
USGS	11122000	2016-04-09	1374.71	A	949.5	A
USGS	11122000	2016-04-10	1374.72	A	950.7	A
USGS	11122000	2016-04-11	1374.73	A	951.8	A
USGS	11122000	2016-04-12	1374.73	A	951.8	A
USGS	11122000	2016-04-13	1374.74	A	952.9	A
USGS	11122000	2016-04-14	1374.73	A	951.8	A
USGS	11122000	2016-04-15	1374.71	A	949.5	A
USGS	11122000	2016-04-16	1374.70	A	948.4	A
USGS	11122000	2016-04-17	1374.68	A	946.1	A
USGS	11122000	2016-04-18	1374.67	A	945.0	A
USGS	11122000	2016-04-19	1374.66	A	943.8	A
USGS	11122000	2016-04-20	1374.64	A	941.6	A
USGS	11122000	2016-04-21	1374.63	A	940.4	A
USGS	11122000	2016-04-22	1374.61	A	938.1	A
USGS	11122000	2016-04-23	1374.59	A	935.9	A
USGS	11122000	2016-04-24	1374.58	A	934.7	A
USGS	11122000	2016-04-25	1374.57	A	933.6	A
USGS	11122000	2016-04-26	1374.55	A	931.3	A
USGS	11122000	2016-04-27	1374.53	A	929.1	A
USGS	11122000	2016-04-28	1374.51	A	926.8	A
USGS	11122000	2016-04-29	1374.50	A	925.6	A
USGS	11122000	2016-04-30	1374.48	A	923.4	A
USGS	11122000	2016-05-01	1374.47	A	922.2	A
USGS	11122000	2016-05-02	1374.46	A	921.1	A
USGS	11122000	2016-05-03	1374.45	A	919.9	A
USGS	11122000	2016-05-04	1374.43	A	917.7	A
USGS	11122000	2016-05-05	1374.43	A	917.7	A
USGS	11122000	2016-05-06	1374.41	A	915.4	A
USGS	11122000	2016-05-07	1374.42	A	916.5	A
USGS	11122000	2016-05-08	1374.42	A	916.5	A
USGS	11122000	2016-05-09	1374.40	A	914.3	A
USGS	11122000	2016-05-10	1374.39	A	913.1	A
USGS	11122000	2016-05-11	1374.38	A	912.0	A
USGS	11122000	2016-05-12	1374.37	A	910.8	A
USGS	11122000	2016-05-13	1374.35	A	908.6	A
USGS	11122000	2016-05-14	1374.34	A	907.4	A
USGS	11122000	2016-05-15	1374.31	A	904.0	A
USGS	11122000	2016-05-16	1374.29	A	901.8	A
USGS	11122000	2016-05-17	1374.28	A	900.6	A
USGS	11122000	2016-05-18	1374.26	A	898.3	A
USGS	11122000	2016-05-19	1374.24	A	896.1	A
USGS	11122000	2016-05-20	1374.21	A	892.6	A
USGS	11122000	2016-05-21	1374.20	A	891.5	A
USGS	11122000	2016-05-22	1374.17	A	888.1	A
USGS	11122000	2016-05-23	1374.15	A	885.8	A
USGS	11122000	2016-05-24	1374.14	A	884.7	A
USGS	11122000	2016-05-25	1374.13	A	883.6	A
USGS	11122000	2016-05-26	1374.10	A	880.1	A
USGS	11122000	2016-05-27	1374.09	A	879.0	A
USGS	11122000	2016-05-28	1374.07	A	876.7	A
USGS	11122000	2016-05-29	1374.06	A	875.6	A
USGS	11122000	2016-05-30	1374.03	A	872.2	A
USGS	11122000	2016-05-31	1374.03	A	872.2	A
USGS	11122000	2016-06-01	1374.01	A	869.9	A
USGS	11122000	2016-06-02	1373.99	A	867.7	A
USGS	11122000	2016-06-03	1373.95	A	863.3	A
USGS	11122000	2016-06-04	1373.93	A	861.1	A
USGS	11122000	2016-06-05	1373.90	A	857.8	A
USGS	11122000	2016-06-06	1373.88	A	855.5	A
USGS	11122000	2016-06-07	1373.85	A	852.2	A
USGS	11122000	2016-06-08	1373.82	A	848.9	A
USGS	11122000	2016-06-09	1373.81	A	847.8	A
USGS	11122000	2016-06-10	1373.79	A	845.6	A
USGS	11122000	2016-06-11	1373.77	A	843.4	A
USGS	11122000	2016-06-12	1373.75	A	841.2	A
USGS	11122000	2016-06-13	1373.73	A	839.0	A
USGS	11122000	2016-06-14	1373.71	A	836.8	A
USGS	11122000	2016-06-15	1373.68	A	833.5	A
USGS	11122000	2016-06-16	1373.66	A	831.3	A
USGS	11122000	2016-06-17	1373.63	A	828.0	A
USGS	11122000	2016-06-18	1373.61	A	825.8	A
USGS	11122000	2016-06-19	1373.59	A	823.6	A
USGS	11122000	2016-06-20	1373.57	A	821.4	A
USGS	11122000	2016-06-21	1373.54	A	818.1	A
USGS	11122000	2016-06-22	1373.52	A	815.9	A
USGS	11122000	2016-06-23	1373.49	A	812.6	A
USGS	11122000	2016-06-24	1373.45	A	808.1	A
USGS	11122000	2016-06-25	1373.43	A	806.0	A
USGS	11122000	2016-06-26	1373.39	A	801.5	A
USGS	11122000	2016-06-27	1373.38	A	800.4	A
USGS	11122000	2016-06-28	1373.35	A	797.1	A
USGS	11122000	2016-06-29	1373.32	A	793.8	A
USGS	11122000	2016-06-30	1373.29	A	790.5	A
USGS	11122000	2016-07-01	1373.26	A	787.2	A
USGS	11122000	2016-07-02	1373.23	A	783.9	A
USGS	11122000	2016-07-03	1373.20	A	780.6	A
USGS	11122000	2016-07-04	1373.18	A	778.4	A
USGS	11122000	2016-07-05	1373.16	A	776.2	A
USGS	11122000	2016-07-06	1373.13	A	772.9	A
USGS	11122000	2016-07-07	1373.11	A	770.7	A
USGS	11122000	2016-07-08	1373.08	A	767.4	A
USGS	11122000	2016-07-09	1373.05	A	764.1	A
USGS	11122000	2016-07-10	1373.03	A	761.9	A
USGS	11122000	2016-07-11	1373.00	A	758.6	A
USGS	11122000	2016-07-12	1372.97	A	755.3	A
USGS	11122000	2016-07-13	1372.94	A	752.1	A
USGS	11122000	2016-07-14	1372.92	A	748.9	A
USGS	11122000	2016-07-15	1372.90	A	748.9	A
USGS	11122000	2016-07-16	1372.88	A	745.7	A
USGS	11122000	2016-07-17	1372.85	A	742.5	A
USGS	11122000	2016-07-18	1372.82	A	739.3	A
USGS	11122000	2016-07-19	1372.81	A	738.2	A
USGS	11122000	2016-07-20	1372.78	A	735.0	A
USGS	11122000	2016-07-21	1372.76	A	732.8	A
USGS	11122000	2016-07-22	1372.73	A	729.6	A
USGS	11122000	2016-07-23	1372.70	A	726.4	A
USGS	11122000	2016-07-24	1372.67	A	723.2	A
USGS	11122000	2016-07-25	1372.64	A	720.0	A
USGS	11122000	2016-07-26	1372.62	A	717.8	A
USGS	11122000	2016-07-27	1372.59	A	714.6	A
USGS	11122000	2016-07-28	1372.56	A	711.4	A
USGS	11122000	2016-07-29	1372.53	A	708.2	A
USGS	11122000	2016-07-30	1372.50	A	705.0	A
USGS	11122000	2016-07-31	1372.49	A	703.9	A
USGS	11122000	2016-08-01	1372.46	A	700.7	A
USGS	11122000	2016-08-02	1372.43	A	697.5	A
USGS	11122000	2016-08-03	1372.40	A	694.3	A
USGS	11122000	2016-08-04	1372.37	A	691.0	A
USGS	11122000	2016-08-05	1372.34	A	687.8	A
USGS	11122000	2016-08-06	1372.31	A	684.6	A
USGS	11122000	2016-08-07	1372.29	A	682.5	A
USGS	11122000	2016-08-08	1372.27	A	680.3	A
USGS	11122000	2016-08-09	1372.24	A	677.1	A
USGS	11122000	2016-08-10	1372.22	A	675.0	A
USGS	11122000	2016-08-11	1372.20	A	672.8	A
USGS	11122000	2016-08-12	1372.17	A	669.6	A
USGS	11122000	2016-08-13	1372.15	A	667.5	A
USGS	11122000	2016-08-14	1372.12	A	664.2	A
USGS	11122000	2016-08-15	1372.10	A	662.1	A
USGS	11122000	2016-08-16	1372.07	A	658.9	A
USGS	11122000	2016-08-17	1372.04	A	655.7	A
USGS	11122000	2016-08-18	1372.01	A	652.5	A
USGS	11122000	2016-08-19	1371.98	A	649.3	A
USGS	11122000	2016-08-20	1371.96	A	647.2	A
USGS	11122000	2016-08-21	1371.92	A	643.1	A
USGS	11122000	2016-08-22	1371.91	A	642.0	A
USGS	11122000	2016-08-23	1371.88	A	638.9	A
USGS	11122000	2016-08-24	1371.86	A	636.8	A
USGS	11122000	2016-08-25	1371.84	A	634.7	A
USGS	11122000	2016-08-26	1371.80	A	630.5	A
USGS	11122000	2016-08-27	1371.80	A	630.5	A
USGS	11122000	2016-08-28	1371.77	A	627.4	A
USGS	11122000	2016-08-29	1371.74	A	624.3	A
USGS	11122000	2016-08-30	1371.73	A	623.2	A
USGS	11122000	2016-08-31	1371.70	A	620.1	A
USGS	11122000	2016-09-01	1371.68	A	618.0	A
USGS	11122000	2016-09-02	1371.66	A	615.9	A
USGS	11122000	2016-09-03	1371.64	A	613.8	A
USGS	11122000	2016-09-04	1371.61	A	610.7	A
USGS	11122000	2016-09-05	1371.60	A	609.7	A
USGS	11122000	2016-09-06	1371.57	A	606.5	A
USGS	11122000	2016-09-07	1371.56	A	605.5	A
USGS	11122000	2016-09-08	1371.54	A	603.4	A
USGS	11122000	2016-09-09	1371.52	A	601.3	A
USGS	11122000	2016-09-10	1371.49	A	598.2	A
USGS	11122000	2016-09-11	1371.48	A	597.2	A
USGS	11122000	2016-09-12	1371.44	A	593.0	A
USGS	11122000	2016-09-13	1371.43	A	592.0	A
USGS	11122000	2016-09-14	1371.41	A	589.9	A
USGS	11122000	2016-09-15	1371.39	A	587.8	A
USGS	11122000	2016-09-16	1371.38	A	586.7	A
USGS	11122000	2016-09-17	1371.36	A	584.6	A
USGS	11122000	2016-09-18	1371.36	A	584.6	A
USGS	11122000	2016-09-19	1371.32	A	580.5	A
USGS	11122000	2016-09-20	1371.31	A	579.4	A
USGS	11122000	2016-09-21	1371.29	A	577.3	A
USGS	11122000	2016-09-22	1371.26	A	574.2	A
USGS	11122000	2016-09-23	1371.25	A	573.2	A
USGS	11122000	2016-09-24	1371.22	A	570.0	A
USGS	11122000	2016-09-25	1371.22	A	570.0	A
USGS	11122000	2016-09-26	1371.19	A	566.9	A
USGS	11122000	2016-09-27	1371.16	A	563.8	A
USGS	11122000	2016-09-28	1371.14	A	561.7	A
USGS	11122000	2016-09-29	1371.14	A	561.7	A
USGS	11122000	2016-09-30	1371.11	A	558.6	A
USGS	11122000	2016-10-01	1371.09	A	556.5	A
USGS	11122000	2016-10-02	1371.08	A	555.4	A
USGS	11122000	2016-10-03	1371.06	A	553.4	A
USGS	11122000	2016-10-04	1371.04	A	551.3	A
USGS	11122000	2016-10-05	1371.03	A	550.2	A
USGS	11122000	2016-10-06	1371.01	A	548.1	A
USGS	11122000	2016-10-07	1370.99	A	546.1	A
USGS	11122000	2016-10-08	1370.97	A	544.1	A
USGS	11122000	2016-10-09	1370.96	A	543.1	A
USGS	11122000	2016-10-10	1370.94	A	541.0	A
USGS	11122000	2016-10-11	1370.93	A	540.0	A
USGS	11122000	2016-10-12	1370.92	A	539.0	A
USGS	11122000	2016-10-13	1370.90	A	537.0	A
USGS	11122000	2016-10-14	1370.89	A	536.0	A
USGS	11122000	2016-10-15	1370.88	A	535.0	A
USGS	11122000	2016-10-16	1370.90	A	537.0	A
USGS	11122000	2016-10-17	1370.89	A	536.0	A
USGS	11122000	2016-10-18	1370.88	A	535.0	A
USGS	11122000	2016-10-19	1370.86	A	533.0	A
USGS	11122000	2016-10-20	1370.84	A	530.9	A
USGS	11122000	2016-10-21	1370.84	A	530.9	A
USGS	11122000	2016-10-22	1370.81	A	527.9	A
USGS	11122000	2016-10-23	1370.79	A	525.9	A
USGS	11122000	2016-10-24	1370.78	A	524.9	A
USGS	11122000	2016-10-25	1370.52	A	498.6	A
USGS	11122000	2016-10-26	1370.23	A	469.3	A
USGS	11122000	2016-10-27	1369.95	A	441.2	A
USGS	11122000	2016-10-28	1369.72	A	418.9	A
USGS	11122000	2016-10-29	1369.45	A	392.8	A
USGS	11122000	2016-10-30	1369.18	A	366.6	A
USGS	11122000	2016-10-31	1368.90	A	340.0	A
USGS	11122000	2016-11-01	1368.61	A	313.5	A
USGS	11122000	2016-11-02	1368.32	A	287.0	A
USGS	11122000	2016-11-03				
USGS	11122000	2016-11-04				
USGS	11122000	2016-11-05	1367.39	A	206.7	A
USGS	11122000	2016-11-06	1367.05	A	178.3	A
USGS	11122000	2016-11-07	1366.69	A	153.0	A
USGS	11122000	2016-11-08				
USGS	11122000	2016-11-09				
USGS	11122000	2016-11-10				
USGS	11122000	2016-11-11				
USGS	11122000	2016-11-12				
USGS	11122000	2016-11-13				
USGS	11122000	2016-11-14				
USGS	11122000	2016-11-15				
USGS	11122000	2016-11-16				
USGS	11122000	2016-11-17				
USGS	11122000	2016-11-18				
USGS	11122000	2016-11-19				
USGS	11122000	2016-11-20				
USGS	11122000	2016-11-21				
USGS	11122000	2016-11-22				
USGS	11122000	2016-11-23				
USGS	11122000	2016-11-24				
USGS	11122000	2016-11-25				
USGS	11122000	2016-11-26				
USGS	11122000	2016-11-27				
USGS	11122000	2016-11-28				
USGS	11122000	2016-11-29				
USGS	11122000	2016-11-30				
USGS	11122000	2016-12-01				
USGS	11122000	2016-12-02				
USGS	11122000	2016-12-03				
USGS	11122000	2016-12-04				
USGS	11122000	2016-12-05				
USGS	11122000	2016-12-06				
USGS	11122000	2016-12-07				
USGS	11122000	2016-12-08				
USGS	11122000	2016-12-09				
USGS	11122000	2016-12-10				
USGS	11122000	2016-12-11				
USGS	11122000	2016-12-12				
USGS	11122000	2016-12-13				
USGS	11122000	2016-12-14				
USGS	11122000	2016-12-15				
USGS	11122000	2016-12-16				
USGS	11122000	2016-12-17				
USGS	11122000	2016-12-18				
USGS	11122000	2016-12-19				
USGS	11122000	2016-12-20				
USGS	11122000	2016-12-21				
USGS	11122000	2016-12-22				
USGS	11122000	2016-12-23				
USGS	11122000	2016-12-24				
USGS	11122000	2016-12-25				
USGS	11122000	2016-12-26				
USGS	11122000	2016-12-27				
USGS	11122000	2016-12-28				
USGS	11122000	2016-12-29				
USGS	11122000	2016-12-30				
USGS	11122000	2016-12-31				
USGS	11122000	2017-01-01				
USGS	11122000	2017-01-02				
USGS	11122000	2017-01-03				
USGS	11122000	2017-01-04				
USGS	11122000	2017-01-05				
USGS	11122000	2017-01-06				
USGS	11122000	2017-01-07				
USGS	11122000	2017-01-08				
USGS	11122000	2017-01-09	1366.97	A	152.9	A
USGS	11122000	2017-01-10	1369.13	A	330.6	A
USGS	11122000	2017-01-11	1369.53	A	368.5	A
USGS	11122000	2017-01-12	1370.74	A	487.2	A
USGS	11122000	2017-01-13	1372.60	A	680.5	A
USGS	11122000	2017-01-14	1373.18	A	743.0	A
USGS	11122000	2017-01-15	1373.38	A	765.1	A
USGS	11122000	2017-01-16	1373.51	A	779.6	A
USGS	11122000	2017-01-17	1373.61	A	790.7	A
USGS	11122000	2017-01-18	1373.67	A	797.4	A
USGS	11122000	2017-01-19	1373.89	A	821.7	A
USGS	11122000	2017-01-20	1374.53	A	894.2	A
USGS	11122000	2017-01-21	1381.74	A	1779	A
USGS	11122000	2017-01-22	1383.16	A	1984	A
USGS	11122000	2017-01-23	1395.88	A	4351	A
USGS	11122000	2017-01-24	1400.23	A	5326	A
USGS	11122000	2017-01-25	1400.17	A	5312	A
USGS	11122000	2017-01-26	1400.14	A	5305	A
USGS	11122000	2017-01-27	1400.00	A	5273	A
USGS	11122000	2017-01-28	1399.89	A	5245	A
USGS	11122000	2017-01-29	1399.84	A	5234	A
USGS	11122000	2017-01-30	1399.80	A	5225	A
USGS	11122000	2017-01-31	1399.80	A	5225	A
USGS	11122000	2017-02-01	1399.81	A	5228	A
USGS	11122000	2017-02-02	1399.80	A	5226	A
USGS	11122000	2017-02-03	1399.83	A	5233	A
USGS	11122000	2017-02-04	1400.22	A	5325	A
USGS	11122000	2017-02-05	1400.11	A	5297	A
USGS	11122000	2017-02-06	1400.20	A	5318	A
USGS	11122000	2017-02-07	1400.07	A	5288	A
USGS	11122000	2017-02-08	1400.16	A	5309	A
USGS	11122000	2017-02-09	1400.08	A	5291	A
USGS	11122000	2017-02-10	1399.98	A	5268	A
USGS	11122000	2017-02-11	1400.30	A	5343	A
USGS	11122000	2017-02-12	1400.08	A	5289	A
USGS	11122000	2017-02-13	1400.04	A	5280	A
USGS	11122000	2017-02-14	1399.95	A	5260	A
USGS	11122000	2017-02-15	1399.82	A	5230	A
USGS	11122000	2017-02-16	1399.72	A	5207	A
USGS	11122000	2017-02-17	1399.83	A	5233	A
USGS	11122000	2017-02-18	1401.23	A	5563	A
USGS	11122000	2017-02-19	1400.72	A	5442	A
USGS	11122000	2017-02-20	1400.65	A	5424	A
USGS	11122000	2017-02-21	1400.34	A	5351	A
USGS	11122000	2017-02-22	1399.81	A	5227	A
USGS	11122000	2017-02-23	1400.06	A	5286	A
USGS	11122000	2017-02-24	1399.76	A	5216	A
USGS	11122000	2017-02-25	1400.14	A	5305	A
USGS	11122000	2017-02-26	1400.12	A	5300	A
USGS	11122000	2017-02-27	1399.99	A	5269	A
USGS	11122000	2017-02-28	1400.15	A	5307	A
USGS	11122000	2017-03-01	1400.06	A	5286	A
USGS	11122000	2017-03-02	1399.94	A	5258	A
USGS	11122000	2017-03-03	1400.16	A	5309	A
USGS	11122000	2017-03-04	1400.16	A	5309	A
USGS	11122000	2017-03-05	1400.16	A	5309	A
USGS	11122000	2017-03-06	1400.13	A	5302	A
USGS	11122000	2017-03-07	1400.10	A	5295	A
USGS	11122000	2017-03-08	1400.02	A	5276	A
USGS	11122000	2017-03-09	1399.99	A	5269	A
USGS	11122000	2017-03-10	1400.06	A	5286	A
USGS	11122000	2017-03-11	1400.03	A	5279	A
USGS	11122000	2017-03-12	1399.98	A	5267	A
USGS	11122000	2017-03-13	1399.95	A	5260	A
USGS	11122000	2017-03-14	1399.89	A	5246	A
USGS	11122000	2017-03-15	1400.03	A	5279	A
USGS	11122000	2017-03-16	1400.11	A	5298	A
USGS	11122000	2017-03-17	1400.13	A:e	5302	A:e
USGS	11122000	2017-03-18	1400.10	A:e	5295	A:e
USGS	11122000	2017-03-19	1399.97	A:e		
USGS	11122000	2017-03-20	1399.90	A		
USGS	11122000	2017-03-21	1399.95	A	5260	A
USGS	11122000	2017-03-22	1400.17	A	5312	A
USGS	11122000	2017-03-23	1399.91	A	5251	A
USGS	11122000	2017-03-24	1399.78	A	5221	A
USGS	11122000	2017-03-25	1399.64	A	5188	A
USGS	11122000	2017-03-26	1399.52	A	5161	A
USGS	11122000	2017-03-27	1399.40	A	5133	A
USGS	11122000	2017-03-28	1399.32	A	5114	A
USGS	11122000	2017-03-29	1399.56	A	5170	A
USGS	11122000	2017-03-30	1399.87	A	5242	A
USGS	11122000	2017-03-31	1400.16	A	5309	A
USGS	11122000	2017-04-01	1399.96	A	5262	A
USGS	11122000	2017-04-02	1399.90	A	5248	A
USGS	11122000	2017-04-03	1399.90	A	5248	A
USGS	11122000	2017-04-04	1399.97	A	5265	A
USGS	11122000	2017-04-05	1400.00	A	5272	A
USGS	11122000	2017-04-06	1399.99	A	5268	A
USGS	11122000	2017-04-07	1399.88	A	5243	A
USGS	11122000	2017-04-08	1399.88	A	5244	A
USGS	11122000	2017-04-09	1399.95	A	5260	A
USGS	11122000	2017-04-10	1399.96	A	5263	A
USGS	11122000	2017-04-11	1399.96	A	5263	A
USGS	11122000	2017-04-12	1399.97	A	5264	A
USGS	11122000	2017-04-13	1399.97	A	5264	A
USGS	11122000	2017-04-14	1399.96	A	5262	A
USGS	11122000	2017-04-15	1399.94	A	5258	A
USGS	11122000	2017-04-16	1399.93	A	5256	A
USGS	11122000	2017-04-17	1399.92	A	5254	A
USGS	11122000	2017-04-18	1399.93	A	5255	A
USGS	11122000	2017-04-19	1399.98	A	5267	A
USGS	11122000	2017-04-20	1399.95	A	5260	A
USGS	11122000	2017-04-21	1399.93	A	5256	A
USGS	11122000	2017-04-22	1399.89	A	5247	A
USGS	11122000	2017-04-23	1399.89	A	5245	A
USGS	11122000	2017-04-24	1399.88	A	5243	A
USGS	11122000	2017-04-25	1399.95	A	5260	A
USGS	11122000	2017-04-26	1400.03	A	5279	A
USGS	11122000	2017-04-27	1400.09	A	5293	A
USGS	11122000	2017-04-28	1400.09	A	5294	A
USGS	11122000	2017-04-29	1400.06	A	5285	A
USGS	11122000	2017-04-30	1400.05	A	5283	A
USGS	11122000	2017-05-01	1400.05	A	5283	A
USGS	11122000	2017-05-02	1400.02	A	5277	A
USGS	11122000	2017-05-03	1400.01	A	5275	A
USGS	11122000	2017-05-04	1399.99	A	5268	A
USGS	11122000	2017-05-05	1399.98	A	5266	A
USGS	11122000	2017-05-06	1399.96	A	5262	A
USGS	11122000	2017-05-07	1400.00	A	5272	A
USGS	11122000	2017-05-08	1400.02	A	5277	A
USGS	11122000	2017-05-09	1400.02	A	5277	A
USGS	11122000	2017-05-10	1400.01	A	5273	A
USGS	11122000	2017-05-11	1400.00	A	5271	A
USGS	11122000	2017-05-12	1400.01	A	5274	A
USGS	11122000	2017-05-13	1400.01	A	5274	A
USGS	11122000	2017-05-14	1399.99	A	5270	A
USGS	11122000	2017-05-15	1400.00	A	5270	A
USGS	11122000	2017-05-16	1399.99	A	5269	A
USGS	11122000	2017-05-17	1399.98	A	5267	A
USGS	11122000	2017-05-18	1399.97	A	5265	A
USGS	11122000	2017-05-19	1399.94	A	5258	A
USGS	11122000	2017-05-20	1399.91	A	5252	A
USGS	11122000	2017-05-21	1399.89	A	5245	A
USGS	11122000	2017-05-22	1399.85	A	5236	A
USGS	11122000	2017-05-23	1399.80	A	5225	A
USGS	11122000	2017-05-24	1399.74	A	5212	A
USGS	11122000	2017-05-25	1399.69	A	5201	A
USGS	11122000	2017-05-26	1399.64	A	5189	A
USGS	11122000	2017-05-27	1399.61	A	5181	A
USGS	11122000	2017-05-28	1399.56	A	5169	A
USGS	11122000	2017-05-29	1399.51	A	5158	A
USGS	11122000	2017-05-30	1399.46	A	5147	A
USGS	11122000	2017-05-31	1399.39	A	5131	A
USGS	11122000	2017-06-01	1399.34	A	5118	A
USGS	11122000	2017-06-02	1399.27	A	5102	A
USGS	11122000	2017-06-03	1399.20	A	5086	A
USGS	11122000	2017-06-04	1399.13	A	5071	A
USGS	11122000	2017-06-05	1399.05	A	5052	A
USGS	11122000	2017-06-06	1398.96	A	5032	A
USGS	11122000	2017-06-07	1398.89	A	5014	A
USGS	11122000	2017-06-08	1398.83	A	5001	A
USGS	11122000	2017-06-09	1398.77	A	4988	A
USGS	11122000	2017-06-10	1398.72	A	4977	A
USGS	11122000	2017-06-11	1398.66	A	4963	A
USGS	11122000	2017-06-12	1398.59	A	4947	A
USGS	11122000	2017-06-13	1398.54	A	4936	A
USGS	11122000	2017-06-14	1398.49	A	4924	A
USGS	11122000	2017-06-15	1398.42	A	4908	A
USGS	11122000	2017-06-16	1398.37	A	4897	A
USGS	11122000	2017-06-17	1398.30	A	4881	A
USGS	11122000	2017-06-18	1398.24	A	4868	A
USGS	11122000	2017-06-19	1398.17	A	4852	A
USGS	11122000	2017-06-20	1398.10	A	4836	A
USGS	11122000	2017-06-21	1398.03	A	4820	A
USGS	11122000	2017-06-22	1397.95	A	4802	A
USGS	11122000	2017-06-23	1397.88	A	4787	A
USGS	11122000	2017-06-24	1397.79	A	4767	A
USGS	11122000	2017-06-25	1397.72	A	4751	A
USGS	11122000	2017-06-26	1397.65	A	4736	A
USGS	11122000	2017-06-27	1397.53	A	4709	A
USGS	11122000	2017-06-28	1397.42	A	4685	A
USGS	11122000	2017-06-29	1397.31	A	4660	A
USGS	11122000	2017-06-30	1397.20	A	4636	A
USGS	11122000	2017-07-01	1397.09	A	4612	A
USGS	11122000	2017-07-02	1396.99	A	4590	A
USGS	11122000	2017-07-03	1396.88	A	4566	A
USGS	11122000	2017-07-04	1396.77	A	4542	A
USGS	11122000	2017-07-05	1396.67	A	4521	A
USGS	11122000	2017-07-06	1396.56	A	4497	A
USGS	11122000	2017-07-07	1396.45	A	4473	A
USGS	11122000	2017-07-08	1396.36	A	4454	A
USGS	11122000	2017-07-09	1396.25	A	4430	A
USGS	11122000	2017-07-10	1396.16	A	4411	A
USGS	11122000	2017-07-11	1396.06	A	4389	A
USGS	11122000	2017-07-12	1395.96	A	4368	A
USGS	11122000	2017-07-13	1395.85	A	4345	A
USGS	11122000	2017-07-14	1395.75	A	4324	A
USGS	11122000	2017-07-15	1395.64	A	4301	A
USGS	11122000	2017-07-16	1395.54	A	4279	A
USGS	11122000	2017-07-17	1395.44	A	4258	A
USGS	11122000	2017-07-18	1395.36	A	4241	A
USGS	11122000	2017-07-19	1395.23	A	4214	A
USGS	11122000	2017-07-20	1395.13	A	4193	A
USGS	11122000	2017-07-21	1395.02	A	4170	A
USGS	11122000	2017-07-22	1394.92	A	4149	A
USGS	11122000	2017-07-23	1394.82	A	4128	A
USGS	11122000	2017-07-24	1394.71	A	4105	A
USGS	11122000	2017-07-25	1394.61	A	4085	A
USGS	11122000	2017-07-26	1394.51	A	4064	A
USGS	11122000	2017-07-27	1394.48	A	4058	A
USGS	11122000	2017-07-28	1394.39	A	4039	A
USGS	11122000	2017-07-29	1394.29	A	4018	A
USGS	11122000	2017-07-30	1394.18	A	3995	A
USGS	11122000	2017-07-31	1394.08	A	3975	A
USGS	11122000	2017-08-01	1393.96	A	3950	A
USGS	11122000	2017-08-02	1393.88	A	3934	A
USGS	11122000	2017-08-03	1393.78	A	3913	A
USGS	11122000	2017-08-04	1393.67	A	3890	A
USGS	11122000	2017-08-05	1393.57	A	3870	A
USGS	11122000	2017-08-06	1393.45	A	3845	A
USGS	11122000	2017-08-07	1393.34	A	3823	A
USGS	11122000	2017-08-08	1393.23	A	3802	A
USGS	11122000	2017-08-09	1393.13	A	3781	A
USGS	11122000	2017-08-10	1393.02	A	3759	A
USGS	11122000	2017-08-11	1392.92	A	3739	A
USGS	11122000	2017-08-12	1392.81	A	3716	A
USGS	11122000	2017-08-13	1392.70	A	3694	A
USGS	11122000	2017-08-14	1392.59	A	3672	A
USGS	11122000	2017-08-15	1392.48	A	3650	A
USGS	11122000	2017-08-16	1392.37	A	3628	A
USGS	11122000	2017-08-17	1392.25	A	3606	A
USGS	11122000	2017-08-18	1392.14	A	3583	A
USGS	11122000	2017-08-19	1392.04	A	3563	A
USGS	11122000	2017-08-20	1391.93	A	3541	A
USGS	11122000	2017-08-21	1391.82	A	3520	A
USGS	11122000	2017-08-22	1391.72	A	3500	A
USGS	11122000	2017-08-23	1391.60	A	3476	A
USGS	11122000	2017-08-24	1391.50	A	3456	A
USGS	11122000	2017-08-25	1391.40	A	3436	A
USGS	11122000	2017-08-26	1391.29	A	3415	A
USGS	11122000	2017-08-27	1391.16	A	3391	A
USGS	11122000	2017-08-28	1391.06	A	3371	A
USGS	11122000	2017-08-29	1390.95	A	3350	A
USGS	11122000	2017-08-30	1390.84	A	3328	A
USGS	11122000	2017-08-31	1390.73	A	3307	A
USGS	11122000	2017-09-01	1390.61	A	3284	A
USGS	11122000	2017-09-02	1390.51	A	3265	A
USGS	11122000	2017-09-03	1390.40	A	3243	A
USGS	11122000	2017-09-04	1390.31	A	3226	A
USGS	11122000	2017-09-05	1390.19	A	3203	A
USGS	11122000	2017-09-06	1390.07	A	3182	A
USGS	11122000	2017-09-07	1389.96	A	3161	A
USGS	11122000	2017-09-08	1389.86	A	3142	A
USGS	11122000	2017-09-09	1389.74	A	3119	A
USGS	11122000	2017-09-10	1389.62	A	3097	A
USGS	11122000	2017-09-11	1389.54	A	3082	A
USGS	11122000	2017-09-12	1389.44	A	3063	A
USGS	11122000	2017-09-13	1389.33	A	3042	A
USGS	11122000	2017-09-14	1389.22	A	3021	A
USGS	11122000	2017-09-15	1389.11	A	3001	A
USGS	11122000	2017-09-16	1388.98	A	2978	A
USGS	11122000	2017-09-17	1388.87	A	2958	A
USGS	11122000	2017-09-18	1388.76	A	2938	A
USGS	11122000	2017-09-19	1388.65	A	2918	A
USGS	11122000	2017-09-20	1388.54	A	2897	A
USGS	11122000	2017-09-21	1388.43	A	2877	A
USGS	11122000	2017-09-22	1388.31	A	2855	A
USGS	11122000	2017-09-23	1388.20	A	2835	A
USGS	11122000	2017-09-24	1388.08	A	2813	A
USGS	11122000	2017-09-25	1387.97	A	2793	A
USGS	11122000	2017-09-26	1387.84	A	2771	A
USGS	11122000	2017-09-27	1387.72	A	2750	A
USGS	11122000	2017-09-28	1387.62	A	2732	A
USGS	11122000	2017-09-29	1387.50	A	2710	A
USGS	11122000	2017-09-30	1387.39	A	2691	A
USGS	11122000	2017-10-01	1387.28	A	2671	A
USGS	11122000	2017-10-02	1387.17	A	2651	A
USGS	11122000	2017-10-03	1387.04	A	2628	A
USGS	11122000	2017-10-04	1386.93	A	2608	A
USGS	11122000	2017-10-05	1386.82	A	2589	A
USGS	11122000	2017-10-06	1386.69	A	2568	A
USGS	11122000	2017-10-07	1386.58	A	2549	A
USGS	11122000	2017-10-08	1386.46	A	2528	A
USGS	11122000	2017-10-09	1386.34	A	2507	A
USGS	11122000	2017-10-10	1386.23	A	2488	A
USGS	11122000	2017-10-11	1386.10	A	2465	A
USGS	11122000	2017-10-12	1385.99	A	2446	A
USGS	11122000	2017-10-13	1385.88	A	2427	A
USGS	11122000	2017-10-14	1385.76	A	2407	A
USGS	11122000	2017-10-15	1385.64	A	2387	A
USGS	11122000	2017-10-16	1385.42	A	2351	A
USGS	11122000	2017-10-17	1385.32	A	2334	A
USGS	11122000	2017-10-18	1385.31	A	2332	A
USGS	11122000	2017-10-19	1385.19	A	2312	A
USGS	11122000	2017-10-20	1385.07	A	2291	A
USGS	11122000	2017-10-21	1384.97	A	2275	A
USGS	11122000	2017-10-22	1384.84	A	2253	A
USGS	11122000	2017-10-23	1384.73	A	2235	A
USGS	11122000	2017-10-24	1384.72	A	2234	A
USGS	11122000	2017-10-25	1384.71	A	2232	A
USGS	11122000	2017-10-26	1384.70	A	2231	A
USGS	11122000	2017-10-27	1384.69	A	2229	A
USGS	11122000	2017-10-28	1384.69	A	2229	A
USGS	11122000	2017-10-29	1384.67	A	2226	A
USGS	11122000	2017-10-30	1384.66	A	2224	A
USGS	11122000	2017-10-31	1384.57	A	2209	A
USGS	11122000	2017-11-01	1384.55	A	2206	A
USGS	11122000	2017-11-02	1384.55	A	2206	A
USGS	11122000	2017-11-03	1384.55	A	2206	A
USGS	11122000	2017-11-04	1384.54	A	2204	A
USGS	11122000	2017-11-05	1384.54	A	2204	A
USGS	11122000	2017-11-06	1384.54	A	2204	A
USGS	11122000	2017-11-07	1384.54	A	2204	A
USGS	11122000	2017-11-08	1384.53	A	2203	A
USGS	11122000	2017-11-09	1384.53	A	2203	A
USGS	11122000	2017-11-10	1384.52	A	2201	A
USGS	11122000	2017-11-11	1384.51	A	2199	A
USGS	11122000	2017-11-12	1384.50	A	2198	A
USGS	11122000	2017-11-13	1384.50	A	2198	A
USGS	11122000	2017-11-14	1384.47	A	2193	A
USGS	11122000	2017-11-15	1384.41	A	2183	A
USGS	11122000	2017-11-16	1384.36	A	2175	A
USGS	11122000	2017-11-17	1384.31	A	2167	A
USGS	11122000	2017-11-18	1384.26	A	2158	A
USGS	11122000	2017-11-19	1384.21	A	2150	A
USGS	11122000	2017-11-20	1384.14	A	2139	A
USGS	11122000	2017-11-21	1384.08	A	2129	A
USGS	11122000	2017-11-22	1384.03	A	2121	A
USGS	11122000	2017-11-23	1383.96	A	2109	A
USGS	11122000	2017-11-24	1383.90	A	2100	A
USGS	11122000	2017-11-25	1383.84	A	2091	A
USGS	11122000	2017-11-26	1383.77	A	2080	A
USGS	11122000	2017-11-27	1383.70	A	2069	A
USGS	11122000	2017-11-28	1383.64	A	2060	A
USGS	11122000	2017-11-29	1383.57	A	2049	A
USGS	11122000	2017-11-30	1383.51	A	2039	A
USGS	11122000	2017-12-01	1383.44	A	2028	A
USGS	11122000	2017-12-02	1383.38	A	2019	A
USGS	11122000	2017-12-03	1383.31	A	2008	A
USGS	11122000	2017-12-04	1383.25	A	1999	A
USGS	11122000	2017-12-05	1383.17	A	1986	A
USGS	11122000	2017-12-06	1383.10	A	1975	A
USGS	11122000	2017-12-07	1383.03	A	1964	A
USGS	11122000	2017-12-08	1382.96	A	1954	A
USGS	11122000	2017-12-09	1382.89	A	1944	A
USGS	11122000	2017-12-10	1382.83	A	1935	A
USGS	11122000	2017-12-11	1382.76	A	1925	A
USGS	11122000	2017-12-12	1382.71	A	1917	A
USGS	11122000	2017-12-13	1382.64	A	1907	A
USGS	11122000	2017-12-14	1382.58	A	1899	A
USGS	11122000	2017-12-15	1382.50	A	1887	A
USGS	11122000	2017-12-16	1382.44	A	1878	A
USGS	11122000	2017-12-17	1382.38	A	1869	A
USGS	11122000	2017-12-18	1382.32	A	1861	A
USGS	11122000	2017-12-19	1382.25	A	1851	A
USGS	11122000	2017-12-20	1382.19	A	1842	A
USGS	11122000	2017-12-21	1382.13	A	1833	A
USGS	11122000	2017-12-22	1382.07	A	1824	A
USGS	11122000	2017-12-23	1382.00	A	1814	A
USGS	11122000	2017-12-24	1381.94	A	1806	A
USGS	11122000	2017-12-25	1381.88	A	1798	A
USGS	11122000	2017-12-26	1381.82	A	1790	A
USGS	11122000	2017-12-27	1381.77	A	1783	A
USGS	11122000	2017-12-28	1381.70	A	1774	A
USGS	11122000	2017-12-29	1381.65	A	1767	A
USGS	11122000	2017-12-30	1381.57	A	1756	A
USGS	11122000	2017-12-31	1381.50	A	1747	A
USGS	11122000	2018-01-01	1381.45	A	1740	A
