agency_cd	site_no	datetime	213293_00054_32400	213293_00054_32400_cd
5s	15s	20d	14n	10s
USGS	10270700	2013-01-01	4110	A
USGS	10270700	2013-01-02	4090	A
USGS	10270700	2013-01-03	4070	A
USGS	10270700	2013-01-04	4060	A
USGS	10270700	2013-01-05	4040	A
USGS	10270700	2013-01-06	4020	A
USGS	10270700	2013-01-07	4000	A
USGS	10270700	2013-01-08	3980	A
USGS	10270700	2013-01-09	3970	A
USGS	10270700	2013-01-10	3950	A
USGS	10270700	2013-01-11	3940	A
USGS	10270700	2013-01-12	3920	A
USGS	10270700	2013-01-13	3900	A
USGS	10270700	2013-01-14	3880	A
USGS	10270700	2013-01-15	3860	A
USGS	10270700	2013-01-16	3840	A
USGS	10270700	2013-01-17	3820	A
USGS	10270700	2013-01-18	3810	A
USGS	10270700	2013-01-19	3790	A
USGS	10270700	2013-01-20	3770	A
USGS	10270700	2013-01-21	3750	A
USGS	10270700	2013-01-22	3730	A
USGS	10270700	2013-01-23	3710	A
USGS	10270700	2013-01-24	3690	A
USGS	10270700	2013-01-25	3670	A
USGS	10270700	2013-01-26	3660	A
USGS	10270700	2013-01-27	3640	A
USGS	10270700	2013-01-28	3620	A
USGS	10270700	2013-01-29	3600	A
USGS	10270700	2013-01-30	3580	A
USGS	10270700	2013-01-31	3560	A
USGS	10270700	2013-02-01	3550	A
USGS	10270700	2013-02-02	3530	A
USGS	10270700	2013-02-03	3510	A
USGS	10270700	2013-02-04	3490	A
USGS	10270700	2013-02-05	3470	A
USGS	10270700	2013-02-06	3450	A
USGS	10270700	2013-02-07	3430	A
USGS	10270700	2013-02-08	3410	A
USGS	10270700	2013-02-09	3390	A
USGS	10270700	2013-02-10	3380	A
USGS	10270700	2013-02-11	3360	A
USGS	10270700	2013-02-12	3340	A
USGS	10270700	2013-02-13	3310	A
USGS	10270700	2013-02-14	3300	A
USGS	10270700	2013-02-15	3280	A
USGS	10270700	2013-02-16	3260	A
USGS	10270700	2013-02-17	3240	A
USGS	10270700	2013-02-18	3220	A
USGS	10270700	2013-02-19	3200	A
USGS	10270700	2013-02-20	3180	A
USGS	10270700	2013-02-21	3160	A
USGS	10270700	2013-02-22	3140	A
USGS	10270700	2013-02-23	3120	A
USGS	10270700	2013-02-24	3100	A
USGS	10270700	2013-02-25	3080	A
USGS	10270700	2013-02-26	3060	A
USGS	10270700	2013-02-27	3030	A
USGS	10270700	2013-02-28	3010	A
USGS	10270700	2013-03-01	2990	A
USGS	10270700	2013-03-02	2980	A
USGS	10270700	2013-03-03	2960	A
USGS	10270700	2013-03-04	2940	A
USGS	10270700	2013-03-05	2920	A
USGS	10270700	2013-03-06	2890	A
USGS	10270700	2013-03-07	2870	A
USGS	10270700	2013-03-08	2850	A
USGS	10270700	2013-03-09	2830	A
USGS	10270700	2013-03-10	2810	A
USGS	10270700	2013-03-11	2780	A
USGS	10270700	2013-03-12	2760	A
USGS	10270700	2013-03-13	2740	A
USGS	10270700	2013-03-14	2730	A
USGS	10270700	2013-03-15	2710	A
USGS	10270700	2013-03-16	2690	A
USGS	10270700	2013-03-17	2680	A
USGS	10270700	2013-03-18	2660	A
USGS	10270700	2013-03-19	2650	A
USGS	10270700	2013-03-20	2630	A
USGS	10270700	2013-03-21	2600	A
USGS	10270700	2013-03-22	2570	A
USGS	10270700	2013-03-23	2550	A
USGS	10270700	2013-03-24	2520	A
USGS	10270700	2013-03-25	2500	A
USGS	10270700	2013-03-26	2480	A
USGS	10270700	2013-03-27	2460	A
USGS	10270700	2013-03-28	2440	A
USGS	10270700	2013-03-29	2420	A
USGS	10270700	2013-03-30	2400	A
USGS	10270700	2013-03-31	2380	A
USGS	10270700	2013-04-01	2360	A
USGS	10270700	2013-04-02	2340	A
USGS	10270700	2013-04-03	2330	A
USGS	10270700	2013-04-04	2310	A
USGS	10270700	2013-04-05	2300	A
USGS	10270700	2013-04-06	2280	A
USGS	10270700	2013-04-07	2270	A
USGS	10270700	2013-04-08	2250	A
USGS	10270700	2013-04-09	2230	A
USGS	10270700	2013-04-10	2220	A
USGS	10270700	2013-04-11	2200	A
USGS	10270700	2013-04-12	2190	A
USGS	10270700	2013-04-13	2190	A
USGS	10270700	2013-04-14	2180	A
USGS	10270700	2013-04-15	2160	A
USGS	10270700	2013-04-16	2130	A
USGS	10270700	2013-04-17	2100	A
USGS	10270700	2013-04-18	2080	A
USGS	10270700	2013-04-19	2050	A
USGS	10270700	2013-04-20	2020	A
USGS	10270700	2013-04-21	2000	A
USGS	10270700	2013-04-22	1980	A
USGS	10270700	2013-04-23	1990	A
USGS	10270700	2013-04-24	2000	A
USGS	10270700	2013-04-25	2010	A
USGS	10270700	2013-04-26	2020	A
USGS	10270700	2013-04-27	2040	A
USGS	10270700	2013-04-28	2080	A
USGS	10270700	2013-04-29	2120	A
USGS	10270700	2013-04-30	2180	A
USGS	10270700	2013-05-01	2230	A
USGS	10270700	2013-05-02	2270	A
USGS	10270700	2013-05-03	2320	A
USGS	10270700	2013-05-04	2350	A
USGS	10270700	2013-05-05	2380	A
USGS	10270700	2013-05-06	2390	A
USGS	10270700	2013-05-07	2400	A
USGS	10270700	2013-05-08	2410	A
USGS	10270700	2013-05-09	2400	A
USGS	10270700	2013-05-10	2380	A
USGS	10270700	2013-05-11	2370	A
USGS	10270700	2013-05-12	2390	A
USGS	10270700	2013-05-13	2450	A
USGS	10270700	2013-05-14	2520	A
USGS	10270700	2013-05-15	2600	A
USGS	10270700	2013-05-16	2670	A
USGS	10270700	2013-05-17	2720	A
USGS	10270700	2013-05-18	2760	A
USGS	10270700	2013-05-19	2790	A
USGS	10270700	2013-05-20	2800	A
USGS	10270700	2013-05-21	2850	A
USGS	10270700	2013-05-22	2890	A
USGS	10270700	2013-05-23	2920	A
USGS	10270700	2013-05-24	2930	A
USGS	10270700	2013-05-25	2930	A
USGS	10270700	2013-05-26	2920	A
USGS	10270700	2013-05-27	2920	A
USGS	10270700	2013-05-28	2920	A
USGS	10270700	2013-05-29	2900	A
USGS	10270700	2013-05-30	2850	A
USGS	10270700	2013-05-31	2800	A
USGS	10270700	2013-06-01	2760	A
USGS	10270700	2013-06-02	2750	A
USGS	10270700	2013-06-03	2760	A
USGS	10270700	2013-06-04	2790	A
USGS	10270700	2013-06-05	2820	A
USGS	10270700	2013-06-06	2850	A
USGS	10270700	2013-06-07	2880	A
USGS	10270700	2013-06-08	2910	A
USGS	10270700	2013-06-09	2970	A
USGS	10270700	2013-06-10	3030	A
USGS	10270700	2013-06-11	3070	A
USGS	10270700	2013-06-12	3100	A
USGS	10270700	2013-06-13	3110	A
USGS	10270700	2013-06-14	3100	A
USGS	10270700	2013-06-15	3080	A
USGS	10270700	2013-06-16	3060	A
USGS	10270700	2013-06-17	3050	A
USGS	10270700	2013-06-18	3020	A
USGS	10270700	2013-06-19	3000	A
USGS	10270700	2013-06-20	3000	A
USGS	10270700	2013-06-21	2980	A
USGS	10270700	2013-06-22	2960	A
USGS	10270700	2013-06-23	2930	A
USGS	10270700	2013-06-24	2910	A
USGS	10270700	2013-06-25	2890	A
USGS	10270700	2013-06-26	2870	A
USGS	10270700	2013-06-27	2870	A
USGS	10270700	2013-06-28	2870	A
USGS	10270700	2013-06-29	2890	A
USGS	10270700	2013-06-30	2890	A
USGS	10270700	2013-07-01	2910	A
USGS	10270700	2013-07-02	2920	A
USGS	10270700	2013-07-03	2940	A
USGS	10270700	2013-07-04	2950	A
USGS	10270700	2013-07-05	2950	A
USGS	10270700	2013-07-06	2950	A
USGS	10270700	2013-07-07	2940	A
USGS	10270700	2013-07-08	2910	A
USGS	10270700	2013-07-09	2880	A
USGS	10270700	2013-07-10	2860	A
USGS	10270700	2013-07-11	2830	A
USGS	10270700	2013-07-12	2800	A
USGS	10270700	2013-07-13	2760	A
USGS	10270700	2013-07-14	2710	A
USGS	10270700	2013-07-15	2660	A
USGS	10270700	2013-07-16	2610	A
USGS	10270700	2013-07-17	2560	A
USGS	10270700	2013-07-18	2510	A
USGS	10270700	2013-07-19	2450	A
USGS	10270700	2013-07-20	2390	A
USGS	10270700	2013-07-21	2340	A
USGS	10270700	2013-07-22	2280	A
USGS	10270700	2013-07-23	2260	A
USGS	10270700	2013-07-24	2220	A
USGS	10270700	2013-07-25	2180	A
USGS	10270700	2013-07-26	2160	A
USGS	10270700	2013-07-27	2170	A
USGS	10270700	2013-07-28	2150	A
USGS	10270700	2013-07-29	2120	A
USGS	10270700	2013-07-30	2080	A
USGS	10270700	2013-07-31	2050	A
USGS	10270700	2013-08-01	2020	A
USGS	10270700	2013-08-02	1970	A
USGS	10270700	2013-08-03	1920	A
USGS	10270700	2013-08-04	1870	A
USGS	10270700	2013-08-05	1820	A
USGS	10270700	2013-08-06	1770	A
USGS	10270700	2013-08-07	1710	A
USGS	10270700	2013-08-08	1660	A
USGS	10270700	2013-08-09	1600	A
USGS	10270700	2013-08-10	1540	A
USGS	10270700	2013-08-11	1470	A
USGS	10270700	2013-08-12	1410	A
USGS	10270700	2013-08-13	1350	A
USGS	10270700	2013-08-14	1280	A
USGS	10270700	2013-08-15	1210	A
USGS	10270700	2013-08-16	1150	A
USGS	10270700	2013-08-17	1100	A
USGS	10270700	2013-08-18	1060	A
USGS	10270700	2013-08-19	1010	A
USGS	10270700	2013-08-20	952.0	A
USGS	10270700	2013-08-21	897.0	A
USGS	10270700	2013-08-22	840.0	A
USGS	10270700	2013-08-23	780.0	A
USGS	10270700	2013-08-24	718.0	A
USGS	10270700	2013-08-25	656.0	A
USGS	10270700	2013-08-26	596.0	A
USGS	10270700	2013-08-27	521.0	A
USGS	10270700	2013-08-28	446.0	A
USGS	10270700	2013-08-29	370.0	A
USGS	10270700	2013-08-30	301.0	A
USGS	10270700	2013-08-31	235.0	A
USGS	10270700	2013-09-01	172.0	A
USGS	10270700	2013-09-02	111.0	A
USGS	10270700	2013-09-03	50.00	A
USGS	10270700	2013-09-04	0.00	A
USGS	10270700	2013-09-05	0.00	A
USGS	10270700	2013-09-06	0.00	A
USGS	10270700	2013-09-07	0.00	A
USGS	10270700	2013-09-08	0.00	A
USGS	10270700	2013-09-09	0.00	A
USGS	10270700	2013-09-10	0.00	A
USGS	10270700	2013-09-11	0.00	A
USGS	10270700	2013-09-12	0.00	A
USGS	10270700	2013-09-13	0.00	A
USGS	10270700	2013-09-14	0.00	A
USGS	10270700	2013-09-15	0.00	A
USGS	10270700	2013-09-16	0.00	A
USGS	10270700	2013-09-17	0.00	A
USGS	10270700	2013-09-18	0.00	A
USGS	10270700	2013-09-19	0.00	A
USGS	10270700	2013-09-20	0.00	A
USGS	10270700	2013-09-21	0.00	A
USGS	10270700	2013-09-22	0.00	A
USGS	10270700	2013-09-23	0.00	A
USGS	10270700	2013-09-24	0.00	A
USGS	10270700	2013-09-25	0.00	A
USGS	10270700	2013-09-26	0.00	A
USGS	10270700	2013-09-27	0.00	A
USGS	10270700	2013-09-28	0.00	A
USGS	10270700	2013-09-29	0.00	A
USGS	10270700	2013-09-30	0.00	A
USGS	10270700	2013-10-01	0.00	A
USGS	10270700	2013-10-02	0.00	A
USGS	10270700	2013-10-03	0.00	A
USGS	10270700	2013-10-04	0.00	A
USGS	10270700	2013-10-05	0.00	A
USGS	10270700	2013-10-06	0.00	A
USGS	10270700	2013-10-07	0.00	A
USGS	10270700	2013-10-08	0.00	A
USGS	10270700	2013-10-09	0.00	A
USGS	10270700	2013-10-10	0.00	A
USGS	10270700	2013-10-11	0.00	A
USGS	10270700	2013-10-12	0.00	A
USGS	10270700	2013-10-13	0.00	A
USGS	10270700	2013-10-14	0.00	A
USGS	10270700	2013-10-15	0.00	A
USGS	10270700	2013-10-16	0.00	A
USGS	10270700	2013-10-17	0.00	A
USGS	10270700	2013-10-18	0.00	A
USGS	10270700	2013-10-19	0.00	A
USGS	10270700	2013-10-20	0.00	A
USGS	10270700	2013-10-21	0.00	A
USGS	10270700	2013-10-22	0.00	A
USGS	10270700	2013-10-23	0.00	A
USGS	10270700	2013-10-24	0.00	A
USGS	10270700	2013-10-25	0.00	A
USGS	10270700	2013-10-26	0.00	A
USGS	10270700	2013-10-27	0.00	A
USGS	10270700	2013-10-28	0.00	A
USGS	10270700	2013-10-29	0.00	A
USGS	10270700	2013-10-30	0.00	A
USGS	10270700	2013-10-31	0.00	A
USGS	10270700	2013-11-01	0.00	A
USGS	10270700	2013-11-02	0.00	A
USGS	10270700	2013-11-03	0.00	A
USGS	10270700	2013-11-04	0.00	A
USGS	10270700	2013-11-05	0.00	A
USGS	10270700	2013-11-06	0.00	A
USGS	10270700	2013-11-07	0.00	A
USGS	10270700	2013-11-08	0.00	A
USGS	10270700	2013-11-09	0.00	A
USGS	10270700	2013-11-10	0.00	A
USGS	10270700	2013-11-11	0.00	A
USGS	10270700	2013-11-12	0.00	A
USGS	10270700	2013-11-13	0.00	A
USGS	10270700	2013-11-14	0.00	A
USGS	10270700	2013-11-15	0.00	A
USGS	10270700	2013-11-16	0.00	A
USGS	10270700	2013-11-17	0.00	A
USGS	10270700	2013-11-18	0.00	A
USGS	10270700	2013-11-19	0.00	A
USGS	10270700	2013-11-20	0.00	A
USGS	10270700	2013-11-21	0.00	A
USGS	10270700	2013-11-22	0.00	A
USGS	10270700	2013-11-23	0.00	A
USGS	10270700	2013-11-24	0.00	A
USGS	10270700	2013-11-25	0.00	A
USGS	10270700	2013-11-26	0.00	A
USGS	10270700	2013-11-27	0.00	A
USGS	10270700	2013-11-28	0.00	A
USGS	10270700	2013-11-29	0.00	A
USGS	10270700	2013-11-30	0.00	A
USGS	10270700	2013-12-01	0.00	A
USGS	10270700	2013-12-02	0.00	A
USGS	10270700	2013-12-03	0.00	A
USGS	10270700	2013-12-04	0.00	A
USGS	10270700	2013-12-05	0.00	A:e
USGS	10270700	2013-12-06	0.00	A:e
USGS	10270700	2013-12-07	0.00	A:e
USGS	10270700	2013-12-08	0.00	A:e
USGS	10270700	2013-12-09	0.00	A:e
USGS	10270700	2013-12-10	0.00	A:e
USGS	10270700	2013-12-11	0.00	A:e
USGS	10270700	2013-12-12	0.00	A:e
USGS	10270700	2013-12-13	0.00	A:e
USGS	10270700	2013-12-14	0.00	A:e
USGS	10270700	2013-12-15	0.00	A:e
USGS	10270700	2013-12-16	0.00	A:e
USGS	10270700	2013-12-17	0.00	A:e
USGS	10270700	2013-12-18	0.00	A:e
USGS	10270700	2013-12-19	0.00	A:e
USGS	10270700	2013-12-20	0.00	A:e
USGS	10270700	2013-12-21	0.00	A:e
USGS	10270700	2013-12-22	0.00	A:e
USGS	10270700	2013-12-23	0.00	A:e
USGS	10270700	2013-12-24	0.00	A:e
USGS	10270700	2013-12-25	0.00	A:e
USGS	10270700	2013-12-26	0.00	A:e
USGS	10270700	2013-12-27	0.00	A:e
USGS	10270700	2013-12-28	0.00	A:e
USGS	10270700	2013-12-29	0.00	A:e
USGS	10270700	2013-12-30	0.00	A:e
USGS	10270700	2013-12-31	0.00	A:e
USGS	10270700	2014-01-01	0.00	A:e
USGS	10270700	2014-01-02	0.00	A:e
USGS	10270700	2014-01-03	0.00	A:e
USGS	10270700	2014-01-04	0.00	A:e
USGS	10270700	2014-01-05	0.00	A:e
USGS	10270700	2014-01-06	0.00	A:e
USGS	10270700	2014-01-07	0.00	A:e
USGS	10270700	2014-01-08	0.00	A:e
USGS	10270700	2014-01-09	0.00	A:e
USGS	10270700	2014-01-10	0.00	A:e
USGS	10270700	2014-01-11	0.00	A:e
USGS	10270700	2014-01-12	0.00	A:e
USGS	10270700	2014-01-13	0.00	A:e
USGS	10270700	2014-01-14	0.00	A:e
USGS	10270700	2014-01-15	0.00	A:e
USGS	10270700	2014-01-16	0.00	A:e
USGS	10270700	2014-01-17	0.00	A:e
USGS	10270700	2014-01-18	0.00	A:e
USGS	10270700	2014-01-19	0.00	A:e
USGS	10270700	2014-01-20	0.00	A:e
USGS	10270700	2014-01-21	0.00	A:e
USGS	10270700	2014-01-22	0.00	A:e
USGS	10270700	2014-01-23	0.00	A:e
USGS	10270700	2014-01-24	0.00	A:e
USGS	10270700	2014-01-25	0.00	A:e
USGS	10270700	2014-01-26	0.00	A:e
USGS	10270700	2014-01-27	0.00	A:e
USGS	10270700	2014-01-28	0.00	A:e
USGS	10270700	2014-01-29	0.00	A:e
USGS	10270700	2014-01-30	0.00	A:e
USGS	10270700	2014-01-31	0.00	A:e
USGS	10270700	2014-02-01	0.00	A:e
USGS	10270700	2014-02-02	0.00	A:e
USGS	10270700	2014-02-03	0.00	A:e
USGS	10270700	2014-02-04	0.00	A:e
USGS	10270700	2014-02-05	0.00	A:e
USGS	10270700	2014-02-06	0.00	A:e
USGS	10270700	2014-02-07	0.00	A:e
USGS	10270700	2014-02-08	0.00	A:e
USGS	10270700	2014-02-09	0.00	A:e
USGS	10270700	2014-02-10	0.00	A:e
USGS	10270700	2014-02-11	0.00	A:e
USGS	10270700	2014-02-12	0.00	A:e
USGS	10270700	2014-02-13	0.00	A:e
USGS	10270700	2014-02-14	0.00	A
USGS	10270700	2014-02-15	0.00	A
USGS	10270700	2014-02-16	0.00	A
USGS	10270700	2014-02-17	0.00	A
USGS	10270700	2014-02-18	0.00	A
USGS	10270700	2014-02-19	0.00	A
USGS	10270700	2014-02-20	0.00	A
USGS	10270700	2014-02-21	0.00	A
USGS	10270700	2014-02-22	0.00	A
USGS	10270700	2014-02-23	0.00	A
USGS	10270700	2014-02-24	0.00	A
USGS	10270700	2014-02-25	0.00	A
USGS	10270700	2014-02-26	0.00	A
USGS	10270700	2014-02-27	0.00	A
USGS	10270700	2014-02-28	0.00	A
USGS	10270700	2014-03-01	0.00	A
USGS	10270700	2014-03-02	0.00	A
USGS	10270700	2014-03-03	0.00	A
USGS	10270700	2014-03-04	0.00	A
USGS	10270700	2014-03-05	0.00	A
USGS	10270700	2014-03-06	0.00	A
USGS	10270700	2014-03-07	0.00	A
USGS	10270700	2014-03-08	0.00	A
USGS	10270700	2014-03-09	0.00	A
USGS	10270700	2014-03-10	0.00	A
USGS	10270700	2014-03-11	0.00	A
USGS	10270700	2014-03-12	0.00	A
USGS	10270700	2014-03-13	0.00	A
USGS	10270700	2014-03-14	0.00	A
USGS	10270700	2014-03-15	0.00	A
USGS	10270700	2014-03-16	0.00	A
USGS	10270700	2014-03-17	0.00	A
USGS	10270700	2014-03-18	0.00	A
USGS	10270700	2014-03-19	0.00	A
USGS	10270700	2014-03-20	0.00	A
USGS	10270700	2014-03-21	0.00	A
USGS	10270700	2014-03-22	0.00	A
USGS	10270700	2014-03-23	0.00	A
USGS	10270700	2014-03-24	0.00	A
USGS	10270700	2014-03-25	0.00	A
USGS	10270700	2014-03-26	0.00	A
USGS	10270700	2014-03-27	0.00	A
USGS	10270700	2014-03-28	0.00	A
USGS	10270700	2014-03-29	0.00	A
USGS	10270700	2014-03-30	0.00	A
USGS	10270700	2014-03-31	0.00	A
USGS	10270700	2014-04-01	0.00	A
USGS	10270700	2014-04-02	0.00	A
USGS	10270700	2014-04-03	0.00	A
USGS	10270700	2014-04-04	0.00	A
USGS	10270700	2014-04-05	0.00	A
USGS	10270700	2014-04-06	0.00	A
USGS	10270700	2014-04-07	0.00	A
USGS	10270700	2014-04-08	0.00	A
USGS	10270700	2014-04-09	0.00	A
USGS	10270700	2014-04-10	0.00	A
USGS	10270700	2014-04-11	0.00	A
USGS	10270700	2014-04-12	0.00	A
USGS	10270700	2014-04-13	0.00	A
USGS	10270700	2014-04-14	0.00	A
USGS	10270700	2014-04-15	0.00	A
USGS	10270700	2014-04-16	0.00	A
USGS	10270700	2014-04-17	12.00	A
USGS	10270700	2014-04-18	68.00	A
USGS	10270700	2014-04-19	86.00	A
USGS	10270700	2014-04-20	88.00	A
USGS	10270700	2014-04-21	0.00	A
USGS	10270700	2014-04-22	0.00	A
USGS	10270700	2014-04-23	0.00	A
USGS	10270700	2014-04-24	0.00	A
USGS	10270700	2014-04-25	0.00	A
USGS	10270700	2014-04-26	0.00	A
USGS	10270700	2014-04-27	0.00	A
USGS	10270700	2014-04-28	0.00	A
USGS	10270700	2014-04-29	0.00	A
USGS	10270700	2014-04-30	0.00	A
USGS	10270700	2014-05-01	0.00	A
USGS	10270700	2014-05-02	0.00	A
USGS	10270700	2014-05-03	85.00	A
USGS	10270700	2014-05-04	85.00	A
USGS	10270700	2014-05-05	74.00	A
USGS	10270700	2014-05-06	23.00	A
USGS	10270700	2014-05-07	0.00	A
USGS	10270700	2014-05-08	0.00	A
USGS	10270700	2014-05-09	0.00	A
USGS	10270700	2014-05-10	0.00	A
USGS	10270700	2014-05-11	0.00	A
USGS	10270700	2014-05-12	0.00	A
USGS	10270700	2014-05-13	0.00	A
USGS	10270700	2014-05-14	0.00	A
USGS	10270700	2014-05-15	96.00	A
USGS	10270700	2014-05-16	118.0	A
USGS	10270700	2014-05-17	135.0	A
USGS	10270700	2014-05-18	139.0	A
USGS	10270700	2014-05-19	133.0	A
USGS	10270700	2014-05-20	122.0	A
USGS	10270700	2014-05-21	101.0	A
USGS	10270700	2014-05-22	0.00	A
USGS	10270700	2014-05-23	0.00	A
USGS	10270700	2014-05-24	0.00	A
USGS	10270700	2014-05-25	97.00	A
USGS	10270700	2014-05-26	132.0	A
USGS	10270700	2014-05-27	167.0	A
USGS	10270700	2014-05-28	198.0	A
USGS	10270700	2014-05-29	221.0	A
USGS	10270700	2014-05-30	235.0	A
USGS	10270700	2014-05-31	239.0	A
USGS	10270700	2014-06-01	246.0	A
USGS	10270700	2014-06-02	252.0	A
USGS	10270700	2014-06-03	254.0	A
USGS	10270700	2014-06-04	261.0	A
USGS	10270700	2014-06-05	275.0	A
USGS	10270700	2014-06-06	290.0	A
USGS	10270700	2014-06-07	307.0	A
USGS	10270700	2014-06-08	330.0	A
USGS	10270700	2014-06-09	361.0	A
USGS	10270700	2014-06-10	397.0	A
USGS	10270700	2014-06-11	439.0	A
USGS	10270700	2014-06-12	486.0	A
USGS	10270700	2014-06-13	539.0	A
USGS	10270700	2014-06-14	569.0	A
USGS	10270700	2014-06-15	585.0	A
USGS	10270700	2014-06-16	590.0	A
USGS	10270700	2014-06-17	586.0	A
USGS	10270700	2014-06-18	578.0	A
USGS	10270700	2014-06-19	569.0	A
USGS	10270700	2014-06-20	564.0	A
USGS	10270700	2014-06-21	562.0	A
USGS	10270700	2014-06-22	562.0	A
USGS	10270700	2014-06-23	565.0	A
USGS	10270700	2014-06-24	570.0	A
USGS	10270700	2014-06-25	577.0	A
USGS	10270700	2014-06-26	578.0	A
USGS	10270700	2014-06-27	573.0	A
USGS	10270700	2014-06-28	579.0	A
USGS	10270700	2014-06-29	569.0	A
USGS	10270700	2014-06-30	564.0	A
USGS	10270700	2014-07-01	562.0	A
USGS	10270700	2014-07-02	553.0	A
USGS	10270700	2014-07-03	538.0	A
USGS	10270700	2014-07-04	513.0	A
USGS	10270700	2014-07-05	481.0	A
USGS	10270700	2014-07-06	451.0	A
USGS	10270700	2014-07-07	425.0	A
USGS	10270700	2014-07-08	401.0	A
USGS	10270700	2014-07-09	376.0	A
USGS	10270700	2014-07-10	353.0	A
USGS	10270700	2014-07-11	328.0	A
USGS	10270700	2014-07-12	301.0	A
USGS	10270700	2014-07-13	273.0	A
USGS	10270700	2014-07-14	245.0	A
USGS	10270700	2014-07-15	224.0	A
USGS	10270700	2014-07-16	215.0	A
USGS	10270700	2014-07-17	204.0	A
USGS	10270700	2014-07-18	193.0	A
USGS	10270700	2014-07-19	183.0	A
USGS	10270700	2014-07-20	177.0	A
USGS	10270700	2014-07-21	167.0	A
USGS	10270700	2014-07-22	154.0	A
USGS	10270700	2014-07-23	138.0	A
USGS	10270700	2014-07-24	119.0	A
USGS	10270700	2014-07-25	97.00	A
USGS	10270700	2014-07-26	0.00	A
USGS	10270700	2014-07-27	0.00	A
USGS	10270700	2014-07-28	81.00	A
USGS	10270700	2014-07-29	0.00	A
USGS	10270700	2014-07-30	0.00	A
USGS	10270700	2014-07-31	0.00	A
USGS	10270700	2014-08-01	0.00	A
USGS	10270700	2014-08-02	0.00	A
USGS	10270700	2014-08-03	103.0	A
USGS	10270700	2014-08-04	134.0	A
USGS	10270700	2014-08-05	148.0	A
USGS	10270700	2014-08-06	148.0	A
USGS	10270700	2014-08-07	136.0	A
USGS	10270700	2014-08-08	118.0	A
USGS	10270700	2014-08-09	94.00	A
USGS	10270700	2014-08-10	0.00	A
USGS	10270700	2014-08-11	0.00	A
USGS	10270700	2014-08-12	0.00	A
USGS	10270700	2014-08-13	0.00	A
USGS	10270700	2014-08-14	0.00	A
USGS	10270700	2014-08-15	0.00	A
USGS	10270700	2014-08-16	0.00	A
USGS	10270700	2014-08-17	0.00	A
USGS	10270700	2014-08-18	0.00	A
USGS	10270700	2014-08-19	0.00	A
USGS	10270700	2014-08-20	0.00	A
USGS	10270700	2014-08-21	0.00	A
USGS	10270700	2014-08-22	0.00	A
USGS	10270700	2014-08-23	0.00	A
USGS	10270700	2014-08-24	0.00	A
USGS	10270700	2014-08-25	0.00	A
USGS	10270700	2014-08-26	0.00	A
USGS	10270700	2014-08-27	0.00	A
USGS	10270700	2014-08-28	0.00	A
USGS	10270700	2014-08-29	0.00	A
USGS	10270700	2014-08-30	0.00	A
USGS	10270700	2014-08-31	0.00	A
USGS	10270700	2014-09-01	0.00	A
USGS	10270700	2014-09-02	0.00	A
USGS	10270700	2014-09-03	0.00	A
USGS	10270700	2014-09-04	0.00	A
USGS	10270700	2014-09-05	0.00	A
USGS	10270700	2014-09-06	0.00	A
USGS	10270700	2014-09-07	0.00	A
USGS	10270700	2014-09-08	0.00	A
USGS	10270700	2014-09-09	0.00	A
USGS	10270700	2014-09-10	0.00	A
USGS	10270700	2014-09-11	0.00	A
USGS	10270700	2014-09-12	0.00	A
USGS	10270700	2014-09-13	0.00	A
USGS	10270700	2014-09-14	0.00	A
USGS	10270700	2014-09-15	0.00	A
USGS	10270700	2014-09-16	0.00	A
USGS	10270700	2014-09-17	0.00	A
USGS	10270700	2014-09-18	0.00	A
USGS	10270700	2014-09-19	0.00	A
USGS	10270700	2014-09-20	0.00	A
USGS	10270700	2014-09-21	0.00	A
USGS	10270700	2014-09-22	0.00	A
USGS	10270700	2014-09-23	0.00	A
USGS	10270700	2014-09-24	0.00	A
USGS	10270700	2014-09-25	0.00	A
USGS	10270700	2014-09-26	0.00	A
USGS	10270700	2014-09-27	0.00	A
USGS	10270700	2014-09-28	0.00	A
USGS	10270700	2014-09-29	0.00	A
USGS	10270700	2014-09-30	0.00	A
USGS	10270700	2014-10-01	0.00	A
USGS	10270700	2014-10-02	0.00	A
USGS	10270700	2014-10-03	0.00	A
USGS	10270700	2014-10-04	0.00	A
USGS	10270700	2014-10-05	0.00	A
USGS	10270700	2014-10-06	0.00	A
USGS	10270700	2014-10-07	0.00	A
USGS	10270700	2014-10-08	0.00	A
USGS	10270700	2014-10-09	0.00	A
USGS	10270700	2014-10-10	0.00	A
USGS	10270700	2014-10-11	0.00	A
USGS	10270700	2014-10-12	0.00	A
USGS	10270700	2014-10-13	0.00	A
USGS	10270700	2014-10-14	0.00	A
USGS	10270700	2014-10-15	0.00	A
USGS	10270700	2014-10-16	0.00	A
USGS	10270700	2014-10-17	0.00	A
USGS	10270700	2014-10-18	0.00	A
USGS	10270700	2014-10-19	0.00	A
USGS	10270700	2014-10-20	0.00	A
USGS	10270700	2014-10-21	0.00	A
USGS	10270700	2014-10-22	0.00	A
USGS	10270700	2014-10-23	0.00	A
USGS	10270700	2014-10-24	0.00	A
USGS	10270700	2014-10-25	0.00	A
USGS	10270700	2014-10-26	0.00	A
USGS	10270700	2014-10-27	0.00	A
USGS	10270700	2014-10-28	0.00	A
USGS	10270700	2014-10-29	0.00	A
USGS	10270700	2014-10-30	0.00	A
USGS	10270700	2014-10-31	0.00	A
USGS	10270700	2014-11-01	0.00	A
USGS	10270700	2014-11-02	0.00	A
USGS	10270700	2014-11-03	0.00	A
USGS	10270700	2014-11-04	0.00	A
USGS	10270700	2014-11-05	0.00	A
USGS	10270700	2014-11-06	0.00	A
USGS	10270700	2014-11-07	0.00	A
USGS	10270700	2014-11-08	0.00	A
USGS	10270700	2014-11-09	0.00	A
USGS	10270700	2014-11-10	0.00	A
USGS	10270700	2014-11-11	0.00	A
USGS	10270700	2014-11-12	0.00	A
USGS	10270700	2014-11-13	0.00	A
USGS	10270700	2014-11-14	0.00	A
USGS	10270700	2014-11-15	0.00	A
USGS	10270700	2014-11-16	0.00	A
USGS	10270700	2014-11-17	0.00	A
USGS	10270700	2014-11-18	0.00	A
USGS	10270700	2014-11-19	0.00	A
USGS	10270700	2014-11-20	0.00	A
USGS	10270700	2014-11-21	0.00	A
USGS	10270700	2014-11-22	0.00	A
USGS	10270700	2014-11-23	0.00	A
USGS	10270700	2014-11-24	0.00	A
USGS	10270700	2014-11-25	0.00	A
USGS	10270700	2014-11-26	0.00	A
USGS	10270700	2014-11-27	0.00	A
USGS	10270700	2014-11-28	0.00	A
USGS	10270700	2014-11-29	0.00	A
USGS	10270700	2014-11-30	0.00	A
USGS	10270700	2014-12-01	0.00	A
USGS	10270700	2014-12-02	0.00	A
USGS	10270700	2014-12-03	0.00	A
USGS	10270700	2014-12-04	0.00	A
USGS	10270700	2014-12-05	0.00	A
USGS	10270700	2014-12-06	0.00	A
USGS	10270700	2014-12-07	0.00	A
USGS	10270700	2014-12-08	0.00	A
USGS	10270700	2014-12-09	0.00	A
USGS	10270700	2014-12-10	0.00	A
USGS	10270700	2014-12-11	0.00	A
USGS	10270700	2014-12-12	0.00	A
USGS	10270700	2014-12-13	0.00	A
USGS	10270700	2014-12-14	0.00	A
USGS	10270700	2014-12-15	0.00	A
USGS	10270700	2014-12-16	0.00	A
USGS	10270700	2014-12-17	0.00	A
USGS	10270700	2014-12-18	0.00	A
USGS	10270700	2014-12-19	0.00	A
USGS	10270700	2014-12-20	0.00	A
USGS	10270700	2014-12-21	0.00	A
USGS	10270700	2014-12-22	0.00	A
USGS	10270700	2014-12-23	0.00	A
USGS	10270700	2014-12-24	0.00	A
USGS	10270700	2014-12-25	0.00	A
USGS	10270700	2014-12-26	0.00	A
USGS	10270700	2014-12-27	0.00	A
USGS	10270700	2014-12-28	0.00	A
USGS	10270700	2014-12-29	0.00	A
USGS	10270700	2014-12-30	0.00	A
USGS	10270700	2014-12-31	0.00	A
USGS	10270700	2015-01-01	0.00	A
USGS	10270700	2015-01-02	0.00	A
USGS	10270700	2015-01-03	0.00	A
USGS	10270700	2015-01-04	0.00	A
USGS	10270700	2015-01-05	0.00	A
USGS	10270700	2015-01-06	0.00	A
USGS	10270700	2015-01-07	0.00	A
USGS	10270700	2015-01-08	0.00	A
USGS	10270700	2015-01-09	0.00	A
USGS	10270700	2015-01-10	0.00	A
USGS	10270700	2015-01-11	0.00	A
USGS	10270700	2015-01-12	0.00	A
USGS	10270700	2015-01-13	0.00	A
USGS	10270700	2015-01-14	0.00	A
USGS	10270700	2015-01-15	0.00	A
USGS	10270700	2015-01-16	0.00	A
USGS	10270700	2015-01-17	0.00	A
USGS	10270700	2015-01-18	0.00	A
USGS	10270700	2015-01-19	0.00	A
USGS	10270700	2015-01-20	0.00	A
USGS	10270700	2015-01-21	0.00	A
USGS	10270700	2015-01-22	0.00	A
USGS	10270700	2015-01-23	0.00	A
USGS	10270700	2015-01-24	0.00	A
USGS	10270700	2015-01-25	0.00	A
USGS	10270700	2015-01-26	0.00	A
USGS	10270700	2015-01-27	0.00	A
USGS	10270700	2015-01-28	0.00	A
USGS	10270700	2015-01-29	0.00	A
USGS	10270700	2015-01-30	0.00	A
USGS	10270700	2015-01-31	0.00	A
USGS	10270700	2015-02-01	0.00	A
USGS	10270700	2015-02-02	0.00	A
USGS	10270700	2015-02-03	0.00	A
USGS	10270700	2015-02-04	0.00	A
USGS	10270700	2015-02-05	0.00	A
USGS	10270700	2015-02-06	0.00	A
USGS	10270700	2015-02-07	0.00	A
USGS	10270700	2015-02-08	0.00	A
USGS	10270700	2015-02-09	0.00	A
USGS	10270700	2015-02-10	0.00	A
USGS	10270700	2015-02-11	0.00	A
USGS	10270700	2015-02-12	0.00	A
USGS	10270700	2015-02-13	0.00	A
USGS	10270700	2015-02-14	0.00	A
USGS	10270700	2015-02-15	0.00	A
USGS	10270700	2015-02-16	0.00	A
USGS	10270700	2015-02-17	0.00	A
USGS	10270700	2015-02-18	0.00	A
USGS	10270700	2015-02-19	0.00	A
USGS	10270700	2015-02-20	0.00	A
USGS	10270700	2015-02-21	0.00	A
USGS	10270700	2015-02-22	0.00	A
USGS	10270700	2015-02-23	0.00	A
USGS	10270700	2015-02-24	0.00	A
USGS	10270700	2015-02-25	0.00	A
USGS	10270700	2015-02-26	0.00	A
USGS	10270700	2015-02-27	0.00	A
USGS	10270700	2015-02-28	0.00	A
USGS	10270700	2015-03-01	0.00	A
USGS	10270700	2015-03-02	0.00	A
USGS	10270700	2015-03-03	0.00	A
USGS	10270700	2015-03-04	0.00	A
USGS	10270700	2015-03-05	0.00	A
USGS	10270700	2015-03-06	0.00	A
USGS	10270700	2015-03-07	0.00	A
USGS	10270700	2015-03-08	0.00	A
USGS	10270700	2015-03-09	0.00	A
USGS	10270700	2015-03-10	0.00	A
USGS	10270700	2015-03-11	0.00	A
USGS	10270700	2015-03-12	0.00	A
USGS	10270700	2015-03-13	0.00	A
USGS	10270700	2015-03-14	0.00	A
USGS	10270700	2015-03-15	0.00	A
USGS	10270700	2015-03-16	0.00	A
USGS	10270700	2015-03-17	0.00	A
USGS	10270700	2015-03-18	0.00	A
USGS	10270700	2015-03-19	0.00	A
USGS	10270700	2015-03-20	0.00	A
USGS	10270700	2015-03-21	0.00	A
USGS	10270700	2015-03-22	0.00	A
USGS	10270700	2015-03-23	0.00	A
USGS	10270700	2015-03-24	0.00	A
USGS	10270700	2015-03-25	0.00	A
USGS	10270700	2015-03-26	0.00	A
USGS	10270700	2015-03-27	0.00	A
USGS	10270700	2015-03-28	0.00	A
USGS	10270700	2015-03-29	0.00	A
USGS	10270700	2015-03-30	0.00	A
USGS	10270700	2015-03-31	0.00	A
USGS	10270700	2015-04-01	0.00	A
USGS	10270700	2015-04-02	0.00	A
USGS	10270700	2015-04-03	0.00	A
USGS	10270700	2015-04-04	0.00	A
USGS	10270700	2015-04-05	0.00	A
USGS	10270700	2015-04-06	0.00	A
USGS	10270700	2015-04-07	0.00	A
USGS	10270700	2015-04-08	0.00	A
USGS	10270700	2015-04-09	0.00	A
USGS	10270700	2015-04-10	0.00	A
USGS	10270700	2015-04-11	0.00	A
USGS	10270700	2015-04-12	0.00	A
USGS	10270700	2015-04-13	0.00	A
USGS	10270700	2015-04-14	0.00	A
USGS	10270700	2015-04-15	0.00	A
USGS	10270700	2015-04-16	0.00	A
USGS	10270700	2015-04-17	0.00	A
USGS	10270700	2015-04-18	0.00	A
USGS	10270700	2015-04-19	0.00	A
USGS	10270700	2015-04-20	0.00	A
USGS	10270700	2015-04-21	0.00	A
USGS	10270700	2015-04-22	0.00	A
USGS	10270700	2015-04-23	0.00	A
USGS	10270700	2015-04-24	0.00	A
USGS	10270700	2015-04-25	0.00	A
USGS	10270700	2015-04-26	0.00	A
USGS	10270700	2015-04-27	0.00	A
USGS	10270700	2015-04-28	0.00	A
USGS	10270700	2015-04-29	0.00	A
USGS	10270700	2015-04-30	0.00	A
USGS	10270700	2015-05-01	2.60	A
USGS	10270700	2015-05-02	33.00	A
USGS	10270700	2015-05-03	64.00	A
USGS	10270700	2015-05-04	62.00	A
USGS	10270700	2015-05-05	43.00	A
USGS	10270700	2015-05-06	35.00	A
USGS	10270700	2015-05-07	5.40	A
USGS	10270700	2015-05-08	1.90	A
USGS	10270700	2015-05-09	0.00	A
USGS	10270700	2015-05-10	0.00	A
USGS	10270700	2015-05-11	23.00	A
USGS	10270700	2015-05-12	3.80	A
USGS	10270700	2015-05-13	0.00	A
USGS	10270700	2015-05-14	0.00	A
USGS	10270700	2015-05-15	0.00	A
USGS	10270700	2015-05-16	0.00	A
USGS	10270700	2015-05-17	0.00	A
USGS	10270700	2015-05-18	0.00	A
USGS	10270700	2015-05-19	0.00	A
USGS	10270700	2015-05-20	0.00	A
USGS	10270700	2015-05-21	0.00	A
USGS	10270700	2015-05-22	14.00	A
USGS	10270700	2015-05-23	39.00	A
USGS	10270700	2015-05-24	138.0	A
USGS	10270700	2015-05-25	197.0	A
USGS	10270700	2015-05-26	240.0	A
USGS	10270700	2015-05-27	283.0	A
USGS	10270700	2015-05-28	328.0	A
USGS	10270700	2015-05-29	376.0	A
USGS	10270700	2015-05-30	433.0	A
USGS	10270700	2015-05-31	497.0	A
USGS	10270700	2015-06-01	555.0	A
USGS	10270700	2015-06-02	610.0	A
USGS	10270700	2015-06-03	664.0	A
USGS	10270700	2015-06-04	718.0	A
USGS	10270700	2015-06-05	766.0	A
USGS	10270700	2015-06-06	808.0	A
USGS	10270700	2015-06-07	846.0	A
USGS	10270700	2015-06-08	885.0	A
USGS	10270700	2015-06-09	924.0	A
USGS	10270700	2015-06-10	972.0	A
USGS	10270700	2015-06-11	1020	A
USGS	10270700	2015-06-12	1090	A
USGS	10270700	2015-06-13	1150	A
USGS	10270700	2015-06-14	1210	A
USGS	10270700	2015-06-15	1280	A
USGS	10270700	2015-06-16	1330	A
USGS	10270700	2015-06-17	1380	A
USGS	10270700	2015-06-18	1430	A
USGS	10270700	2015-06-19	1470	A
USGS	10270700	2015-06-20	1510	A
USGS	10270700	2015-06-21	1530	A
USGS	10270700	2015-06-22	1560	A
USGS	10270700	2015-06-23	1590	A
USGS	10270700	2015-06-24	1600	A
USGS	10270700	2015-06-25	1620	A
USGS	10270700	2015-06-26	1640	A
USGS	10270700	2015-06-27	1650	A
USGS	10270700	2015-06-28	1670	A
USGS	10270700	2015-06-29	1690	A
USGS	10270700	2015-06-30	1700	A
USGS	10270700	2015-07-01	1720	A
USGS	10270700	2015-07-02	1780	A
USGS	10270700	2015-07-03	1840	A
USGS	10270700	2015-07-04	1880	A
USGS	10270700	2015-07-05	1920	A
USGS	10270700	2015-07-06	1950	A
USGS	10270700	2015-07-07	1980	A
USGS	10270700	2015-07-08	2010	A
USGS	10270700	2015-07-09	2020	A
USGS	10270700	2015-07-10	2050	A
USGS	10270700	2015-07-11	2060	A
USGS	10270700	2015-07-12	2070	A
USGS	10270700	2015-07-13	2080	A
USGS	10270700	2015-07-14	2090	A
USGS	10270700	2015-07-15	2100	A
USGS	10270700	2015-07-16	2100	A
USGS	10270700	2015-07-17	2110	A
USGS	10270700	2015-07-18	2110	A
USGS	10270700	2015-07-19	2110	A
USGS	10270700	2015-07-20	2110	A
USGS	10270700	2015-07-21	2110	A
USGS	10270700	2015-07-22	2110	A
USGS	10270700	2015-07-23	2120	A
USGS	10270700	2015-07-24	2120	A
USGS	10270700	2015-07-25	2120	A
USGS	10270700	2015-07-26	2110	A
USGS	10270700	2015-07-27	2110	A
USGS	10270700	2015-07-28	2110	A
USGS	10270700	2015-07-29	2100	A
USGS	10270700	2015-07-30	2100	A
USGS	10270700	2015-07-31	2110	A
USGS	10270700	2015-08-01	2120	A
USGS	10270700	2015-08-02	2130	A
USGS	10270700	2015-08-03	2130	A
USGS	10270700	2015-08-04	2130	A
USGS	10270700	2015-08-05	2120	A
USGS	10270700	2015-08-06	2120	A
USGS	10270700	2015-08-07	2110	A
USGS	10270700	2015-08-08	2110	A
USGS	10270700	2015-08-09	2100	A
USGS	10270700	2015-08-10	2100	A
USGS	10270700	2015-08-11	2090	A
USGS	10270700	2015-08-12	2080	A
USGS	10270700	2015-08-13	2070	A
USGS	10270700	2015-08-14	2060	A
USGS	10270700	2015-08-15	2050	A
USGS	10270700	2015-08-16	2050	A
USGS	10270700	2015-08-17	2040	A
USGS	10270700	2015-08-18	2030	A
USGS	10270700	2015-08-19	2020	A
USGS	10270700	2015-08-20	2010	A
USGS	10270700	2015-08-21	2000	A
USGS	10270700	2015-08-22	1980	A
USGS	10270700	2015-08-23	1980	A
USGS	10270700	2015-08-24	1960	A
USGS	10270700	2015-08-25	1940	A
USGS	10270700	2015-08-26	1940	A
USGS	10270700	2015-08-27	1920	A
USGS	10270700	2015-08-28	1920	A
USGS	10270700	2015-08-29	1910	A
USGS	10270700	2015-08-30	1880	A
USGS	10270700	2015-08-31	1870	A
USGS	10270700	2015-09-01	1850	A
USGS	10270700	2015-09-02	1840	A
USGS	10270700	2015-09-03	1820	A
USGS	10270700	2015-09-04	1810	A
USGS	10270700	2015-09-05	1790	A
USGS	10270700	2015-09-06	1770	A
USGS	10270700	2015-09-07	1760	A
USGS	10270700	2015-09-08	1740	A
USGS	10270700	2015-09-09	1730	A
USGS	10270700	2015-09-10	1710	A
USGS	10270700	2015-09-11	1700	A
USGS	10270700	2015-09-12	1680	A
USGS	10270700	2015-09-13	1670	A
USGS	10270700	2015-09-14	1660	A
USGS	10270700	2015-09-15	1650	A
USGS	10270700	2015-09-16	1630	A
USGS	10270700	2015-09-17	1620	A
USGS	10270700	2015-09-18	1610	A
USGS	10270700	2015-09-19	1610	A
USGS	10270700	2015-09-20	1590	A
USGS	10270700	2015-09-21	1580	A
USGS	10270700	2015-09-22	1580	A
USGS	10270700	2015-09-23	1570	A
USGS	10270700	2015-09-24	1550	A
USGS	10270700	2015-09-25	1530	A
USGS	10270700	2015-09-26	1520	A
USGS	10270700	2015-09-27	1510	A
USGS	10270700	2015-09-28	1500	A
USGS	10270700	2015-09-29	1490	A
USGS	10270700	2015-09-30	1490	A
USGS	10270700	2015-10-01	1480	A
USGS	10270700	2015-10-02	1480	A
USGS	10270700	2015-10-03	1470	A
USGS	10270700	2015-10-04	1470	A
USGS	10270700	2015-10-05	1470	A
USGS	10270700	2015-10-06	1470	A
USGS	10270700	2015-10-07	1470	A
USGS	10270700	2015-10-08	1470	A
USGS	10270700	2015-10-09	1470	A
USGS	10270700	2015-10-10	1470	A
USGS	10270700	2015-10-11	1470	A
USGS	10270700	2015-10-12	1470	A
USGS	10270700	2015-10-13	1460	A
USGS	10270700	2015-10-14	1460	A
USGS	10270700	2015-10-15	1470	A
USGS	10270700	2015-10-16	1480	A
USGS	10270700	2015-10-17	1490	A
USGS	10270700	2015-10-18	1500	A
USGS	10270700	2015-10-19	1510	A
USGS	10270700	2015-10-20	1520	A
USGS	10270700	2015-10-21	1530	A
USGS	10270700	2015-10-22	1530	A
USGS	10270700	2015-10-23	1540	A
USGS	10270700	2015-10-24	1540	A
USGS	10270700	2015-10-25	1540	A
USGS	10270700	2015-10-26	1530	A
USGS	10270700	2015-10-27	1530	A
USGS	10270700	2015-10-28	1520	A
USGS	10270700	2015-10-29	1520	A
USGS	10270700	2015-10-30	1510	A
USGS	10270700	2015-10-31	1510	A
USGS	10270700	2015-11-01	1510	A
USGS	10270700	2015-11-02	1500	A
USGS	10270700	2015-11-03	1500	A
USGS	10270700	2015-11-04	1500	A
USGS	10270700	2015-11-05	1500	A
USGS	10270700	2015-11-06	1500	A
USGS	10270700	2015-11-07	1500	A
USGS	10270700	2015-11-08	1500	A
USGS	10270700	2015-11-09	1500	A
USGS	10270700	2015-11-10	1490	A
USGS	10270700	2015-11-11	1490	A
USGS	10270700	2015-11-12	1490	A
USGS	10270700	2015-11-13	1490	A
USGS	10270700	2015-11-14	1490	A
USGS	10270700	2015-11-15	1480	A
USGS	10270700	2015-11-16	1490	A
USGS	10270700	2015-11-17	1480	A
USGS	10270700	2015-11-18	1480	A
USGS	10270700	2015-11-19	1480	A
USGS	10270700	2015-11-20	1470	A
USGS	10270700	2015-11-21	1470	A
USGS	10270700	2015-11-22	1470	A
USGS	10270700	2015-11-23	1470	A
USGS	10270700	2015-11-24	1460	A
USGS	10270700	2015-11-25	1460	A
USGS	10270700	2015-11-26	1460	A
USGS	10270700	2015-11-27	1450	A
USGS	10270700	2015-11-28	1450	A
USGS	10270700	2015-11-29	1440	A
USGS	10270700	2015-11-30	1440	A
USGS	10270700	2015-12-01	1430	A
USGS	10270700	2015-12-02	1430	A
USGS	10270700	2015-12-03	1430	A
USGS	10270700	2015-12-04	1420	A
USGS	10270700	2015-12-05	1420	A
USGS	10270700	2015-12-06	1410	A
USGS	10270700	2015-12-07	1410	A
USGS	10270700	2015-12-08	1400	A
USGS	10270700	2015-12-09	1400	A
USGS	10270700	2015-12-10	1400	A
USGS	10270700	2015-12-11	1400	A
USGS	10270700	2015-12-12	1390	A
USGS	10270700	2015-12-13	1390	A
USGS	10270700	2015-12-14	1390	A
USGS	10270700	2015-12-15	1390	A
USGS	10270700	2015-12-16	1380	A
USGS	10270700	2015-12-17	1380	A
USGS	10270700	2015-12-18	1380	A
USGS	10270700	2015-12-19	1380	A
USGS	10270700	2015-12-20	1370	A
USGS	10270700	2015-12-21	1370	A
USGS	10270700	2015-12-22	1370	A
USGS	10270700	2015-12-23	1360	A
USGS	10270700	2015-12-24	1360	A
USGS	10270700	2015-12-25	1360	A
USGS	10270700	2015-12-26	1360	A
USGS	10270700	2015-12-27	1350	A
USGS	10270700	2015-12-28	1350	A
USGS	10270700	2015-12-29	1340	A
USGS	10270700	2015-12-30	1340	A
USGS	10270700	2015-12-31	1330	A
USGS	10270700	2016-01-01	1330	A
USGS	10270700	2016-01-02	1330	A
USGS	10270700	2016-01-03	1320	A
USGS	10270700	2016-01-04	1320	A
USGS	10270700	2016-01-05	1320	A
USGS	10270700	2016-01-06	1320	A
USGS	10270700	2016-01-07	1310	A
USGS	10270700	2016-01-08	1310	A
USGS	10270700	2016-01-09	1310	A
USGS	10270700	2016-01-10	1310	A
USGS	10270700	2016-01-11	1300	A
USGS	10270700	2016-01-12	1300	A
USGS	10270700	2016-01-13	1300	A
USGS	10270700	2016-01-14	1300	A
USGS	10270700	2016-01-15	1290	A
USGS	10270700	2016-01-16	1290	A
USGS	10270700	2016-01-17	1290	A
USGS	10270700	2016-01-18	1280	A
USGS	10270700	2016-01-19	1280	A
USGS	10270700	2016-01-20	1280	A
USGS	10270700	2016-01-21	1280	A
USGS	10270700	2016-01-22	1270	A
USGS	10270700	2016-01-23	1280	A
USGS	10270700	2016-01-24	1280	A
USGS	10270700	2016-01-25	1270	A
USGS	10270700	2016-01-26	1270	A
USGS	10270700	2016-01-27	1270	A
USGS	10270700	2016-01-28	1270	A
USGS	10270700	2016-01-29	1270	A
USGS	10270700	2016-01-30	1270	A
USGS	10270700	2016-01-31	1270	A
USGS	10270700	2016-02-01	1280	A
USGS	10270700	2016-02-02	1280	A
USGS	10270700	2016-02-03	1280	A
USGS	10270700	2016-02-04	1280	A
USGS	10270700	2016-02-05	1280	A
USGS	10270700	2016-02-06	1280	A
USGS	10270700	2016-02-07	1280	A
USGS	10270700	2016-02-08	1270	A
USGS	10270700	2016-02-09	1270	A
USGS	10270700	2016-02-10	1270	A
USGS	10270700	2016-02-11	1260	A
USGS	10270700	2016-02-12	1260	A
USGS	10270700	2016-02-13	1260	A
USGS	10270700	2016-02-14	1250	A
USGS	10270700	2016-02-15	1250	A
USGS	10270700	2016-02-16	1250	A
USGS	10270700	2016-02-17	1250	A
USGS	10270700	2016-02-18	1250	A
USGS	10270700	2016-02-19	1250	A
USGS	10270700	2016-02-20	1250	A
USGS	10270700	2016-02-21	1250	A
USGS	10270700	2016-02-22	1250	A
USGS	10270700	2016-02-23	1250	A
USGS	10270700	2016-02-24	1240	A
USGS	10270700	2016-02-25	1240	A
USGS	10270700	2016-02-26	1240	A
USGS	10270700	2016-02-27	1240	A
USGS	10270700	2016-02-28	1240	A
USGS	10270700	2016-02-29	1240	A
USGS	10270700	2016-03-01	1240	A
USGS	10270700	2016-03-02	1240	A
USGS	10270700	2016-03-03	1230	A
USGS	10270700	2016-03-04	1230	A
USGS	10270700	2016-03-05	1230	A
USGS	10270700	2016-03-06	1240	A
USGS	10270700	2016-03-07	1240	A
USGS	10270700	2016-03-08	1250	A
USGS	10270700	2016-03-09	1250	A
USGS	10270700	2016-03-10	1250	A
USGS	10270700	2016-03-11	1250	A
USGS	10270700	2016-03-12	1250	A
USGS	10270700	2016-03-13	1260	A
USGS	10270700	2016-03-14	1250	A
USGS	10270700	2016-03-15	1250	A
USGS	10270700	2016-03-16	1250	A
USGS	10270700	2016-03-17	1250	A
USGS	10270700	2016-03-18	1260	A
USGS	10270700	2016-03-19	1260	A
USGS	10270700	2016-03-20	1260	A
USGS	10270700	2016-03-21	1260	A
USGS	10270700	2016-03-22	1260	A
USGS	10270700	2016-03-23	1260	A
USGS	10270700	2016-03-24	1260	A
USGS	10270700	2016-03-25	1260	A
USGS	10270700	2016-03-26	1260	A
USGS	10270700	2016-03-27	1270	A
USGS	10270700	2016-03-28	1270	A
USGS	10270700	2016-03-29	1280	A
USGS	10270700	2016-03-30	1280	A
USGS	10270700	2016-03-31	1280	A
USGS	10270700	2016-04-01	1280	A
USGS	10270700	2016-04-02	1290	A
USGS	10270700	2016-04-03	1290	A
USGS	10270700	2016-04-04	1300	A
USGS	10270700	2016-04-05	1320	A
USGS	10270700	2016-04-06	1330	A
USGS	10270700	2016-04-07	1330	A
USGS	10270700	2016-04-08	1340	A
USGS	10270700	2016-04-09	1350	A
USGS	10270700	2016-04-10	1350	A
USGS	10270700	2016-04-11	1350	A
USGS	10270700	2016-04-12	1350	A
USGS	10270700	2016-04-13	1360	A
USGS	10270700	2016-04-14	1360	A
USGS	10270700	2016-04-15	1360	A
USGS	10270700	2016-04-16	1350	A
USGS	10270700	2016-04-17	1350	A
USGS	10270700	2016-04-18	1350	A
USGS	10270700	2016-04-19	1350	A
USGS	10270700	2016-04-20	1360	A
USGS	10270700	2016-04-21	1380	A
USGS	10270700	2016-04-22	1390	A
USGS	10270700	2016-04-23	1400	A
USGS	10270700	2016-04-24	1410	A
USGS	10270700	2016-04-25	1410	A
USGS	10270700	2016-04-26	1420	A
USGS	10270700	2016-04-27	1420	A
USGS	10270700	2016-04-28	1420	A
USGS	10270700	2016-04-29	1420	A
USGS	10270700	2016-04-30	1420	A
USGS	10270700	2016-05-01	1400	A
USGS	10270700	2016-05-02	1390	A
USGS	10270700	2016-05-03	1390	A
USGS	10270700	2016-05-04	1390	A
USGS	10270700	2016-05-05	1390	A
USGS	10270700	2016-05-06	1390	A
USGS	10270700	2016-05-07	1390	A
USGS	10270700	2016-05-08	1380	A
USGS	10270700	2016-05-09	1380	A
USGS	10270700	2016-05-10	1400	A
USGS	10270700	2016-05-11	1430	A
USGS	10270700	2016-05-12	1490	A
USGS	10270700	2016-05-13	1560	A
USGS	10270700	2016-05-14	1660	A
USGS	10270700	2016-05-15	1750	A
USGS	10270700	2016-05-16	1830	A
USGS	10270700	2016-05-17	1890	A
USGS	10270700	2016-05-18	1960	A
USGS	10270700	2016-05-19	2040	A
USGS	10270700	2016-05-20	2120	A
USGS	10270700	2016-05-21	2160	A
USGS	10270700	2016-05-22	2190	A
USGS	10270700	2016-05-23	2220	A
USGS	10270700	2016-05-24	2240	A
USGS	10270700	2016-05-25	2270	A
USGS	10270700	2016-05-26	2290	A
USGS	10270700	2016-05-27	2310	A
USGS	10270700	2016-05-28	2340	A
USGS	10270700	2016-05-29	2380	A
USGS	10270700	2016-05-30	2450	A
USGS	10270700	2016-05-31	2540	A
USGS	10270700	2016-06-01	2670	A
USGS	10270700	2016-06-02	2850	A
USGS	10270700	2016-06-03	3060	A
USGS	10270700	2016-06-04	3270	A
USGS	10270700	2016-06-05	3490	A
USGS	10270700	2016-06-06	3710	A
USGS	10270700	2016-06-07	3940	A
USGS	10270700	2016-06-08	4170	A
USGS	10270700	2016-06-09	4370	A
USGS	10270700	2016-06-10	4540	A
USGS	10270700	2016-06-11	4690	A
USGS	10270700	2016-06-12	4890	A
USGS	10270700	2016-06-13	5040	A
USGS	10270700	2016-06-14	5170	A
USGS	10270700	2016-06-15	5280	A
USGS	10270700	2016-06-16	5380	A
USGS	10270700	2016-06-17	5470	A
USGS	10270700	2016-06-18	5560	A
USGS	10270700	2016-06-19	5660	A
USGS	10270700	2016-06-20	5780	A
USGS	10270700	2016-06-21	5950	A
USGS	10270700	2016-06-22	6170	A
USGS	10270700	2016-06-23	6360	A
USGS	10270700	2016-06-24	6510	A
USGS	10270700	2016-06-25	6650	A
USGS	10270700	2016-06-26	6780	A
USGS	10270700	2016-06-27	6920	A
USGS	10270700	2016-06-28	7070	A
USGS	10270700	2016-06-29	7210	A
USGS	10270700	2016-06-30	7350	A
USGS	10270700	2016-07-01	7490	A
USGS	10270700	2016-07-02	7610	A
USGS	10270700	2016-07-03	7720	A
USGS	10270700	2016-07-04	7810	A
USGS	10270700	2016-07-05	7900	A
USGS	10270700	2016-07-06	7980	A
USGS	10270700	2016-07-07	8050	A
USGS	10270700	2016-07-08	8120	A
USGS	10270700	2016-07-09	8190	A
USGS	10270700	2016-07-10	8240	A
USGS	10270700	2016-07-11	8290	A
USGS	10270700	2016-07-12	8340	A
USGS	10270700	2016-07-13	8380	A
USGS	10270700	2016-07-14	8420	A
USGS	10270700	2016-07-15	8460	A
USGS	10270700	2016-07-16	8510	A
USGS	10270700	2016-07-17	8550	A
USGS	10270700	2016-07-18	8580	A
USGS	10270700	2016-07-19	8590	A
USGS	10270700	2016-07-20	8600	A
USGS	10270700	2016-07-21	8620	A
USGS	10270700	2016-07-22	8650	A
USGS	10270700	2016-07-23	8670	A
USGS	10270700	2016-07-24	8680	A
USGS	10270700	2016-07-25	8690	A
USGS	10270700	2016-07-26	8700	A
USGS	10270700	2016-07-27	8710	A
USGS	10270700	2016-07-28	8720	A
USGS	10270700	2016-07-29	8740	A
USGS	10270700	2016-07-30	8750	A
USGS	10270700	2016-07-31	8760	A
USGS	10270700	2016-08-01	8770	A
USGS	10270700	2016-08-02	8780	A
USGS	10270700	2016-08-03	8780	A
USGS	10270700	2016-08-04	8790	A
USGS	10270700	2016-08-05	8790	A
USGS	10270700	2016-08-06	8780	A
USGS	10270700	2016-08-07	8770	A
USGS	10270700	2016-08-08	8760	A
USGS	10270700	2016-08-09	8750	A
USGS	10270700	2016-08-10	8730	A
USGS	10270700	2016-08-11	8710	A
USGS	10270700	2016-08-12	8690	A
USGS	10270700	2016-08-13	8680	A
USGS	10270700	2016-08-14	8660	A
USGS	10270700	2016-08-15	8640	A
USGS	10270700	2016-08-16	8620	A
USGS	10270700	2016-08-17	8600	A
USGS	10270700	2016-08-18	8580	A
USGS	10270700	2016-08-19	8560	A
USGS	10270700	2016-08-20	8540	A
USGS	10270700	2016-08-21	8520	A
USGS	10270700	2016-08-22	8510	A
USGS	10270700	2016-08-23	8490	A
USGS	10270700	2016-08-24	8470	A
USGS	10270700	2016-08-25	8450	A
USGS	10270700	2016-08-26	8430	A
USGS	10270700	2016-08-27	8410	A
USGS	10270700	2016-08-28	8390	A
USGS	10270700	2016-08-29	8370	A
USGS	10270700	2016-08-30	8350	A
USGS	10270700	2016-08-31	8310	A
USGS	10270700	2016-09-01	8260	A
USGS	10270700	2016-09-02	8220	A
USGS	10270700	2016-09-03	8180	A
USGS	10270700	2016-09-04	8130	A
USGS	10270700	2016-09-05	8080	A
USGS	10270700	2016-09-06	8040	A
USGS	10270700	2016-09-07	7990	A
USGS	10270700	2016-09-08	7960	A
USGS	10270700	2016-09-09	7950	A
USGS	10270700	2016-09-10	7940	A
USGS	10270700	2016-09-11	7920	A
USGS	10270700	2016-09-12	7910	A
USGS	10270700	2016-09-13	7890	A
USGS	10270700	2016-09-14	7880	A
USGS	10270700	2016-09-15	7860	A
USGS	10270700	2016-09-16	7850	A
USGS	10270700	2016-09-17	7830	A
USGS	10270700	2016-09-18	7820	A
USGS	10270700	2016-09-19	7800	A
USGS	10270700	2016-09-20	7780	A
USGS	10270700	2016-09-21	7770	A
USGS	10270700	2016-09-22	7750	A
USGS	10270700	2016-09-23	7740	A
USGS	10270700	2016-09-24	7720	A
USGS	10270700	2016-09-25	7700	A
USGS	10270700	2016-09-26	7690	A
USGS	10270700	2016-09-27	7670	A
USGS	10270700	2016-09-28	7650	A
USGS	10270700	2016-09-29	7630	A
USGS	10270700	2016-09-30	7620	A
USGS	10270700	2016-10-01	7600	A
USGS	10270700	2016-10-02	7580	A
USGS	10270700	2016-10-03	7560	A
USGS	10270700	2016-10-04	7540	A
USGS	10270700	2016-10-05	7520	A
USGS	10270700	2016-10-06	7510	A
USGS	10270700	2016-10-07	7490	A
USGS	10270700	2016-10-08	7470	A
USGS	10270700	2016-10-09	7450	A
USGS	10270700	2016-10-10	7440	A
USGS	10270700	2016-10-11	7420	A
USGS	10270700	2016-10-12	7400	A
USGS	10270700	2016-10-13	7380	A
USGS	10270700	2016-10-14	7360	A
USGS	10270700	2016-10-15	7340	A
USGS	10270700	2016-10-16	7370	A
USGS	10270700	2016-10-17	7330	A
USGS	10270700	2016-10-18	7320	A
USGS	10270700	2016-10-19	7300	A
USGS	10270700	2016-10-20	7280	A
USGS	10270700	2016-10-21	7270	A
USGS	10270700	2016-10-22	7250	A
USGS	10270700	2016-10-23	7240	A
USGS	10270700	2016-10-24	7220	A
USGS	10270700	2016-10-25	7200	A
USGS	10270700	2016-10-26	7180	A
USGS	10270700	2016-10-27	7170	A
USGS	10270700	2016-10-28	7210	A
USGS	10270700	2016-10-29	7220	A
USGS	10270700	2016-10-30	7260	A
USGS	10270700	2016-10-31	7280	A
USGS	10270700	2016-11-01	7270	A
USGS	10270700	2016-11-02	7270	A
USGS	10270700	2016-11-03	7270	A
USGS	10270700	2016-11-04	7260	A
USGS	10270700	2016-11-05	7250	A
USGS	10270700	2016-11-06	7240	A
USGS	10270700	2016-11-07	7230	A
USGS	10270700	2016-11-08	7220	A
USGS	10270700	2016-11-09	7210	A
USGS	10270700	2016-11-10	7210	A
USGS	10270700	2016-11-11	7190	A
USGS	10270700	2016-11-12	7180	A
USGS	10270700	2016-11-13	7170	A
USGS	10270700	2016-11-14	7160	A
USGS	10270700	2016-11-15	7150	A
USGS	10270700	2016-11-16	7130	A
USGS	10270700	2016-11-17	7110	A
USGS	10270700	2016-11-18	7100	A
USGS	10270700	2016-11-19	7090	A
USGS	10270700	2016-11-20	7060	A
USGS	10270700	2016-11-21	7050	A
USGS	10270700	2016-11-22	7030	A
USGS	10270700	2016-11-23	7010	A
USGS	10270700	2016-11-24	7000	A
USGS	10270700	2016-11-25	6980	A
USGS	10270700	2016-11-26	6960	A
USGS	10270700	2016-11-27	6950	A
USGS	10270700	2016-11-28	6930	A
USGS	10270700	2016-11-29	6910	A
USGS	10270700	2016-11-30	6900	A
USGS	10270700	2016-12-01	6880	A
USGS	10270700	2016-12-02	6860	A
USGS	10270700	2016-12-03	6850	A
USGS	10270700	2016-12-04	6830	A
USGS	10270700	2016-12-05	6810	A
USGS	10270700	2016-12-06	6800	A
USGS	10270700	2016-12-07	6780	A
USGS	10270700	2016-12-08	6760	A
USGS	10270700	2016-12-09	6750	A
USGS	10270700	2016-12-10	6740	A
USGS	10270700	2016-12-11	6720	A
USGS	10270700	2016-12-12	6700	A
USGS	10270700	2016-12-13	6680	A
USGS	10270700	2016-12-14	6660	A
USGS	10270700	2016-12-15	6660	A
USGS	10270700	2016-12-16	6660	A
USGS	10270700	2016-12-17	6650	A
USGS	10270700	2016-12-18	6640	A
USGS	10270700	2016-12-19	6630	A
USGS	10270700	2016-12-20	6620	A
USGS	10270700	2016-12-21	6610	A
USGS	10270700	2016-12-22	6600	A
USGS	10270700	2016-12-23	6590	A
USGS	10270700	2016-12-24	6580	A
USGS	10270700	2016-12-25	6570	A
USGS	10270700	2016-12-26	6560	A
USGS	10270700	2016-12-27	6540	A
USGS	10270700	2016-12-28	6530	A
USGS	10270700	2016-12-29	6510	A
USGS	10270700	2016-12-30	6500	A
USGS	10270700	2016-12-31	6490	A
USGS	10270700	2017-01-01	6480	A
USGS	10270700	2017-01-02	6460	A
USGS	10270700	2017-01-03	6450	A
USGS	10270700	2017-01-04	6470	A
USGS	10270700	2017-01-05	6470	A
USGS	10270700	2017-01-06	6480	A
USGS	10270700	2017-01-07	6510	A
USGS	10270700	2017-01-08	6570	A
USGS	10270700	2017-01-09	6610	A
USGS	10270700	2017-01-10	6650	A
USGS	10270700	2017-01-11	6670	A
USGS	10270700	2017-01-12	6690	A
USGS	10270700	2017-01-13	6700	A
USGS	10270700	2017-01-14	6700	A
USGS	10270700	2017-01-15	6690	A
USGS	10270700	2017-01-16	6680	A
USGS	10270700	2017-01-17	6680	A
USGS	10270700	2017-01-18	6670	A
USGS	10270700	2017-01-19	6670	A
USGS	10270700	2017-01-20	6670	A
USGS	10270700	2017-01-21	6680	A
USGS	10270700	2017-01-22	6710	A:e
USGS	10270700	2017-01-23	6720	A
USGS	10270700	2017-01-24	6730	A
USGS	10270700	2017-01-25	6730	A
USGS	10270700	2017-01-26	6720	A
USGS	10270700	2017-01-27	6710	A
USGS	10270700	2017-01-28	6700	A
USGS	10270700	2017-01-29	6690	A
USGS	10270700	2017-01-30	6680	A
USGS	10270700	2017-01-31	6660	A
USGS	10270700	2017-02-01	6650	A
USGS	10270700	2017-02-02	6640	A
USGS	10270700	2017-02-03	6630	A
USGS	10270700	2017-02-04	6620	A
USGS	10270700	2017-02-05	6610	A
USGS	10270700	2017-02-06	6610	A
USGS	10270700	2017-02-07	6640	A
USGS	10270700	2017-02-08	6640	A
USGS	10270700	2017-02-09	6640	A
USGS	10270700	2017-02-10	6650	A
USGS	10270700	2017-02-11	6650	A
USGS	10270700	2017-02-12	6640	A
USGS	10270700	2017-02-13	6640	A
USGS	10270700	2017-02-14	6630	A
USGS	10270700	2017-02-15	6620	A
USGS	10270700	2017-02-16	6610	A
USGS	10270700	2017-02-17	6600	A
USGS	10270700	2017-02-18	6600	A
USGS	10270700	2017-02-19	6590	A
USGS	10270700	2017-02-20	6600	A
USGS	10270700	2017-02-21	6610	A
USGS	10270700	2017-02-22	6590	A
USGS	10270700	2017-02-23	6530	A
USGS	10270700	2017-02-24	6470	A
USGS	10270700	2017-02-25	6410	A
USGS	10270700	2017-02-26	6350	A
USGS	10270700	2017-02-27	6280	A
USGS	10270700	2017-02-28	6220	A
USGS	10270700	2017-03-01	6150	A
USGS	10270700	2017-03-02	6090	A
USGS	10270700	2017-03-03	6020	A
USGS	10270700	2017-03-04	5960	A
USGS	10270700	2017-03-05	5900	A
USGS	10270700	2017-03-06	5830	A
USGS	10270700	2017-03-07	5770	A
USGS	10270700	2017-03-08	5710	A
USGS	10270700	2017-03-09	5570	A
USGS	10270700	2017-03-10	5380	A
USGS	10270700	2017-03-11	5200	A
USGS	10270700	2017-03-12	5020	A
USGS	10270700	2017-03-13	4870	A
USGS	10270700	2017-03-14	4740	A:e
USGS	10270700	2017-03-15	4620	A:e
USGS	10270700	2017-03-16	4500	A
USGS	10270700	2017-03-17	4380	A
USGS	10270700	2017-03-18	4270	A
USGS	10270700	2017-03-19	4150	A
USGS	10270700	2017-03-20	4030	A
USGS	10270700	2017-03-21	3920	A
USGS	10270700	2017-03-22	3810	A
USGS	10270700	2017-03-23	3690	A
USGS	10270700	2017-03-24	3580	A
USGS	10270700	2017-03-25	3470	A
USGS	10270700	2017-03-26	3360	A
USGS	10270700	2017-03-27	3240	A
USGS	10270700	2017-03-28	3130	A
USGS	10270700	2017-03-29	3020	A
USGS	10270700	2017-03-30	2960	A
USGS	10270700	2017-03-31	2910	A
USGS	10270700	2017-04-01	2870	A
USGS	10270700	2017-04-02	2830	A
USGS	10270700	2017-04-03	2790	A
USGS	10270700	2017-04-04	2760	A
USGS	10270700	2017-04-05	2720	A
USGS	10270700	2017-04-06	2690	A
USGS	10270700	2017-04-07	2680	A
USGS	10270700	2017-04-08	2660	A
USGS	10270700	2017-04-09	2630	A
USGS	10270700	2017-04-10	2600	A
USGS	10270700	2017-04-11	2540	A
USGS	10270700	2017-04-12	2470	A
USGS	10270700	2017-04-13	2380	A
USGS	10270700	2017-04-14	2300	A
USGS	10270700	2017-04-15	2220	A
USGS	10270700	2017-04-16	2150	A
USGS	10270700	2017-04-17	2070	A
USGS	10270700	2017-04-18	2010	A
USGS	10270700	2017-04-19	1940	A
USGS	10270700	2017-04-20	1870	A
USGS	10270700	2017-04-21	1800	A
USGS	10270700	2017-04-22	1750	A
USGS	10270700	2017-04-23	1690	A
USGS	10270700	2017-04-24	1640	A
USGS	10270700	2017-04-25	1590	A
USGS	10270700	2017-04-26	1560	A
USGS	10270700	2017-04-27	1530	A
USGS	10270700	2017-04-28	1500	A
USGS	10270700	2017-04-29	1470	A
USGS	10270700	2017-04-30	1440	A
USGS	10270700	2017-05-01	1420	A
USGS	10270700	2017-05-02	1410	A
USGS	10270700	2017-05-03	1410	A:e
USGS	10270700	2017-05-04	1420	A:e
USGS	10270700	2017-05-05	1430	A
USGS	10270700	2017-05-06	1440	A
USGS	10270700	2017-05-07	1430	A
USGS	10270700	2017-05-08	1390	A
USGS	10270700	2017-05-09	1340	A:e
USGS	10270700	2017-05-10	1300	A
USGS	10270700	2017-05-11	1300	A:e
USGS	10270700	2017-05-12	1320	A
USGS	10270700	2017-05-13	1330	A
USGS	10270700	2017-05-14	1310	A:e
USGS	10270700	2017-05-15	1290	A
USGS	10270700	2017-05-16	1250	A
USGS	10270700	2017-05-17	1190	A
USGS	10270700	2017-05-18	1140	A
USGS	10270700	2017-05-19	1100	A
USGS	10270700	2017-05-20	1090	A
USGS	10270700	2017-05-21	1120	A
USGS	10270700	2017-05-22	1190	A
USGS	10270700	2017-05-23	1290	A
USGS	10270700	2017-05-24	1420	A
USGS	10270700	2017-05-25	1570	A
USGS	10270700	2017-05-26	1700	A
USGS	10270700	2017-05-27	1830	A
USGS	10270700	2017-05-28	1970	A
USGS	10270700	2017-05-29	2130	A
USGS	10270700	2017-05-30	2290	A
USGS	10270700	2017-05-31	2440	A
USGS	10270700	2017-06-01	2570	A
USGS	10270700	2017-06-02	2730	A
USGS	10270700	2017-06-03	2930	A
USGS	10270700	2017-06-04	3190	A
USGS	10270700	2017-06-05	3470	A
USGS	10270700	2017-06-06	3740	A
USGS	10270700	2017-06-07	4000	A
USGS	10270700	2017-06-08	4240	A
USGS	10270700	2017-06-09	4480	A
USGS	10270700	2017-06-10	4690	A
USGS	10270700	2017-06-11	4860	A
USGS	10270700	2017-06-12	4940	A
USGS	10270700	2017-06-13	4990	A
USGS	10270700	2017-06-14	5070	A
USGS	10270700	2017-06-15	5220	A
USGS	10270700	2017-06-16	5410	A
USGS	10270700	2017-06-17	5700	A
USGS	10270700	2017-06-18	6060	A
USGS	10270700	2017-06-19	6490	A
USGS	10270700	2017-06-20	6880	A
USGS	10270700	2017-06-21	7320	A
USGS	10270700	2017-06-22	7720	A
USGS	10270700	2017-06-23	8090	A
USGS	10270700	2017-06-24	8460	A
USGS	10270700	2017-06-25	8800	A
USGS	10270700	2017-06-26	9190	A
USGS	10270700	2017-06-27	9490	A
USGS	10270700	2017-06-28	9700	A
USGS	10270700	2017-06-29	9880	A
USGS	10270700	2017-06-30	10100	A
USGS	10270700	2017-07-01	10300	A
USGS	10270700	2017-07-02	10500	A
USGS	10270700	2017-07-03	10700	A
USGS	10270700	2017-07-04	11000	A
USGS	10270700	2017-07-05	11200	A
USGS	10270700	2017-07-06	11400	A
USGS	10270700	2017-07-07	11600	A
USGS	10270700	2017-07-08	11800	A:e
USGS	10270700	2017-07-09	12000	A:e
USGS	10270700	2017-07-10	12300	A:e
USGS	10270700	2017-07-11	12500	A:e
USGS	10270700	2017-07-12	12700	A:e
USGS	10270700	2017-07-13	12800	A:e
USGS	10270700	2017-07-14	12900	A
USGS	10270700	2017-07-15	12900	A
USGS	10270700	2017-07-16	12900	A
USGS	10270700	2017-07-17	12900	A
USGS	10270700	2017-07-18	12900	A
USGS	10270700	2017-07-19	12900	A
USGS	10270700	2017-07-20	12900	A
USGS	10270700	2017-07-21	12900	A
USGS	10270700	2017-07-22	12900	A
USGS	10270700	2017-07-23	12900	A
USGS	10270700	2017-07-24	12900	A
USGS	10270700	2017-07-25	12900	A
USGS	10270700	2017-07-26	12900	A
USGS	10270700	2017-07-27	12900	A
USGS	10270700	2017-07-28	12900	A
USGS	10270700	2017-07-29	12900	A
USGS	10270700	2017-07-30	12900	A
USGS	10270700	2017-07-31	12900	A
USGS	10270700	2017-08-01	12900	A
USGS	10270700	2017-08-02	12900	A
USGS	10270700	2017-08-03	12900	A
USGS	10270700	2017-08-04	12900	A
USGS	10270700	2017-08-05	12900	A
USGS	10270700	2017-08-06	12900	A
USGS	10270700	2017-08-07	12900	A
USGS	10270700	2017-08-08	12900	A
USGS	10270700	2017-08-09	12800	A
USGS	10270700	2017-08-10	12800	A
USGS	10270700	2017-08-11	12700	A
USGS	10270700	2017-08-12	12700	A
USGS	10270700	2017-08-13	12600	A
USGS	10270700	2017-08-14	12600	A
USGS	10270700	2017-08-15	12600	A
USGS	10270700	2017-08-16	12600	A
USGS	10270700	2017-08-17	12600	A
USGS	10270700	2017-08-18	12700	A
USGS	10270700	2017-08-19	12700	A
USGS	10270700	2017-08-20	12700	A
USGS	10270700	2017-08-21	12700	A
USGS	10270700	2017-08-22	12800	A
USGS	10270700	2017-08-23	12800	A
USGS	10270700	2017-08-24	12800	A
USGS	10270700	2017-08-25	12800	A
USGS	10270700	2017-08-26	12800	A
USGS	10270700	2017-08-27	12800	A
USGS	10270700	2017-08-28	12800	A
USGS	10270700	2017-08-29	12900	A
USGS	10270700	2017-08-30	12900	A
USGS	10270700	2017-08-31	12900	A
USGS	10270700	2017-09-01	12900	A
USGS	10270700	2017-09-02	12900	A
USGS	10270700	2017-09-03	12900	A
USGS	10270700	2017-09-04	12900	A
USGS	10270700	2017-09-05	12900	A
USGS	10270700	2017-09-06	12900	A
USGS	10270700	2017-09-07	12900	A
USGS	10270700	2017-09-08	12900	A
USGS	10270700	2017-09-09	12900	A
USGS	10270700	2017-09-10	12900	A
USGS	10270700	2017-09-11	12900	A
USGS	10270700	2017-09-12	12900	A
USGS	10270700	2017-09-13	12900	A
USGS	10270700	2017-09-14	12800	A
USGS	10270700	2017-09-15	12800	A
USGS	10270700	2017-09-16	12800	A
USGS	10270700	2017-09-17	12800	A
USGS	10270700	2017-09-18	12800	A
USGS	10270700	2017-09-19	12700	A
USGS	10270700	2017-09-20	12700	A
USGS	10270700	2017-09-21	12700	A
USGS	10270700	2017-09-22	12600	A
USGS	10270700	2017-09-23	12600	A
USGS	10270700	2017-09-24	12500	A
USGS	10270700	2017-09-25	12500	A
USGS	10270700	2017-09-26	12400	A
USGS	10270700	2017-09-27	12400	A
USGS	10270700	2017-09-28	12300	A
USGS	10270700	2017-09-29	12200	A
USGS	10270700	2017-09-30	12200	A
USGS	10270700	2017-10-01	12100	A
USGS	10270700	2017-10-02	12100	A
USGS	10270700	2017-10-03	12000	A
USGS	10270700	2017-10-04	11900	A
USGS	10270700	2017-10-05	11800	A
USGS	10270700	2017-10-06	11800	A
USGS	10270700	2017-10-07	11700	A
USGS	10270700	2017-10-08	11600	A
USGS	10270700	2017-10-09	11600	A
USGS	10270700	2017-10-10	11500	A
USGS	10270700	2017-10-11	11400	A
USGS	10270700	2017-10-12	11400	A
USGS	10270700	2017-10-13	11300	A
USGS	10270700	2017-10-14	11300	A
USGS	10270700	2017-10-15	11200	A
USGS	10270700	2017-10-16	11200	A
USGS	10270700	2017-10-17	11100	A
USGS	10270700	2017-10-18	11100	A
USGS	10270700	2017-10-19	11100	A
USGS	10270700	2017-10-20	11000	A
USGS	10270700	2017-10-21	11000	A
USGS	10270700	2017-10-22	11000	A
USGS	10270700	2017-10-23	10900	A
USGS	10270700	2017-10-24	10900	A
USGS	10270700	2017-10-25	10900	A
USGS	10270700	2017-10-26	10900	A
USGS	10270700	2017-10-27	10800	A
USGS	10270700	2017-10-28	10800	A
USGS	10270700	2017-10-29	10800	A
USGS	10270700	2017-10-30	10800	A
USGS	10270700	2017-10-31	10700	A
USGS	10270700	2017-11-01	10700	A
USGS	10270700	2017-11-02	10700	A
USGS	10270700	2017-11-03	10700	A
USGS	10270700	2017-11-04	10700	A
USGS	10270700	2017-11-05	10600	A
USGS	10270700	2017-11-06	10600	A
USGS	10270700	2017-11-07	10600	A
USGS	10270700	2017-11-08	10600	A
USGS	10270700	2017-11-09	10600	A
USGS	10270700	2017-11-10	10600	A
USGS	10270700	2017-11-11	10500	A
USGS	10270700	2017-11-12	10500	A
USGS	10270700	2017-11-13	10500	A
USGS	10270700	2017-11-14	10500	A
USGS	10270700	2017-11-15	10500	A
USGS	10270700	2017-11-16	10500	A
USGS	10270700	2017-11-17	10500	A
USGS	10270700	2017-11-18	10400	A
USGS	10270700	2017-11-19	10400	A
USGS	10270700	2017-11-20	10400	A
USGS	10270700	2017-11-21	10400	A
USGS	10270700	2017-11-22	10400	A
USGS	10270700	2017-11-23	10400	A
USGS	10270700	2017-11-24	10400	A
USGS	10270700	2017-11-25	10400	A
USGS	10270700	2017-11-26	10400	A
USGS	10270700	2017-11-27	10400	A
USGS	10270700	2017-11-28	10300	A
USGS	10270700	2017-11-29	10300	A
USGS	10270700	2017-11-30	10300	A
USGS	10270700	2017-12-01	10300	A
USGS	10270700	2017-12-02	10300	A
USGS	10270700	2017-12-03	10300	A
USGS	10270700	2017-12-04	10300	A
USGS	10270700	2017-12-05	10200	A:e
USGS	10270700	2017-12-06	10200	A:e
USGS	10270700	2017-12-07	10200	A:e
USGS	10270700	2017-12-08	10200	A:e
USGS	10270700	2017-12-09	10200	A:e
USGS	10270700	2017-12-10	10200	A:e
USGS	10270700	2017-12-11	10100	A:e
USGS	10270700	2017-12-12	10100	A:e
USGS	10270700	2017-12-13	10100	A
USGS	10270700	2017-12-14	10100	A
USGS	10270700	2017-12-15	10100	A
USGS	10270700	2017-12-16	10100	A
USGS	10270700	2017-12-17	10000	A
USGS	10270700	2017-12-18	10000	A
USGS	10270700	2017-12-19	10000	A
USGS	10270700	2017-12-20	9980	A
USGS	10270700	2017-12-21	9960	A
USGS	10270700	2017-12-22	9940	A
USGS	10270700	2017-12-23	9920	A
USGS	10270700	2017-12-24	9900	A
USGS	10270700	2017-12-25	9880	A
USGS	10270700	2017-12-26	9860	A
USGS	10270700	2017-12-27	9840	A
USGS	10270700	2017-12-28	9820	A
USGS	10270700	2017-12-29	9800	A
USGS	10270700	2017-12-30	9780	A
USGS	10270700	2017-12-31	9760	A
USGS	10270700	2018-01-01	9740	A
