agency_cd	site_no	datetime	213513_00054_32400	213513_00054_32400_cd
5s	15s	20d	14n	10s
USGS	11315400	2013-01-01	3200	A
USGS	11315400	2013-01-02	3040	A
USGS	11315400	2013-01-03	2900	A
USGS	11315400	2013-01-04	2760	A
USGS	11315400	2013-01-05	2620	A
USGS	11315400	2013-01-06	2490	A
USGS	11315400	2013-01-07	2350	A
USGS	11315400	2013-01-08	2230	A
USGS	11315400	2013-01-09	2120	A
USGS	11315400	2013-01-10	2010	A
USGS	11315400	2013-01-11	1890	A
USGS	11315400	2013-01-12	1770	A
USGS	11315400	2013-01-13	1650	A
USGS	11315400	2013-01-14	1530	A
USGS	11315400	2013-01-15	1420	A
USGS	11315400	2013-01-16	1320	A
USGS	11315400	2013-01-17	1220	A
USGS	11315400	2013-01-18	1140	A
USGS	11315400	2013-01-19	1060	A
USGS	11315400	2013-01-20	990.0	A
USGS	11315400	2013-01-21	924.0	A
USGS	11315400	2013-01-22	945.0	A
USGS	11315400	2013-01-23	1040	A
USGS	11315400	2013-01-24	1180	A
USGS	11315400	2013-01-25	1560	A
USGS	11315400	2013-01-26	1900	A
USGS	11315400	2013-01-27	2100	A
USGS	11315400	2013-01-28	2230	A
USGS	11315400	2013-01-29	2350	A
USGS	11315400	2013-01-30	2460	A
USGS	11315400	2013-01-31	2580	A
USGS	11315400	2013-02-01	2700	A
USGS	11315400	2013-02-02	2810	A
USGS	11315400	2013-02-03	2910	A
USGS	11315400	2013-02-04	3020	A
USGS	11315400	2013-02-05	3120	A
USGS	11315400	2013-02-06	3220	A
USGS	11315400	2013-02-07	3300	A
USGS	11315400	2013-02-08	3380	A
USGS	11315400	2013-02-09	3450	A
USGS	11315400	2013-02-10	3510	A
USGS	11315400	2013-02-11	3580	A
USGS	11315400	2013-02-12	3630	A
USGS	11315400	2013-02-13	3690	A
USGS	11315400	2013-02-14	3750	A
USGS	11315400	2013-02-15	3820	A
USGS	11315400	2013-02-16	3910	A
USGS	11315400	2013-02-17	3980	A
USGS	11315400	2013-02-18	4050	A
USGS	11315400	2013-02-19	4120	A
USGS	11315400	2013-02-20	4200	A
USGS	11315400	2013-02-21	4260	A
USGS	11315400	2013-02-22	4320	A
USGS	11315400	2013-02-23	4370	A
USGS	11315400	2013-02-24	4430	A
USGS	11315400	2013-02-25	4480	A
USGS	11315400	2013-02-26	4540	A
USGS	11315400	2013-02-27	4590	A
USGS	11315400	2013-02-28	4650	A
USGS	11315400	2013-03-01	4750	A
USGS	11315400	2013-03-02	4900	A
USGS	11315400	2013-03-03	5090	A
USGS	11315400	2013-03-04	5230	A
USGS	11315400	2013-03-05	5380	A
USGS	11315400	2013-03-06	5520	A
USGS	11315400	2013-03-07	5630	A
USGS	11315400	2013-03-08	5730	A
USGS	11315400	2013-03-09	5830	A
USGS	11315400	2013-03-10	5930	A
USGS	11315400	2013-03-11	6080	A
USGS	11315400	2013-03-12	6300	A
USGS	11315400	2013-03-13	6610	A
USGS	11315400	2013-03-14	6930	A
USGS	11315400	2013-03-15	7010	A
USGS	11315400	2013-03-16	6980	A
USGS	11315400	2013-03-17	6940	A
USGS	11315400	2013-03-18	6880	A
USGS	11315400	2013-03-19	6830	A
USGS	11315400	2013-03-20	6990	A
USGS	11315400	2013-03-21	6990	A
USGS	11315400	2013-03-22	6950	A
USGS	11315400	2013-03-23	6860	A
USGS	11315400	2013-03-24	6780	A
USGS	11315400	2013-03-25	6750	A
USGS	11315400	2013-03-26	6700	A
USGS	11315400	2013-03-27	6640	A
USGS	11315400	2013-03-28	6730	A
USGS	11315400	2013-03-29	6840	A
USGS	11315400	2013-03-30	6980	A
USGS	11315400	2013-03-31	7030	A
USGS	11315400	2013-04-01	7030	A
USGS	11315400	2013-04-02	7010	A
USGS	11315400	2013-04-03	7080	A
USGS	11315400	2013-04-04	7130	A
USGS	11315400	2013-04-05	7080	A
USGS	11315400	2013-04-06	7070	A
USGS	11315400	2013-04-07	7090	A
USGS	11315400	2013-04-08	7050	A
USGS	11315400	2013-04-09	7040	A
USGS	11315400	2013-04-10	7070	A
USGS	11315400	2013-04-11	7090	A
USGS	11315400	2013-04-12	7090	A
USGS	11315400	2013-04-13	7090	A
USGS	11315400	2013-04-14	7080	A
USGS	11315400	2013-04-15	7060	A
USGS	11315400	2013-04-16	7050	A
USGS	11315400	2013-04-17	7040	A
USGS	11315400	2013-04-18	7050	A
USGS	11315400	2013-04-19	7070	A
USGS	11315400	2013-04-20	7080	A
USGS	11315400	2013-04-21	7090	A
USGS	11315400	2013-04-22	7090	A
USGS	11315400	2013-04-23	7090	A
USGS	11315400	2013-04-24	7070	A
USGS	11315400	2013-04-25	7080	A
USGS	11315400	2013-04-26	7080	A
USGS	11315400	2013-04-27	7090	A
USGS	11315400	2013-04-28	7080	A
USGS	11315400	2013-04-29	7090	A
USGS	11315400	2013-04-30	7090	A
USGS	11315400	2013-05-01	7060	A
USGS	11315400	2013-05-02	7070	A
USGS	11315400	2013-05-03	7080	A
USGS	11315400	2013-05-04	7070	A
USGS	11315400	2013-05-05	7060	A
USGS	11315400	2013-05-06	7060	A
USGS	11315400	2013-05-07	7060	A
USGS	11315400	2013-05-08	7070	A
USGS	11315400	2013-05-09	7070	A
USGS	11315400	2013-05-10	7080	A
USGS	11315400	2013-05-11	7070	A
USGS	11315400	2013-05-12	7070	A
USGS	11315400	2013-05-13	7060	A
USGS	11315400	2013-05-14	7060	A
USGS	11315400	2013-05-15	7050	A
USGS	11315400	2013-05-16	7050	A
USGS	11315400	2013-05-17	7040	A
USGS	11315400	2013-05-18	7040	A
USGS	11315400	2013-05-19	7040	A
USGS	11315400	2013-05-20	7040	A
USGS	11315400	2013-05-21	7040	A
USGS	11315400	2013-05-22	7030	A
USGS	11315400	2013-05-23	7020	A
USGS	11315400	2013-05-24	7020	A
USGS	11315400	2013-05-25	7020	A
USGS	11315400	2013-05-26	7020	A
USGS	11315400	2013-05-27	7020	A
USGS	11315400	2013-05-28	7040	A
USGS	11315400	2013-05-29	7030	A
USGS	11315400	2013-05-30	7020	A
USGS	11315400	2013-05-31	7020	A
USGS	11315400	2013-06-01	7010	A
USGS	11315400	2013-06-02	7010	A
USGS	11315400	2013-06-03	7010	A
USGS	11315400	2013-06-04	7010	A
USGS	11315400	2013-06-05	7010	A
USGS	11315400	2013-06-06	7010	A
USGS	11315400	2013-06-07	7000	A
USGS	11315400	2013-06-08	7000	A
USGS	11315400	2013-06-09	7000	A
USGS	11315400	2013-06-10	6990	A
USGS	11315400	2013-06-11	6980	A
USGS	11315400	2013-06-12	6970	A
USGS	11315400	2013-06-13	6960	A
USGS	11315400	2013-06-14	6950	A
USGS	11315400	2013-06-15	6940	A
USGS	11315400	2013-06-16	6930	A
USGS	11315400	2013-06-17	6920	A
USGS	11315400	2013-06-18	6910	A
USGS	11315400	2013-06-19	6900	A
USGS	11315400	2013-06-20	6900	A
USGS	11315400	2013-06-21	6890	A
USGS	11315400	2013-06-22	6880	A
USGS	11315400	2013-06-23	6850	A
USGS	11315400	2013-06-24	6940	A
USGS	11315400	2013-06-25	7050	A
USGS	11315400	2013-06-26	7010	A
USGS	11315400	2013-06-27	6970	A
USGS	11315400	2013-06-28	6940	A
USGS	11315400	2013-06-29	6910	A
USGS	11315400	2013-06-30	6900	A
USGS	11315400	2013-07-01	6880	A
USGS	11315400	2013-07-02	6870	A
USGS	11315400	2013-07-03	6860	A
USGS	11315400	2013-07-04	6840	A
USGS	11315400	2013-07-05	6830	A
USGS	11315400	2013-07-06	6820	A
USGS	11315400	2013-07-07	6810	A
USGS	11315400	2013-07-08	6800	A
USGS	11315400	2013-07-09	6790	A
USGS	11315400	2013-07-10	6790	A
USGS	11315400	2013-07-11	6780	A
USGS	11315400	2013-07-12	6780	A
USGS	11315400	2013-07-13	6770	A
USGS	11315400	2013-07-14	6760	A
USGS	11315400	2013-07-15	6760	A
USGS	11315400	2013-07-16	6750	A
USGS	11315400	2013-07-17	6670	A
USGS	11315400	2013-07-18	6560	A
USGS	11315400	2013-07-19	6460	A
USGS	11315400	2013-07-20	6350	A
USGS	11315400	2013-07-21	6250	A
USGS	11315400	2013-07-22	6150	A
USGS	11315400	2013-07-23	6050	A
USGS	11315400	2013-07-24	5950	A
USGS	11315400	2013-07-25	5840	A
USGS	11315400	2013-07-26	5740	A
USGS	11315400	2013-07-27	5640	A
USGS	11315400	2013-07-28	5550	A
USGS	11315400	2013-07-29	5450	A
USGS	11315400	2013-07-30	5350	A
USGS	11315400	2013-07-31	5250	A
USGS	11315400	2013-08-01	5160	A
USGS	11315400	2013-08-02	5060	A
USGS	11315400	2013-08-03	4970	A
USGS	11315400	2013-08-04	4880	A
USGS	11315400	2013-08-05	4790	A
USGS	11315400	2013-08-06	4690	A
USGS	11315400	2013-08-07	4600	A
USGS	11315400	2013-08-08	4510	A
USGS	11315400	2013-08-09	4420	A
USGS	11315400	2013-08-10	4340	A
USGS	11315400	2013-08-11	4250	A
USGS	11315400	2013-08-12	4160	A
USGS	11315400	2013-08-13	4080	A
USGS	11315400	2013-08-14	3990	A
USGS	11315400	2013-08-15	3900	A
USGS	11315400	2013-08-16	3820	A
USGS	11315400	2013-08-17	3740	A
USGS	11315400	2013-08-18	3660	A
USGS	11315400	2013-08-19	3580	A
USGS	11315400	2013-08-20	3500	A
USGS	11315400	2013-08-21	3380	A
USGS	11315400	2013-08-22	3220	A
USGS	11315400	2013-08-23	3080	A
USGS	11315400	2013-08-24	2930	A
USGS	11315400	2013-08-25	2780	A
USGS	11315400	2013-08-26	2640	A
USGS	11315400	2013-08-27	2500	A
USGS	11315400	2013-08-28	2370	A
USGS	11315400	2013-08-29	2230	A
USGS	11315400	2013-08-30	2100	A
USGS	11315400	2013-08-31	1970	A
USGS	11315400	2013-09-01	1840	A
USGS	11315400	2013-09-02	1720	A
USGS	11315400	2013-09-03	1590	A
USGS	11315400	2013-09-04	1470	A
USGS	11315400	2013-09-05	1360	A
USGS	11315400	2013-09-06	1240	A
USGS	11315400	2013-09-07	1130	A
USGS	11315400	2013-09-08	1030	A
USGS	11315400	2013-09-09	924.0	A
USGS	11315400	2013-09-10	822.0	A
USGS	11315400	2013-09-11	722.0	A
USGS	11315400	2013-09-12	668.0	A
USGS	11315400	2013-09-13	668.0	A
USGS	11315400	2013-09-14	667.0	A
USGS	11315400	2013-09-15	667.0	A
USGS	11315400	2013-09-16	665.0	A
USGS	11315400	2013-09-17	664.0	A
USGS	11315400	2013-09-18	663.0	A
USGS	11315400	2013-09-19	661.0	A
USGS	11315400	2013-09-20	661.0	A
USGS	11315400	2013-09-21	675.0	A
USGS	11315400	2013-09-22	686.0	A
USGS	11315400	2013-09-23	687.0	A
USGS	11315400	2013-09-24	688.0	A
USGS	11315400	2013-09-25	687.0	A
USGS	11315400	2013-09-26	692.0	A
USGS	11315400	2013-09-27	692.0	A
USGS	11315400	2013-09-28	691.0	A
USGS	11315400	2013-09-29	690.0	A
USGS	11315400	2013-09-30	690.0	A
USGS	11315400	2013-10-01	703.0	A
USGS	11315400	2013-10-02	714.0	A
USGS	11315400	2013-10-03	718.0	A
USGS	11315400	2013-10-04	717.0	A
USGS	11315400	2013-10-05	716.0	A
USGS	11315400	2013-10-06	715.0	A
USGS	11315400	2013-10-07	713.0	A
USGS	11315400	2013-10-08	712.0	A
USGS	11315400	2013-10-09	712.0	A
USGS	11315400	2013-10-10	711.0	A
USGS	11315400	2013-10-11	710.0	A
USGS	11315400	2013-10-12	709.0	A
USGS	11315400	2013-10-13	709.0	A
USGS	11315400	2013-10-14	708.0	A
USGS	11315400	2013-10-15	706.0	A
USGS	11315400	2013-10-16	706.0	A
USGS	11315400	2013-10-17	706.0	A
USGS	11315400	2013-10-18	705.0	A
USGS	11315400	2013-10-19	704.0	A
USGS	11315400	2013-10-20	703.0	A
USGS	11315400	2013-10-21	702.0	A
USGS	11315400	2013-10-22	702.0	A
USGS	11315400	2013-10-23	701.0	A
USGS	11315400	2013-10-24	700.0	A
USGS	11315400	2013-10-25	700.0	A
USGS	11315400	2013-10-26	699.0	A
USGS	11315400	2013-10-27	698.0	A
USGS	11315400	2013-10-28	706.0	A
USGS	11315400	2013-10-29	714.0	A
USGS	11315400	2013-10-30	719.0	A
USGS	11315400	2013-10-31	724.0	A
USGS	11315400	2013-11-01	729.0	A
USGS	11315400	2013-11-02	730.0	A
USGS	11315400	2013-11-03	732.0	A
USGS	11315400	2013-11-04	732.0	A
USGS	11315400	2013-11-05	733.0	A
USGS	11315400	2013-11-06	732.0	A
USGS	11315400	2013-11-07	731.0	A
USGS	11315400	2013-11-08	729.0	A
USGS	11315400	2013-11-09	728.0	A
USGS	11315400	2013-11-10	726.0	A
USGS	11315400	2013-11-11	724.0	A
USGS	11315400	2013-11-12	722.0	A
USGS	11315400	2013-11-13	720.0	A
USGS	11315400	2013-11-14	719.0	A
USGS	11315400	2013-11-15	717.0	A
USGS	11315400	2013-11-16	716.0	A
USGS	11315400	2013-11-17	713.0	A
USGS	11315400	2013-11-18	711.0	A
USGS	11315400	2013-11-19	712.0	A
USGS	11315400	2013-11-20	751.0	A
USGS	11315400	2013-11-21	769.0	A
USGS	11315400	2013-11-22	768.0	A
USGS	11315400	2013-11-23	770.0	A
USGS	11315400	2013-11-24	769.0	A
USGS	11315400	2013-11-25	770.0	A
USGS	11315400	2013-11-26	771.0	A
USGS	11315400	2013-11-27	773.0	A
USGS	11315400	2013-11-28	773.0	A
USGS	11315400	2013-11-29	775.0	A
USGS	11315400	2013-11-30	776.0	A
USGS	11315400	2013-12-01	776.0	A
USGS	11315400	2013-12-02	776.0	A
USGS	11315400	2013-12-03	782.0	A
USGS	11315400	2013-12-04	785.0	A
USGS	11315400	2013-12-05	788.0	A
USGS	11315400	2013-12-06	791.0	A
USGS	11315400	2013-12-07	796.0	A
USGS	11315400	2013-12-08	797.0	A
USGS	11315400	2013-12-09	798.0	A
USGS	11315400	2013-12-10	799.0	A
USGS	11315400	2013-12-11	805.0	A
USGS	11315400	2013-12-12	810.0	A
USGS	11315400	2013-12-13	816.0	A
USGS	11315400	2013-12-14	822.0	A
USGS	11315400	2013-12-15	830.0	A
USGS	11315400	2013-12-16	839.0	A
USGS	11315400	2013-12-17	849.0	A
USGS	11315400	2013-12-18	860.0	A
USGS	11315400	2013-12-19	872.0	A
USGS	11315400	2013-12-20	878.0	A
USGS	11315400	2013-12-21	882.0	A
USGS	11315400	2013-12-22	886.0	A
USGS	11315400	2013-12-23	891.0	A
USGS	11315400	2013-12-24	894.0	A
USGS	11315400	2013-12-25	897.0	A
USGS	11315400	2013-12-26	901.0	A
USGS	11315400	2013-12-27	903.0	A
USGS	11315400	2013-12-28	904.0	A
USGS	11315400	2013-12-29	907.0	A
USGS	11315400	2013-12-30	908.0	A
USGS	11315400	2013-12-31	910.0	A
USGS	11315400	2014-01-01	911.0	A
USGS	11315400	2014-01-02	913.0	A
USGS	11315400	2014-01-03	915.0	A
USGS	11315400	2014-01-04	917.0	A
USGS	11315400	2014-01-05	918.0	A
USGS	11315400	2014-01-06	921.0	A
USGS	11315400	2014-01-07	921.0	A
USGS	11315400	2014-01-08	923.0	A
USGS	11315400	2014-01-09	924.0	A
USGS	11315400	2014-01-10	925.0	A
USGS	11315400	2014-01-11	930.0	A
USGS	11315400	2014-01-12	936.0	A
USGS	11315400	2014-01-13	940.0	A
USGS	11315400	2014-01-14	943.0	A
USGS	11315400	2014-01-15	944.0	A
USGS	11315400	2014-01-16	947.0	A
USGS	11315400	2014-01-17	948.0	A
USGS	11315400	2014-01-18	950.0	A
USGS	11315400	2014-01-19	951.0	A
USGS	11315400	2014-01-20	952.0	A
USGS	11315400	2014-01-21	954.0	A
USGS	11315400	2014-01-22	955.0	A
USGS	11315400	2014-01-23	955.0	A
USGS	11315400	2014-01-24	955.0	A
USGS	11315400	2014-01-25	956.0	A
USGS	11315400	2014-01-26	957.0	A
USGS	11315400	2014-01-27	958.0	A
USGS	11315400	2014-01-28	959.0	A
USGS	11315400	2014-01-29	1100	A
USGS	11315400	2014-01-30	1540	A
USGS	11315400	2014-01-31	1600	A
USGS	11315400	2014-02-01	1650	A
USGS	11315400	2014-02-02	1650	A
USGS	11315400	2014-02-03	1690	A
USGS	11315400	2014-02-04	1710	A
USGS	11315400	2014-02-05	1730	A
USGS	11315400	2014-02-06	1750	A
USGS	11315400	2014-02-07	1770	A
USGS	11315400	2014-02-08	2000	A
USGS	11315400	2014-02-09	3040	A
USGS	11315400	2014-02-10	3580	A
USGS	11315400	2014-02-11	3790	A
USGS	11315400	2014-02-12	3920	A
USGS	11315400	2014-02-13	4040	A
USGS	11315400	2014-02-14	4180	A
USGS	11315400	2014-02-15	4300	A
USGS	11315400	2014-02-16	4450	A
USGS	11315400	2014-02-17	4560	A
USGS	11315400	2014-02-18	4640	A
USGS	11315400	2014-02-19	4710	A
USGS	11315400	2014-02-20	4780	A
USGS	11315400	2014-02-21	4860	A
USGS	11315400	2014-02-22	4950	A
USGS	11315400	2014-02-23	5060	A
USGS	11315400	2014-02-24	5160	A
USGS	11315400	2014-02-25	5220	A
USGS	11315400	2014-02-26	5200	A
USGS	11315400	2014-02-27	5220	A
USGS	11315400	2014-02-28	5290	A
USGS	11315400	2014-03-01	5270	A
USGS	11315400	2014-03-02	5240	A
USGS	11315400	2014-03-03	5210	A
USGS	11315400	2014-03-04	5210	A
USGS	11315400	2014-03-05	5250	A
USGS	11315400	2014-03-06	5860	A
USGS	11315400	2014-03-07	5990	A
USGS	11315400	2014-03-08	6010	A
USGS	11315400	2014-03-09	6020	A
USGS	11315400	2014-03-10	6060	A
USGS	11315400	2014-03-11	6070	A
USGS	11315400	2014-03-12	6020	A
USGS	11315400	2014-03-13	5970	A
USGS	11315400	2014-03-14	5920	A
USGS	11315400	2014-03-15	5920	A
USGS	11315400	2014-03-16	5990	A
USGS	11315400	2014-03-17	6080	A
USGS	11315400	2014-03-18	6130	A
USGS	11315400	2014-03-19	6140	A
USGS	11315400	2014-03-20	6160	A
USGS	11315400	2014-03-21	6210	A
USGS	11315400	2014-03-22	6260	A
USGS	11315400	2014-03-23	6300	A
USGS	11315400	2014-03-24	6370	A
USGS	11315400	2014-03-25	6420	A
USGS	11315400	2014-03-26	6440	A
USGS	11315400	2014-03-27	6400	A
USGS	11315400	2014-03-28	6360	A
USGS	11315400	2014-03-29	6350	A
USGS	11315400	2014-03-30	6340	A
USGS	11315400	2014-03-31	6290	A
USGS	11315400	2014-04-01	6240	A
USGS	11315400	2014-04-02	6150	A
USGS	11315400	2014-04-03	6080	A
USGS	11315400	2014-04-04	6020	A
USGS	11315400	2014-04-05	5950	A
USGS	11315400	2014-04-06	5990	A
USGS	11315400	2014-04-07	6220	A
USGS	11315400	2014-04-08	6600	A
USGS	11315400	2014-04-09	7000	A
USGS	11315400	2014-04-10	7070	A
USGS	11315400	2014-04-11	7080	A
USGS	11315400	2014-04-12	7080	A
USGS	11315400	2014-04-13	7070	A
USGS	11315400	2014-04-14	7080	A
USGS	11315400	2014-04-15	7090	A
USGS	11315400	2014-04-16	7090	A
USGS	11315400	2014-04-17	7320	A
USGS	11315400	2014-04-18	7400	A
USGS	11315400	2014-04-19	7390	A
USGS	11315400	2014-04-20	7380	A
USGS	11315400	2014-04-21	7370	A
USGS	11315400	2014-04-22	7350	A
USGS	11315400	2014-04-23	7350	A
USGS	11315400	2014-04-24	7350	A
USGS	11315400	2014-04-25	7360	A
USGS	11315400	2014-04-26	7350	A
USGS	11315400	2014-04-27	7360	A
USGS	11315400	2014-04-28	7380	A
USGS	11315400	2014-04-29	7390	A
USGS	11315400	2014-04-30	7400	A
USGS	11315400	2014-05-01	7410	A
USGS	11315400	2014-05-02	7400	A
USGS	11315400	2014-05-03	7410	A
USGS	11315400	2014-05-04	7410	A
USGS	11315400	2014-05-05	7370	A
USGS	11315400	2014-05-06	7360	A
USGS	11315400	2014-05-07	7340	A
USGS	11315400	2014-05-08	7330	A
USGS	11315400	2014-05-09	7390	A
USGS	11315400	2014-05-10	7340	A
USGS	11315400	2014-05-11	7310	A
USGS	11315400	2014-05-12	7320	A
USGS	11315400	2014-05-13	7360	A
USGS	11315400	2014-05-14	7370	A
USGS	11315400	2014-05-15	7370	A
USGS	11315400	2014-05-16	7360	A
USGS	11315400	2014-05-17	7340	A
USGS	11315400	2014-05-18	7320	A
USGS	11315400	2014-05-19	7290	A
USGS	11315400	2014-05-20	7300	A
USGS	11315400	2014-05-21	7300	A
USGS	11315400	2014-05-22	7260	A
USGS	11315400	2014-05-23	7220	A
USGS	11315400	2014-05-24	7200	A
USGS	11315400	2014-05-25	7190	A
USGS	11315400	2014-05-26	7140	A
USGS	11315400	2014-05-27	7150	A
USGS	11315400	2014-05-28	7250	A
USGS	11315400	2014-05-29	7270	A
USGS	11315400	2014-05-30	7230	A
USGS	11315400	2014-05-31	7180	A
USGS	11315400	2014-06-01	7130	A
USGS	11315400	2014-06-02	7080	A
USGS	11315400	2014-06-03	7020	A
USGS	11315400	2014-06-04	6960	A
USGS	11315400	2014-06-05	6890	A
USGS	11315400	2014-06-06	6830	A
USGS	11315400	2014-06-07	6760	A
USGS	11315400	2014-06-08	6690	A
USGS	11315400	2014-06-09	6620	A
USGS	11315400	2014-06-10	6550	A
USGS	11315400	2014-06-11	6520	A
USGS	11315400	2014-06-12	6530	A
USGS	11315400	2014-06-13	6530	A
USGS	11315400	2014-06-14	6530	A
USGS	11315400	2014-06-15	6530	A
USGS	11315400	2014-06-16	6530	A
USGS	11315400	2014-06-17	6530	A
USGS	11315400	2014-06-18	6520	A
USGS	11315400	2014-06-19	6520	A
USGS	11315400	2014-06-20	6520	A
USGS	11315400	2014-06-21	6510	A
USGS	11315400	2014-06-22	6510	A
USGS	11315400	2014-06-23	6500	A
USGS	11315400	2014-06-24	6500	A
USGS	11315400	2014-06-25	6500	A
USGS	11315400	2014-06-26	6490	A
USGS	11315400	2014-06-27	6490	A
USGS	11315400	2014-06-28	6490	A
USGS	11315400	2014-06-29	6480	A
USGS	11315400	2014-06-30	6480	A
USGS	11315400	2014-07-01	6480	A
USGS	11315400	2014-07-02	6470	A
USGS	11315400	2014-07-03	6470	A
USGS	11315400	2014-07-04	6470	A
USGS	11315400	2014-07-05	6460	A
USGS	11315400	2014-07-06	6460	A
USGS	11315400	2014-07-07	6450	A
USGS	11315400	2014-07-08	6450	A
USGS	11315400	2014-07-09	6440	A
USGS	11315400	2014-07-10	6440	A
USGS	11315400	2014-07-11	6430	A
USGS	11315400	2014-07-12	6430	A
USGS	11315400	2014-07-13	6430	A
USGS	11315400	2014-07-14	6420	A
USGS	11315400	2014-07-15	6420	A
USGS	11315400	2014-07-16	6420	A
USGS	11315400	2014-07-17	6410	A
USGS	11315400	2014-07-18	6410	A
USGS	11315400	2014-07-19	6410	A
USGS	11315400	2014-07-20	6410	A
USGS	11315400	2014-07-21	6410	A
USGS	11315400	2014-07-22	6400	A
USGS	11315400	2014-07-23	6400	A
USGS	11315400	2014-07-24	6390	A
USGS	11315400	2014-07-25	6390	A
USGS	11315400	2014-07-26	6380	A
USGS	11315400	2014-07-27	6380	A
USGS	11315400	2014-07-28	6370	A
USGS	11315400	2014-07-29	6370	A
USGS	11315400	2014-07-30	6370	A
USGS	11315400	2014-07-31	6360	A
USGS	11315400	2014-08-01	6360	A
USGS	11315400	2014-08-02	6350	A
USGS	11315400	2014-08-03	6350	A
USGS	11315400	2014-08-04	6350	A
USGS	11315400	2014-08-05	6350	A
USGS	11315400	2014-08-06	6340	A
USGS	11315400	2014-08-07	6360	A
USGS	11315400	2014-08-08	6360	A
USGS	11315400	2014-08-09	6360	A
USGS	11315400	2014-08-10	6350	A
USGS	11315400	2014-08-11	6350	A
USGS	11315400	2014-08-12	6350	A
USGS	11315400	2014-08-13	6310	A
USGS	11315400	2014-08-14	6210	A
USGS	11315400	2014-08-15	6120	A
USGS	11315400	2014-08-16	6030	A
USGS	11315400	2014-08-17	5940	A
USGS	11315400	2014-08-18	5840	A
USGS	11315400	2014-08-19	5750	A
USGS	11315400	2014-08-20	5660	A
USGS	11315400	2014-08-21	5570	A
USGS	11315400	2014-08-22	5470	A
USGS	11315400	2014-08-23	5380	A
USGS	11315400	2014-08-24	5300	A
USGS	11315400	2014-08-25	5210	A
USGS	11315400	2014-08-26	5120	A
USGS	11315400	2014-08-27	5040	A
USGS	11315400	2014-08-28	4950	A
USGS	11315400	2014-08-29	4870	A
USGS	11315400	2014-08-30	4790	A
USGS	11315400	2014-08-31	4710	A
USGS	11315400	2014-09-01	4630	A
USGS	11315400	2014-09-02	4530	A
USGS	11315400	2014-09-03	4450	A
USGS	11315400	2014-09-04	4370	A
USGS	11315400	2014-09-05	4290	A
USGS	11315400	2014-09-06	4210	A
USGS	11315400	2014-09-07	4130	A
USGS	11315400	2014-09-08	4050	A
USGS	11315400	2014-09-09	3970	A
USGS	11315400	2014-09-10	3900	A
USGS	11315400	2014-09-11	3820	A
USGS	11315400	2014-09-12	3750	A
USGS	11315400	2014-09-13	3670	A
USGS	11315400	2014-09-14	3600	A
USGS	11315400	2014-09-15	3520	A
USGS	11315400	2014-09-16	3440	A
USGS	11315400	2014-09-17	3370	A
USGS	11315400	2014-09-18	3320	A
USGS	11315400	2014-09-19	3310	A
USGS	11315400	2014-09-20	3310	A
USGS	11315400	2014-09-21	3310	A
USGS	11315400	2014-09-22	3310	A
USGS	11315400	2014-09-23	3310	A
USGS	11315400	2014-09-24	3300	A
USGS	11315400	2014-09-25	3310	A
USGS	11315400	2014-09-26	3300	A
USGS	11315400	2014-09-27	3300	A
USGS	11315400	2014-09-28	3300	A
USGS	11315400	2014-09-29	3300	A
USGS	11315400	2014-09-30	3190	A
USGS	11315400	2014-10-01	3100	A
USGS	11315400	2014-10-02	2970	A
USGS	11315400	2014-10-03	2830	A
USGS	11315400	2014-10-04	2700	A
USGS	11315400	2014-10-05	2560	A
USGS	11315400	2014-10-06	2430	A
USGS	11315400	2014-10-07	2290	A
USGS	11315400	2014-10-08	2160	A
USGS	11315400	2014-10-09	2030	A
USGS	11315400	2014-10-10	1900	A
USGS	11315400	2014-10-11	1770	A
USGS	11315400	2014-10-12	1650	A
USGS	11315400	2014-10-13	1530	A
USGS	11315400	2014-10-14	1410	A
USGS	11315400	2014-10-15	1300	A
USGS	11315400	2014-10-16	1220	A
USGS	11315400	2014-10-17	1180	A
USGS	11315400	2014-10-18	1140	A
USGS	11315400	2014-10-19	1100	A
USGS	11315400	2014-10-20	1060	A
USGS	11315400	2014-10-21	1030	A
USGS	11315400	2014-10-22	989.0	A
USGS	11315400	2014-10-23	951.0	A
USGS	11315400	2014-10-24	913.0	A
USGS	11315400	2014-10-25	881.0	A
USGS	11315400	2014-10-26	851.0	A
USGS	11315400	2014-10-27	816.0	A
USGS	11315400	2014-10-28	779.0	A
USGS	11315400	2014-10-29	766.0	A
USGS	11315400	2014-10-30	766.0	A
USGS	11315400	2014-10-31	768.0	A
USGS	11315400	2014-11-01	792.0	A
USGS	11315400	2014-11-02	799.0	A
USGS	11315400	2014-11-03	804.0	A
USGS	11315400	2014-11-04	806.0	A
USGS	11315400	2014-11-05	809.0	A
USGS	11315400	2014-11-06	810.0	A
USGS	11315400	2014-11-07	812.0	A
USGS	11315400	2014-11-08	813.0	A
USGS	11315400	2014-11-09	813.0	A
USGS	11315400	2014-11-10	813.0	A
USGS	11315400	2014-11-11	813.0	A
USGS	11315400	2014-11-12	813.0	A
USGS	11315400	2014-11-13	865.0	A
USGS	11315400	2014-11-14	876.0	A
USGS	11315400	2014-11-15	878.0	A
USGS	11315400	2014-11-16	880.0	A
USGS	11315400	2014-11-17	881.0	A
USGS	11315400	2014-11-18	881.0	A
USGS	11315400	2014-11-19	882.0	A
USGS	11315400	2014-11-20	884.0	A
USGS	11315400	2014-11-21	888.0	A
USGS	11315400	2014-11-22	1210	A
USGS	11315400	2014-11-23	1240	A
USGS	11315400	2014-11-24	1250	A
USGS	11315400	2014-11-25	1260	A
USGS	11315400	2014-11-26	1230	A
USGS	11315400	2014-11-27	1180	A
USGS	11315400	2014-11-28	1130	A
USGS	11315400	2014-11-29	1100	A
USGS	11315400	2014-11-30	1080	A
USGS	11315400	2014-12-01	1040	A
USGS	11315400	2014-12-02	1200	A
USGS	11315400	2014-12-03	1920	A
USGS	11315400	2014-12-04	2290	A
USGS	11315400	2014-12-05	2270	A
USGS	11315400	2014-12-06	2250	A
USGS	11315400	2014-12-07	2160	A
USGS	11315400	2014-12-08	2040	A
USGS	11315400	2014-12-09	1900	A
USGS	11315400	2014-12-10	1760	A
USGS	11315400	2014-12-11	1640	A
USGS	11315400	2014-12-12	1580	A
USGS	11315400	2014-12-13	1500	A
USGS	11315400	2014-12-14	1400	A
USGS	11315400	2014-12-15	1300	A
USGS	11315400	2014-12-16	1200	A
USGS	11315400	2014-12-17	1110	A
USGS	11315400	2014-12-18	1010	A
USGS	11315400	2014-12-19	929.0	A
USGS	11315400	2014-12-20	912.0	A
USGS	11315400	2014-12-21	1130	A
USGS	11315400	2014-12-22	1330	A
USGS	11315400	2014-12-23	1440	A
USGS	11315400	2014-12-24	1610	A
USGS	11315400	2014-12-25	1710	A
USGS	11315400	2014-12-26	1780	A
USGS	11315400	2014-12-27	1830	A
USGS	11315400	2014-12-28	1880	A
USGS	11315400	2014-12-29	1920	A
USGS	11315400	2014-12-30	1960	A
USGS	11315400	2014-12-31	1990	A
USGS	11315400	2015-01-01	2020	A
USGS	11315400	2015-01-02	2040	A
USGS	11315400	2015-01-03	2070	A
USGS	11315400	2015-01-04	2100	A
USGS	11315400	2015-01-05	2140	A
USGS	11315400	2015-01-06	2210	A
USGS	11315400	2015-01-07	2290	A
USGS	11315400	2015-01-08	2380	A
USGS	11315400	2015-01-09	2460	A
USGS	11315400	2015-01-10	2530	A
USGS	11315400	2015-01-11	2610	A
USGS	11315400	2015-01-12	2680	A
USGS	11315400	2015-01-13	2730	A
USGS	11315400	2015-01-14	2780	A
USGS	11315400	2015-01-15	2820	A
USGS	11315400	2015-01-16	2860	A
USGS	11315400	2015-01-17	2920	A
USGS	11315400	2015-01-18	2990	A
USGS	11315400	2015-01-19	3070	A
USGS	11315400	2015-01-20	3140	A
USGS	11315400	2015-01-21	3190	A
USGS	11315400	2015-01-22	3230	A
USGS	11315400	2015-01-23	3270	A
USGS	11315400	2015-01-24	3310	A
USGS	11315400	2015-01-25	3370	A
USGS	11315400	2015-01-26	3450	A
USGS	11315400	2015-01-27	3550	A
USGS	11315400	2015-01-28	3620	A
USGS	11315400	2015-01-29	3670	A
USGS	11315400	2015-01-30	3730	A
USGS	11315400	2015-01-31	3770	A
USGS	11315400	2015-02-01	3810	A
USGS	11315400	2015-02-02	3850	A
USGS	11315400	2015-02-03	3910	A
USGS	11315400	2015-02-04	3890	A
USGS	11315400	2015-02-05	3810	A
USGS	11315400	2015-02-06	3760	A
USGS	11315400	2015-02-07	5280	A
USGS	11315400	2015-02-08	7290	A
USGS	11315400	2015-02-09	7040	A
USGS	11315400	2015-02-10	7020	A
USGS	11315400	2015-02-11	7020	A
USGS	11315400	2015-02-12	7010	A
USGS	11315400	2015-02-13	7020	A
USGS	11315400	2015-02-14	7000	A
USGS	11315400	2015-02-15	6960	A
USGS	11315400	2015-02-16	6890	A
USGS	11315400	2015-02-17	6820	A
USGS	11315400	2015-02-18	6760	A
USGS	11315400	2015-02-19	6690	A
USGS	11315400	2015-02-20	6600	A
USGS	11315400	2015-02-21	6500	A
USGS	11315400	2015-02-22	6380	A
USGS	11315400	2015-02-23	6240	A
USGS	11315400	2015-02-24	6100	A
USGS	11315400	2015-02-25	5950	A
USGS	11315400	2015-02-26	5800	A
USGS	11315400	2015-02-27	5670	A
USGS	11315400	2015-02-28	5560	A
USGS	11315400	2015-03-01	5430	A
USGS	11315400	2015-03-02	5300	A
USGS	11315400	2015-03-03	5160	A
USGS	11315400	2015-03-04	5030	A
USGS	11315400	2015-03-05	4890	A
USGS	11315400	2015-03-06	4770	A
USGS	11315400	2015-03-07	4640	A
USGS	11315400	2015-03-08	4530	A
USGS	11315400	2015-03-09	4490	A
USGS	11315400	2015-03-10	4510	A
USGS	11315400	2015-03-11	4580	A
USGS	11315400	2015-03-12	4660	A
USGS	11315400	2015-03-13	4700	A
USGS	11315400	2015-03-14	4770	A
USGS	11315400	2015-03-15	4860	A
USGS	11315400	2015-03-16	4950	A
USGS	11315400	2015-03-17	5030	A
USGS	11315400	2015-03-18	5090	A
USGS	11315400	2015-03-19	5120	A
USGS	11315400	2015-03-20	5150	A
USGS	11315400	2015-03-21	5170	A
USGS	11315400	2015-03-22	5180	A
USGS	11315400	2015-03-23	5270	A
USGS	11315400	2015-03-24	5330	A
USGS	11315400	2015-03-25	5370	A
USGS	11315400	2015-03-26	5400	A
USGS	11315400	2015-03-27	5440	A
USGS	11315400	2015-03-28	5470	A
USGS	11315400	2015-03-29	5500	A
USGS	11315400	2015-03-30	5530	A
USGS	11315400	2015-03-31	5550	A
USGS	11315400	2015-04-01	5590	A
USGS	11315400	2015-04-02	5640	A
USGS	11315400	2015-04-03	5690	A
USGS	11315400	2015-04-04	5730	A
USGS	11315400	2015-04-05	5780	A
USGS	11315400	2015-04-06	5840	A
USGS	11315400	2015-04-07	5910	A
USGS	11315400	2015-04-08	5990	A
USGS	11315400	2015-04-09	6110	A
USGS	11315400	2015-04-10	6260	A
USGS	11315400	2015-04-11	6420	A
USGS	11315400	2015-04-12	6590	A
USGS	11315400	2015-04-13	6730	A
USGS	11315400	2015-04-14	6860	A
USGS	11315400	2015-04-15	6930	A
USGS	11315400	2015-04-16	6990	A
USGS	11315400	2015-04-17	7040	A
USGS	11315400	2015-04-18	7080	A
USGS	11315400	2015-04-19	7140	A
USGS	11315400	2015-04-20	7190	A
USGS	11315400	2015-04-21	7230	A
USGS	11315400	2015-04-22	7240	A
USGS	11315400	2015-04-23	7230	A
USGS	11315400	2015-04-24	7220	A
USGS	11315400	2015-04-25	7330	A
USGS	11315400	2015-04-26	7410	A
USGS	11315400	2015-04-27	7430	A
USGS	11315400	2015-04-28	7420	A
USGS	11315400	2015-04-29	7380	A
USGS	11315400	2015-04-30	7360	A
USGS	11315400	2015-05-01	7340	A
USGS	11315400	2015-05-02	7320	A
USGS	11315400	2015-05-03	7280	A
USGS	11315400	2015-05-04	7240	A
USGS	11315400	2015-05-05	7190	A
USGS	11315400	2015-05-06	7130	A
USGS	11315400	2015-05-07	7120	A
USGS	11315400	2015-05-08	7220	A
USGS	11315400	2015-05-09	7310	A
USGS	11315400	2015-05-10	7330	A
USGS	11315400	2015-05-11	7320	A
USGS	11315400	2015-05-12	7300	A
USGS	11315400	2015-05-13	7260	A
USGS	11315400	2015-05-14	7250	A
USGS	11315400	2015-05-15	7250	A
USGS	11315400	2015-05-16	7270	A
USGS	11315400	2015-05-17	7290	A
USGS	11315400	2015-05-18	7340	A
USGS	11315400	2015-05-19	7370	A
USGS	11315400	2015-05-20	7380	A
USGS	11315400	2015-05-21	7380	A
USGS	11315400	2015-05-22	7380	A
USGS	11315400	2015-05-23	7410	A
USGS	11315400	2015-05-24	7380	A
USGS	11315400	2015-05-25	7360	A
USGS	11315400	2015-05-26	7340	A
USGS	11315400	2015-05-27	7350	A
USGS	11315400	2015-05-28	7370	A
USGS	11315400	2015-05-29	7370	A
USGS	11315400	2015-05-30	7370	A
USGS	11315400	2015-05-31	7370	A
USGS	11315400	2015-06-01	7350	A
USGS	11315400	2015-06-02	7330	A
USGS	11315400	2015-06-03	7310	A
USGS	11315400	2015-06-04	7300	A
USGS	11315400	2015-06-05	7320	A
USGS	11315400	2015-06-06	7330	A
USGS	11315400	2015-06-07	7320	A
USGS	11315400	2015-06-08	7300	A
USGS	11315400	2015-06-09	7280	A
USGS	11315400	2015-06-10	7280	A
USGS	11315400	2015-06-11	7310	A
USGS	11315400	2015-06-12	7320	A
USGS	11315400	2015-06-13	7320	A
USGS	11315400	2015-06-14	7320	A
USGS	11315400	2015-06-15	7320	A
USGS	11315400	2015-06-16	7320	A
USGS	11315400	2015-06-17	7310	A
USGS	11315400	2015-06-18	7300	A
USGS	11315400	2015-06-19	7300	A
USGS	11315400	2015-06-20	7290	A
USGS	11315400	2015-06-21	7280	A
USGS	11315400	2015-06-22	7270	A
USGS	11315400	2015-06-23	7270	A
USGS	11315400	2015-06-24	7260	A
USGS	11315400	2015-06-25	7250	A
USGS	11315400	2015-06-26	7240	A
USGS	11315400	2015-06-27	7230	A
USGS	11315400	2015-06-28	7230	A
USGS	11315400	2015-06-29	7220	A
USGS	11315400	2015-06-30	7210	A
USGS	11315400	2015-07-01	7200	A
USGS	11315400	2015-07-02	7210	A
USGS	11315400	2015-07-03	7210	A
USGS	11315400	2015-07-04	7200	A
USGS	11315400	2015-07-05	7190	A
USGS	11315400	2015-07-06	7180	A
USGS	11315400	2015-07-07	7170	A
USGS	11315400	2015-07-08	7170	A
USGS	11315400	2015-07-09	7180	A
USGS	11315400	2015-07-10	7190	A
USGS	11315400	2015-07-11	7190	A
USGS	11315400	2015-07-12	7190	A
USGS	11315400	2015-07-13	7140	A
USGS	11315400	2015-07-14	7040	A
USGS	11315400	2015-07-15	6930	A
USGS	11315400	2015-07-16	6830	A
USGS	11315400	2015-07-17	6720	A
USGS	11315400	2015-07-18	6620	A
USGS	11315400	2015-07-19	6520	A
USGS	11315400	2015-07-20	6440	A
USGS	11315400	2015-07-21	6350	A
USGS	11315400	2015-07-22	6260	A
USGS	11315400	2015-07-23	6160	A
USGS	11315400	2015-07-24	6060	A
USGS	11315400	2015-07-25	5970	A
USGS	11315400	2015-07-26	5870	A
USGS	11315400	2015-07-27	5780	A
USGS	11315400	2015-07-28	5680	A
USGS	11315400	2015-07-29	5640	A
USGS	11315400	2015-07-30	5630	A
USGS	11315400	2015-07-31	5630	A
USGS	11315400	2015-08-01	5630	A
USGS	11315400	2015-08-02	5620	A
USGS	11315400	2015-08-03	5620	A
USGS	11315400	2015-08-04	5610	A
USGS	11315400	2015-08-05	5600	A
USGS	11315400	2015-08-06	5600	A
USGS	11315400	2015-08-07	5600	A
USGS	11315400	2015-08-08	5590	A
USGS	11315400	2015-08-09	5590	A
USGS	11315400	2015-08-10	5580	A
USGS	11315400	2015-08-11	5580	A
USGS	11315400	2015-08-12	5560	A
USGS	11315400	2015-08-13	5560	A
USGS	11315400	2015-08-14	5560	A
USGS	11315400	2015-08-15	5560	A
USGS	11315400	2015-08-16	5560	A
USGS	11315400	2015-08-17	5550	A
USGS	11315400	2015-08-18	5540	A
USGS	11315400	2015-08-19	5540	A
USGS	11315400	2015-08-20	5540	A
USGS	11315400	2015-08-21	5520	A
USGS	11315400	2015-08-22	5530	A
USGS	11315400	2015-08-23	5530	A
USGS	11315400	2015-08-24	5510	A
USGS	11315400	2015-08-25	5510	A
USGS	11315400	2015-08-26	5510	A
USGS	11315400	2015-08-27	5500	A
USGS	11315400	2015-08-28	5500	A
USGS	11315400	2015-08-29	5490	A
USGS	11315400	2015-08-30	5490	A
USGS	11315400	2015-08-31	5480	A
USGS	11315400	2015-09-01	5480	A
USGS	11315400	2015-09-02	5470	A
USGS	11315400	2015-09-03	5470	A
USGS	11315400	2015-09-04	5460	A
USGS	11315400	2015-09-05	5460	A
USGS	11315400	2015-09-06	5450	A
USGS	11315400	2015-09-07	5450	A
USGS	11315400	2015-09-08	5450	A
USGS	11315400	2015-09-09	5430	A
USGS	11315400	2015-09-10	5430	A
USGS	11315400	2015-09-11	5430	A
USGS	11315400	2015-09-12	5420	A
USGS	11315400	2015-09-13	5420	A
USGS	11315400	2015-09-14	5420	A
USGS	11315400	2015-09-15	5410	A
USGS	11315400	2015-09-16	5410	A
USGS	11315400	2015-09-17	5400	A
USGS	11315400	2015-09-18	5400	A
USGS	11315400	2015-09-19	5400	A
USGS	11315400	2015-09-20	5390	A
USGS	11315400	2015-09-21	5390	A
USGS	11315400	2015-09-22	5380	A
USGS	11315400	2015-09-23	5380	A
USGS	11315400	2015-09-24	5380	A
USGS	11315400	2015-09-25	5370	A
USGS	11315400	2015-09-26	5370	A
USGS	11315400	2015-09-27	5360	A
USGS	11315400	2015-09-28	5360	A
USGS	11315400	2015-09-29	5360	A
USGS	11315400	2015-09-30	5360	A
USGS	11315400	2015-10-01	5370	A
USGS	11315400	2015-10-02	5360	A
USGS	11315400	2015-10-03	5360	A
USGS	11315400	2015-10-04	5350	A
USGS	11315400	2015-10-05	5350	A
USGS	11315400	2015-10-06	5340	A
USGS	11315400	2015-10-07	5340	A
USGS	11315400	2015-10-08	5340	A
USGS	11315400	2015-10-09	5340	A
USGS	11315400	2015-10-10	5330	A
USGS	11315400	2015-10-11	5330	A
USGS	11315400	2015-10-12	5320	A
USGS	11315400	2015-10-13	5320	A
USGS	11315400	2015-10-14	5320	A
USGS	11315400	2015-10-15	5320	A
USGS	11315400	2015-10-16	5320	A
USGS	11315400	2015-10-17	5370	A
USGS	11315400	2015-10-18	5370	A
USGS	11315400	2015-10-19	5370	A
USGS	11315400	2015-10-20	5370	A
USGS	11315400	2015-10-21	5390	A
USGS	11315400	2015-10-22	5390	A
USGS	11315400	2015-10-23	5380	A
USGS	11315400	2015-10-24	5380	A
USGS	11315400	2015-10-25	5370	A
USGS	11315400	2015-10-26	5370	A
USGS	11315400	2015-10-27	5370	A
USGS	11315400	2015-10-28	5370	A
USGS	11315400	2015-10-29	5360	A
USGS	11315400	2015-10-30	5370	A
USGS	11315400	2015-10-31	5360	A
USGS	11315400	2015-11-01	5360	A
USGS	11315400	2015-11-02	5650	A
USGS	11315400	2015-11-03	5690	A
USGS	11315400	2015-11-04	5710	A
USGS	11315400	2015-11-05	5720	A
USGS	11315400	2015-11-06	5720	A
USGS	11315400	2015-11-07	5730	A
USGS	11315400	2015-11-08	5740	A
USGS	11315400	2015-11-09	5770	A
USGS	11315400	2015-11-10	5810	A
USGS	11315400	2015-11-11	5840	A
USGS	11315400	2015-11-12	5870	A
USGS	11315400	2015-11-13	5910	A
USGS	11315400	2015-11-14	5950	A
USGS	11315400	2015-11-15	6000	A
USGS	11315400	2015-11-16	6020	A
USGS	11315400	2015-11-17	6060	A
USGS	11315400	2015-11-18	5980	A
USGS	11315400	2015-11-19	5810	A
USGS	11315400	2015-11-20	5650	A
USGS	11315400	2015-11-21	5490	A
USGS	11315400	2015-11-22	5320	A
USGS	11315400	2015-11-23	5150	A
USGS	11315400	2015-11-24	4980	A
USGS	11315400	2015-11-25	4810	A
USGS	11315400	2015-11-26	4640	A
USGS	11315400	2015-11-27	4460	A
USGS	11315400	2015-11-28	4280	A
USGS	11315400	2015-11-29	4100	A
USGS	11315400	2015-11-30	3920	A
USGS	11315400	2015-12-01	3750	A
USGS	11315400	2015-12-02	3580	A
USGS	11315400	2015-12-03	3440	A
USGS	11315400	2015-12-04	3300	A
USGS	11315400	2015-12-05	3160	A
USGS	11315400	2015-12-06	3010	A
USGS	11315400	2015-12-07	2860	A
USGS	11315400	2015-12-08	2750	A
USGS	11315400	2015-12-09	2660	A
USGS	11315400	2015-12-10	2930	A
USGS	11315400	2015-12-11	2910	A
USGS	11315400	2015-12-12	2860	A
USGS	11315400	2015-12-13	2800	A
USGS	11315400	2015-12-14	2730	A
USGS	11315400	2015-12-15	2650	A
USGS	11315400	2015-12-16	2560	A
USGS	11315400	2015-12-17	2470	A
USGS	11315400	2015-12-18	2380	A
USGS	11315400	2015-12-19	2300	A
USGS	11315400	2015-12-20	2220	A
USGS	11315400	2015-12-21	2210	A
USGS	11315400	2015-12-22	2600	A
USGS	11315400	2015-12-23	2770	A
USGS	11315400	2015-12-24	2800	A
USGS	11315400	2015-12-25	2780	A
USGS	11315400	2015-12-26	2720	A
USGS	11315400	2015-12-27	2650	A
USGS	11315400	2015-12-28	2580	A
USGS	11315400	2015-12-29	2510	A
USGS	11315400	2015-12-30	2440	A
USGS	11315400	2015-12-31	2360	A
USGS	11315400	2016-01-01	2280	A
USGS	11315400	2016-01-02	2200	A
USGS	11315400	2016-01-03	2130	A
USGS	11315400	2016-01-04	2050	A
USGS	11315400	2016-01-05	1990	A
USGS	11315400	2016-01-06	1920	A
USGS	11315400	2016-01-07	1850	A
USGS	11315400	2016-01-08	1780	A
USGS	11315400	2016-01-09	1700	A
USGS	11315400	2016-01-10	1630	A
USGS	11315400	2016-01-11	1560	A
USGS	11315400	2016-01-12	1530	A
USGS	11315400	2016-01-13	1550	A
USGS	11315400	2016-01-14	1560	A
USGS	11315400	2016-01-15	1570	A
USGS	11315400	2016-01-16	1630	A
USGS	11315400	2016-01-17	1740	A
USGS	11315400	2016-01-18	1800	A
USGS	11315400	2016-01-19	1920	A
USGS	11315400	2016-01-20	2000	A
USGS	11315400	2016-01-21	2050	A
USGS	11315400	2016-01-22	2140	A
USGS	11315400	2016-01-23	2270	A
USGS	11315400	2016-01-24	2310	A
USGS	11315400	2016-01-25	2340	A
USGS	11315400	2016-01-26	2370	A
USGS	11315400	2016-01-27	2400	A
USGS	11315400	2016-01-28	2420	A
USGS	11315400	2016-01-29	2930	A
USGS	11315400	2016-01-30	4530	A
USGS	11315400	2016-01-31	5150	A
USGS	11315400	2016-02-01	5450	A
USGS	11315400	2016-02-02	5610	A
USGS	11315400	2016-02-03	5580	A
USGS	11315400	2016-02-04	5500	A
USGS	11315400	2016-02-05	5410	A
USGS	11315400	2016-02-06	5320	A
USGS	11315400	2016-02-07	5250	A
USGS	11315400	2016-02-08	5250	A
USGS	11315400	2016-02-09	5270	A
USGS	11315400	2016-02-10	5290	A
USGS	11315400	2016-02-11	5290	A
USGS	11315400	2016-02-12	5290	A
USGS	11315400	2016-02-13	5290	A
USGS	11315400	2016-02-14	5320	A
USGS	11315400	2016-02-15	5390	A
USGS	11315400	2016-02-16	5480	A
USGS	11315400	2016-02-17	5640	A
USGS	11315400	2016-02-18	5750	A
USGS	11315400	2016-02-19	5720	A
USGS	11315400	2016-02-20	5660	A
USGS	11315400	2016-02-21	5600	A
USGS	11315400	2016-02-22	5540	A
USGS	11315400	2016-02-23	5480	A
USGS	11315400	2016-02-24	5460	A
USGS	11315400	2016-02-25	5470	A
USGS	11315400	2016-02-26	5510	A
USGS	11315400	2016-02-27	5540	A
USGS	11315400	2016-02-28	5550	A
USGS	11315400	2016-02-29	5550	A
USGS	11315400	2016-03-01	5590	A
USGS	11315400	2016-03-02	5690	A
USGS	11315400	2016-03-03	5770	A
USGS	11315400	2016-03-04	6220	A
USGS	11315400	2016-03-05	7160	A
USGS	11315400	2016-03-06	7050	A
USGS	11315400	2016-03-07	7030	A
USGS	11315400	2016-03-08	6960	A
USGS	11315400	2016-03-09	6970	A
USGS	11315400	2016-03-10	7030	A
USGS	11315400	2016-03-11	7020	A
USGS	11315400	2016-03-12	6960	A
USGS	11315400	2016-03-13	6870	A
USGS	11315400	2016-03-14	6880	A
USGS	11315400	2016-03-15	6830	A
USGS	11315400	2016-03-16	6760	A
USGS	11315400	2016-03-17	6750	A
USGS	11315400	2016-03-18	6790	A
USGS	11315400	2016-03-19	6820	A
USGS	11315400	2016-03-20	6920	A
USGS	11315400	2016-03-21	7060	A
USGS	11315400	2016-03-22	7010	A
USGS	11315400	2016-03-23	6880	A
USGS	11315400	2016-03-24	6730	A
USGS	11315400	2016-03-25	6630	A
USGS	11315400	2016-03-26	6580	A
USGS	11315400	2016-03-27	6590	A
USGS	11315400	2016-03-28	6610	A
USGS	11315400	2016-03-29	6480	A
USGS	11315400	2016-03-30	6350	A
USGS	11315400	2016-03-31	6290	A
USGS	11315400	2016-04-01	6380	A
USGS	11315400	2016-04-02	6600	A
USGS	11315400	2016-04-03	6830	A
USGS	11315400	2016-04-04	7040	A
USGS	11315400	2016-04-05	7060	A
USGS	11315400	2016-04-06	7060	A
USGS	11315400	2016-04-07	7160	A
USGS	11315400	2016-04-08	7360	A
USGS	11315400	2016-04-09	7380	A
USGS	11315400	2016-04-10	7220	A
USGS	11315400	2016-04-11	7100	A
USGS	11315400	2016-04-12	7060	A
USGS	11315400	2016-04-13	7170	A
USGS	11315400	2016-04-14	7070	A
USGS	11315400	2016-04-15	6860	A
USGS	11315400	2016-04-16	6750	A
USGS	11315400	2016-04-17	6820	A
USGS	11315400	2016-04-18	7000	A
USGS	11315400	2016-04-19	7180	A
USGS	11315400	2016-04-20	7310	A
USGS	11315400	2016-04-21	7340	A
USGS	11315400	2016-04-22	7250	A
USGS	11315400	2016-04-23	7100	A
USGS	11315400	2016-04-24	6940	A
USGS	11315400	2016-04-25	6780	A
USGS	11315400	2016-04-26	6650	A
USGS	11315400	2016-04-27	6590	A
USGS	11315400	2016-04-28	6560	A
USGS	11315400	2016-04-29	6630	A
USGS	11315400	2016-04-30	6760	A
USGS	11315400	2016-05-01	6860	A
USGS	11315400	2016-05-02	6990	A
USGS	11315400	2016-05-03	7090	A
USGS	11315400	2016-05-04	7210	A
USGS	11315400	2016-05-05	7260	A
USGS	11315400	2016-05-06	7260	A
USGS	11315400	2016-05-07	7220	A
USGS	11315400	2016-05-08	7170	A
USGS	11315400	2016-05-09	7310	A
USGS	11315400	2016-05-10	7330	A
USGS	11315400	2016-05-11	7350	A
USGS	11315400	2016-05-12	7400	A
USGS	11315400	2016-05-13	7410	A
USGS	11315400	2016-05-14	7370	A
USGS	11315400	2016-05-15	7280	A
USGS	11315400	2016-05-16	7220	A
USGS	11315400	2016-05-17	7290	A
USGS	11315400	2016-05-18	7350	A
USGS	11315400	2016-05-19	7360	A
USGS	11315400	2016-05-20	7160	A
USGS	11315400	2016-05-21	6930	A
USGS	11315400	2016-05-22	6740	A
USGS	11315400	2016-05-23	6660	A
USGS	11315400	2016-05-24	6570	A
USGS	11315400	2016-05-25	6630	A
USGS	11315400	2016-05-26	6740	A
USGS	11315400	2016-05-27	7010	A
USGS	11315400	2016-05-28	7310	A
USGS	11315400	2016-05-29	7380	A
USGS	11315400	2016-05-30	7380	A
USGS	11315400	2016-05-31	7390	A
USGS	11315400	2016-06-01	7390	A
USGS	11315400	2016-06-02	7370	A
USGS	11315400	2016-06-03	7370	A
USGS	11315400	2016-06-04	7340	A
USGS	11315400	2016-06-05	7330	A
USGS	11315400	2016-06-06	7330	A
USGS	11315400	2016-06-07	7320	A
USGS	11315400	2016-06-08	7320	A
USGS	11315400	2016-06-09	7300	A
USGS	11315400	2016-06-10	7260	A
USGS	11315400	2016-06-11	7180	A
USGS	11315400	2016-06-12	7240	A
USGS	11315400	2016-06-13	7220	A
USGS	11315400	2016-06-14	7110	A
USGS	11315400	2016-06-15	6980	A
USGS	11315400	2016-06-16	6960	A
USGS	11315400	2016-06-17	7040	A
USGS	11315400	2016-06-18	7110	A
USGS	11315400	2016-06-19	7190	A
USGS	11315400	2016-06-20	7240	A
USGS	11315400	2016-06-21	7290	A
USGS	11315400	2016-06-22	7320	A
USGS	11315400	2016-06-23	7340	A
USGS	11315400	2016-06-24	7340	A
USGS	11315400	2016-06-25	7330	A
USGS	11315400	2016-06-26	7330	A
USGS	11315400	2016-06-27	7320	A
USGS	11315400	2016-06-28	7310	A
USGS	11315400	2016-06-29	7300	A
USGS	11315400	2016-06-30	7290	A
USGS	11315400	2016-07-01	7280	A
USGS	11315400	2016-07-02	7270	A
USGS	11315400	2016-07-03	7260	A
USGS	11315400	2016-07-04	7240	A
USGS	11315400	2016-07-05	7230	A
USGS	11315400	2016-07-06	7220	A
USGS	11315400	2016-07-07	7200	A
USGS	11315400	2016-07-08	7190	A
USGS	11315400	2016-07-09	7170	A
USGS	11315400	2016-07-10	7160	A
USGS	11315400	2016-07-11	7150	A
USGS	11315400	2016-07-12	7130	A
USGS	11315400	2016-07-13	7120	A
USGS	11315400	2016-07-14	7110	A
USGS	11315400	2016-07-15	7090	A
USGS	11315400	2016-07-16	7080	A
USGS	11315400	2016-07-17	7070	A
USGS	11315400	2016-07-18	7050	A
USGS	11315400	2016-07-19	7040	A
USGS	11315400	2016-07-20	7030	A
USGS	11315400	2016-07-21	7020	A
USGS	11315400	2016-07-22	7010	A
USGS	11315400	2016-07-23	7000	A
USGS	11315400	2016-07-24	6990	A
USGS	11315400	2016-07-25	6980	A
USGS	11315400	2016-07-26	6850	A
USGS	11315400	2016-07-27	6620	A
USGS	11315400	2016-07-28	6390	A
USGS	11315400	2016-07-29	6170	A
USGS	11315400	2016-07-30	5960	A
USGS	11315400	2016-07-31	5750	A
USGS	11315400	2016-08-01	5530	A
USGS	11315400	2016-08-02	5330	A
USGS	11315400	2016-08-03	5120	A
USGS	11315400	2016-08-04	4920	A
USGS	11315400	2016-08-05	4720	A
USGS	11315400	2016-08-06	4530	A
USGS	11315400	2016-08-07	4340	A
USGS	11315400	2016-08-08	4150	A
USGS	11315400	2016-08-09	3960	A
USGS	11315400	2016-08-10	3790	A
USGS	11315400	2016-08-11	3610	A
USGS	11315400	2016-08-12	3430	A
USGS	11315400	2016-08-13	3260	A
USGS	11315400	2016-08-14	3090	A
USGS	11315400	2016-08-15	2920	A
USGS	11315400	2016-08-16	2760	A
USGS	11315400	2016-08-17	2600	A
USGS	11315400	2016-08-18	2430	A
USGS	11315400	2016-08-19	2280	A
USGS	11315400	2016-08-20	2130	A
USGS	11315400	2016-08-21	1980	A
USGS	11315400	2016-08-22	1830	A
USGS	11315400	2016-08-23	1690	A
USGS	11315400	2016-08-24	1580	A
USGS	11315400	2016-08-25	1520	A
USGS	11315400	2016-08-26	1470	A
USGS	11315400	2016-08-27	1410	A
USGS	11315400	2016-08-28	1350	A
USGS	11315400	2016-08-29	1300	A
USGS	11315400	2016-08-30	1250	A
USGS	11315400	2016-08-31	1190	A
USGS	11315400	2016-09-01	1150	A
USGS	11315400	2016-09-02	1110	A
USGS	11315400	2016-09-03	1070	A
USGS	11315400	2016-09-04	1030	A
USGS	11315400	2016-09-05	987.0	A
USGS	11315400	2016-09-06	947.0	A
USGS	11315400	2016-09-07	907.0	A
USGS	11315400	2016-09-08	888.0	A
USGS	11315400	2016-09-09	887.0	A
USGS	11315400	2016-09-10	887.0	A
USGS	11315400	2016-09-11	885.0	A
USGS	11315400	2016-09-12	884.0	A
USGS	11315400	2016-09-13	884.0	A
USGS	11315400	2016-09-14	882.0	A
USGS	11315400	2016-09-15	872.0	A
USGS	11315400	2016-09-16	871.0	A
USGS	11315400	2016-09-17	869.0	A
USGS	11315400	2016-09-18	868.0	A
USGS	11315400	2016-09-19	867.0	A
USGS	11315400	2016-09-20	866.0	A
USGS	11315400	2016-09-21	865.0	A
USGS	11315400	2016-09-22	863.0	A
USGS	11315400	2016-09-23	862.0	A
USGS	11315400	2016-09-24	860.0	A
USGS	11315400	2016-09-25	860.0	A
USGS	11315400	2016-09-26	858.0	A
USGS	11315400	2016-09-27	857.0	A
USGS	11315400	2016-09-28	857.0	A
USGS	11315400	2016-09-29	857.0	A
USGS	11315400	2016-09-30	855.0	A
USGS	11315400	2016-10-01	854.0	A
USGS	11315400	2016-10-02	855.0	A
USGS	11315400	2016-10-03	854.0	A
USGS	11315400	2016-10-04	854.0	A
USGS	11315400	2016-10-05	853.0	A
USGS	11315400	2016-10-06	853.0	A
USGS	11315400	2016-10-07	852.0	A
USGS	11315400	2016-10-08	851.0	A
USGS	11315400	2016-10-09	850.0	A
USGS	11315400	2016-10-10	850.0	A
USGS	11315400	2016-10-11	849.0	A
USGS	11315400	2016-10-12	849.0	A
USGS	11315400	2016-10-13	848.0	A
USGS	11315400	2016-10-14	912.0	A
USGS	11315400	2016-10-15	1070	A
USGS	11315400	2016-10-16	3380	A
USGS	11315400	2016-10-17	4430	A
USGS	11315400	2016-10-18	4580	A
USGS	11315400	2016-10-19	4650	A
USGS	11315400	2016-10-20	4580	A
USGS	11315400	2016-10-21	4410	A
USGS	11315400	2016-10-22	4240	A
USGS	11315400	2016-10-23	4060	A
USGS	11315400	2016-10-24	3890	A
USGS	11315400	2016-10-25	3720	A
USGS	11315400	2016-10-26	3550	A
USGS	11315400	2016-10-27	3750	A
USGS	11315400	2016-10-28	4700	A
USGS	11315400	2016-10-29	4840	A
USGS	11315400	2016-10-30	5790	A
USGS	11315400	2016-10-31	6020	A
USGS	11315400	2016-11-01	6150	A
USGS	11315400	2016-11-02	6120	A
USGS	11315400	2016-11-03	6010	A
USGS	11315400	2016-11-04	5880	A
USGS	11315400	2016-11-05	5720	A
USGS	11315400	2016-11-06	5540	A
USGS	11315400	2016-11-07	5350	A
USGS	11315400	2016-11-08	5160	A
USGS	11315400	2016-11-09	4960	A
USGS	11315400	2016-11-10	4760	A
USGS	11315400	2016-11-11	4560	A
USGS	11315400	2016-11-12	4360	A
USGS	11315400	2016-11-13	4160	A
USGS	11315400	2016-11-14	3960	A
USGS	11315400	2016-11-15	3760	A
USGS	11315400	2016-11-16	3570	A
USGS	11315400	2016-11-17	3340	A
USGS	11315400	2016-11-18	3150	A
USGS	11315400	2016-11-19	2960	A
USGS	11315400	2016-11-20	2800	A
USGS	11315400	2016-11-21	2650	A
USGS	11315400	2016-11-22	2620	A
USGS	11315400	2016-11-23	2680	A
USGS	11315400	2016-11-24	2730	A
USGS	11315400	2016-11-25	2780	A
USGS	11315400	2016-11-26	2830	A
USGS	11315400	2016-11-27	2890	A
USGS	11315400	2016-11-28	2960	A
USGS	11315400	2016-11-29	3020	A
USGS	11315400	2016-11-30	3090	A
USGS	11315400	2016-12-01	3140	A
USGS	11315400	2016-12-02	3190	A
USGS	11315400	2016-12-03	3260	A
USGS	11315400	2016-12-04	3340	A
USGS	11315400	2016-12-05	3410	A
USGS	11315400	2016-12-06	3470	A
USGS	11315400	2016-12-07	3480	A
USGS	11315400	2016-12-08	3750	A
USGS	11315400	2016-12-09	4200	A
USGS	11315400	2016-12-10	7120	A
USGS	11315400	2016-12-11	6980	A
USGS	11315400	2016-12-12	6960	A
USGS	11315400	2016-12-13	6960	A
USGS	11315400	2016-12-14	6970	A
USGS	11315400	2016-12-15	7360	A
USGS	11315400	2016-12-16	7060	A:e
USGS	11315400	2016-12-17	7050	A:e
USGS	11315400	2016-12-18	7040	A:e
USGS	11315400	2016-12-19	7040	A:e
USGS	11315400	2016-12-20	7000	A:e
USGS	11315400	2016-12-21	6880	A
USGS	11315400	2016-12-22	6730	A
USGS	11315400	2016-12-23	6590	A
USGS	11315400	2016-12-24	6440	A
USGS	11315400	2016-12-25	6270	A
USGS	11315400	2016-12-26	6090	A
USGS	11315400	2016-12-27	5930	A
USGS	11315400	2016-12-28	5770	A
USGS	11315400	2016-12-29	5610	A
USGS	11315400	2016-12-30	5440	A
USGS	11315400	2016-12-31	5270	A
USGS	11315400	2017-01-01	5100	A
USGS	11315400	2017-01-02	4920	A
USGS	11315400	2017-01-03	4770	A
USGS	11315400	2017-01-04	4880	A
USGS	11315400	2017-01-05	4860	A
USGS	11315400	2017-01-06	4740	A
USGS	11315400	2017-01-07	5270	A
USGS	11315400	2017-01-08	7390	A
USGS	11315400	2017-01-09	7040	A
USGS	11315400	2017-01-10	6990	A
USGS	11315400	2017-01-11	6970	A
USGS	11315400	2017-01-12	6960	A
USGS	11315400	2017-01-13	6940	A
USGS	11315400	2017-01-14	6910	A
USGS	11315400	2017-01-15	6860	A
USGS	11315400	2017-01-16	6780	A
USGS	11315400	2017-01-17	6690	A
USGS	11315400	2017-01-18	6610	A
USGS	11315400	2017-01-19	6510	A
USGS	11315400	2017-01-20	6400	A
USGS	11315400	2017-01-21	6280	A
USGS	11315400	2017-01-22	6160	A
USGS	11315400	2017-01-23	6020	A
USGS	11315400	2017-01-24	5880	A
USGS	11315400	2017-01-25	5730	A
USGS	11315400	2017-01-26	5580	A
USGS	11315400	2017-01-27	5430	A
USGS	11315400	2017-01-28	5280	A
USGS	11315400	2017-01-29	5140	A
USGS	11315400	2017-01-30	5010	A
USGS	11315400	2017-01-31	4880	A
USGS	11315400	2017-02-01	4740	A
USGS	11315400	2017-02-02	4620	A
USGS	11315400	2017-02-03	4630	A
USGS	11315400	2017-02-04	4570	A
USGS	11315400	2017-02-05	4480	A
USGS	11315400	2017-02-06	4470	A
USGS	11315400	2017-02-07	5980	A
USGS	11315400	2017-02-08	7260	A
USGS	11315400	2017-02-09	7140	A
USGS	11315400	2017-02-10	7020	A
USGS	11315400	2017-02-11	6980	A
USGS	11315400	2017-02-12	6960	A
USGS	11315400	2017-02-13	6930	A
USGS	11315400	2017-02-14	6900	A
USGS	11315400	2017-02-15	6870	A
USGS	11315400	2017-02-16	6860	A
USGS	11315400	2017-02-17	6860	A
USGS	11315400	2017-02-18	6830	A
USGS	11315400	2017-02-19	6780	A
USGS	11315400	2017-02-20	7030	A
USGS	11315400	2017-02-21	6960	A
USGS	11315400	2017-02-22	6890	A
USGS	11315400	2017-02-23	6830	A
USGS	11315400	2017-02-24	6740	A
USGS	11315400	2017-02-25	6620	A
USGS	11315400	2017-02-26	6500	A
USGS	11315400	2017-02-27	6380	A
USGS	11315400	2017-02-28	6230	A
USGS	11315400	2017-03-01	6090	A
USGS	11315400	2017-03-02	5960	A
USGS	11315400	2017-03-03	5850	A
USGS	11315400	2017-03-04	5740	A
USGS	11315400	2017-03-05	5630	A
USGS	11315400	2017-03-06	5500	A
USGS	11315400	2017-03-07	5360	A
USGS	11315400	2017-03-08	5230	A
USGS	11315400	2017-03-09	5140	A
USGS	11315400	2017-03-10	5090	A
USGS	11315400	2017-03-11	5060	A
USGS	11315400	2017-03-12	5070	A
USGS	11315400	2017-03-13	5130	A
USGS	11315400	2017-03-14	5260	A
USGS	11315400	2017-03-15	5490	A
USGS	11315400	2017-03-16	5790	A
USGS	11315400	2017-03-17	6140	A
USGS	11315400	2017-03-18	6510	A
USGS	11315400	2017-03-19	6870	A
USGS	11315400	2017-03-20	7000	A
USGS	11315400	2017-03-21	7030	A
USGS	11315400	2017-03-22	6990	A
USGS	11315400	2017-03-23	6940	A
USGS	11315400	2017-03-24	6900	A
USGS	11315400	2017-03-25	6880	A
USGS	11315400	2017-03-26	6840	A
USGS	11315400	2017-03-27	6790	A
USGS	11315400	2017-03-28	6730	A
USGS	11315400	2017-03-29	6750	A
USGS	11315400	2017-03-30	7000	A
USGS	11315400	2017-03-31	6950	A
USGS	11315400	2017-04-01	6950	A
USGS	11315400	2017-04-02	7000	A
USGS	11315400	2017-04-03	6990	A
USGS	11315400	2017-04-04	6980	A
USGS	11315400	2017-04-05	7020	A
USGS	11315400	2017-04-06	7010	A
USGS	11315400	2017-04-07	6990	A
USGS	11315400	2017-04-08	6940	A
USGS	11315400	2017-04-09	6900	A
USGS	11315400	2017-04-10	6870	A
USGS	11315400	2017-04-11	6840	A
USGS	11315400	2017-04-12	6860	A
USGS	11315400	2017-04-13	6980	A
USGS	11315400	2017-04-14	6930	A
USGS	11315400	2017-04-15	6900	A
USGS	11315400	2017-04-16	6940	A
USGS	11315400	2017-04-17	7080	A
USGS	11315400	2017-04-18	7050	A
USGS	11315400	2017-04-19	7010	A
USGS	11315400	2017-04-20	7010	A
USGS	11315400	2017-04-21	7020	A
USGS	11315400	2017-04-22	7030	A
USGS	11315400	2017-04-23	7040	A
USGS	11315400	2017-04-24	7000	A
USGS	11315400	2017-04-25	6990	A
USGS	11315400	2017-04-26	7040	A
USGS	11315400	2017-04-27	7040	A
USGS	11315400	2017-04-28	7020	A
USGS	11315400	2017-04-29	7050	A
USGS	11315400	2017-04-30	7110	A
USGS	11315400	2017-05-01	7130	A
USGS	11315400	2017-05-02	7150	A
USGS	11315400	2017-05-03	7170	A
USGS	11315400	2017-05-04	7180	A
USGS	11315400	2017-05-05	7170	A
USGS	11315400	2017-05-06	7060	A
USGS	11315400	2017-05-07	7080	A
USGS	11315400	2017-05-08	7110	A
USGS	11315400	2017-05-09	7110	A
USGS	11315400	2017-05-10	7140	A
USGS	11315400	2017-05-11	7150	A
USGS	11315400	2017-05-12	7100	A
USGS	11315400	2017-05-13	7050	A
USGS	11315400	2017-05-14	7030	A
USGS	11315400	2017-05-15	7020	A
USGS	11315400	2017-05-16	7010	A
USGS	11315400	2017-05-17	7050	A
USGS	11315400	2017-05-18	7070	A
USGS	11315400	2017-05-19	7110	A
USGS	11315400	2017-05-20	7140	A
USGS	11315400	2017-05-21	7140	A
USGS	11315400	2017-05-22	7160	A
USGS	11315400	2017-05-23	7170	A
USGS	11315400	2017-05-24	7170	A
USGS	11315400	2017-05-25	7150	A
USGS	11315400	2017-05-26	7120	A
USGS	11315400	2017-05-27	7150	A
USGS	11315400	2017-05-28	7140	A
USGS	11315400	2017-05-29	7130	A
USGS	11315400	2017-05-30	7140	A
USGS	11315400	2017-05-31	7100	A
USGS	11315400	2017-06-01	7130	A
USGS	11315400	2017-06-02	7150	A
USGS	11315400	2017-06-03	7150	A
USGS	11315400	2017-06-04	7150	A
USGS	11315400	2017-06-05	7130	A
USGS	11315400	2017-06-06	7130	A
USGS	11315400	2017-06-07	7110	A
USGS	11315400	2017-06-08	7100	A
USGS	11315400	2017-06-09	7140	A
USGS	11315400	2017-06-10	7110	A
USGS	11315400	2017-06-11	7040	A
USGS	11315400	2017-06-12	7020	A
USGS	11315400	2017-06-13	7050	A
USGS	11315400	2017-06-14	7200	A
USGS	11315400	2017-06-15	7250	A
USGS	11315400	2017-06-16	7320	A
USGS	11315400	2017-06-17	7320	A
USGS	11315400	2017-06-18	7310	A
USGS	11315400	2017-06-19	7320	A
USGS	11315400	2017-06-20	7290	A
USGS	11315400	2017-06-21	7270	A
USGS	11315400	2017-06-22	7260	A
USGS	11315400	2017-06-23	7230	A
USGS	11315400	2017-06-24	7200	A
USGS	11315400	2017-06-25	7180	A
USGS	11315400	2017-06-26	7140	A
USGS	11315400	2017-06-27	7080	A
USGS	11315400	2017-06-28	7090	A
USGS	11315400	2017-06-29	7140	A
USGS	11315400	2017-06-30	7190	A
USGS	11315400	2017-07-01	7230	A
USGS	11315400	2017-07-02	7220	A
USGS	11315400	2017-07-03	7200	A
USGS	11315400	2017-07-04	7150	A
USGS	11315400	2017-07-05	7070	A
USGS	11315400	2017-07-06	6970	A
USGS	11315400	2017-07-07	6860	A
USGS	11315400	2017-07-08	6750	A
USGS	11315400	2017-07-09	6610	A
USGS	11315400	2017-07-10	6460	A
USGS	11315400	2017-07-11	6280	A
USGS	11315400	2017-07-12	6120	A
USGS	11315400	2017-07-13	6020	A
USGS	11315400	2017-07-14	5900	A
USGS	11315400	2017-07-15	5780	A
USGS	11315400	2017-07-16	5660	A
USGS	11315400	2017-07-17	5520	A
USGS	11315400	2017-07-18	5380	A
USGS	11315400	2017-07-19	5240	A
USGS	11315400	2017-07-20	5090	A
USGS	11315400	2017-07-21	4940	A
USGS	11315400	2017-07-22	4800	A
USGS	11315400	2017-07-23	4650	A
USGS	11315400	2017-07-24	4510	A
USGS	11315400	2017-07-25	4440	A
USGS	11315400	2017-07-26	4450	A
USGS	11315400	2017-07-27	4450	A
USGS	11315400	2017-07-28	4450	A
USGS	11315400	2017-07-29	4450	A
USGS	11315400	2017-07-30	4450	A
USGS	11315400	2017-07-31	4460	A
USGS	11315400	2017-08-01	4450	A
USGS	11315400	2017-08-02	4450	A
USGS	11315400	2017-08-03	4460	A
USGS	11315400	2017-08-04	4460	A
USGS	11315400	2017-08-05	4460	A
USGS	11315400	2017-08-06	4460	A
USGS	11315400	2017-08-07	4330	A
USGS	11315400	2017-08-08	4100	A
USGS	11315400	2017-08-09	3870	A
USGS	11315400	2017-08-10	3650	A
USGS	11315400	2017-08-11	3430	A
USGS	11315400	2017-08-12	3210	A
USGS	11315400	2017-08-13	3010	A
USGS	11315400	2017-08-14	2800	A
USGS	11315400	2017-08-15	2600	A
USGS	11315400	2017-08-16	2400	A
USGS	11315400	2017-08-17	2210	A
USGS	11315400	2017-08-18	2030	A
USGS	11315400	2017-08-19	1850	A
USGS	11315400	2017-08-20	1670	A
USGS	11315400	2017-08-21	1510	A
USGS	11315400	2017-08-22	1350	A
USGS	11315400	2017-08-23	1260	A
USGS	11315400	2017-08-24	1220	A
USGS	11315400	2017-08-25	1180	A
USGS	11315400	2017-08-26	1140	A
USGS	11315400	2017-08-27	1100	A
USGS	11315400	2017-08-28	1060	A
USGS	11315400	2017-08-29	1020	A
USGS	11315400	2017-08-30	1010	A
USGS	11315400	2017-08-31	1000	A
USGS	11315400	2017-09-01	1000	A
USGS	11315400	2017-09-02	1000	A
USGS	11315400	2017-09-03	1000	A
USGS	11315400	2017-09-04	1000	A
USGS	11315400	2017-09-05	999.0	A
USGS	11315400	2017-09-06	998.0	A
USGS	11315400	2017-09-07	996.0	A
USGS	11315400	2017-09-08	1010	A
USGS	11315400	2017-09-09	1010	A
USGS	11315400	2017-09-10	1010	A
USGS	11315400	2017-09-11	1010	A
USGS	11315400	2017-09-12	1010	A
USGS	11315400	2017-09-13	1010	A
USGS	11315400	2017-09-14	1010	A
USGS	11315400	2017-09-15	1010	A
USGS	11315400	2017-09-16	1010	A
USGS	11315400	2017-09-17	1010	A
USGS	11315400	2017-09-18	1010	A
USGS	11315400	2017-09-19	1010	A
USGS	11315400	2017-09-20	1020	A
USGS	11315400	2017-09-21	1070	A
USGS	11315400	2017-09-22	1090	A
USGS	11315400	2017-09-23	1100	A
USGS	11315400	2017-09-24	1100	A
USGS	11315400	2017-09-25	1070	A
USGS	11315400	2017-09-26	1000	A
USGS	11315400	2017-09-27	938.0	A
USGS	11315400	2017-09-28	935.0	A
USGS	11315400	2017-09-29	932.0	A
USGS	11315400	2017-09-30	928.0	A
USGS	11315400	2017-10-01	925.0	A
USGS	11315400	2017-10-02	921.0	A
USGS	11315400	2017-10-03	919.0	A
USGS	11315400	2017-10-04	918.0	A
USGS	11315400	2017-10-05	914.0	A
USGS	11315400	2017-10-06	913.0	A
USGS	11315400	2017-10-07	911.0	A
USGS	11315400	2017-10-08	906.0	A
USGS	11315400	2017-10-09	905.0	A
USGS	11315400	2017-10-10	904.0	A
USGS	11315400	2017-10-11	901.0	A
USGS	11315400	2017-10-12	899.0	A
USGS	11315400	2017-10-13	897.0	A
USGS	11315400	2017-10-14	895.0	A
USGS	11315400	2017-10-15	894.0	A
USGS	11315400	2017-10-16	891.0	A
USGS	11315400	2017-10-17	890.0	A
USGS	11315400	2017-10-18	889.0	A
USGS	11315400	2017-10-19	888.0	A
USGS	11315400	2017-10-20	896.0	A
USGS	11315400	2017-10-21	898.0	A
USGS	11315400	2017-10-22	899.0	A
USGS	11315400	2017-10-23	901.0	A
USGS	11315400	2017-10-24	899.0	A
USGS	11315400	2017-10-25	899.0	A
USGS	11315400	2017-10-26	899.0	A
USGS	11315400	2017-10-27	898.0	A
USGS	11315400	2017-10-28	898.0	A
USGS	11315400	2017-10-29	897.0	A
USGS	11315400	2017-10-30	897.0	A
USGS	11315400	2017-10-31	897.0	A
USGS	11315400	2017-11-01	897.0	A
USGS	11315400	2017-11-02	897.0	A
USGS	11315400	2017-11-03	897.0	A
USGS	11315400	2017-11-04	903.0	A
USGS	11315400	2017-11-05	912.0	A
USGS	11315400	2017-11-06	917.0	A
USGS	11315400	2017-11-07	918.0	A
USGS	11315400	2017-11-08	918.0	A
USGS	11315400	2017-11-09	1180	A
USGS	11315400	2017-11-10	1230	A
USGS	11315400	2017-11-11	1240	A
USGS	11315400	2017-11-12	1250	A
USGS	11315400	2017-11-13	1260	A
USGS	11315400	2017-11-14	1430	A
USGS	11315400	2017-11-15	1660	A
USGS	11315400	2017-11-16	5810	A
USGS	11315400	2017-11-17	6770	A
USGS	11315400	2017-11-18	6960	A
USGS	11315400	2017-11-19	6990	A
USGS	11315400	2017-11-20	7070	A
USGS	11315400	2017-11-21	7030	A
USGS	11315400	2017-11-22	7030	A
USGS	11315400	2017-11-23	7020	A
USGS	11315400	2017-11-24	7010	A
USGS	11315400	2017-11-25	7010	A
USGS	11315400	2017-11-26	7160	A
USGS	11315400	2017-11-27	7040	A
USGS	11315400	2017-11-28	6980	A
USGS	11315400	2017-11-29	6900	A
USGS	11315400	2017-11-30	6780	A
USGS	11315400	2017-12-01	6630	A
USGS	11315400	2017-12-02	6470	A
USGS	11315400	2017-12-03	6310	A
USGS	11315400	2017-12-04	6120	A
USGS	11315400	2017-12-05	6070	A
USGS	11315400	2017-12-06	6120	A
USGS	11315400	2017-12-07	6170	A
USGS	11315400	2017-12-08	6220	A
USGS	11315400	2017-12-09	6250	A
USGS	11315400	2017-12-10	6290	A
USGS	11315400	2017-12-11	6330	A
USGS	11315400	2017-12-12	6360	A
USGS	11315400	2017-12-13	6240	A
USGS	11315400	2017-12-14	6020	A
USGS	11315400	2017-12-15	5800	A
USGS	11315400	2017-12-16	5590	A
USGS	11315400	2017-12-17	5370	A
USGS	11315400	2017-12-18	5160	A
USGS	11315400	2017-12-19	4940	A
USGS	11315400	2017-12-20	4750	A
USGS	11315400	2017-12-21	4540	A
USGS	11315400	2017-12-22	4340	A
USGS	11315400	2017-12-23	4150	A
USGS	11315400	2017-12-24	3960	A
USGS	11315400	2017-12-25	3780	A
USGS	11315400	2017-12-26	3600	A
USGS	11315400	2017-12-27	3420	A
USGS	11315400	2017-12-28	3240	A
USGS	11315400	2017-12-29	3060	A
USGS	11315400	2017-12-30	2890	A
USGS	11315400	2017-12-31	2720	A
USGS	11315400	2018-01-01	2550	A
