agency_cd	site_no	datetime	232808_00054_32400	232808_00054_32400_cd
5s	15s	20d	14n	10s
USGS	10287260	2013-01-01	0.00	A
USGS	10287260	2013-01-02	0.00	A
USGS	10287260	2013-01-03	0.00	A
USGS	10287260	2013-01-04	0.00	A
USGS	10287260	2013-01-05	0.00	A
USGS	10287260	2013-01-06	0.00	A
USGS	10287260	2013-01-07	0.00	A
USGS	10287260	2013-01-08	0.00	A
USGS	10287260	2013-01-09	0.00	A
USGS	10287260	2013-01-10	0.00	A
USGS	10287260	2013-01-11	0.00	A
USGS	10287260	2013-01-12	0.00	A
USGS	10287260	2013-01-13	0.00	A
USGS	10287260	2013-01-14	0.00	A
USGS	10287260	2013-01-15	0.00	A
USGS	10287260	2013-01-16	0.00	A
USGS	10287260	2013-01-17	0.00	A
USGS	10287260	2013-01-18	0.00	A
USGS	10287260	2013-01-19	0.00	A
USGS	10287260	2013-01-20	0.00	A
USGS	10287260	2013-01-21	0.00	A
USGS	10287260	2013-01-22	0.00	A
USGS	10287260	2013-01-23	0.00	A
USGS	10287260	2013-01-24	0.00	A
USGS	10287260	2013-01-25	0.00	A
USGS	10287260	2013-01-26	0.00	A
USGS	10287260	2013-01-27	0.00	A
USGS	10287260	2013-01-28	0.00	A
USGS	10287260	2013-01-29	0.00	A
USGS	10287260	2013-01-30	0.00	A
USGS	10287260	2013-01-31	0.00	A
USGS	10287260	2013-02-01	0.00	A
USGS	10287260	2013-02-02	0.00	A
USGS	10287260	2013-02-03	0.00	A
USGS	10287260	2013-02-04	0.00	A
USGS	10287260	2013-02-05	0.00	A
USGS	10287260	2013-02-06	0.00	A
USGS	10287260	2013-02-07	0.00	A
USGS	10287260	2013-02-08	0.00	A
USGS	10287260	2013-02-09	0.00	A
USGS	10287260	2013-02-10	0.00	A
USGS	10287260	2013-02-11	0.00	A
USGS	10287260	2013-02-12	0.00	A
USGS	10287260	2013-02-13	0.00	A
USGS	10287260	2013-02-14	0.00	A
USGS	10287260	2013-02-15	0.00	A
USGS	10287260	2013-02-16	0.00	A
USGS	10287260	2013-02-17	0.00	A
USGS	10287260	2013-02-18	0.00	A
USGS	10287260	2013-02-19	0.00	A
USGS	10287260	2013-02-20	0.00	A
USGS	10287260	2013-02-21	0.00	A
USGS	10287260	2013-02-22	0.00	A
USGS	10287260	2013-02-23	0.00	A
USGS	10287260	2013-02-24	0.00	A
USGS	10287260	2013-02-25	0.00	A
USGS	10287260	2013-02-26	0.00	A
USGS	10287260	2013-02-27	0.00	A
USGS	10287260	2013-02-28	0.00	A
USGS	10287260	2013-03-01	0.00	A
USGS	10287260	2013-03-02	0.00	A
USGS	10287260	2013-03-03	0.00	A
USGS	10287260	2013-03-04	0.00	A
USGS	10287260	2013-03-05	0.00	A
USGS	10287260	2013-03-06	0.00	A
USGS	10287260	2013-03-07	0.00	A
USGS	10287260	2013-03-08	0.00	A
USGS	10287260	2013-03-09	0.00	A
USGS	10287260	2013-03-10	0.00	A
USGS	10287260	2013-03-11	0.00	A
USGS	10287260	2013-03-12	0.00	A
USGS	10287260	2013-03-13	0.00	A
USGS	10287260	2013-03-14	0.00	A
USGS	10287260	2013-03-15	0.00	A
USGS	10287260	2013-03-16	0.00	A
USGS	10287260	2013-03-17	0.00	A
USGS	10287260	2013-03-18	0.00	A
USGS	10287260	2013-03-19	0.00	A
USGS	10287260	2013-03-20	0.00	A
USGS	10287260	2013-03-21	0.00	A
USGS	10287260	2013-03-22	0.00	A
USGS	10287260	2013-03-23	0.00	A
USGS	10287260	2013-03-24	0.00	A
USGS	10287260	2013-03-25	0.00	A
USGS	10287260	2013-03-26	0.00	A
USGS	10287260	2013-03-27	0.00	A
USGS	10287260	2013-03-28	0.00	A
USGS	10287260	2013-03-29	0.00	A
USGS	10287260	2013-03-30	0.00	A
USGS	10287260	2013-03-31	0.00	A
USGS	10287260	2013-04-01	0.00	A
USGS	10287260	2013-04-02	0.00	A
USGS	10287260	2013-04-03	0.00	A
USGS	10287260	2013-04-04	0.00	A
USGS	10287260	2013-04-05	0.00	A
USGS	10287260	2013-04-06	0.00	A
USGS	10287260	2013-04-07	0.00	A
USGS	10287260	2013-04-08	0.00	A
USGS	10287260	2013-04-09	0.00	A
USGS	10287260	2013-04-10	0.00	A
USGS	10287260	2013-04-11	0.00	A
USGS	10287260	2013-04-12	0.00	A
USGS	10287260	2013-04-13	0.03	A
USGS	10287260	2013-04-14	0.18	A
USGS	10287260	2013-04-15	0.00	A
USGS	10287260	2013-04-16	0.00	A
USGS	10287260	2013-04-17	0.00	A
USGS	10287260	2013-04-18	0.00	A
USGS	10287260	2013-04-19	0.00	A
USGS	10287260	2013-04-20	0.00	A
USGS	10287260	2013-04-21	0.25	A
USGS	10287260	2013-04-22	0.61	A
USGS	10287260	2013-04-23	0.57	A
USGS	10287260	2013-04-24	0.02	A
USGS	10287260	2013-04-25	0.36	A
USGS	10287260	2013-04-26	0.54	A
USGS	10287260	2013-04-27	0.79	A
USGS	10287260	2013-04-28	0.86	A
USGS	10287260	2013-04-29	0.91	A
USGS	10287260	2013-04-30	0.97	A
USGS	10287260	2013-05-01	0.81	A
USGS	10287260	2013-05-02	0.70	A
USGS	10287260	2013-05-03	0.80	A
USGS	10287260	2013-05-04	0.33	A
USGS	10287260	2013-05-05	0.33	A
USGS	10287260	2013-05-06	0.00	A
USGS	10287260	2013-05-07	0.00	A
USGS	10287260	2013-05-08	0.00	A
USGS	10287260	2013-05-09	0.23	A
USGS	10287260	2013-05-10	0.72	A
USGS	10287260	2013-05-11	0.85	A
USGS	10287260	2013-05-12	1.00	A:e
USGS	10287260	2013-05-13	4.00	A:e
USGS	10287260	2013-05-14	68.00	A:e
USGS	10287260	2013-05-15	394.0	A:e
USGS	10287260	2013-05-16	586.0	A:e
USGS	10287260	2013-05-17	710.0	A:e
USGS	10287260	2013-05-18	903.0	A:e
USGS	10287260	2013-05-19	1080	A:e
USGS	10287260	2013-05-20	1290	A:e
USGS	10287260	2013-05-21	1470	A:e
USGS	10287260	2013-05-22	1600	A:e
USGS	10287260	2013-05-23	1780	A:e
USGS	10287260	2013-05-24	1900	A:e
USGS	10287260	2013-05-25	2070	A:e
USGS	10287260	2013-05-26	2190	A:e
USGS	10287260	2013-05-27	2330	A:e
USGS	10287260	2013-05-28	2490	A:e
USGS	10287260	2013-05-29	2640	A:e
USGS	10287260	2013-05-30	2770	A:e
USGS	10287260	2013-05-31	2930	A:e
USGS	10287260	2013-06-01	3080	A:e
USGS	10287260	2013-06-02	3180	A:e
USGS	10287260	2013-06-03	3300	A:e
USGS	10287260	2013-06-04	3270	A:e
USGS	10287260	2013-06-05	3160	A:e
USGS	10287260	2013-06-06	3030	A
USGS	10287260	2013-06-07	2940	A
USGS	10287260	2013-06-08	2880	A
USGS	10287260	2013-06-09	2830	A
USGS	10287260	2013-06-10	2760	A
USGS	10287260	2013-06-11	2630	A
USGS	10287260	2013-06-12	2530	A
USGS	10287260	2013-06-13	2470	A
USGS	10287260	2013-06-14	2380	A
USGS	10287260	2013-06-15	2290	A
USGS	10287260	2013-06-16	2200	A
USGS	10287260	2013-06-17	2120	A
USGS	10287260	2013-06-18	2050	A
USGS	10287260	2013-06-19	1940	A
USGS	10287260	2013-06-20	1900	A
USGS	10287260	2013-06-21	1930	A
USGS	10287260	2013-06-22	1960	A
USGS	10287260	2013-06-23	2000	A
USGS	10287260	2013-06-24	2050	A
USGS	10287260	2013-06-25	2140	A
USGS	10287260	2013-06-26	2220	A
USGS	10287260	2013-06-27	2320	A
USGS	10287260	2013-06-28	2440	A
USGS	10287260	2013-06-29	2550	A
USGS	10287260	2013-06-30	2660	A
USGS	10287260	2013-07-01	2740	A
USGS	10287260	2013-07-02	2790	A
USGS	10287260	2013-07-03	2800	A
USGS	10287260	2013-07-04	2810	A
USGS	10287260	2013-07-05	2820	A
USGS	10287260	2013-07-06	2820	A
USGS	10287260	2013-07-07	2800	A
USGS	10287260	2013-07-08	2770	A
USGS	10287260	2013-07-09	2720	A
USGS	10287260	2013-07-10	2690	A
USGS	10287260	2013-07-11	2670	A
USGS	10287260	2013-07-12	2660	A
USGS	10287260	2013-07-13	2630	A
USGS	10287260	2013-07-14	2600	A
USGS	10287260	2013-07-15	2570	A
USGS	10287260	2013-07-16	2560	A
USGS	10287260	2013-07-17	2570	A
USGS	10287260	2013-07-18	2580	A
USGS	10287260	2013-07-19	2590	A
USGS	10287260	2013-07-20	2600	A
USGS	10287260	2013-07-21	2610	A
USGS	10287260	2013-07-22	2630	A
USGS	10287260	2013-07-23	2650	A
USGS	10287260	2013-07-24	2670	A
USGS	10287260	2013-07-25	2690	A
USGS	10287260	2013-07-26	2740	A
USGS	10287260	2013-07-27	2780	A
USGS	10287260	2013-07-28	2800	A
USGS	10287260	2013-07-29	2820	A
USGS	10287260	2013-07-30	2800	A
USGS	10287260	2013-07-31	2750	A
USGS	10287260	2013-08-01	2700	A
USGS	10287260	2013-08-02	2650	A
USGS	10287260	2013-08-03	2600	A
USGS	10287260	2013-08-04	2560	A
USGS	10287260	2013-08-05	2510	A
USGS	10287260	2013-08-06	2460	A
USGS	10287260	2013-08-07	2430	A
USGS	10287260	2013-08-08	2420	A
USGS	10287260	2013-08-09	2410	A
USGS	10287260	2013-08-10	2390	A
USGS	10287260	2013-08-11	2380	A
USGS	10287260	2013-08-12	2370	A
USGS	10287260	2013-08-13	2350	A
USGS	10287260	2013-08-14	2330	A
USGS	10287260	2013-08-15	2320	A
USGS	10287260	2013-08-16	2300	A
USGS	10287260	2013-08-17	2290	A
USGS	10287260	2013-08-18	2280	A
USGS	10287260	2013-08-19	2300	A
USGS	10287260	2013-08-20	2330	A
USGS	10287260	2013-08-21	2340	A
USGS	10287260	2013-08-22	2340	A
USGS	10287260	2013-08-23	2340	A
USGS	10287260	2013-08-24	2330	A
USGS	10287260	2013-08-25	2320	A
USGS	10287260	2013-08-26	2310	A
USGS	10287260	2013-08-27	2290	A
USGS	10287260	2013-08-28	2280	A
USGS	10287260	2013-08-29	2260	A
USGS	10287260	2013-08-30	2240	A
USGS	10287260	2013-08-31	2230	A
USGS	10287260	2013-09-01	2210	A
USGS	10287260	2013-09-02	2190	A
USGS	10287260	2013-09-03	2180	A
USGS	10287260	2013-09-04	2160	A
USGS	10287260	2013-09-05	2130	A
USGS	10287260	2013-09-06	2110	A
USGS	10287260	2013-09-07	2080	A
USGS	10287260	2013-09-08	2050	A
USGS	10287260	2013-09-09	2020	A
USGS	10287260	2013-09-10	1980	A
USGS	10287260	2013-09-11	1930	A
USGS	10287260	2013-09-12	1890	A
USGS	10287260	2013-09-13	1830	A
USGS	10287260	2013-09-14	1780	A
USGS	10287260	2013-09-15	1730	A
USGS	10287260	2013-09-16	1680	A
USGS	10287260	2013-09-17	1630	A
USGS	10287260	2013-09-18	1540	A
USGS	10287260	2013-09-19	1430	A
USGS	10287260	2013-09-20	1320	A
USGS	10287260	2013-09-21	1230	A
USGS	10287260	2013-09-22	1120	A
USGS	10287260	2013-09-23	1010	A
USGS	10287260	2013-09-24	933.0	A
USGS	10287260	2013-09-25	834.0	A
USGS	10287260	2013-09-26	729.0	A
USGS	10287260	2013-09-27	634.0	A
USGS	10287260	2013-09-28	542.0	A
USGS	10287260	2013-09-29	447.0	A
USGS	10287260	2013-09-30	365.0	A
USGS	10287260	2013-10-01	265.0	A
USGS	10287260	2013-10-02	159.0	A
USGS	10287260	2013-10-03	54.00	A
USGS	10287260	2013-10-04	0.00	A
USGS	10287260	2013-10-05	0.00	A
USGS	10287260	2013-10-06	0.00	A
USGS	10287260	2013-10-07	0.00	A
USGS	10287260	2013-10-08	0.00	A
USGS	10287260	2013-10-09	0.00	A
USGS	10287260	2013-10-10	0.00	A
USGS	10287260	2013-10-11	0.00	A
USGS	10287260	2013-10-12	0.00	A
USGS	10287260	2013-10-13	0.00	A
USGS	10287260	2013-10-14	0.00	A
USGS	10287260	2013-10-15	0.00	A
USGS	10287260	2013-10-16	0.00	A
USGS	10287260	2013-10-17	0.00	A
USGS	10287260	2013-10-18	0.00	A
USGS	10287260	2013-10-19	0.00	A
USGS	10287260	2013-10-20	0.00	A
USGS	10287260	2013-10-21	0.00	A
USGS	10287260	2013-10-22	0.00	A
USGS	10287260	2013-10-23	0.00	A
USGS	10287260	2013-10-24	0.00	A
USGS	10287260	2013-10-25	0.00	A
USGS	10287260	2013-10-26	0.00	A
USGS	10287260	2013-10-27	0.00	A
USGS	10287260	2013-10-28	0.00	A
USGS	10287260	2013-10-29	0.00	A
USGS	10287260	2013-10-30	0.00	A
USGS	10287260	2013-10-31	0.00	A
USGS	10287260	2013-11-01	0.00	A
USGS	10287260	2013-11-02	0.00	A
USGS	10287260	2013-11-03	0.00	A
USGS	10287260	2013-11-04	0.00	A
USGS	10287260	2013-11-05	0.00	A
USGS	10287260	2013-11-06	0.00	A
USGS	10287260	2013-11-07	0.00	A
USGS	10287260	2013-11-08	0.00	A
USGS	10287260	2013-11-09	0.00	A
USGS	10287260	2013-11-10	0.00	A
USGS	10287260	2013-11-11	0.00	A
USGS	10287260	2013-11-12	0.00	A
USGS	10287260	2013-11-13	0.00	A
USGS	10287260	2013-11-14	0.00	A
USGS	10287260	2013-11-15	0.00	A
USGS	10287260	2013-11-16	0.00	A
USGS	10287260	2013-11-17	0.00	A
USGS	10287260	2013-11-18	0.00	A
USGS	10287260	2013-11-19	0.00	A
USGS	10287260	2013-11-20	0.00	A
USGS	10287260	2013-11-21	0.00	A
USGS	10287260	2013-11-22	0.00	A
USGS	10287260	2013-11-23	0.00	A
USGS	10287260	2013-11-24	0.00	A
USGS	10287260	2013-11-25	0.00	A
USGS	10287260	2013-11-26	0.00	A
USGS	10287260	2013-11-27	0.00	A
USGS	10287260	2013-11-28	0.00	A
USGS	10287260	2013-11-29	0.00	A
USGS	10287260	2013-11-30	0.00	A
USGS	10287260	2013-12-01	0.00	A
USGS	10287260	2013-12-02	0.00	A
USGS	10287260	2013-12-03	0.00	A
USGS	10287260	2013-12-04	0.00	A
USGS	10287260	2013-12-05	0.00	A
USGS	10287260	2013-12-06	0.00	A
USGS	10287260	2013-12-07	0.00	A
USGS	10287260	2013-12-08	0.00	A
USGS	10287260	2013-12-09	0.00	A
USGS	10287260	2013-12-10	0.00	A
USGS	10287260	2013-12-11	0.00	A
USGS	10287260	2013-12-12	0.00	A
USGS	10287260	2013-12-13	0.00	A
USGS	10287260	2013-12-14	0.00	A
USGS	10287260	2013-12-15	0.00	A
USGS	10287260	2013-12-16	0.00	A
USGS	10287260	2013-12-17	0.00	A
USGS	10287260	2013-12-18	0.00	A
USGS	10287260	2013-12-19	0.00	A
USGS	10287260	2013-12-20	0.00	A
USGS	10287260	2013-12-21	0.00	A
USGS	10287260	2013-12-22	0.00	A
USGS	10287260	2013-12-23	0.00	A
USGS	10287260	2013-12-24	0.00	A
USGS	10287260	2013-12-25	0.00	A
USGS	10287260	2013-12-26	0.00	A
USGS	10287260	2013-12-27	0.00	A
USGS	10287260	2013-12-28	0.00	A
USGS	10287260	2013-12-29	0.00	A
USGS	10287260	2013-12-30	0.00	A
USGS	10287260	2013-12-31	0.00	A
USGS	10287260	2014-01-01	0.00	A
USGS	10287260	2014-01-02	0.00	A
USGS	10287260	2014-01-03	0.00	A
USGS	10287260	2014-01-04	0.00	A
USGS	10287260	2014-01-05	0.00	A
USGS	10287260	2014-01-06	0.00	A
USGS	10287260	2014-01-07	0.00	A
USGS	10287260	2014-01-08	0.00	A
USGS	10287260	2014-01-09	0.00	A
USGS	10287260	2014-01-10	0.00	A
USGS	10287260	2014-01-11	0.00	A
USGS	10287260	2014-01-12	0.00	A
USGS	10287260	2014-01-13	0.00	A
USGS	10287260	2014-01-14	0.00	A
USGS	10287260	2014-01-15	0.00	A
USGS	10287260	2014-01-16	0.00	A
USGS	10287260	2014-01-17	0.00	A
USGS	10287260	2014-01-18	0.00	A
USGS	10287260	2014-01-19	0.00	A
USGS	10287260	2014-01-20	0.00	A
USGS	10287260	2014-01-21	0.00	A
USGS	10287260	2014-01-22	0.00	A
USGS	10287260	2014-01-23	0.00	A
USGS	10287260	2014-01-24	0.00	A
USGS	10287260	2014-01-25	0.00	A
USGS	10287260	2014-01-26	0.00	A
USGS	10287260	2014-01-27	0.00	A
USGS	10287260	2014-01-28	0.00	A
USGS	10287260	2014-01-29	0.00	A
USGS	10287260	2014-01-30	0.00	A
USGS	10287260	2014-01-31	0.00	A
USGS	10287260	2014-02-01	0.00	A
USGS	10287260	2014-02-02	0.00	A
USGS	10287260	2014-02-03	0.00	A
USGS	10287260	2014-02-04	0.00	A
USGS	10287260	2014-02-05	0.00	A
USGS	10287260	2014-02-06	0.00	A
USGS	10287260	2014-02-07	0.00	A
USGS	10287260	2014-02-08	0.00	A
USGS	10287260	2014-02-09	0.00	A
USGS	10287260	2014-02-10	0.00	A
USGS	10287260	2014-02-11	0.00	A
USGS	10287260	2014-02-12	0.00	A
USGS	10287260	2014-02-13	0.00	A
USGS	10287260	2014-02-14	0.00	A
USGS	10287260	2014-02-15	0.00	A
USGS	10287260	2014-02-16	0.00	A
USGS	10287260	2014-02-17	0.00	A
USGS	10287260	2014-02-18	0.00	A
USGS	10287260	2014-02-19	0.00	A
USGS	10287260	2014-02-20	0.00	A
USGS	10287260	2014-02-21	0.00	A
USGS	10287260	2014-02-22	0.00	A
USGS	10287260	2014-02-23	0.00	A
USGS	10287260	2014-02-24	0.00	A
USGS	10287260	2014-02-25	0.00	A
USGS	10287260	2014-02-26	0.00	A
USGS	10287260	2014-02-27	0.00	A
USGS	10287260	2014-02-28	0.00	A
USGS	10287260	2014-03-01	0.00	A
USGS	10287260	2014-03-02	0.00	A
USGS	10287260	2014-03-03	0.00	A
USGS	10287260	2014-03-04	0.00	A
USGS	10287260	2014-03-05	0.00	A
USGS	10287260	2014-03-06	0.00	A
USGS	10287260	2014-03-07	0.00	A
USGS	10287260	2014-03-08	0.00	A
USGS	10287260	2014-03-09	0.00	A
USGS	10287260	2014-03-10	0.00	A
USGS	10287260	2014-03-11	0.00	A
USGS	10287260	2014-03-12	0.00	A
USGS	10287260	2014-03-13	0.00	A
USGS	10287260	2014-03-14	0.00	A
USGS	10287260	2014-03-15	0.00	A
USGS	10287260	2014-03-16	0.00	A
USGS	10287260	2014-03-17	0.00	A
USGS	10287260	2014-03-18	0.00	A
USGS	10287260	2014-03-19	0.00	A
USGS	10287260	2014-03-20	0.00	A
USGS	10287260	2014-03-21	0.00	A
USGS	10287260	2014-03-22	0.00	A
USGS	10287260	2014-03-23	0.00	A
USGS	10287260	2014-03-24	0.00	A
USGS	10287260	2014-03-25	0.00	A
USGS	10287260	2014-03-26	0.00	A
USGS	10287260	2014-03-27	0.00	A
USGS	10287260	2014-03-28	0.00	A
USGS	10287260	2014-03-29	0.00	A
USGS	10287260	2014-03-30	0.00	A
USGS	10287260	2014-03-31	0.00	A
USGS	10287260	2014-04-01	0.00	A
USGS	10287260	2014-04-02	0.00	A
USGS	10287260	2014-04-03	0.00	A
USGS	10287260	2014-04-04	0.00	A
USGS	10287260	2014-04-05	0.00	A
USGS	10287260	2014-04-06	0.00	A
USGS	10287260	2014-04-07	0.00	A
USGS	10287260	2014-04-08	0.00	A
USGS	10287260	2014-04-09	0.00	A
USGS	10287260	2014-04-10	0.00	A
USGS	10287260	2014-04-11	0.00	A
USGS	10287260	2014-04-12	0.00	A
USGS	10287260	2014-04-13	0.00	A
USGS	10287260	2014-04-14	0.00	A
USGS	10287260	2014-04-15	0.00	A
USGS	10287260	2014-04-16	0.00	A
USGS	10287260	2014-04-17	0.00	A
USGS	10287260	2014-04-18	0.00	A
USGS	10287260	2014-04-19	0.00	A
USGS	10287260	2014-04-20	0.00	A
USGS	10287260	2014-04-21	0.00	A
USGS	10287260	2014-04-22	0.00	A
USGS	10287260	2014-04-23	0.00	A
USGS	10287260	2014-04-24	0.00	A
USGS	10287260	2014-04-25	0.00	A
USGS	10287260	2014-04-26	0.00	A
USGS	10287260	2014-04-27	0.00	A
USGS	10287260	2014-04-28	0.00	A
USGS	10287260	2014-04-29	0.00	A
USGS	10287260	2014-04-30	0.00	A
USGS	10287260	2014-05-01	0.00	A
USGS	10287260	2014-05-02	0.00	A
USGS	10287260	2014-05-03	0.00	A
USGS	10287260	2014-05-04	0.00	A
USGS	10287260	2014-05-05	0.00	A
USGS	10287260	2014-05-06	0.00	A
USGS	10287260	2014-05-07	0.00	A
USGS	10287260	2014-05-08	0.00	A
USGS	10287260	2014-05-09	0.00	A
USGS	10287260	2014-05-10	0.00	A
USGS	10287260	2014-05-11	0.00	A
USGS	10287260	2014-05-12	0.00	A
USGS	10287260	2014-05-13	0.00	A
USGS	10287260	2014-05-14	0.00	A
USGS	10287260	2014-05-15	0.00	A
USGS	10287260	2014-05-16	0.00	A
USGS	10287260	2014-05-17	0.00	A
USGS	10287260	2014-05-18	0.00	A
USGS	10287260	2014-05-19	0.00	A
USGS	10287260	2014-05-20	0.00	A
USGS	10287260	2014-05-21	0.00	A
USGS	10287260	2014-05-22	0.00	A
USGS	10287260	2014-05-23	0.00	A
USGS	10287260	2014-05-24	0.00	A
USGS	10287260	2014-05-25	0.00	A
USGS	10287260	2014-05-26	0.00	A
USGS	10287260	2014-05-27	0.00	A
USGS	10287260	2014-05-28	0.00	A
USGS	10287260	2014-05-29	86.00	A
USGS	10287260	2014-05-30	199.0	A
USGS	10287260	2014-05-31	320.0	A
USGS	10287260	2014-06-01	426.0	A
USGS	10287260	2014-06-02	550.0	A
USGS	10287260	2014-06-03	631.0	A
USGS	10287260	2014-06-04	766.0	A
USGS	10287260	2014-06-05	904.0	A
USGS	10287260	2014-06-06	1030	A
USGS	10287260	2014-06-07	1170	A
USGS	10287260	2014-06-08	1290	A
USGS	10287260	2014-06-09	1500	A
USGS	10287260	2014-06-10	1640	A
USGS	10287260	2014-06-11	1630	A
USGS	10287260	2014-06-12	1560	A
USGS	10287260	2014-06-13	1440	A
USGS	10287260	2014-06-14	1310	A
USGS	10287260	2014-06-15	1200	A
USGS	10287260	2014-06-16	1060	A
USGS	10287260	2014-06-17	986.0	A
USGS	10287260	2014-06-18	1010	A
USGS	10287260	2014-06-19	1050	A
USGS	10287260	2014-06-20	1090	A
USGS	10287260	2014-06-21	1110	A
USGS	10287260	2014-06-22	1140	A
USGS	10287260	2014-06-23	1190	A
USGS	10287260	2014-06-24	1230	A
USGS	10287260	2014-06-25	1280	A
USGS	10287260	2014-06-26	1370	A
USGS	10287260	2014-06-27	1420	A
USGS	10287260	2014-06-28	1470	A
USGS	10287260	2014-06-29	1510	A
USGS	10287260	2014-06-30	1560	A
USGS	10287260	2014-07-01	1580	A:e
USGS	10287260	2014-07-02	1590	A
USGS	10287260	2014-07-03	1570	A
USGS	10287260	2014-07-04	1550	A
USGS	10287260	2014-07-05	1530	A
USGS	10287260	2014-07-06	1520	A
USGS	10287260	2014-07-07	1500	A
USGS	10287260	2014-07-08	1480	A
USGS	10287260	2014-07-09	1480	A
USGS	10287260	2014-07-10	1520	A
USGS	10287260	2014-07-11	1540	A
USGS	10287260	2014-07-12	1540	A
USGS	10287260	2014-07-13	1560	A
USGS	10287260	2014-07-14	1580	A
USGS	10287260	2014-07-15	1590	A
USGS	10287260	2014-07-16	1660	A
USGS	10287260	2014-07-17	1720	A
USGS	10287260	2014-07-18	1750	A
USGS	10287260	2014-07-19	1780	A
USGS	10287260	2014-07-20	1800	A
USGS	10287260	2014-07-21	1820	A
USGS	10287260	2014-07-22	1830	A
USGS	10287260	2014-07-23	1830	A
USGS	10287260	2014-07-24	1810	A
USGS	10287260	2014-07-25	1780	A
USGS	10287260	2014-07-26	1750	A
USGS	10287260	2014-07-27	1720	A
USGS	10287260	2014-07-28	1690	A
USGS	10287260	2014-07-29	1660	A
USGS	10287260	2014-07-30	1630	A
USGS	10287260	2014-07-31	1620	A
USGS	10287260	2014-08-01	1610	A
USGS	10287260	2014-08-02	1610	A
USGS	10287260	2014-08-03	1610	A
USGS	10287260	2014-08-04	1630	A
USGS	10287260	2014-08-05	1660	A
USGS	10287260	2014-08-06	1660	A
USGS	10287260	2014-08-07	1660	A
USGS	10287260	2014-08-08	1660	A
USGS	10287260	2014-08-09	1660	A
USGS	10287260	2014-08-10	1670	A
USGS	10287260	2014-08-11	1670	A
USGS	10287260	2014-08-12	1680	A
USGS	10287260	2014-08-13	1680	A
USGS	10287260	2014-08-14	1660	A
USGS	10287260	2014-08-15	1640	A
USGS	10287260	2014-08-16	1650	A
USGS	10287260	2014-08-17	1620	A
USGS	10287260	2014-08-18	1610	A
USGS	10287260	2014-08-19	1610	A
USGS	10287260	2014-08-20	1590	A
USGS	10287260	2014-08-21	1580	A
USGS	10287260	2014-08-22	1570	A
USGS	10287260	2014-08-23	1560	A
USGS	10287260	2014-08-24	1550	A
USGS	10287260	2014-08-25	1530	A
USGS	10287260	2014-08-26	1520	A
USGS	10287260	2014-08-27	1500	A
USGS	10287260	2014-08-28	1490	A
USGS	10287260	2014-08-29	1470	A
USGS	10287260	2014-08-30	1450	A
USGS	10287260	2014-08-31	1440	A
USGS	10287260	2014-09-01	1420	A
USGS	10287260	2014-09-02	1400	A
USGS	10287260	2014-09-03	1390	A
USGS	10287260	2014-09-04	1370	A
USGS	10287260	2014-09-05	1350	A
USGS	10287260	2014-09-06	1350	A
USGS	10287260	2014-09-07	1330	A
USGS	10287260	2014-09-08	1310	A
USGS	10287260	2014-09-09	1280	A
USGS	10287260	2014-09-10	1270	A
USGS	10287260	2014-09-11	1260	A
USGS	10287260	2014-09-12	1240	A
USGS	10287260	2014-09-13	1220	A
USGS	10287260	2014-09-14	1200	A
USGS	10287260	2014-09-15	1170	A
USGS	10287260	2014-09-16	1160	A
USGS	10287260	2014-09-17	1130	A
USGS	10287260	2014-09-18	1120	A
USGS	10287260	2014-09-19	1110	A
USGS	10287260	2014-09-20	1090	A
USGS	10287260	2014-09-21	1080	A
USGS	10287260	2014-09-22	1060	A
USGS	10287260	2014-09-23	1040	A
USGS	10287260	2014-09-24	1030	A
USGS	10287260	2014-09-25	1010	A
USGS	10287260	2014-09-26	994.0	A
USGS	10287260	2014-09-27	985.0	A
USGS	10287260	2014-09-28	973.0	A
USGS	10287260	2014-09-29	955.0	A
USGS	10287260	2014-09-30	931.0	A
USGS	10287260	2014-10-01	902.0	A
USGS	10287260	2014-10-02	868.0	A
USGS	10287260	2014-10-03	828.0	A
USGS	10287260	2014-10-04	785.0	A
USGS	10287260	2014-10-05	746.0	A
USGS	10287260	2014-10-06	704.0	A
USGS	10287260	2014-10-07	664.0	A
USGS	10287260	2014-10-08	625.0	A
USGS	10287260	2014-10-09	585.0	A
USGS	10287260	2014-10-10	544.0	A
USGS	10287260	2014-10-11	506.0	A
USGS	10287260	2014-10-12	468.0	A
USGS	10287260	2014-10-13	427.0	A
USGS	10287260	2014-10-14	388.0	A
USGS	10287260	2014-10-15	352.0	A
USGS	10287260	2014-10-16	313.0	A
USGS	10287260	2014-10-17	274.0	A
USGS	10287260	2014-10-18	234.0	A
USGS	10287260	2014-10-19	202.0	A
USGS	10287260	2014-10-20	166.0	A
USGS	10287260	2014-10-21	126.0	A
USGS	10287260	2014-10-22	87.00	A
USGS	10287260	2014-10-23	0.09	A
USGS	10287260	2014-10-24	0.00	A
USGS	10287260	2014-10-25	0.00	A
USGS	10287260	2014-10-26	0.00	A
USGS	10287260	2014-10-27	0.00	A
USGS	10287260	2014-10-28	0.00	A
USGS	10287260	2014-10-29	0.00	A
USGS	10287260	2014-10-30	0.00	A
USGS	10287260	2014-10-31	0.00	A
USGS	10287260	2014-11-01	0.00	A
USGS	10287260	2014-11-02	0.00	A
USGS	10287260	2014-11-03	0.00	A
USGS	10287260	2014-11-04	0.00	A
USGS	10287260	2014-11-05	0.00	A
USGS	10287260	2014-11-06	0.00	A
USGS	10287260	2014-11-07	0.00	A
USGS	10287260	2014-11-08	0.00	A
USGS	10287260	2014-11-09	0.00	A
USGS	10287260	2014-11-10	0.00	A
USGS	10287260	2014-11-11	0.00	A
USGS	10287260	2014-11-12	0.00	A
USGS	10287260	2014-11-13	0.00	A
USGS	10287260	2014-11-14	0.00	A
USGS	10287260	2014-11-15	0.00	A
USGS	10287260	2014-11-16	0.00	A
USGS	10287260	2014-11-17	0.00	A
USGS	10287260	2014-11-18	0.00	A
USGS	10287260	2014-11-19	0.00	A
USGS	10287260	2014-11-20	0.00	A
USGS	10287260	2014-11-21	0.00	A
USGS	10287260	2014-11-22	0.00	A
USGS	10287260	2014-11-23	0.00	A
USGS	10287260	2014-11-24	0.00	A
USGS	10287260	2014-11-25	0.00	A
USGS	10287260	2014-11-26	0.00	A
USGS	10287260	2014-11-27	0.00	A
USGS	10287260	2014-11-28	0.00	A
USGS	10287260	2014-11-29	0.00	A
USGS	10287260	2014-11-30	0.00	A
USGS	10287260	2014-12-01	0.00	A
USGS	10287260	2014-12-02	0.00	A
USGS	10287260	2014-12-03	0.00	A
USGS	10287260	2014-12-04	0.00	A
USGS	10287260	2014-12-05	0.00	A
USGS	10287260	2014-12-06	0.00	A
USGS	10287260	2014-12-07	0.00	A
USGS	10287260	2014-12-08	0.00	A
USGS	10287260	2014-12-09	0.00	A
USGS	10287260	2014-12-10	0.00	A
USGS	10287260	2014-12-11	0.00	A
USGS	10287260	2014-12-12	0.00	A
USGS	10287260	2014-12-13	0.00	A
USGS	10287260	2014-12-14	0.00	A
USGS	10287260	2014-12-15	0.00	A
USGS	10287260	2014-12-16	0.00	A
USGS	10287260	2014-12-17	0.00	A
USGS	10287260	2014-12-18	0.00	A
USGS	10287260	2014-12-19	0.00	A
USGS	10287260	2014-12-20	0.00	A
USGS	10287260	2014-12-21	0.00	A
USGS	10287260	2014-12-22	0.00	A
USGS	10287260	2014-12-23	0.00	A
USGS	10287260	2014-12-24	0.00	A
USGS	10287260	2014-12-25	0.00	A
USGS	10287260	2014-12-26	0.00	A
USGS	10287260	2014-12-27	0.00	A
USGS	10287260	2014-12-28	0.00	A
USGS	10287260	2014-12-29	0.00	A
USGS	10287260	2014-12-30	0.00	A
USGS	10287260	2014-12-31	0.00	A
USGS	10287260	2015-01-01	0.00	A
USGS	10287260	2015-01-02	0.00	A
USGS	10287260	2015-01-03	0.00	A
USGS	10287260	2015-01-04	0.00	A
USGS	10287260	2015-01-05	0.00	A
USGS	10287260	2015-01-06	0.00	A
USGS	10287260	2015-01-07	0.00	A
USGS	10287260	2015-01-08	0.00	A
USGS	10287260	2015-01-09	0.00	A
USGS	10287260	2015-01-10	0.00	A
USGS	10287260	2015-01-11	0.00	A
USGS	10287260	2015-01-12	0.00	A
USGS	10287260	2015-01-13	0.00	A
USGS	10287260	2015-01-14	0.00	A
USGS	10287260	2015-01-15	0.00	A
USGS	10287260	2015-01-16	0.00	A
USGS	10287260	2015-01-17	0.00	A
USGS	10287260	2015-01-18	0.00	A
USGS	10287260	2015-01-19	0.00	A
USGS	10287260	2015-01-20	0.00	A
USGS	10287260	2015-01-21	0.00	A
USGS	10287260	2015-01-22	0.00	A
USGS	10287260	2015-01-23	0.00	A
USGS	10287260	2015-01-24	0.00	A
USGS	10287260	2015-01-25	0.00	A
USGS	10287260	2015-01-26	0.00	A
USGS	10287260	2015-01-27	0.00	A
USGS	10287260	2015-01-28	0.00	A
USGS	10287260	2015-01-29	0.00	A
USGS	10287260	2015-01-30	0.00	A
USGS	10287260	2015-01-31	0.00	A
USGS	10287260	2015-02-01	0.00	A
USGS	10287260	2015-02-02	0.00	A
USGS	10287260	2015-02-03	0.00	A
USGS	10287260	2015-02-04	0.00	A
USGS	10287260	2015-02-05	0.00	A
USGS	10287260	2015-02-06	0.00	A
USGS	10287260	2015-02-07	0.00	A
USGS	10287260	2015-02-08	0.00	A
USGS	10287260	2015-02-09	0.00	A
USGS	10287260	2015-02-10	0.00	A
USGS	10287260	2015-02-11	0.00	A
USGS	10287260	2015-02-12	0.00	A
USGS	10287260	2015-02-13	0.00	A
USGS	10287260	2015-02-14	0.00	A
USGS	10287260	2015-02-15	0.00	A
USGS	10287260	2015-02-16	0.00	A
USGS	10287260	2015-02-17	0.00	A
USGS	10287260	2015-02-18	0.00	A
USGS	10287260	2015-02-19	0.00	A
USGS	10287260	2015-02-20	0.00	A
USGS	10287260	2015-02-21	0.00	A
USGS	10287260	2015-02-22	0.00	A
USGS	10287260	2015-02-23	0.00	A
USGS	10287260	2015-02-24	0.00	A
USGS	10287260	2015-02-25	0.00	A
USGS	10287260	2015-02-26	0.00	A
USGS	10287260	2015-02-27	0.00	A
USGS	10287260	2015-02-28	0.00	A
USGS	10287260	2015-03-01	0.00	A
USGS	10287260	2015-03-02	0.00	A
USGS	10287260	2015-03-03	0.00	A
USGS	10287260	2015-03-04	0.00	A
USGS	10287260	2015-03-05	0.00	A
USGS	10287260	2015-03-06	0.00	A
USGS	10287260	2015-03-07	0.00	A
USGS	10287260	2015-03-08	0.00	A
USGS	10287260	2015-03-09	0.00	A
USGS	10287260	2015-03-10	0.00	A
USGS	10287260	2015-03-11	0.00	A
USGS	10287260	2015-03-12	0.00	A
USGS	10287260	2015-03-13	0.00	A
USGS	10287260	2015-03-14	0.00	A
USGS	10287260	2015-03-15	0.00	A
USGS	10287260	2015-03-16	0.00	A
USGS	10287260	2015-03-17	0.00	A
USGS	10287260	2015-03-18	0.00	A
USGS	10287260	2015-03-19	0.00	A
USGS	10287260	2015-03-20	0.00	A
USGS	10287260	2015-03-21	0.00	A
USGS	10287260	2015-03-22	0.00	A
USGS	10287260	2015-03-23	0.00	A
USGS	10287260	2015-03-24	0.00	A
USGS	10287260	2015-03-25	0.00	A
USGS	10287260	2015-03-26	0.00	A
USGS	10287260	2015-03-27	0.00	A
USGS	10287260	2015-03-28	0.00	A
USGS	10287260	2015-03-29	0.00	A
USGS	10287260	2015-03-30	0.00	A
USGS	10287260	2015-03-31	0.00	A
USGS	10287260	2015-04-01	0.00	A
USGS	10287260	2015-04-02	0.00	A
USGS	10287260	2015-04-03	0.00	A
USGS	10287260	2015-04-04	0.00	A
USGS	10287260	2015-04-05	0.00	A
USGS	10287260	2015-04-06	0.00	A
USGS	10287260	2015-04-07	0.00	A
USGS	10287260	2015-04-08	0.00	A
USGS	10287260	2015-04-09	0.00	A
USGS	10287260	2015-04-10	0.00	A
USGS	10287260	2015-04-11	0.00	A
USGS	10287260	2015-04-12	0.00	A
USGS	10287260	2015-04-13	0.00	A
USGS	10287260	2015-04-14	0.00	A
USGS	10287260	2015-04-15	0.00	A
USGS	10287260	2015-04-16	0.00	A
USGS	10287260	2015-04-17	0.00	A
USGS	10287260	2015-04-18	0.00	A
USGS	10287260	2015-04-19	0.00	A
USGS	10287260	2015-04-20	0.00	A
USGS	10287260	2015-04-21	0.00	A
USGS	10287260	2015-04-22	0.00	A
USGS	10287260	2015-04-23	0.00	A
USGS	10287260	2015-04-24	0.00	A
USGS	10287260	2015-04-25	0.00	A
USGS	10287260	2015-04-26	0.00	A
USGS	10287260	2015-04-27	0.00	A
USGS	10287260	2015-04-28	0.00	A
USGS	10287260	2015-04-29	0.00	A
USGS	10287260	2015-04-30	0.00	A
USGS	10287260	2015-05-01	0.00	A
USGS	10287260	2015-05-02	0.00	A
USGS	10287260	2015-05-03	0.00	A
USGS	10287260	2015-05-04	0.00	A
USGS	10287260	2015-05-05	0.00	A
USGS	10287260	2015-05-06	0.00	A
USGS	10287260	2015-05-07	0.00	A
USGS	10287260	2015-05-08	0.00	A
USGS	10287260	2015-05-09	0.00	A
USGS	10287260	2015-05-10	0.00	A
USGS	10287260	2015-05-11	0.00	A
USGS	10287260	2015-05-12	0.00	A
USGS	10287260	2015-05-13	0.00	A
USGS	10287260	2015-05-14	0.00	A
USGS	10287260	2015-05-15	0.00	A
USGS	10287260	2015-05-16	0.00	A
USGS	10287260	2015-05-17	0.00	A
USGS	10287260	2015-05-18	0.00	A
USGS	10287260	2015-05-19	0.00	A
USGS	10287260	2015-05-20	0.00	A
USGS	10287260	2015-05-21	0.00	A
USGS	10287260	2015-05-22	0.00	A
USGS	10287260	2015-05-23	0.00	A
USGS	10287260	2015-05-24	0.00	A
USGS	10287260	2015-05-25	0.00	A
USGS	10287260	2015-05-26	0.00	A
USGS	10287260	2015-05-27	101.0	A
USGS	10287260	2015-05-28	271.0	A
USGS	10287260	2015-05-29	443.0	A
USGS	10287260	2015-05-30	598.0	A
USGS	10287260	2015-05-31	758.0	A
USGS	10287260	2015-06-01	957.0	A
USGS	10287260	2015-06-02	1020	A
USGS	10287260	2015-06-03	1140	A
USGS	10287260	2015-06-04	1150	A
USGS	10287260	2015-06-05	1250	A
USGS	10287260	2015-06-06	1330	A
USGS	10287260	2015-06-07	1440	A
USGS	10287260	2015-06-08	1480	A
USGS	10287260	2015-06-09	1540	A
USGS	10287260	2015-06-10	1650	A
USGS	10287260	2015-06-11	1780	A
USGS	10287260	2015-06-12	1910	A
USGS	10287260	2015-06-13	2030	A
USGS	10287260	2015-06-14	2120	A
USGS	10287260	2015-06-15	2210	A
USGS	10287260	2015-06-16	2210	A
USGS	10287260	2015-06-17	2150	A
USGS	10287260	2015-06-18	2080	A
USGS	10287260	2015-06-19	2010	A
USGS	10287260	2015-06-20	1930	A
USGS	10287260	2015-06-21	1850	A
USGS	10287260	2015-06-22	1760	A
USGS	10287260	2015-06-23	1740	A
USGS	10287260	2015-06-24	1770	A
USGS	10287260	2015-06-25	1800	A
USGS	10287260	2015-06-26	1830	A
USGS	10287260	2015-06-27	1860	A
USGS	10287260	2015-06-28	1900	A
USGS	10287260	2015-06-29	1930	A
USGS	10287260	2015-06-30	1970	A
USGS	10287260	2015-07-01	2000	A
USGS	10287260	2015-07-02	2030	A
USGS	10287260	2015-07-03	2050	A
USGS	10287260	2015-07-04	2070	A
USGS	10287260	2015-07-05	2080	A
USGS	10287260	2015-07-06	2090	A
USGS	10287260	2015-07-07	2090	A
USGS	10287260	2015-07-08	2100	A
USGS	10287260	2015-07-09	2100	A
USGS	10287260	2015-07-10	2110	A
USGS	10287260	2015-07-11	2110	A
USGS	10287260	2015-07-12	2100	A
USGS	10287260	2015-07-13	2100	A
USGS	10287260	2015-07-14	2090	A
USGS	10287260	2015-07-15	2080	A
USGS	10287260	2015-07-16	2070	A
USGS	10287260	2015-07-17	2070	A
USGS	10287260	2015-07-18	2050	A
USGS	10287260	2015-07-19	2050	A
USGS	10287260	2015-07-20	2040	A
USGS	10287260	2015-07-21	2040	A
USGS	10287260	2015-07-22	2030	A
USGS	10287260	2015-07-23	2030	A
USGS	10287260	2015-07-24	2020	A
USGS	10287260	2015-07-25	2020	A
USGS	10287260	2015-07-26	2000	A
USGS	10287260	2015-07-27	1990	A
USGS	10287260	2015-07-28	1980	A
USGS	10287260	2015-07-29	1960	A
USGS	10287260	2015-07-30	1950	A
USGS	10287260	2015-07-31	1940	A
USGS	10287260	2015-08-01	1930	A
USGS	10287260	2015-08-02	1920	A
USGS	10287260	2015-08-03	1910	A
USGS	10287260	2015-08-04	1900	A
USGS	10287260	2015-08-05	1880	A
USGS	10287260	2015-08-06	1870	A
USGS	10287260	2015-08-07	1850	A
USGS	10287260	2015-08-08	1840	A
USGS	10287260	2015-08-09	1830	A
USGS	10287260	2015-08-10	1810	A
USGS	10287260	2015-08-11	1800	A
USGS	10287260	2015-08-12	1780	A
USGS	10287260	2015-08-13	1760	A
USGS	10287260	2015-08-14	1740	A
USGS	10287260	2015-08-15	1720	A
USGS	10287260	2015-08-16	1700	A
USGS	10287260	2015-08-17	1690	A
USGS	10287260	2015-08-18	1670	A
USGS	10287260	2015-08-19	1650	A
USGS	10287260	2015-08-20	1640	A
USGS	10287260	2015-08-21	1620	A
USGS	10287260	2015-08-22	1600	A
USGS	10287260	2015-08-23	1580	A
USGS	10287260	2015-08-24	1560	A
USGS	10287260	2015-08-25	1540	A
USGS	10287260	2015-08-26	1530	A
USGS	10287260	2015-08-27	1510	A
USGS	10287260	2015-08-28	1490	A
USGS	10287260	2015-08-29	1470	A
USGS	10287260	2015-08-30	1450	A
USGS	10287260	2015-08-31	1430	A
USGS	10287260	2015-09-01	1420	A
USGS	10287260	2015-09-02	1390	A
USGS	10287260	2015-09-03	1380	A
USGS	10287260	2015-09-04	1350	A
USGS	10287260	2015-09-05	1330	A
USGS	10287260	2015-09-06	1310	A
USGS	10287260	2015-09-07	1290	A
USGS	10287260	2015-09-08	1270	A
USGS	10287260	2015-09-09	1250	A
USGS	10287260	2015-09-10	1230	A
USGS	10287260	2015-09-11	1210	A
USGS	10287260	2015-09-12	1180	A
USGS	10287260	2015-09-13	1170	A
USGS	10287260	2015-09-14	1150	A
USGS	10287260	2015-09-15	1130	A
USGS	10287260	2015-09-16	1100	A
USGS	10287260	2015-09-17	1060	A
USGS	10287260	2015-09-18	1020	A
USGS	10287260	2015-09-19	982.0	A
USGS	10287260	2015-09-20	943.0	A
USGS	10287260	2015-09-21	902.0	A
USGS	10287260	2015-09-22	862.0	A
USGS	10287260	2015-09-23	821.0	A
USGS	10287260	2015-09-24	780.0	A
USGS	10287260	2015-09-25	739.0	A
USGS	10287260	2015-09-26	700.0	A
USGS	10287260	2015-09-27	660.0	A
USGS	10287260	2015-09-28	622.0	A
USGS	10287260	2015-09-29	574.0	A
USGS	10287260	2015-09-30	525.0	A
USGS	10287260	2015-10-01	487.0	A
USGS	10287260	2015-10-02	443.0	A
USGS	10287260	2015-10-03	401.0	A
USGS	10287260	2015-10-04	364.0	A
USGS	10287260	2015-10-05	325.0	A
USGS	10287260	2015-10-06	288.0	A
USGS	10287260	2015-10-07	247.0	A
USGS	10287260	2015-10-08	202.0	A
USGS	10287260	2015-10-09	149.0	A
USGS	10287260	2015-10-10	97.00	A
USGS	10287260	2015-10-11	47.00	A
USGS	10287260	2015-10-12	11.00	A
USGS	10287260	2015-10-13	0.00	A
USGS	10287260	2015-10-14	0.00	A
USGS	10287260	2015-10-15	0.00	A
USGS	10287260	2015-10-16	0.00	A
USGS	10287260	2015-10-17	0.00	A
USGS	10287260	2015-10-18	0.00	A
USGS	10287260	2015-10-19	0.00	A
USGS	10287260	2015-10-20	0.00	A
USGS	10287260	2015-10-21	0.00	A
USGS	10287260	2015-10-22	0.00	A
USGS	10287260	2015-10-23	0.00	A
USGS	10287260	2015-10-24	0.00	A
USGS	10287260	2015-10-25	0.00	A
USGS	10287260	2015-10-26	0.00	A
USGS	10287260	2015-10-27	0.00	A
USGS	10287260	2015-10-28	0.00	A
USGS	10287260	2015-10-29	0.00	A
USGS	10287260	2015-10-30	0.00	A
USGS	10287260	2015-10-31	0.00	A
USGS	10287260	2015-11-01	0.00	A
USGS	10287260	2015-11-02	0.00	A
USGS	10287260	2015-11-03	0.00	A
USGS	10287260	2015-11-04	0.00	A
USGS	10287260	2015-11-05	0.00	A
USGS	10287260	2015-11-06	0.00	A
USGS	10287260	2015-11-07	0.00	A
USGS	10287260	2015-11-08	0.00	A
USGS	10287260	2015-11-09	0.00	A
USGS	10287260	2015-11-10	0.00	A
USGS	10287260	2015-11-11	0.00	A
USGS	10287260	2015-11-12	0.00	A
USGS	10287260	2015-11-13	0.00	A
USGS	10287260	2015-11-14	0.00	A
USGS	10287260	2015-11-15	0.00	A
USGS	10287260	2015-11-16	0.00	A
USGS	10287260	2015-11-17	0.00	A
USGS	10287260	2015-11-18	0.00	A
USGS	10287260	2015-11-19	0.00	A
USGS	10287260	2015-11-20	0.00	A
USGS	10287260	2015-11-21	0.00	A
USGS	10287260	2015-11-22	0.00	A
USGS	10287260	2015-11-23	0.00	A
USGS	10287260	2015-11-24	0.00	A
USGS	10287260	2015-11-25	0.00	A
USGS	10287260	2015-11-26	0.00	A
USGS	10287260	2015-11-27	0.00	A
USGS	10287260	2015-11-28	0.00	A
USGS	10287260	2015-11-29	0.00	A
USGS	10287260	2015-11-30	0.00	A
USGS	10287260	2015-12-01	0.00	A
USGS	10287260	2015-12-02	0.00	A
USGS	10287260	2015-12-03	0.00	A
USGS	10287260	2015-12-04	0.00	A
USGS	10287260	2015-12-05	0.00	A
USGS	10287260	2015-12-06	0.00	A
USGS	10287260	2015-12-07	0.00	A
USGS	10287260	2015-12-08	0.00	A
USGS	10287260	2015-12-09	0.00	A
USGS	10287260	2015-12-10	0.00	A
USGS	10287260	2015-12-11	0.00	A
USGS	10287260	2015-12-12	0.00	A
USGS	10287260	2015-12-13	0.00	A
USGS	10287260	2015-12-14	0.00	A
USGS	10287260	2015-12-15	0.00	A
USGS	10287260	2015-12-16	0.00	A
USGS	10287260	2015-12-17	0.00	A
USGS	10287260	2015-12-18	0.00	A
USGS	10287260	2015-12-19	0.00	A
USGS	10287260	2015-12-20	0.00	A
USGS	10287260	2015-12-21	0.00	A
USGS	10287260	2015-12-22	0.00	A
USGS	10287260	2015-12-23	0.00	A
USGS	10287260	2015-12-24	0.00	A
USGS	10287260	2015-12-25	0.00	A
USGS	10287260	2015-12-26	0.00	A
USGS	10287260	2015-12-27	0.00	A
USGS	10287260	2015-12-28	0.00	A
USGS	10287260	2015-12-29	0.00	A
USGS	10287260	2015-12-30	0.00	A
USGS	10287260	2015-12-31	0.00	A
USGS	10287260	2016-01-01	0.00	A
USGS	10287260	2016-01-02	0.00	A
USGS	10287260	2016-01-03	0.00	A
USGS	10287260	2016-01-04	0.00	A
USGS	10287260	2016-01-05	0.00	A
USGS	10287260	2016-01-06	0.00	A
USGS	10287260	2016-01-07	0.00	A
USGS	10287260	2016-01-08	0.00	A
USGS	10287260	2016-01-09	0.00	A
USGS	10287260	2016-01-10	0.00	A
USGS	10287260	2016-01-11	0.00	A
USGS	10287260	2016-01-12	0.00	A
USGS	10287260	2016-01-13	0.00	A
USGS	10287260	2016-01-14	0.00	A
USGS	10287260	2016-01-15	0.00	A
USGS	10287260	2016-01-16	0.00	A
USGS	10287260	2016-01-17	0.00	A
USGS	10287260	2016-01-18	0.00	A
USGS	10287260	2016-01-19	0.00	A
USGS	10287260	2016-01-20	0.00	A
USGS	10287260	2016-01-21	0.00	A
USGS	10287260	2016-01-22	0.00	A
USGS	10287260	2016-01-23	0.00	A
USGS	10287260	2016-01-24	0.00	A
USGS	10287260	2016-01-25	0.00	A
USGS	10287260	2016-01-26	0.00	A
USGS	10287260	2016-01-27	0.00	A
USGS	10287260	2016-01-28	0.00	A
USGS	10287260	2016-01-29	0.00	A
USGS	10287260	2016-01-30	0.00	A
USGS	10287260	2016-01-31	0.00	A
USGS	10287260	2016-02-01	0.00	A
USGS	10287260	2016-02-02	0.00	A
USGS	10287260	2016-02-03	0.00	A
USGS	10287260	2016-02-04	0.00	A
USGS	10287260	2016-02-05	0.00	A
USGS	10287260	2016-02-06	0.00	A
USGS	10287260	2016-02-07	0.00	A
USGS	10287260	2016-02-08	0.00	A
USGS	10287260	2016-02-09	0.00	A
USGS	10287260	2016-02-10	0.00	A
USGS	10287260	2016-02-11	0.00	A
USGS	10287260	2016-02-12	0.00	A
USGS	10287260	2016-02-13	0.00	A
USGS	10287260	2016-02-14	0.00	A
USGS	10287260	2016-02-15	0.00	A
USGS	10287260	2016-02-16	0.00	A
USGS	10287260	2016-02-17	0.00	A
USGS	10287260	2016-02-18	0.00	A
USGS	10287260	2016-02-19	0.00	A
USGS	10287260	2016-02-20	0.00	A
USGS	10287260	2016-02-21	0.00	A
USGS	10287260	2016-02-22	0.00	A
USGS	10287260	2016-02-23	0.00	A
USGS	10287260	2016-02-24	0.00	A
USGS	10287260	2016-02-25	0.00	A
USGS	10287260	2016-02-26	0.00	A
USGS	10287260	2016-02-27	0.00	A
USGS	10287260	2016-02-28	0.00	A
USGS	10287260	2016-02-29	0.00	A
USGS	10287260	2016-03-01	0.00	A
USGS	10287260	2016-03-02	0.00	A
USGS	10287260	2016-03-03	0.00	A
USGS	10287260	2016-03-04	0.00	A
USGS	10287260	2016-03-05	0.00	A
USGS	10287260	2016-03-06	0.00	A
USGS	10287260	2016-03-07	0.00	A
USGS	10287260	2016-03-08	0.00	A
USGS	10287260	2016-03-09	0.00	A
USGS	10287260	2016-03-10	0.00	A
USGS	10287260	2016-03-11	0.00	A
USGS	10287260	2016-03-12	0.00	A
USGS	10287260	2016-03-13	0.00	A
USGS	10287260	2016-03-14	0.00	A
USGS	10287260	2016-03-15	0.00	A
USGS	10287260	2016-03-16	0.00	A
USGS	10287260	2016-03-17	0.00	A
USGS	10287260	2016-03-18	0.00	A
USGS	10287260	2016-03-19	0.00	A
USGS	10287260	2016-03-20	0.00	A
USGS	10287260	2016-03-21	0.00	A
USGS	10287260	2016-03-22	0.00	A
USGS	10287260	2016-03-23	0.00	A
USGS	10287260	2016-03-24	0.00	A
USGS	10287260	2016-03-25	0.00	A
USGS	10287260	2016-03-26	0.00	A
USGS	10287260	2016-03-27	0.00	A
USGS	10287260	2016-03-28	0.00	A
USGS	10287260	2016-03-29	0.00	A
USGS	10287260	2016-03-30	0.00	A
USGS	10287260	2016-03-31	0.00	A
USGS	10287260	2016-04-01	0.00	A
USGS	10287260	2016-04-02	0.00	A
USGS	10287260	2016-04-03	0.00	A
USGS	10287260	2016-04-04	0.00	A
USGS	10287260	2016-04-05	0.00	A
USGS	10287260	2016-04-06	0.00	A
USGS	10287260	2016-04-07	0.00	A
USGS	10287260	2016-04-08	0.00	A
USGS	10287260	2016-04-09	0.00	A
USGS	10287260	2016-04-10	0.00	A
USGS	10287260	2016-04-11	0.00	A
USGS	10287260	2016-04-12	0.00	A
USGS	10287260	2016-04-13	0.00	A
USGS	10287260	2016-04-14	0.00	A
USGS	10287260	2016-04-15	0.00	A
USGS	10287260	2016-04-16	0.00	A
USGS	10287260	2016-04-17	0.00	A
USGS	10287260	2016-04-18	0.00	A
USGS	10287260	2016-04-19	0.00	A
USGS	10287260	2016-04-20	0.00	A
USGS	10287260	2016-04-21	0.00	A
USGS	10287260	2016-04-22	0.00	A
USGS	10287260	2016-04-23	0.00	A
USGS	10287260	2016-04-24	0.00	A
USGS	10287260	2016-04-25	0.00	A
USGS	10287260	2016-04-26	0.00	A
USGS	10287260	2016-04-27	0.00	A
USGS	10287260	2016-04-28	0.00	A
USGS	10287260	2016-04-29	0.00	A
USGS	10287260	2016-04-30	0.00	A
USGS	10287260	2016-05-01	0.00	A
USGS	10287260	2016-05-02	0.00	A
USGS	10287260	2016-05-03	0.00	A
USGS	10287260	2016-05-04	0.00	A
USGS	10287260	2016-05-05	0.00	A
USGS	10287260	2016-05-06	0.00	A
USGS	10287260	2016-05-07	0.00	A
USGS	10287260	2016-05-08	0.00	A
USGS	10287260	2016-05-09	0.00	A
USGS	10287260	2016-05-10	0.00	A
USGS	10287260	2016-05-11	0.00	A
USGS	10287260	2016-05-12	0.00	A
USGS	10287260	2016-05-13	0.00	A
USGS	10287260	2016-05-14	0.00	A
USGS	10287260	2016-05-15	0.00	A
USGS	10287260	2016-05-16	0.00	A
USGS	10287260	2016-05-17	0.00	A
USGS	10287260	2016-05-18	0.00	A
USGS	10287260	2016-05-19	0.00	A
USGS	10287260	2016-05-20	0.00	A
USGS	10287260	2016-05-21	0.00	A
USGS	10287260	2016-05-22	0.00	A
USGS	10287260	2016-05-23	0.00	A
USGS	10287260	2016-05-24	0.00	A
USGS	10287260	2016-05-25	0.00	A
USGS	10287260	2016-05-26	0.00	A
USGS	10287260	2016-05-27	0.00	A
USGS	10287260	2016-05-28	0.00	A
USGS	10287260	2016-05-29	0.00	A
USGS	10287260	2016-05-30	0.00	A
USGS	10287260	2016-05-31	0.00	A
USGS	10287260	2016-06-01	0.00	A
USGS	10287260	2016-06-02	0.00	A
USGS	10287260	2016-06-03	0.00	A
USGS	10287260	2016-06-04	0.00	A
USGS	10287260	2016-06-05	0.00	A
USGS	10287260	2016-06-06	105.0	A:e
USGS	10287260	2016-06-07	482.0	A:e
USGS	10287260	2016-06-08	991.0	A
USGS	10287260	2016-06-09	1360	A
USGS	10287260	2016-06-10	1620	A
USGS	10287260	2016-06-11	1810	A
USGS	10287260	2016-06-12	2180	A
USGS	10287260	2016-06-13	2410	A
USGS	10287260	2016-06-14	2610	A
USGS	10287260	2016-06-15	2770	A
USGS	10287260	2016-06-16	2870	A
USGS	10287260	2016-06-17	2990	A
USGS	10287260	2016-06-18	3130	A
USGS	10287260	2016-06-19	3290	A
USGS	10287260	2016-06-20	3530	A
USGS	10287260	2016-06-21	3850	A
USGS	10287260	2016-06-22	4120	A
USGS	10287260	2016-06-23	4050	A
USGS	10287260	2016-06-24	3860	A
USGS	10287260	2016-06-25	3710	A
USGS	10287260	2016-06-26	3620	A
USGS	10287260	2016-06-27	3540	A
USGS	10287260	2016-06-28	3510	A
USGS	10287260	2016-06-29	3490	A
USGS	10287260	2016-06-30	3460	A
USGS	10287260	2016-07-01	3450	A
USGS	10287260	2016-07-02	3310	A
USGS	10287260	2016-07-03	3230	A
USGS	10287260	2016-07-04	3150	A
USGS	10287260	2016-07-05	3060	A
USGS	10287260	2016-07-06	2950	A
USGS	10287260	2016-07-07	2850	A
USGS	10287260	2016-07-08	2820	A
USGS	10287260	2016-07-09	2680	A:e
USGS	10287260	2016-07-10	2660	A:e
USGS	10287260	2016-07-11	2550	A
USGS	10287260	2016-07-12	2480	A
USGS	10287260	2016-07-13	2400	A
USGS	10287260	2016-07-14	2250	A
USGS	10287260	2016-07-15	2180	A
USGS	10287260	2016-07-16	2140	A
USGS	10287260	2016-07-17	1970	A
USGS	10287260	2016-07-18	1880	A
USGS	10287260	2016-07-19	1790	A
USGS	10287260	2016-07-20	1750	A
USGS	10287260	2016-07-21	1700	A
USGS	10287260	2016-07-22	1670	A
USGS	10287260	2016-07-23	1630	A
USGS	10287260	2016-07-24	1580	A
USGS	10287260	2016-07-25	1550	A
USGS	10287260	2016-07-26	1510	A:e
USGS	10287260	2016-07-27	1480	A:e
USGS	10287260	2016-07-28	1480	A:e
USGS	10287260	2016-07-29	1490	A:e
USGS	10287260	2016-07-30	1510	A:e
USGS	10287260	2016-07-31	1560	A:e
USGS	10287260	2016-08-01	1610	A:e
USGS	10287260	2016-08-02	1650	A:e
USGS	10287260	2016-08-03	1680	A
USGS	10287260	2016-08-04	1680	A
USGS	10287260	2016-08-05	1680	A
USGS	10287260	2016-08-06	1680	A
USGS	10287260	2016-08-07	1670	A
USGS	10287260	2016-08-08	1660	A
USGS	10287260	2016-08-09	1650	A
USGS	10287260	2016-08-10	1640	A
USGS	10287260	2016-08-11	1620	A
USGS	10287260	2016-08-12	1610	A
USGS	10287260	2016-08-13	1590	A
USGS	10287260	2016-08-14	1580	A
USGS	10287260	2016-08-15	1560	A
USGS	10287260	2016-08-16	1540	A
USGS	10287260	2016-08-17	1530	A
USGS	10287260	2016-08-18	1510	A
USGS	10287260	2016-08-19	1500	A
USGS	10287260	2016-08-20	1490	A
USGS	10287260	2016-08-21	1470	A
USGS	10287260	2016-08-22	1460	A
USGS	10287260	2016-08-23	1440	A
USGS	10287260	2016-08-24	1420	A
USGS	10287260	2016-08-25	1410	A
USGS	10287260	2016-08-26	1390	A
USGS	10287260	2016-08-27	1370	A
USGS	10287260	2016-08-28	1350	A
USGS	10287260	2016-08-29	1340	A
USGS	10287260	2016-08-30	1320	A
USGS	10287260	2016-08-31	1300	A
USGS	10287260	2016-09-01	1280	A
USGS	10287260	2016-09-02	1260	A
USGS	10287260	2016-09-03	1240	A
USGS	10287260	2016-09-04	1220	A
USGS	10287260	2016-09-05	1200	A
USGS	10287260	2016-09-06	1180	A
USGS	10287260	2016-09-07	1150	A
USGS	10287260	2016-09-08	1130	A
USGS	10287260	2016-09-09	1110	A
USGS	10287260	2016-09-10	1090	A
USGS	10287260	2016-09-11	1070	A
USGS	10287260	2016-09-12	1050	A
USGS	10287260	2016-09-13	1030	A
USGS	10287260	2016-09-14	1010	A
USGS	10287260	2016-09-15	988.0	A
USGS	10287260	2016-09-16	968.0	A
USGS	10287260	2016-09-17	946.0	A
USGS	10287260	2016-09-18	925.0	A
USGS	10287260	2016-09-19	903.0	A
USGS	10287260	2016-09-20	882.0	A
USGS	10287260	2016-09-21	867.0	A
USGS	10287260	2016-09-22	845.0	A
USGS	10287260	2016-09-23	824.0	A
USGS	10287260	2016-09-24	803.0	A
USGS	10287260	2016-09-25	782.0	A
USGS	10287260	2016-09-26	762.0	A
USGS	10287260	2016-09-27	742.0	A
USGS	10287260	2016-09-28	722.0	A
USGS	10287260	2016-09-29	701.0	A
USGS	10287260	2016-09-30	682.0	A
USGS	10287260	2016-10-01	661.0	A
USGS	10287260	2016-10-02	641.0	A
USGS	10287260	2016-10-03	618.0	A
USGS	10287260	2016-10-04	597.0	A
USGS	10287260	2016-10-05	374.0	A
USGS	10287260	2016-10-06	7.80	A
USGS	10287260	2016-10-07		
USGS	10287260	2016-10-08		
USGS	10287260	2016-10-09		
USGS	10287260	2016-10-10		
USGS	10287260	2016-10-11		
USGS	10287260	2016-10-12		
USGS	10287260	2016-10-13		
USGS	10287260	2016-10-14		
USGS	10287260	2016-10-15		
USGS	10287260	2016-10-16		
USGS	10287260	2016-10-17		
USGS	10287260	2016-10-18		
USGS	10287260	2016-10-19		
USGS	10287260	2016-10-20		
USGS	10287260	2016-10-21		
USGS	10287260	2016-10-22		
USGS	10287260	2016-10-23		
USGS	10287260	2016-10-24		
USGS	10287260	2016-10-25		
USGS	10287260	2016-10-26		
USGS	10287260	2016-10-27		
USGS	10287260	2016-10-28		
USGS	10287260	2016-10-29		
USGS	10287260	2016-10-30		
USGS	10287260	2016-10-31		
USGS	10287260	2016-11-01		
USGS	10287260	2016-11-02		
USGS	10287260	2016-11-03		
USGS	10287260	2016-11-04		
USGS	10287260	2016-11-05		
USGS	10287260	2016-11-06		
USGS	10287260	2016-11-07		
USGS	10287260	2016-11-08		
USGS	10287260	2016-11-09		
USGS	10287260	2016-11-10		
USGS	10287260	2016-11-11		
USGS	10287260	2016-11-12		
USGS	10287260	2016-11-13		
USGS	10287260	2016-11-14		
USGS	10287260	2016-11-15		
USGS	10287260	2016-11-16		
USGS	10287260	2016-11-17		
USGS	10287260	2016-11-18		
USGS	10287260	2016-11-19		
USGS	10287260	2016-11-20		
USGS	10287260	2016-11-21		
USGS	10287260	2016-11-22		
USGS	10287260	2016-11-23		
USGS	10287260	2016-11-24		
USGS	10287260	2016-11-25		
USGS	10287260	2016-11-26		
USGS	10287260	2016-11-27		
USGS	10287260	2016-11-28		
USGS	10287260	2016-11-29		
USGS	10287260	2016-11-30		
USGS	10287260	2016-12-01		
USGS	10287260	2016-12-02		
USGS	10287260	2016-12-03		
USGS	10287260	2016-12-04		
USGS	10287260	2016-12-05		
USGS	10287260	2016-12-06		
USGS	10287260	2016-12-07		
USGS	10287260	2016-12-08		
USGS	10287260	2016-12-09		
USGS	10287260	2016-12-10		
USGS	10287260	2016-12-11		
USGS	10287260	2016-12-12		
USGS	10287260	2016-12-13		
USGS	10287260	2016-12-14		
USGS	10287260	2016-12-15		
USGS	10287260	2016-12-16		
USGS	10287260	2016-12-17		
USGS	10287260	2016-12-18		
USGS	10287260	2016-12-19		
USGS	10287260	2016-12-20		
USGS	10287260	2016-12-21		
USGS	10287260	2016-12-22		
USGS	10287260	2016-12-23		
USGS	10287260	2016-12-24		
USGS	10287260	2016-12-25		
USGS	10287260	2016-12-26		
USGS	10287260	2016-12-27		
USGS	10287260	2016-12-28		
USGS	10287260	2016-12-29		
USGS	10287260	2016-12-30		
USGS	10287260	2016-12-31		
USGS	10287260	2017-01-01		
USGS	10287260	2017-01-02		
USGS	10287260	2017-01-03		
USGS	10287260	2017-01-04		
USGS	10287260	2017-01-05		
USGS	10287260	2017-01-06		
USGS	10287260	2017-01-07		
USGS	10287260	2017-01-08		
USGS	10287260	2017-01-09		
USGS	10287260	2017-01-10		
USGS	10287260	2017-01-11		
USGS	10287260	2017-01-12		
USGS	10287260	2017-01-13		
USGS	10287260	2017-01-14		
USGS	10287260	2017-01-15		
USGS	10287260	2017-01-16		
USGS	10287260	2017-01-17		
USGS	10287260	2017-01-18		
USGS	10287260	2017-01-19		
USGS	10287260	2017-01-20		
USGS	10287260	2017-01-21		
USGS	10287260	2017-01-22		
USGS	10287260	2017-01-23		
USGS	10287260	2017-01-24		
USGS	10287260	2017-01-25		
USGS	10287260	2017-01-26		
USGS	10287260	2017-01-27		
USGS	10287260	2017-01-28		
USGS	10287260	2017-01-29		
USGS	10287260	2017-01-30		
USGS	10287260	2017-01-31		
USGS	10287260	2017-02-01		
USGS	10287260	2017-02-02		
USGS	10287260	2017-02-03		
USGS	10287260	2017-02-04		
USGS	10287260	2017-02-05		
USGS	10287260	2017-02-06		
USGS	10287260	2017-02-07		
USGS	10287260	2017-02-08		
USGS	10287260	2017-02-09		
USGS	10287260	2017-02-10		
USGS	10287260	2017-02-11		
USGS	10287260	2017-02-12		
USGS	10287260	2017-02-13		
USGS	10287260	2017-02-14		
USGS	10287260	2017-02-15		
USGS	10287260	2017-02-16		
USGS	10287260	2017-02-17		
USGS	10287260	2017-02-18		
USGS	10287260	2017-02-19		
USGS	10287260	2017-02-20		
USGS	10287260	2017-02-21		
USGS	10287260	2017-02-22		
USGS	10287260	2017-02-23		
USGS	10287260	2017-02-24		
USGS	10287260	2017-02-25		
USGS	10287260	2017-02-26		
USGS	10287260	2017-02-27		
USGS	10287260	2017-02-28		
USGS	10287260	2017-03-01		
USGS	10287260	2017-03-02		
USGS	10287260	2017-03-03		
USGS	10287260	2017-03-04		
USGS	10287260	2017-03-05		
USGS	10287260	2017-03-06		
USGS	10287260	2017-03-07		
USGS	10287260	2017-03-08		
USGS	10287260	2017-03-09		
USGS	10287260	2017-03-10		
USGS	10287260	2017-03-11		
USGS	10287260	2017-03-12		
USGS	10287260	2017-03-13		
USGS	10287260	2017-03-14		
USGS	10287260	2017-03-15		
USGS	10287260	2017-03-16		
USGS	10287260	2017-03-17		
USGS	10287260	2017-03-18		
USGS	10287260	2017-03-19		
USGS	10287260	2017-03-20		
USGS	10287260	2017-03-21		
USGS	10287260	2017-03-22		
USGS	10287260	2017-03-23		
USGS	10287260	2017-03-24		
USGS	10287260	2017-03-25		
USGS	10287260	2017-03-26		
USGS	10287260	2017-03-27		
USGS	10287260	2017-03-28		
USGS	10287260	2017-03-29		
USGS	10287260	2017-03-30		
USGS	10287260	2017-03-31		
USGS	10287260	2017-04-01		
USGS	10287260	2017-04-02		
USGS	10287260	2017-04-03		
USGS	10287260	2017-04-04		
USGS	10287260	2017-04-05		
USGS	10287260	2017-04-06		
USGS	10287260	2017-04-07		
USGS	10287260	2017-04-08		
USGS	10287260	2017-04-09		
USGS	10287260	2017-04-10		
USGS	10287260	2017-04-11		
USGS	10287260	2017-04-12		
USGS	10287260	2017-04-13		
USGS	10287260	2017-04-14		
USGS	10287260	2017-04-15		
USGS	10287260	2017-04-16		
USGS	10287260	2017-04-17		
USGS	10287260	2017-04-18		
USGS	10287260	2017-04-19		
USGS	10287260	2017-04-20		
USGS	10287260	2017-04-21		
USGS	10287260	2017-04-22		
USGS	10287260	2017-04-23		
USGS	10287260	2017-04-24		
USGS	10287260	2017-04-25		
USGS	10287260	2017-04-26		
USGS	10287260	2017-04-27		
USGS	10287260	2017-04-28		
USGS	10287260	2017-04-29		
USGS	10287260	2017-04-30		
USGS	10287260	2017-05-01		
USGS	10287260	2017-05-02		
USGS	10287260	2017-05-03		
USGS	10287260	2017-05-04		
USGS	10287260	2017-05-05		
USGS	10287260	2017-05-06		
USGS	10287260	2017-05-07		
USGS	10287260	2017-05-08		
USGS	10287260	2017-05-09		
USGS	10287260	2017-05-10		
USGS	10287260	2017-05-11		
USGS	10287260	2017-05-12		
USGS	10287260	2017-05-13		
USGS	10287260	2017-05-14		
USGS	10287260	2017-05-15		
USGS	10287260	2017-05-16		
USGS	10287260	2017-05-17		
USGS	10287260	2017-05-18		
USGS	10287260	2017-05-19	3.90	A
USGS	10287260	2017-05-20	109.0	A
USGS	10287260	2017-05-21	307.0	A
USGS	10287260	2017-05-22	431.0	A
USGS	10287260	2017-05-23	600.0	A
USGS	10287260	2017-05-24	745.0	A
USGS	10287260	2017-05-25	781.0	A
USGS	10287260	2017-05-26	797.0	A
USGS	10287260	2017-05-27	817.0	A
USGS	10287260	2017-05-28	886.0	A
USGS	10287260	2017-05-29	982.0	A
USGS	10287260	2017-05-30	1130	A
USGS	10287260	2017-05-31	1170	A
USGS	10287260	2017-06-01	1120	A
USGS	10287260	2017-06-02	1230	A
USGS	10287260	2017-06-03	1430	A
USGS	10287260	2017-06-04	1640	A
USGS	10287260	2017-06-05	1780	A
USGS	10287260	2017-06-06	1850	A
USGS	10287260	2017-06-07	1960	A
USGS	10287260	2017-06-08	2060	A
USGS	10287260	2017-06-09	2160	A
USGS	10287260	2017-06-10	2150	A
USGS	10287260	2017-06-11	1990	A
USGS	10287260	2017-06-12	1610	A
USGS	10287260	2017-06-13	1310	A
USGS	10287260	2017-06-14	1200	A
USGS	10287260	2017-06-15	1250	A
USGS	10287260	2017-06-16	1430	A
USGS	10287260	2017-06-17	1800	A
USGS	10287260	2017-06-18	2320	A
USGS	10287260	2017-06-19	2870	A
USGS	10287260	2017-06-20	3250	A
USGS	10287260	2017-06-21	3740	A
USGS	10287260	2017-06-22	4080	A
USGS	10287260	2017-06-23	4320	A
USGS	10287260	2017-06-24	4370	A
USGS	10287260	2017-06-25	4480	A
USGS	10287260	2017-06-26	4630	A
USGS	10287260	2017-06-27	4550	A
USGS	10287260	2017-06-28	4370	A
USGS	10287260	2017-06-29	4180	A
USGS	10287260	2017-06-30	4070	A
USGS	10287260	2017-07-01	3980	A
USGS	10287260	2017-07-02	3910	A
USGS	10287260	2017-07-03	3970	A
USGS	10287260	2017-07-04	3990	A
USGS	10287260	2017-07-05	3910	A
USGS	10287260	2017-07-06	3840	A
USGS	10287260	2017-07-07	3810	A
USGS	10287260	2017-07-08	3810	A
USGS	10287260	2017-07-09	3790	A
USGS	10287260	2017-07-10	3760	A
USGS	10287260	2017-07-11	3620	A
USGS	10287260	2017-07-12	3400	A
USGS	10287260	2017-07-13	3250	A
USGS	10287260	2017-07-14	3090	A
USGS	10287260	2017-07-15	2960	A
USGS	10287260	2017-07-16	2790	A
USGS	10287260	2017-07-17	2590	A
USGS	10287260	2017-07-18	2340	A
USGS	10287260	2017-07-19	2080	A
USGS	10287260	2017-07-20	1850	A
USGS	10287260	2017-07-21	1620	A
USGS	10287260	2017-07-22	1410	A
USGS	10287260	2017-07-23	1250	A
USGS	10287260	2017-07-24	1140	A
USGS	10287260	2017-07-25	1000	A
USGS	10287260	2017-07-26	835.0	A
USGS	10287260	2017-07-27	659.0	A
USGS	10287260	2017-07-28	499.0	A
USGS	10287260	2017-07-29	356.0	A
USGS	10287260	2017-07-30	213.0	A
USGS	10287260	2017-07-31	90.00	A
USGS	10287260	2017-08-01	9.50	A
USGS	10287260	2017-08-02	1.40	A
USGS	10287260	2017-08-03	8.40	A
USGS	10287260	2017-08-04	7.70	A
USGS	10287260	2017-08-05	54.00	A
USGS	10287260	2017-08-06	26.00	A
