,datetime,113570_62614_32400
0,2013-01-01,1034.98
1,2013-01-02,1034.84
2,2013-01-03,1034.72
3,2013-01-04,1034.75
4,2013-01-05,1034.46
5,2013-01-06,1034.82
6,2013-01-07,1037.02
7,2013-01-08,1037.22
8,2013-01-09,1035.87
9,2013-01-10,1035.47
10,2013-01-11,1034.67
11,2013-01-12,1034.75
12,2013-01-13,1034.67
13,2013-01-14,1034.88
14,2013-01-15,1034.64
15,2013-01-16,1034.69
16,2013-01-17,1034.61
17,2013-01-18,1034.71
18,2013-01-19,1034.9
19,2013-01-20,1035.14
20,2013-01-21,1034.99
21,2013-01-22,1035.25
22,2013-01-23,1035.09
23,2013-01-24,1035.19
24,2013-01-25,1035.83
25,2013-01-26,1035.33
26,2013-01-27,1034.81
27,2013-01-28,1036.4
28,2013-01-29,1035.82
29,2013-01-30,1036.26
30,2013-01-31,1035.82
31,2013-02-01,1035.82
32,2013-02-02,1035.51
33,2013-02-03,1035.0
34,2013-02-04,1035.01
35,2013-02-05,1034.46
36,2013-02-06,1034.82
37,2013-02-07,1034.63
38,2013-02-08,1034.9
39,2013-02-09,1034.89
40,2013-02-10,1034.98
41,2013-02-11,1035.13
42,2013-02-12,1035.12
43,2013-02-13,1035.77
44,2013-02-14,1035.0
45,2013-02-15,1035.05
46,2013-02-16,1035.03
47,2013-02-17,1034.94
48,2013-02-18,1035.01
49,2013-02-19,1034.94
50,2013-02-20,1034.54
51,2013-02-21,1034.67
52,2013-02-22,1035.01
53,2013-02-23,1034.83
54,2013-02-24,1034.83
55,2013-02-25,1034.67
56,2013-02-26,1035.04
57,2013-02-27,1035.09
58,2013-02-28,1037.2
59,2013-03-01,1036.83
60,2013-03-02,1036.18
61,2013-03-03,1035.91
62,2013-03-04,1035.26
63,2013-03-05,1035.0
64,2013-03-06,1034.86
65,2013-03-07,1034.81
66,2013-03-08,1035.14
67,2013-03-09,1034.96
68,2013-03-10,1034.95
69,2013-03-11,1035.15
70,2013-03-12,1034.95
71,2013-03-13,1035.36
72,2013-03-14,1035.15
73,2013-03-15,1035.46
74,2013-03-16,1035.52
75,2013-03-17,1035.37
76,2013-03-18,1035.21
77,2013-03-19,1034.93
78,2013-03-20,1034.95
79,2013-03-21,1035.19
80,2013-03-22,1035.21
81,2013-03-23,1034.76
82,2013-03-24,1034.87
83,2013-03-25,1035.44
84,2013-03-26,1035.2
85,2013-03-27,1034.79
86,2013-03-28,1035.22
87,2013-03-29,1035.04
88,2013-03-30,1034.97
89,2013-03-31,1035.14
90,2013-04-01,1035.53
91,2013-04-02,1034.82
92,2013-04-03,1034.96
93,2013-04-04,1035.19
94,2013-04-05,1035.32
95,2013-04-06,1035.24
96,2013-04-07,1037.51
97,2013-04-08,1035.82
98,2013-04-09,1035.73
99,2013-04-10,1035.77
100,2013-04-11,1035.48
101,2013-04-12,1035.05
102,2013-04-13,1034.97
103,2013-04-14,1035.2
104,2013-04-15,1034.85
105,2013-04-16,1035.11
106,2013-04-17,1035.22
107,2013-04-18,1035.18
108,2013-04-19,1037.44
109,2013-04-20,1036.5
110,2013-04-21,1035.63
111,2013-04-22,1035.44
112,2013-04-23,1035.11
113,2013-04-24,1035.03
114,2013-04-25,1034.98
115,2013-04-26,1034.83
116,2013-04-27,1034.9
117,2013-04-28,1034.98
118,2013-04-29,1035.78
119,2013-04-30,1035.02
120,2013-05-01,1035.6
121,2013-05-02,1035.45
122,2013-05-03,1035.47
123,2013-05-04,1036.87
124,2013-05-05,1038.05
125,2013-05-06,1038.4
126,2013-05-07,1038.61
127,2013-05-08,1038.57
128,2013-05-09,1038.68
129,2013-05-10,1039.29
130,2013-05-11,1039.67
131,2013-05-12,1039.83
132,2013-05-13,1040.68
133,2013-05-14,1041.15
134,2013-05-15,1041.29
135,2013-05-16,1042.03
136,2013-05-17,1042.25
137,2013-05-18,1042.4
138,2013-05-19,1042.58
139,2013-05-20,1042.47
140,2013-05-21,1042.34
141,2013-05-22,1044.62
142,2013-05-23,1045.15
143,2013-05-24,1045.22
144,2013-05-25,1044.98
145,2013-05-26,1044.91
146,2013-05-27,1045.0
147,2013-05-28,1044.62
148,2013-05-29,1045.28
149,2013-05-30,1044.96
150,2013-05-31,1044.61
151,2013-06-01,1044.38
152,2013-06-02,1044.66
153,2013-06-03,1044.85
154,2013-06-04,1044.24
155,2013-06-05,1044.12
156,2013-06-06,1044.22
157,2013-06-07,1044.16
158,2013-06-08,1044.29
159,2013-06-09,1043.95
160,2013-06-10,1043.87
161,2013-06-11,1043.98
162,2013-06-12,1043.99
163,2013-06-13,1044.03
164,2013-06-14,1044.22
165,2013-06-15,1044.23
166,2013-06-16,1044.15
167,2013-06-17,1043.84
168,2013-06-18,1043.75
169,2013-06-19,1043.31
170,2013-06-20,1043.36
171,2013-06-21,1043.7
172,2013-06-22,1043.1
173,2013-06-23,1043.16
174,2013-06-24,1043.66
175,2013-06-25,1044.52
176,2013-06-26,1045.4
177,2013-06-27,1045.42
178,2013-06-28,1045.38
179,2013-06-29,1045.3
180,2013-06-30,1045.2
181,2013-07-01,1045.21
182,2013-07-02,1045.14
183,2013-07-03,1045.1
184,2013-07-04,1044.89
185,2013-07-05,1045.08
186,2013-07-06,1045.04
187,2013-07-07,1044.86
188,2013-07-08,1044.67
189,2013-07-09,1044.3
190,2013-07-10,1044.06
191,2013-07-11,1043.69
192,2013-07-12,1043.3
193,2013-07-13,1043.09
194,2013-07-14,1042.73
195,2013-07-15,1042.44
196,2013-07-16,1042.08
197,2013-07-17,1041.49
198,2013-07-18,1040.97
199,2013-07-19,1040.36
200,2013-07-20,1039.87
201,2013-07-21,1039.51
202,2013-07-22,1039.14
203,2013-07-23,1037.92
204,2013-07-24,1037.32
205,2013-07-25,1036.71
206,2013-07-26,1036.17
207,2013-07-27,1035.48
208,2013-07-28,1034.85
209,2013-07-29,1034.21
210,2013-07-30,1033.44
211,2013-07-31,1033.0
212,2013-08-01,1032.4
213,2013-08-02,1031.85
214,2013-08-03,1031.63
215,2013-08-04,1031.16
216,2013-08-05,1030.41
217,2013-08-06,1029.39
218,2013-08-07,1029.01
219,2013-08-08,1028.04
220,2013-08-09,1027.58
221,2013-08-10,1026.72
222,2013-08-11,1026.03
223,2013-08-12,1024.97
224,2013-08-13,1025.38
225,2013-08-14,1024.01
226,2013-08-15,1023.4
227,2013-08-16,1022.46
228,2013-08-17,1021.57
229,2013-08-18,1020.95
230,2013-08-19,1020.35
231,2013-08-20,1020.76
232,2013-08-21,1018.91
233,2013-08-22,1017.85
234,2013-08-23,1017.08
235,2013-08-24,1016.62
236,2013-08-25,1016.15
237,2013-08-26,1015.76
238,2013-08-27,1014.99
239,2013-08-28,1014.05
240,2013-08-29,1013.42
241,2013-08-30,1012.82
242,2013-08-31,1012.19
243,2013-09-01,1011.44
244,2013-09-02,1011.05
245,2013-09-03,1010.1
246,2013-09-04,1009.17
247,2013-09-05,1008.21
248,2013-09-06,1008.89
249,2013-09-07,1008.67
250,2013-09-08,1008.08
251,2013-09-09,1007.65
252,2013-09-10,1006.9
253,2013-09-11,1005.9
254,2013-09-12,1004.96
255,2013-09-13,1004.13
256,2013-09-14,1003.38
257,2013-09-15,1002.8
258,2013-09-16,1002.22
259,2013-09-17,1001.64
260,2013-09-18,1001.52
261,2013-09-19,1001.17
262,2013-09-20,1000.69
263,2013-09-21,1000.64
264,2013-09-22,1001.33
265,2013-09-23,1001.09
266,2013-09-24,1002.59
267,2013-09-25,1005.01
268,2013-09-26,1006.55
269,2013-09-27,1008.25
270,2013-09-28,1020.59
271,2013-09-29,1035.25
272,2013-09-30,1036.78
273,2013-10-01,1036.46
274,2013-10-02,1035.46
275,2013-10-03,1034.72
276,2013-10-04,1034.91
277,2013-10-05,1035.7
278,2013-10-06,1035.32
279,2013-10-07,1035.45
280,2013-10-08,1035.75
281,2013-10-09,1035.06
282,2013-10-10,1034.99
283,2013-10-11,1034.8
284,2013-10-12,1035.2
285,2013-10-13,1034.98
286,2013-10-14,1034.23
287,2013-10-15,1034.69
288,2013-10-16,1034.75
289,2013-10-17,1034.36
290,2013-10-18,1032.29
291,2013-10-19,1030.78
292,2013-10-20,1029.19
293,2013-10-21,1027.5
294,2013-10-22,1025.33
295,2013-10-23,1025.19
296,2013-10-24,1024.26
297,2013-10-25,1024.06
298,2013-10-26,1023.57
299,2013-10-27,1023.25
300,2013-10-28,1023.05
301,2013-10-29,1022.42
302,2013-10-30,1021.45
303,2013-10-31,1021.71
304,2013-11-01,1020.22
305,2013-11-02,1020.8
306,2013-11-03,1021.96
307,2013-11-04,1023.62
308,2013-11-05,1028.38
309,2013-11-06,1032.3
310,2013-11-07,1035.73
311,2013-11-08,1035.64
312,2013-11-09,1034.88
313,2013-11-10,1034.95
314,2013-11-11,1034.31
315,2013-11-12,1033.54
316,2013-11-13,1032.94
317,2013-11-14,1033.75
318,2013-11-15,1035.06
319,2013-11-16,1036.89
320,2013-11-17,1035.58
321,2013-11-18,1035.18
322,2013-11-19,1036.62
323,2013-11-20,1035.56
324,2013-11-21,1034.86
325,2013-11-22,1034.9
326,2013-11-23,1034.31
327,2013-11-24,1034.35
328,2013-11-25,1034.07
329,2013-11-26,1034.41
330,2013-11-27,1033.99
331,2013-11-28,1032.9
332,2013-11-29,1031.67
333,2013-11-30,1030.83
334,2013-12-01,1042.56
335,2013-12-02,1038.16
336,2013-12-03,1035.55
337,2013-12-04,1034.96
338,2013-12-05,1035.09
339,2013-12-06,1034.86
340,2013-12-07,1034.36
341,2013-12-08,1034.32
342,2013-12-09,1034.32
343,2013-12-10,1034.2
344,2013-12-11,1034.34
345,2013-12-12,1034.49
346,2013-12-13,1035.05
347,2013-12-14,1034.95
348,2013-12-15,1034.85
349,2013-12-16,1034.79
350,2013-12-17,1034.69
351,2013-12-18,1034.68
352,2013-12-19,1034.7
353,2013-12-20,1035.12
354,2013-12-21,1035.83
355,2013-12-22,1035.91
356,2013-12-23,1036.92
357,2013-12-24,1035.89
358,2013-12-25,1035.15
359,2013-12-26,1035.17
360,2013-12-27,1035.07
361,2013-12-28,1034.91
362,2013-12-29,1034.99
363,2013-12-30,1034.84
364,2013-12-31,1034.75
365,2014-01-01,1034.68
366,2014-01-02,1034.52
367,2014-01-03,1034.88
368,2014-01-04,1034.67
369,2014-01-05,1034.57
370,2014-01-06,1034.43
371,2014-01-07,1034.39
372,2014-01-08,1035.61
373,2014-01-09,1035.73
374,2014-01-10,1035.67
375,2014-01-11,1037.36
376,2014-01-12,1038.01
377,2014-01-13,1037.04
378,2014-01-14,1035.44
379,2014-01-15,1035.25
380,2014-01-16,1035.18
381,2014-01-17,1035.09
382,2014-01-18,1035.14
383,2014-01-19,1035.07
384,2014-01-20,1035.08
385,2014-01-21,1034.76
386,2014-01-22,1034.84
387,2014-01-23,1034.94
388,2014-01-24,1034.63
389,2014-01-25,1034.54
390,2014-01-26,1034.43
391,2014-01-27,1034.51
392,2014-01-28,1034.6
393,2014-01-29,1036.59
394,2014-01-30,1035.73
395,2014-01-31,1035.19
396,2014-02-01,1034.72
397,2014-02-02,1034.71
398,2014-02-03,1034.92
399,2014-02-04,1034.82
400,2014-02-05,1034.57
401,2014-02-06,1034.6
402,2014-02-07,1034.37
403,2014-02-08,1034.26
404,2014-02-09,1034.32
405,2014-02-10,1034.78
406,2014-02-11,1035.81
407,2014-02-12,1039.45
408,2014-02-13,1037.56
409,2014-02-14,1038.43
410,2014-02-15,1037.97
411,2014-02-16,1036.07
412,2014-02-17,1036.16
413,2014-02-18,1037.86
414,2014-02-19,1036.03
415,2014-02-20,1035.94
416,2014-02-21,1035.52
417,2014-02-22,1035.39
418,2014-02-23,1035.78
419,2014-02-24,1035.57
420,2014-02-25,1035.33
421,2014-02-26,1034.96
422,2014-02-27,1035.07
423,2014-02-28,1034.66
424,2014-03-01,1034.72
425,2014-03-02,1035.62
426,2014-03-03,1037.33
427,2014-03-04,1035.81
428,2014-03-05,1039.91
429,2014-03-06,1038.61
430,2014-03-07,1037.0
431,2014-03-08,1036.77
432,2014-03-09,1039.26
433,2014-03-10,1037.26
434,2014-03-11,1035.51
435,2014-03-12,1035.63
436,2014-03-13,1035.08
437,2014-03-14,1035.85
438,2014-03-15,1035.24
439,2014-03-16,1035.39
440,2014-03-17,1035.57
441,2014-03-18,1035.14
442,2014-03-19,1035.17
443,2014-03-20,1035.26
444,2014-03-21,1035.31
445,2014-03-22,1035.0
446,2014-03-23,1034.95
447,2014-03-24,1035.02
448,2014-03-25,1034.96
449,2014-03-26,1035.23
450,2014-03-27,1034.88
451,2014-03-28,1037.14
452,2014-03-29,1036.24
453,2014-03-30,1035.42
454,2014-03-31,1035.48
455,2014-04-01,1035.59
456,2014-04-02,1035.34
457,2014-04-03,1034.95
458,2014-04-04,1035.49
459,2014-04-05,1036.08
460,2014-04-06,1036.34
461,2014-04-07,1035.83
462,2014-04-08,1035.46
463,2014-04-09,1035.33
464,2014-04-10,1035.09
465,2014-04-11,1034.83
466,2014-04-12,1034.77
467,2014-04-13,1034.78
468,2014-04-14,1035.04
469,2014-04-15,1035.58
470,2014-04-16,1036.07
471,2014-04-17,1037.59
472,2014-04-18,1040.01
473,2014-04-19,1040.81
474,2014-04-20,1041.87
475,2014-04-21,1040.81
476,2014-04-22,1039.59
477,2014-04-23,1040.04
478,2014-04-24,1042.5
479,2014-04-25,1040.99
480,2014-04-26,1040.81
481,2014-04-27,1040.96
482,2014-04-28,1040.72
483,2014-04-29,1039.69
484,2014-04-30,1039.94
485,2014-05-01,1039.79
486,2014-05-02,1040.03
487,2014-05-03,1039.85
488,2014-05-04,1039.89
489,2014-05-05,1039.9
490,2014-05-06,1040.1
491,2014-05-07,1040.0
492,2014-05-08,1040.43
493,2014-05-09,1042.22
494,2014-05-10,1043.67
495,2014-05-11,1041.68
496,2014-05-12,1040.79
497,2014-05-13,1042.06
498,2014-05-14,1042.92
499,2014-05-15,1044.18
500,2014-05-16,1044.38
501,2014-05-17,1044.59
502,2014-05-18,1044.39
503,2014-05-19,1044.32
504,2014-05-20,1044.01
505,2014-05-21,1044.2
506,2014-05-22,1044.28
507,2014-05-23,1044.13
508,2014-05-24,1044.08
509,2014-05-25,1044.18
510,2014-05-26,1044.21
511,2014-05-27,1044.21
512,2014-05-28,1044.34
513,2014-05-29,1044.77
514,2014-05-30,1045.15
515,2014-05-31,1044.84
516,2014-06-01,1044.4
517,2014-06-02,1044.09
518,2014-06-03,1043.72
519,2014-06-04,1043.64
520,2014-06-05,1043.38
521,2014-06-06,1043.32
522,2014-06-07,1043.24
523,2014-06-08,1043.14
524,2014-06-09,1043.0
525,2014-06-10,1042.77
526,2014-06-11,1042.51
527,2014-06-12,1042.44
528,2014-06-13,1043.44
529,2014-06-14,1044.03
530,2014-06-15,1044.51
531,2014-06-16,1045.04
532,2014-06-17,1045.25
533,2014-06-18,1045.12
534,2014-06-19,1045.14
535,2014-06-20,1045.17
536,2014-06-21,1044.95
537,2014-06-22,1044.76
538,2014-06-23,1044.93
539,2014-06-24,1044.69
540,2014-06-25,1044.65
541,2014-06-26,1044.86
542,2014-06-27,1045.15
543,2014-06-28,1044.88
544,2014-06-29,1044.77
545,2014-06-30,1044.53
546,2014-07-01,1044.82
547,2014-07-02,1045.0
548,2014-07-03,1045.05
549,2014-07-04,1044.76
550,2014-07-05,1044.25
551,2014-07-06,1044.28
552,2014-07-07,1044.35
553,2014-07-08,1044.43
554,2014-07-09,1044.34
555,2014-07-10,1044.08
556,2014-07-11,1043.92
557,2014-07-12,1043.42
558,2014-07-13,1043.09
559,2014-07-14,1042.85
560,2014-07-15,1042.42
561,2014-07-16,1041.86
562,2014-07-17,1041.3
563,2014-07-18,1040.75
564,2014-07-19,1040.16
565,2014-07-20,1039.68
566,2014-07-21,1039.29
567,2014-07-22,1038.89
568,2014-07-23,1038.59
569,2014-07-24,1038.5
570,2014-07-25,1038.1
571,2014-07-26,1037.63
572,2014-07-27,1037.14
573,2014-07-28,1036.57
574,2014-07-29,1035.74
575,2014-07-30,1035.16
576,2014-07-31,1034.36
577,2014-08-01,1033.47
578,2014-08-02,1033.95
579,2014-08-03,1033.85
580,2014-08-04,1033.83
581,2014-08-05,1032.78
582,2014-08-06,1031.47
583,2014-08-07,1030.43
584,2014-08-08,1029.5
585,2014-08-09,1028.53
586,2014-08-10,1027.55
587,2014-08-11,1026.56
588,2014-08-12,1025.55
589,2014-08-13,1024.46
590,2014-08-14,1023.36
591,2014-08-15,1022.99
592,2014-08-16,1022.58
593,2014-08-17,1022.18
594,2014-08-18,1020.19
595,2014-08-19,1019.14
596,2014-08-20,1017.84
597,2014-08-21,1016.31
598,2014-08-22,1015.21
599,2014-08-23,1014.36
600,2014-08-24,1012.95
601,2014-08-25,1011.8
602,2014-08-26,1010.9
603,2014-08-27,1009.97
604,2014-08-28,1009.02
605,2014-08-29,1008.96
606,2014-08-30,1008.82
607,2014-08-31,1008.66
608,2014-09-01,1008.42
609,2014-09-02,1007.63
610,2014-09-03,1006.48
611,2014-09-04,1005.24
612,2014-09-05,1003.89
613,2014-09-06,1002.53
614,2014-09-07,1001.17
615,2014-09-08,999.94
616,2014-09-09,999.28
617,2014-09-10,998.61
618,2014-09-11,998.15
619,2014-09-12,997.98
620,2014-09-13,998.03
621,2014-09-14,998.08
622,2014-09-15,997.49
623,2014-09-16,994.59
624,2014-09-17,991.09
625,2014-09-18,989.16
626,2014-09-19,989.67
627,2014-09-20,990.16
628,2014-09-21,990.64
629,2014-09-22,991.12
630,2014-09-23,991.6
631,2014-09-24,992.4
632,2014-09-25,992.99
633,2014-09-26,993.52
634,2014-09-27,994.0
635,2014-09-28,994.47
636,2014-09-29,994.99
637,2014-09-30,994.89
638,2014-10-01,993.57
639,2014-10-02,991.96
640,2014-10-03,990.08
641,2014-10-04,988.15
642,2014-10-05,985.39
643,2014-10-06,985.17
644,2014-10-07,985.19
645,2014-10-08,985.23
646,2014-10-09,985.04
647,2014-10-10,984.47
648,2014-10-11,984.02
649,2014-10-12,983.61
650,2014-10-13,983.08
651,2014-10-14,982.94
652,2014-10-15,983.25
653,2014-10-16,983.18
654,2014-10-17,982.86
655,2014-10-18,983.38
656,2014-10-19,983.19
657,2014-10-20,983.65
658,2014-10-21,984.87
659,2014-10-22,991.53
660,2014-10-23,1003.24
661,2014-10-24,1008.26
662,2014-10-25,1011.55
663,2014-10-26,1019.65
664,2014-10-27,1023.25
665,2014-10-28,1023.97
666,2014-10-29,1030.75
667,2014-10-30,1034.11
668,2014-10-31,1034.21
669,2014-11-01,1035.07
670,2014-11-02,1035.35
671,2014-11-03,1035.46
672,2014-11-04,1036.44
673,2014-11-05,1035.41
674,2014-11-06,1035.0
675,2014-11-07,1033.71
676,2014-11-08,1031.03
677,2014-11-09,1028.44
678,2014-11-10,1027.05
679,2014-11-11,1029.34
680,2014-11-12,1029.46
681,2014-11-13,1028.39
682,2014-11-14,1029.04
683,2014-11-15,1030.46
684,2014-11-16,1031.71
685,2014-11-17,1031.62
686,2014-11-18,1031.47
687,2014-11-19,1030.95
688,2014-11-20,1030.97
689,2014-11-21,1032.82
690,2014-11-22,1033.47
691,2014-11-23,1035.02
692,2014-11-24,1035.13
693,2014-11-25,1036.65
694,2014-11-26,1035.49
695,2014-11-27,1035.64
696,2014-11-28,1038.43
697,2014-11-29,1036.17
698,2014-11-30,1034.02
699,2014-12-01,1033.91
700,2014-12-02,1032.77
701,2014-12-03,1032.77
702,2014-12-04,1034.9
703,2014-12-05,1034.72
704,2014-12-06,1034.96
705,2014-12-07,1034.19
706,2014-12-08,1034.29
707,2014-12-09,1035.55
708,2014-12-10,1034.5
709,2014-12-11,1034.15
710,2014-12-12,1035.04
711,2014-12-13,1034.65
712,2014-12-14,1035.03
713,2014-12-15,1034.98
714,2014-12-16,1034.79
715,2014-12-17,1034.82
716,2014-12-18,1034.64
717,2014-12-19,1034.72
718,2014-12-20,1041.44
719,2014-12-21,1038.76
720,2014-12-22,1036.78
721,2014-12-23,1035.24
722,2014-12-24,1034.88
723,2014-12-25,1034.63
724,2014-12-26,1034.19
725,2014-12-27,1035.51
726,2014-12-28,1035.57
727,2014-12-29,1035.23
728,2014-12-30,1034.37
729,2014-12-31,1034.72
730,2015-01-01,1034.45
731,2015-01-02,1034.96
732,2015-01-03,1034.86
733,2015-01-04,1036.16
734,2015-01-05,1037.96
735,2015-01-06,1035.34
736,2015-01-07,1035.48
737,2015-01-08,1035.22
738,2015-01-09,1034.98
739,2015-01-10,1034.53
740,2015-01-11,1035.15
741,2015-01-12,1035.22
742,2015-01-13,1035.01
743,2015-01-14,1034.97
744,2015-01-15,1034.68
745,2015-01-16,1034.64
746,2015-01-17,1037.34
747,2015-01-18,1037.52
748,2015-01-19,1035.69
749,2015-01-20,1035.71
750,2015-01-21,1035.18
751,2015-01-22,1034.98
752,2015-01-23,1034.72
753,2015-01-24,1035.12
754,2015-01-25,1035.02
755,2015-01-26,1035.4
756,2015-01-27,1035.04
757,2015-01-28,1035.12
758,2015-01-29,1035.03
759,2015-01-30,1035.23
760,2015-01-31,1034.89
761,2015-02-01,1034.99
762,2015-02-02,1035.42
763,2015-02-03,1033.93
764,2015-02-04,1034.02
765,2015-02-05,1034.26
766,2015-02-06,1034.76
767,2015-02-07,1034.67
768,2015-02-08,1034.34
769,2015-02-09,1036.72
770,2015-02-10,1037.23
771,2015-02-11,1035.46
772,2015-02-12,1035.23
773,2015-02-13,1034.86
774,2015-02-14,1035.04
775,2015-02-15,1035.18
776,2015-02-16,1035.31
777,2015-02-17,1035.14
778,2015-02-18,1035.05
779,2015-02-19,1035.05
780,2015-02-20,1035.02
781,2015-02-21,1035.05
782,2015-02-22,1034.95
783,2015-02-23,1034.79
784,2015-02-24,1034.66
785,2015-02-25,1034.82
786,2015-02-26,1034.8
787,2015-02-27,1035.1
788,2015-02-28,1034.91
789,2015-03-01,1034.99
790,2015-03-02,1034.93
791,2015-03-03,1035.25
792,2015-03-04,1035.69
793,2015-03-05,1036.06
794,2015-03-06,1036.33
795,2015-03-07,1036.58
796,2015-03-08,1036.72
797,2015-03-09,1036.85
798,2015-03-10,1036.94
799,2015-03-11,1036.98
800,2015-03-12,1037.23
801,2015-03-13,1036.67
802,2015-03-14,1040.49
803,2015-03-15,1042.87
804,2015-03-16,1042.59
805,2015-03-17,1042.31
806,2015-03-18,1043.17
807,2015-03-19,1043.21
808,2015-03-20,1042.99
809,2015-03-21,1043.07
810,2015-03-22,1043.32
811,2015-03-23,1043.11
812,2015-03-24,1043.98
813,2015-03-25,1043.91
814,2015-03-26,1043.27
815,2015-03-27,1043.14
816,2015-03-28,1043.15
817,2015-03-29,1043.1
818,2015-03-30,1042.99
819,2015-03-31,1043.24
820,2015-04-01,1043.14
821,2015-04-02,1043.05
822,2015-04-03,1042.99
823,2015-04-04,1042.75
824,2015-04-05,1042.76
825,2015-04-06,1042.9
826,2015-04-07,1042.92
827,2015-04-08,1043.16
828,2015-04-09,1043.2
829,2015-04-10,1043.01
830,2015-04-11,1043.39
831,2015-04-12,1042.96
832,2015-04-13,1043.02
833,2015-04-14,1043.17
834,2015-04-15,1043.0
835,2015-04-16,1043.25
836,2015-04-17,1043.35
837,2015-04-18,1043.19
838,2015-04-19,1043.14
839,2015-04-20,1043.03
840,2015-04-21,1042.9
841,2015-04-22,1043.12
842,2015-04-23,1043.1
843,2015-04-24,1042.97
844,2015-04-25,1043.07
845,2015-04-26,1043.26
846,2015-04-27,1043.35
847,2015-04-28,1043.24
848,2015-04-29,1043.07
849,2015-04-30,1043.19
850,2015-05-01,1043.65
851,2015-05-02,1043.68
852,2015-05-03,1044.02
853,2015-05-04,1044.0
854,2015-05-05,1044.22
855,2015-05-06,1044.41
856,2015-05-07,1044.18
857,2015-05-08,1044.08
858,2015-05-09,1043.6
859,2015-05-10,1043.51
860,2015-05-11,1043.45
861,2015-05-12,1043.7
862,2015-05-13,1043.99
863,2015-05-14,1044.01
864,2015-05-15,1044.18
865,2015-05-16,1044.17
866,2015-05-17,1044.07
867,2015-05-18,1043.99
868,2015-05-19,1043.97
869,2015-05-20,1043.9
870,2015-05-21,1043.89
871,2015-05-22,1043.88
872,2015-05-23,1043.64
873,2015-05-24,1043.44
874,2015-05-25,1043.58
875,2015-05-26,1043.21
876,2015-05-27,1042.89
877,2015-05-28,1042.71
878,2015-05-29,1041.69
879,2015-05-30,1041.02
880,2015-05-31,1040.49
881,2015-06-01,1039.99
882,2015-06-02,1039.97
883,2015-06-03,1040.21
884,2015-06-04,1040.31
885,2015-06-05,1040.28
886,2015-06-06,1040.11
887,2015-06-07,1039.71
888,2015-06-08,1039.12
889,2015-06-09,1038.52
890,2015-06-10,1038.09
891,2015-06-11,1037.83
892,2015-06-12,1037.45
893,2015-06-13,1037.21
894,2015-06-14,1036.83
895,2015-06-15,1036.33
896,2015-06-16,1036.02
897,2015-06-17,1035.47
898,2015-06-18,1035.0
899,2015-06-19,1034.51
900,2015-06-20,1033.91
901,2015-06-21,1033.42
902,2015-06-22,1032.87
903,2015-06-23,1032.43
904,2015-06-24,1031.77
905,2015-06-25,1031.08
906,2015-06-26,1030.49
907,2015-06-27,1030.02
908,2015-06-28,1029.43
909,2015-06-29,1028.75
910,2015-06-30,1027.78
911,2015-07-01,1026.86
912,2015-07-02,1025.89
913,2015-07-03,1024.63
914,2015-07-04,1023.82
915,2015-07-05,1023.02
916,2015-07-06,1021.79
917,2015-07-07,1020.72
918,2015-07-08,1019.59
919,2015-07-09,1018.5
920,2015-07-10,1017.6
921,2015-07-11,1016.72
922,2015-07-12,1015.85
923,2015-07-13,1014.97
924,2015-07-14,1013.81
925,2015-07-15,1012.87
926,2015-07-16,1011.94
927,2015-07-17,1012.35
928,2015-07-18,1012.74
929,2015-07-19,1012.32
930,2015-07-20,1011.77
931,2015-07-21,1010.59
932,2015-07-22,1009.41
933,2015-07-23,1008.41
934,2015-07-24,1007.51
935,2015-07-25,1006.66
936,2015-07-26,1005.84
937,2015-07-27,1004.96
938,2015-07-28,1004.06
939,2015-07-29,1003.16
940,2015-07-30,1002.14
941,2015-07-31,1001.03
942,2015-08-01,999.92
943,2015-08-02,998.79
944,2015-08-03,997.85
945,2015-08-04,997.04
946,2015-08-05,996.24
947,2015-08-06,995.68
948,2015-08-07,995.22
949,2015-08-08,994.65
950,2015-08-09,994.09
951,2015-08-10,993.53
952,2015-08-11,992.66
953,2015-08-12,991.42
954,2015-08-13,990.14
955,2015-08-14,989.13
956,2015-08-15,988.34
957,2015-08-16,987.54
958,2015-08-17,986.83
959,2015-08-18,986.17
960,2015-08-19,985.5
961,2015-08-20,984.82
962,2015-08-21,983.97
963,2015-08-22,983.11
964,2015-08-23,982.22
965,2015-08-24,981.13
966,2015-08-25,979.9
967,2015-08-26,978.64
968,2015-08-27,977.08
969,2015-08-28,976.04
970,2015-08-29,976.67
971,2015-08-30,978.25
972,2015-08-31,978.86
973,2015-09-01,978.66
974,2015-09-02,978.48
975,2015-09-03,977.89
976,2015-09-04,977.3
977,2015-09-05,976.55
978,2015-09-06,975.85
979,2015-09-07,975.17
980,2015-09-08,974.42
981,2015-09-09,973.63
982,2015-09-10,972.83
983,2015-09-11,972.23
984,2015-09-12,971.85
985,2015-09-13,971.45
986,2015-09-14,971.04
987,2015-09-15,970.65
988,2015-09-16,970.25
989,2015-09-17,971.29
990,2015-09-18,972.7
991,2015-09-19,973.47
992,2015-09-20,974.14
993,2015-09-21,974.77
994,2015-09-22,975.37
995,2015-09-23,975.96
996,2015-09-24,976.52
997,2015-09-25,977.07
998,2015-09-26,977.61
999,2015-09-27,978.13
1000,2015-09-28,978.64
1001,2015-09-29,979.13
1002,2015-09-30,979.61
1003,2015-10-01,980.1
1004,2015-10-02,980.58
1005,2015-10-03,981.08
1006,2015-10-04,981.56
1007,2015-10-05,982.02
1008,2015-10-06,982.47
1009,2015-10-07,982.97
1010,2015-10-08,983.45
1011,2015-10-09,983.93
1012,2015-10-10,984.79
1013,2015-10-11,986.79
1014,2015-10-12,987.55
1015,2015-10-13,988.15
1016,2015-10-14,988.68
1017,2015-10-15,989.18
1018,2015-10-16,989.65
1019,2015-10-17,990.13
1020,2015-10-18,990.62
1021,2015-10-19,991.13
1022,2015-10-20,991.22
1023,2015-10-21,990.42
1024,2015-10-22,989.63
1025,2015-10-23,987.43
1026,2015-10-24,987.91
1027,2015-10-25,988.51
1028,2015-10-26,989.64
1029,2015-10-27,990.38
1030,2015-10-28,990.54
1031,2015-10-29,990.22
1032,2015-10-30,996.77
1033,2015-10-31,1008.77
1034,2015-11-01,1025.78
1035,2015-11-02,1030.175
1036,2015-11-03,1034.57
1037,2015-11-04,1032.65
1038,2015-11-05,1029.85
1039,2015-11-06,1026.68
1040,2015-11-07,1023.6
1041,2015-11-08,1023.34
1042,2015-11-09,1021.93
1043,2015-11-10,1019.35
1044,2015-11-11,1021.44
1045,2015-11-12,1022.51
1046,2015-11-13,1027.52
1047,2015-11-14,1030.59
1048,2015-11-15,1029.94
1049,2015-11-16,1030.44
1050,2015-11-17,1043.13
1051,2015-11-18,1039.44
1052,2015-11-19,1039.44
1053,2015-11-20,1036.39
1054,2015-11-21,1034.56
1055,2015-11-22,1032.16
1056,2015-11-23,1031.03
1057,2015-11-24,1032.68
1058,2015-11-25,1033.76
1059,2015-11-26,1033.87
1060,2015-11-27,1034.13
1061,2015-11-28,1033.47
1062,2015-11-29,1032.75
1063,2015-11-30,1031.87
1064,2015-12-01,1031.77
1065,2015-12-02,1032.66
1066,2015-12-03,1033.55
1067,2015-12-04,1033.95
1068,2015-12-05,1030.3
1069,2015-12-06,1029.9
1070,2015-12-07,1041.51
1071,2015-12-08,1039.57
1072,2015-12-09,1038.44
1073,2015-12-10,1036.81
1074,2015-12-11,1035.64
1075,2015-12-12,1036.99
1076,2015-12-13,1036.55
1077,2015-12-14,1035.0
1078,2015-12-15,1035.7
1079,2015-12-16,1035.12
1080,2015-12-17,1037.2
1081,2015-12-18,1037.94
1082,2015-12-19,1035.51
1083,2015-12-20,1035.7
1084,2015-12-21,1038.73
1085,2015-12-22,1038.5
1086,2015-12-23,1038.16
1087,2015-12-24,1034.52
1088,2015-12-25,1034.54
1089,2015-12-26,1034.46
1090,2015-12-27,1034.91
1091,2015-12-28,1034.97
1092,2015-12-29,1034.85
1093,2015-12-30,1034.8
1094,2015-12-31,1034.64
1095,2016-01-01,1034.89
1096,2016-01-02,1034.45
1097,2016-01-03,1034.44
1098,2016-01-04,1034.56
1099,2016-01-05,1034.62
1100,2016-01-06,1034.62
1101,2016-01-07,1034.41
1102,2016-01-08,1034.41
1103,2016-01-09,1034.31
1104,2016-01-10,1034.17
1105,2016-01-11,1034.05
1106,2016-01-12,1035.33
1107,2016-01-13,1035.85
1108,2016-01-14,1035.65
1109,2016-01-15,1035.57
1110,2016-01-16,1035.76
1111,2016-01-17,1035.44
1112,2016-01-18,1035.02
1113,2016-01-19,1035.27
1114,2016-01-20,1035.35
1115,2016-01-21,1035.3
1116,2016-01-22,1035.76
1117,2016-01-23,1035.8
1118,2016-01-24,1035.73
1119,2016-01-25,1035.55
1120,2016-01-26,1035.13
1121,2016-01-27,1034.82
1122,2016-01-28,1037.65
1123,2016-01-29,1036.34
1124,2016-01-30,1035.68
1125,2016-01-31,1035.43
1126,2016-02-01,1034.9
1127,2016-02-02,1035.34
1128,2016-02-03,1035.28
1129,2016-02-04,1037.18
1130,2016-02-05,1035.85
1131,2016-02-06,1035.78
1132,2016-02-07,1035.46
1133,2016-02-08,1034.8
1134,2016-02-09,1034.99
1135,2016-02-10,1035.31
1136,2016-02-11,1034.99
1137,2016-02-12,1035.04
1138,2016-02-13,1034.51
1139,2016-02-14,1039.78
1140,2016-02-15,1036.88
1141,2016-02-16,1035.61
1142,2016-02-17,1036.28
1143,2016-02-18,1035.93
1144,2016-02-19,1035.62
1145,2016-02-20,1035.68
1146,2016-02-21,1035.25
1147,2016-02-22,1034.9
1148,2016-02-23,1035.08
1149,2016-02-24,1034.82
1150,2016-02-25,1035.1
1151,2016-02-26,1034.84
1152,2016-02-27,1035.21
1153,2016-02-28,1035.12
1154,2016-02-29,1035.02
1155,2016-03-01,1035.72
1156,2016-03-02,1035.36
1157,2016-03-03,1034.89
1158,2016-03-04,1034.85
1159,2016-03-05,1034.58
1160,2016-03-06,1035.08
1161,2016-03-07,1035.1
1162,2016-03-08,1035.04
1163,2016-03-09,1035.41
1164,2016-03-10,1035.66
1165,2016-03-11,1035.14
1166,2016-03-12,1035.11
1167,2016-03-13,1035.51
1168,2016-03-14,1035.39
1169,2016-03-15,1035.62
1170,2016-03-16,1035.58
1171,2016-03-17,1034.94
1172,2016-03-18,1034.67
1173,2016-03-19,1035.06
1174,2016-03-20,1035.3
1175,2016-03-21,1034.6
1176,2016-03-22,1034.81
1177,2016-03-23,1035.08
1178,2016-03-24,1035.63
1179,2016-03-25,1035.66
1180,2016-03-26,1035.09
1181,2016-03-27,1035.33
1182,2016-03-28,1035.2
1183,2016-03-29,1035.36
1184,2016-03-30,1035.54
1185,2016-03-31,1037.71
1186,2016-04-01,1039.63
1187,2016-04-02,1039.57
1188,2016-04-03,1039.17
1189,2016-04-04,1039.42
1190,2016-04-05,1039.06
1191,2016-04-06,1038.92
1192,2016-04-07,1039.14
1193,2016-04-08,1039.65
1194,2016-04-09,1040.05
1195,2016-04-10,1040.1
1196,2016-04-11,1039.95
1197,2016-04-12,1040.69
1198,2016-04-13,1040.6
1199,2016-04-14,1040.92
1200,2016-04-15,1040.98
1201,2016-04-16,1040.92
1202,2016-04-17,1040.99
1203,2016-04-18,1040.88
1204,2016-04-19,1040.37
1205,2016-04-20,1040.62
1206,2016-04-21,1041.01
1207,2016-04-22,1040.82
1208,2016-04-23,1041.09
1209,2016-04-24,1041.07
1210,2016-04-25,1041.1
1211,2016-04-26,1040.41
1212,2016-04-27,1040.32
1213,2016-04-28,1040.69
1214,2016-04-29,1041.05
1215,2016-04-30,1041.49
1216,2016-05-01,1041.84
1217,2016-05-02,1042.09
1218,2016-05-03,1041.93
1219,2016-05-04,1041.6
1220,2016-05-05,1041.77
1221,2016-05-06,1041.27
1222,2016-05-07,1040.92
1223,2016-05-08,1040.44
1224,2016-05-09,1041.2
1225,2016-05-10,1041.49
1226,2016-05-11,1041.02
1227,2016-05-12,1039.57
1228,2016-05-13,1037.75
1229,2016-05-14,1036.77
1230,2016-05-15,1037.61
1231,2016-05-16,1037.13
1232,2016-05-17,1037.51
1233,2016-05-18,1037.16
1234,2016-05-19,1036.94
1235,2016-05-20,1036.97
1236,2016-05-21,1037.15
1237,2016-05-22,1038.9
1238,2016-05-23,1039.32
1239,2016-05-24,1040.18
1240,2016-05-25,1040.58
1241,2016-05-26,1041.06
1242,2016-05-27,1041.45
1243,2016-05-28,1041.31
1244,2016-05-29,1041.11
1245,2016-05-30,1040.65
1246,2016-05-31,1040.51
1247,2016-06-01,1040.34
1248,2016-06-02,1040.25
1249,2016-06-03,1039.9
1250,2016-06-04,1039.87
1251,2016-06-05,1039.48
1252,2016-06-06,1039.23
1253,2016-06-07,1039.06
1254,2016-06-08,1038.41
1255,2016-06-09,1037.93
1256,2016-06-10,1038.03
1257,2016-06-11,1038.2
1258,2016-06-12,1038.14
1259,2016-06-13,1038.02
1260,2016-06-14,1038.76
1261,2016-06-15,1040.25
1262,2016-06-16,1040.61
1263,2016-06-17,1040.91
1264,2016-06-18,1041.38
1265,2016-06-19,1041.81
1266,2016-06-20,1041.9
1267,2016-06-21,1042.14
1268,2016-06-22,1042.12
1269,2016-06-23,1042.52
1270,2016-06-24,1044.91
1271,2016-06-25,1045.25
1272,2016-06-26,1044.95
1273,2016-06-27,1044.95
1274,2016-06-28,1045.08
1275,2016-06-29,1045.03
1276,2016-06-30,1045.06
1277,2016-07-01,1045.13
1278,2016-07-02,1044.89
1279,2016-07-03,1044.44
1280,2016-07-04,1044.0
1281,2016-07-05,1043.8
1282,2016-07-06,1043.47
1283,2016-07-07,1042.93
1284,2016-07-08,1042.82
1285,2016-07-09,1043.18
1286,2016-07-10,1043.32
1287,2016-07-11,1043.04
1288,2016-07-12,1042.89
1289,2016-07-13,1042.62
1290,2016-07-14,1042.29
1291,2016-07-15,1041.5
1292,2016-07-16,1040.93
1293,2016-07-17,1040.13
1294,2016-07-18,1039.93
1295,2016-07-19,1039.61
1296,2016-07-20,1040.09
1297,2016-07-21,1038.97
1298,2016-07-22,1038.32
1299,2016-07-23,1037.88
1300,2016-07-24,1037.65
1301,2016-07-25,1037.39
1302,2016-07-26,1036.92
1303,2016-07-27,1036.46
1304,2016-07-28,1035.86
1305,2016-07-29,1035.34
1306,2016-07-30,1035.1
1307,2016-07-31,1034.19
1308,2016-08-01,1033.86
1309,2016-08-02,1033.51
1310,2016-08-03,1033.13
1311,2016-08-04,1032.66
1312,2016-08-05,1032.52
1313,2016-08-06,1031.97
1314,2016-08-07,1031.46
1315,2016-08-08,1031.05
1316,2016-08-09,1030.67
1317,2016-08-10,1030.39
1318,2016-08-11,1029.79
1319,2016-08-12,1029.1
1320,2016-08-13,1028.35
1321,2016-08-14,1027.58
1322,2016-08-15,1027.12
1323,2016-08-16,1026.32
1324,2016-08-17,1026.05
1325,2016-08-18,1025.5
1326,2016-08-19,1024.49
1327,2016-08-20,1022.88
1328,2016-08-21,1021.43
1329,2016-08-22,1020.74
1330,2016-08-23,1020.04
1331,2016-08-24,1019.33
1332,2016-08-25,1018.62
1333,2016-08-26,1017.48
1334,2016-08-27,1016.15
1335,2016-08-28,1014.88
1336,2016-08-29,1014.07
1337,2016-08-30,1013.27
1338,2016-08-31,1012.5
1339,2016-09-01,1011.72
1340,2016-09-02,1011.12
1341,2016-09-03,1010.47
1342,2016-09-04,1009.78
1343,2016-09-05,1009.16
1344,2016-09-06,1008.72
1345,2016-09-07,1008.2
1346,2016-09-08,1007.61
1347,2016-09-09,1006.99
1348,2016-09-10,1006.33
1349,2016-09-11,1005.63
1350,2016-09-12,1004.79
1351,2016-09-13,1003.59
1352,2016-09-14,1002.52
1353,2016-09-15,1001.45
1354,2016-09-16,1000.19
1355,2016-09-17,999.17
1356,2016-09-18,998.85
1357,2016-09-19,999.65
1358,2016-09-20,1000.26
1359,2016-09-21,1000.81
1360,2016-09-22,1001.32
1361,2016-09-23,999.77
1362,2016-09-24,997.04
1363,2016-09-25,997.57
1364,2016-09-26,998.08
1365,2016-09-27,998.56
1366,2016-09-28,999.02
1367,2016-09-29,999.47
1368,2016-09-30,999.91
1369,2016-10-01,1000.37
1370,2016-10-02,1000.82
1371,2016-10-03,1000.12
1372,2016-10-04,1000.83
1373,2016-10-05,1003.14
1374,2016-10-06,1005.53
1375,2016-10-07,1011.01
1376,2016-10-08,1016.08
1377,2016-10-09,1027.64
1378,2016-10-10,1033.95
1379,2016-10-11,1032.05
1380,2016-10-12,1033.43
1381,2016-10-13,1036.18
1382,2016-10-14,1036.62
1383,2016-10-15,1036.9
1384,2016-10-16,1035.63
1385,2016-10-17,1036.68
1386,2016-10-18,1035.11
1387,2016-10-19,1034.74
1388,2016-10-20,1035.27
1389,2016-10-21,1034.37
1390,2016-10-22,1032.79
1391,2016-10-23,1031.31
1392,2016-10-24,1032.49
1393,2016-10-25,1034.08
1394,2016-10-26,1035.35
1395,2016-10-27,1035.28
1396,2016-10-28,1035.07
1397,2016-10-29,1034.52
1398,2016-10-30,1034.65
1399,2016-10-31,1034.91
1400,2016-11-01,1035.2
1401,2016-11-02,1035.01
1402,2016-11-03,1035.16
1403,2016-11-04,1034.41
1404,2016-11-05,1034.48
1405,2016-11-06,1035.02
1406,2016-11-07,1035.13
1407,2016-11-08,1035.04
1408,2016-11-09,1034.88
1409,2016-11-10,1034.83
1410,2016-11-11,1033.63
1411,2016-11-12,1028.71
1412,2016-11-13,1025.24
1413,2016-11-14,1028.1
1414,2016-11-15,1034.8
1415,2016-11-16,1035.21
1416,2016-11-17,1034.98
1417,2016-11-18,1034.5
1418,2016-11-19,1032.64
1419,2016-11-20,1030.37
1420,2016-11-21,1030.58
1421,2016-11-22,1031.09
1422,2016-11-23,1033.32
1423,2016-11-24,1034.8
1424,2016-11-25,1035.75
1425,2016-11-26,1035.04
1426,2016-11-27,1035.75
1427,2016-11-28,1035.61
1428,2016-11-29,1035.31
1429,2016-11-30,1035.64
1430,2016-12-01,1035.64
1431,2016-12-02,1035.02
1432,2016-12-03,1034.96
1433,2016-12-04,1035.97
1434,2016-12-05,1035.65
1435,2016-12-06,1034.66
1436,2016-12-07,1034.77
1437,2016-12-08,1034.48
1438,2016-12-09,1034.89
1439,2016-12-10,1035.7
1440,2016-12-11,1035.42
1441,2016-12-12,1034.4
1442,2016-12-13,1034.6
1443,2016-12-14,1034.76
1444,2016-12-15,1034.81
1445,2016-12-16,1032.82
1446,2016-12-17,1030.75
1447,2016-12-18,1030.98
1448,2016-12-19,1030.33
1449,2016-12-20,1037.43
1450,2016-12-21,1035.14
1451,2016-12-22,1034.96
1452,2016-12-23,1035.22
1453,2016-12-24,1035.51
1454,2016-12-25,1034.85
1455,2016-12-26,1034.45
1456,2016-12-27,1034.93
1457,2016-12-28,1035.11
1458,2016-12-29,1034.33
1459,2016-12-30,1034.66
1460,2016-12-31,1034.8
1461,2017-01-01,1034.78
1462,2017-01-02,1034.64
1463,2017-01-03,1034.53
1464,2017-01-04,1035.43
1465,2017-01-05,1034.85
1466,2017-01-06,1034.6
1467,2017-01-07,1034.6
1468,2017-01-08,1034.65
1469,2017-01-09,1034.85
1470,2017-01-10,1034.65
1471,2017-01-11,1034.84
1472,2017-01-12,1034.96
1473,2017-01-13,1034.5
1474,2017-01-14,1033.99
1475,2017-01-15,1034.11
1476,2017-01-16,1034.22
1477,2017-01-17,1034.47
1478,2017-01-18,1035.29
1479,2017-01-19,1035.63
1480,2017-01-20,1035.22
1481,2017-01-21,1035.18
1482,2017-01-22,1035.03
1483,2017-01-23,1035.03
1484,2017-01-24,1034.72
1485,2017-01-25,1034.87
1486,2017-01-26,1034.91
1487,2017-01-27,1035.05
1488,2017-01-28,1034.97
1489,2017-01-29,1034.93
1490,2017-01-30,1034.52
1491,2017-01-31,1035.04
1492,2017-02-01,1034.85
1493,2017-02-02,1034.66
1494,2017-02-03,1034.76
1495,2017-02-04,1035.81
1496,2017-02-05,1036.34
1497,2017-02-06,1035.53
1498,2017-02-07,1035.3
1499,2017-02-08,1036.13
1500,2017-02-09,1038.92
1501,2017-02-10,1036.73
1502,2017-02-11,1034.72
1503,2017-02-12,1035.0
1504,2017-02-13,1035.11
1505,2017-02-14,1035.11
1506,2017-02-15,1035.68
1507,2017-02-16,1038.36
1508,2017-02-17,1036.11
1509,2017-02-18,1035.92
1510,2017-02-19,1035.94
1511,2017-02-20,1036.0
1512,2017-02-21,1035.93
1513,2017-02-22,1035.56
1514,2017-02-23,1035.25
1515,2017-02-24,1035.28
1516,2017-02-25,1034.99
1517,2017-02-26,1034.81
1518,2017-02-27,1035.01
1519,2017-02-28,1034.37
1520,2017-03-01,1034.59
1521,2017-03-02,1034.4
1522,2017-03-03,1035.31
1523,2017-03-04,1034.89
1524,2017-03-05,1035.02
1525,2017-03-06,1034.8
1526,2017-03-07,1034.91
1527,2017-03-08,1036.5
1528,2017-03-09,1040.3
1529,2017-03-10,1037.47
1530,2017-03-11,1036.13
1531,2017-03-12,1035.61
1532,2017-03-13,1037.14
1533,2017-03-14,1037.5
1534,2017-03-15,1038.01
1535,2017-03-16,1036.52
1536,2017-03-17,1035.29
1537,2017-03-18,1036.46
1538,2017-03-19,1035.71
1539,2017-03-20,1035.31
1540,2017-03-21,1035.71
1541,2017-03-22,1035.69
1542,2017-03-23,1035.34
1543,2017-03-24,1036.03
1544,2017-03-25,1035.74
1545,2017-03-26,1035.84
1546,2017-03-27,1035.73
1547,2017-03-28,1035.67
1548,2017-03-29,1036.84
1549,2017-03-30,1035.8
1550,2017-03-31,1035.62
1551,2017-04-01,1035.5
1552,2017-04-02,1034.84
1553,2017-04-03,1035.01
1554,2017-04-04,1034.87
1555,2017-04-05,1035.16
1556,2017-04-06,1035.13
1557,2017-04-07,1035.11
1558,2017-04-08,1034.92
1559,2017-04-09,1035.08
1560,2017-04-10,1034.79
1561,2017-04-11,1034.66
1562,2017-04-12,1036.44
1563,2017-04-13,1038.07
1564,2017-04-14,1039.14
1565,2017-04-15,1038.95
1566,2017-04-16,1039.38
1567,2017-04-17,1039.11
1568,2017-04-18,1038.91
1569,2017-04-19,1038.85
1570,2017-04-20,1038.98
1571,2017-04-21,1039.77
1572,2017-04-22,1040.14
1573,2017-04-23,1040.07
1574,2017-04-24,1040.61
1575,2017-04-25,1040.24
1576,2017-04-26,1040.82
1577,2017-04-27,1040.17
1578,2017-04-28,1040.14
1579,2017-04-29,1039.98
1580,2017-04-30,1040.75
1581,2017-05-01,1040.46
1582,2017-05-02,1040.49
1583,2017-05-03,1040.31
1584,2017-05-04,1040.74
1585,2017-05-05,1040.71
1586,2017-05-06,1040.28
1587,2017-05-07,1039.97
1588,2017-05-08,1040.16
1589,2017-05-09,1040.24
1590,2017-05-10,1040.24
1591,2017-05-11,1040.23
1592,2017-05-12,1040.15
1593,2017-05-13,1040.29
1594,2017-05-14,1040.35
1595,2017-05-15,1040.03
1596,2017-05-16,1042.11
1597,2017-05-17,1042.98
1598,2017-05-18,1043.27
1599,2017-05-19,1042.69
1600,2017-05-20,1041.85
1601,2017-05-21,1042.34
1602,2017-05-22,1042.23
1603,2017-05-23,1042.11
1604,2017-05-24,1041.85
1605,2017-05-25,1041.76
1606,2017-05-26,1042.26
1607,2017-05-27,1042.87
1608,2017-05-28,1043.61
1609,2017-05-29,1043.94
1610,2017-05-30,1044.07
1611,2017-05-31,1044.17
1612,2017-06-01,1044.07
1613,2017-06-02,1044.29
1614,2017-06-03,1044.39
1615,2017-06-04,1044.24
1616,2017-06-05,1044.72
1617,2017-06-06,1044.4
1618,2017-06-07,1044.28
1619,2017-06-08,1044.5
1620,2017-06-09,1044.82
1621,2017-06-10,1044.92
1622,2017-06-11,1044.93
1623,2017-06-12,1044.88
1624,2017-06-13,1045.3
1625,2017-06-14,1044.83
1626,2017-06-15,1045.2
1627,2017-06-16,1045.26
1628,2017-06-17,1044.89
1629,2017-06-18,1044.8
1630,2017-06-19,1044.74
1631,2017-06-20,1044.73
1632,2017-06-21,1044.88
1633,2017-06-22,1044.96
1634,2017-06-23,1045.05
1635,2017-06-24,1044.96
1636,2017-06-25,1044.77
1637,2017-06-26,1044.72
1638,2017-06-27,1044.64
1639,2017-06-28,1044.64
1640,2017-06-29,1044.37
1641,2017-06-30,1044.65
1642,2017-07-01,1044.41
1643,2017-07-02,1044.16
1644,2017-07-03,1044.08
1645,2017-07-04,1043.89
1646,2017-07-05,1043.57
1647,2017-07-06,1043.18
1648,2017-07-07,1042.98
1649,2017-07-08,1042.56
1650,2017-07-09,1042.13
1651,2017-07-10,1040.86
1652,2017-07-11,1041.42
1653,2017-07-12,1040.96
1654,2017-07-13,1040.47
1655,2017-07-14,1039.98
1656,2017-07-15,1039.47
1657,2017-07-16,1038.89
1658,2017-07-17,1038.35
1659,2017-07-18,1038.01
1660,2017-07-19,1037.24
1661,2017-07-20,1036.66
1662,2017-07-21,1036.13
1663,2017-07-22,1035.82
1664,2017-07-23,1035.43
1665,2017-07-24,1035.32
1666,2017-07-25,1034.77
1667,2017-07-26,1034.01
1668,2017-07-27,1033.14
1669,2017-07-28,1032.21
1670,2017-07-29,1031.26
1671,2017-07-30,1030.31
1672,2017-07-31,1029.43
1673,2017-08-01,1028.57
1674,2017-08-02,1027.7
1675,2017-08-03,1026.83
1676,2017-08-04,1025.66
1677,2017-08-05,1025.11
1678,2017-08-06,1024.31
1679,2017-08-07,1023.59
1680,2017-08-08,1022.72
1681,2017-08-09,1021.84
1682,2017-08-10,1020.94
1683,2017-08-11,1020.87
1684,2017-08-12,1020.25
1685,2017-08-13,1019.45
1686,2017-08-14,1018.62
1687,2017-08-15,1017.77
1688,2017-08-16,1016.35
1689,2017-08-17,1014.48
1690,2017-08-18,1013.42
1691,2017-08-19,1012.59
1692,2017-08-20,1011.73
1693,2017-08-21,1010.9
1694,2017-08-22,1010.04
1695,2017-08-23,1009.17
1696,2017-08-24,1008.28
1697,2017-08-25,1007.4
1698,2017-08-26,1006.51
1699,2017-08-27,1005.62
1700,2017-08-28,1004.7
1701,2017-08-29,1003.79
1702,2017-08-30,1002.86
1703,2017-08-31,1002.94
1704,2017-09-01,1003.37
1705,2017-09-02,1003.8
1706,2017-09-03,1004.21
1707,2017-09-04,1004.62
1708,2017-09-05,1004.16
1709,2017-09-06,1003.1
1710,2017-09-07,1002.13
1711,2017-09-08,1000.84
1712,2017-09-09,999.52
1713,2017-09-10,998.2
1714,2017-09-11,996.86
1715,2017-09-12,995.46
1716,2017-09-13,994.37
1717,2017-09-14,993.37
1718,2017-09-15,992.35
1719,2017-09-16,991.33
1720,2017-09-17,990.55
1721,2017-09-18,990.65
1722,2017-09-19,994.28
1723,2017-09-20,1000.6
1724,2017-09-21,1003.37
1725,2017-09-22,1004.92
1726,2017-09-23,1006.16
1727,2017-09-24,1006.99
1728,2017-09-25,1007.77
1729,2017-09-26,1008.51
1730,2017-09-27,1009.16
1731,2017-09-28,1009.77
1732,2017-09-29,1010.39
1733,2017-09-30,1011.2
1734,2017-10-01,1012.7
1735,2017-10-02,1010.72
1736,2017-10-03,1003.94
1737,2017-10-04,997.12
1738,2017-10-05,992.0
1739,2017-10-06,991.45
1740,2017-10-07,990.85
1741,2017-10-08,993.01
1742,2017-10-09,992.19
1743,2017-10-10,991.8
1744,2017-10-11,992.36
1745,2017-10-12,999.46
1746,2017-10-13,1006.04
1747,2017-10-14,1007.4
1748,2017-10-15,1006.43
1749,2017-10-16,1006.23
1750,2017-10-17,1008.21
1751,2017-10-18,1008.13
1752,2017-10-19,1011.41
1753,2017-10-20,1022.16
1754,2017-10-21,1038.66
1755,2017-10-22,1038.42
1756,2017-10-23,1035.22
1757,2017-10-24,1034.35
1758,2017-10-25,1035.08
1759,2017-10-26,1034.62
1760,2017-10-27,1034.44
1761,2017-10-28,1034.68
1762,2017-10-29,1033.82
1763,2017-10-30,1032.62
1764,2017-10-31,1032.23
1765,2017-11-01,1031.16
1766,2017-11-02,1028.72
1767,2017-11-03,1030.21
1768,2017-11-04,1032.06
1769,2017-11-05,1032.19
1770,2017-11-06,1031.74
1771,2017-11-07,1033.82
1772,2017-11-08,1035.14
1773,2017-11-09,1034.71
1774,2017-11-10,1035.42
1775,2017-11-11,1034.85
1776,2017-11-12,1034.36
1777,2017-11-13,1033.76
1778,2017-11-14,1032.55
1779,2017-11-15,1034.88
1780,2017-11-16,1034.8
1781,2017-11-17,1035.19
1782,2017-11-18,1033.4
1783,2017-11-19,1032.22
1784,2017-11-20,1037.6
1785,2017-11-21,1039.31
1786,2017-11-22,1039.03
1787,2017-11-23,1040.95
1788,2017-11-24,1039.26
1789,2017-11-25,1038.36
1790,2017-11-26,1038.45
1791,2017-11-27,1038.05
1792,2017-11-28,1034.22
1793,2017-11-29,1035.12
1794,2017-11-30,1034.32
1795,2017-12-01,1034.14
1796,2017-12-02,1032.59
1797,2017-12-03,1032.35
1798,2017-12-04,1032.79
1799,2017-12-05,1033.84
1800,2017-12-06,1034.21
1801,2017-12-07,1034.26
1802,2017-12-08,1034.27
1803,2017-12-09,1034.3
1804,2017-12-10,1034.67
1805,2017-12-11,1036.0
1806,2017-12-12,1035.23
1807,2017-12-13,1035.11
1808,2017-12-14,1034.92
1809,2017-12-15,1034.4
1810,2017-12-16,1034.86
1811,2017-12-17,1035.29
1812,2017-12-18,1035.44
1813,2017-12-19,1035.82
1814,2017-12-20,1034.63
1815,2017-12-21,1034.08
1816,2017-12-22,1034.94
1817,2017-12-23,1035.3
1818,2017-12-24,1035.11
1819,2017-12-25,1035.42
1820,2017-12-26,1035.23
1821,2017-12-27,1035.54
1822,2017-12-28,1036.39
1823,2017-12-29,1040.33
1824,2017-12-30,1037.11
1825,2017-12-31,1035.43
1826,2018-01-01,1034.95
