,datetime,148463_62614_32400,225215_00054_32400,225215_00054_32400_cd
0,2013-01-01,764.62,26970.0,
1,2013-01-02,764.27,26970.0,
2,2013-01-03,763.94,26970.0,
3,2013-01-04,763.71,26970.0,
4,2013-01-05,763.51,26970.0,
5,2013-01-06,763.42,26970.0,
6,2013-01-07,763.7,26970.0,
7,2013-01-08,765.68,26970.0,
8,2013-01-09,769.68,26970.0,
9,2013-01-10,769.04,26970.0,
10,2013-01-11,767.59,26970.0,
11,2013-01-12,767.16,26970.0,
12,2013-01-13,767.49,26970.0,
13,2013-01-14,767.67,26970.0,
14,2013-01-15,767.75,26970.0,
15,2013-01-16,767.75,26970.0,
16,2013-01-17,767.71,26970.0,
17,2013-01-18,767.65,26970.0,
18,2013-01-19,767.58,26970.0,
19,2013-01-20,767.58,26970.0,
20,2013-01-21,767.73,26970.0,
21,2013-01-22,767.87,26970.0,
22,2013-01-23,768.36,26970.0,
23,2013-01-24,768.86,26970.0,
24,2013-01-25,769.25,26970.0,
25,2013-01-26,769.62,26970.0,
26,2013-01-27,769.81,26970.0,
27,2013-01-28,769.95,26970.0,
28,2013-01-29,770.09,26970.0,
29,2013-01-30,770.29,26970.0,
30,2013-01-31,770.59,26970.0,
31,2013-02-01,770.86,26970.0,
32,2013-02-02,771.03,26970.0,
33,2013-02-03,771.0,26970.0,
34,2013-02-04,770.81,26970.0,
35,2013-02-05,771.03,26970.0,
36,2013-02-06,771.7,26970.0,
37,2013-02-07,772.33,26970.0,
38,2013-02-08,772.52,26970.0,
39,2013-02-09,772.52,26970.0,
40,2013-02-10,772.38,26970.0,
41,2013-02-11,772.15,26970.0,
42,2013-02-12,771.88,26970.0,
43,2013-02-13,771.62,26970.0,
44,2013-02-14,771.32,26970.0,
45,2013-02-15,770.99,26970.0,
46,2013-02-16,770.73,26970.0,
47,2013-02-17,770.44,26970.0,
48,2013-02-18,770.14,26970.0,
49,2013-02-19,769.78,26970.0,
50,2013-02-20,769.08,26970.0,
51,2013-02-21,767.72,26970.0,
52,2013-02-22,767.1,26970.0,
53,2013-02-23,766.6,26970.0,
54,2013-02-24,766.1,26970.0,
55,2013-02-25,765.7,26970.0,
56,2013-02-26,765.15,26970.0,
57,2013-02-27,764.51,26970.0,
58,2013-02-28,764.75,26970.0,
59,2013-03-01,766.7,26970.0,
60,2013-03-02,769.24,26970.0,
61,2013-03-03,770.63,26970.0,
62,2013-03-04,771.26,26970.0,
63,2013-03-05,771.66,26970.0,
64,2013-03-06,771.87,26970.0,
65,2013-03-07,771.62,26970.0,
66,2013-03-08,770.61,26970.0,
67,2013-03-09,769.52,26970.0,
68,2013-03-10,768.45,26970.0,
69,2013-03-11,767.32,26970.0,
70,2013-03-12,767.18,26970.0,
71,2013-03-13,768.32,26970.0,
72,2013-03-14,768.56,26970.0,
73,2013-03-15,769.12,26970.0,
74,2013-03-16,769.34,26970.0,
75,2013-03-17,769.17,26970.0,
76,2013-03-18,768.66,26970.0,
77,2013-03-19,768.09,26970.0,
78,2013-03-20,769.92,26970.0,
79,2013-03-21,769.51,26970.0,
80,2013-03-22,768.24,26970.0,
81,2013-03-23,766.57,26970.0,
82,2013-03-24,765.16,26970.0,
83,2013-03-25,764.14,26970.0,
84,2013-03-26,764.13,26970.0,
85,2013-03-27,764.38,26970.0,
86,2013-03-28,764.64,26970.0,
87,2013-03-29,764.89,26970.0,
88,2013-03-30,765.17,26970.0,
89,2013-03-31,765.54,26970.0,
90,2013-04-01,766.04,26970.0,
91,2013-04-02,766.46,26970.0,
92,2013-04-03,766.74,26970.0,
93,2013-04-04,767.53,26970.0,
94,2013-04-05,772.33,26970.0,
95,2013-04-06,776.79,26970.0,
96,2013-04-07,778.93,26970.0,
97,2013-04-08,779.08,26970.0,
98,2013-04-09,777.85,26970.0,
99,2013-04-10,777.24,26970.0,
100,2013-04-11,776.19,26970.0,
101,2013-04-12,775.82,26970.0,
102,2013-04-13,775.42,26970.0,
103,2013-04-14,775.8,26970.0,
104,2013-04-15,776.41,26970.0,
105,2013-04-16,776.91,26970.0,
106,2013-04-17,777.34,26970.0,
107,2013-04-18,777.75,26970.0,
108,2013-04-19,778.44,26970.0,
109,2013-04-20,779.11,26970.0,
110,2013-04-21,779.67,26970.0,
111,2013-04-22,780.12,26970.0,
112,2013-04-23,780.51,26970.0,
113,2013-04-24,780.86,26970.0,
114,2013-04-25,781.24,26970.0,
115,2013-04-26,781.7,26970.0,
116,2013-04-27,782.21,26970.0,
117,2013-04-28,782.77,26970.0,
118,2013-04-29,783.36,26970.0,
119,2013-04-30,783.72,26970.0,
120,2013-05-01,783.99,26970.0,
121,2013-05-02,784.22,26970.0,
122,2013-05-03,784.5,26970.0,
123,2013-05-04,784.91,26970.0,
124,2013-05-05,785.43,26970.0,
125,2013-05-06,786.06,26970.0,
126,2013-05-07,786.7,26970.0,
127,2013-05-08,787.27,26970.0,
128,2013-05-09,787.81,26970.0,
129,2013-05-10,788.4,26970.0,
130,2013-05-11,788.95,26970.0,
131,2013-05-12,789.84,26970.0,
132,2013-05-13,790.95,26970.0,
133,2013-05-14,791.61,26970.0,
134,2013-05-15,792.03,26970.0,
135,2013-05-16,792.41,26970.0,
136,2013-05-17,792.79,26970.0,
137,2013-05-18,793.18,26970.0,
138,2013-05-19,793.47,26970.0,
139,2013-05-20,793.7,26970.0,
140,2013-05-21,793.93,26970.0,
141,2013-05-22,794.11,26970.0,
142,2013-05-23,794.33,26970.0,
143,2013-05-24,794.5,26970.0,
144,2013-05-25,794.75,26970.0,
145,2013-05-26,795.18,26970.0,
146,2013-05-27,796.43,26970.0,
147,2013-05-28,797.77,26970.0,
148,2013-05-29,798.69,26970.0,
149,2013-05-30,799.39,26970.0,
150,2013-05-31,799.68,26970.0,
151,2013-06-01,799.99,26970.0,
152,2013-06-02,799.81,26970.0,
153,2013-06-03,799.79,26970.0,
154,2013-06-04,799.74,26970.0,
155,2013-06-05,799.68,26970.0,
156,2013-06-06,799.61,26970.0,
157,2013-06-07,799.5,26970.0,
158,2013-06-08,799.59,26970.0,
159,2013-06-09,799.65,26970.0,
160,2013-06-10,799.68,26970.0,
161,2013-06-11,799.69,26970.0,
162,2013-06-12,799.71,26970.0,
163,2013-06-13,799.71,26970.0,
164,2013-06-14,799.66,26970.0,
165,2013-06-15,799.6,26970.0,
166,2013-06-16,799.53,26970.0,
167,2013-06-17,799.47,26970.0,
168,2013-06-18,799.45,26970.0,
169,2013-06-19,799.4,26970.0,
170,2013-06-20,799.33,26970.0,
171,2013-06-21,799.26,26970.0,
172,2013-06-22,799.17,26970.0,
173,2013-06-23,799.15,26970.0,
174,2013-06-24,799.29,26970.0,
175,2013-06-25,799.62,26970.0,
176,2013-06-26,799.9,26970.0,
177,2013-06-27,799.77,26970.0,
178,2013-06-28,799.68,26970.0,
179,2013-06-29,799.64,26970.0,
180,2013-06-30,799.68,26970.0,
181,2013-07-01,799.75,26970.0,
182,2013-07-02,799.76,26970.0,
183,2013-07-03,799.72,26970.0,
184,2013-07-04,799.66,26970.0,
185,2013-07-05,799.57,26970.0,
186,2013-07-06,799.46,26970.0,
187,2013-07-07,799.33,26970.0,
188,2013-07-08,799.19,26970.0,
189,2013-07-09,799.03,26970.0,
190,2013-07-10,798.86,26970.0,
191,2013-07-11,798.67,26970.0,
192,2013-07-12,798.48,26970.0,
193,2013-07-13,798.27,26970.0,
194,2013-07-14,798.05,26970.0,
195,2013-07-15,797.83,26970.0,
196,2013-07-16,797.6,26970.0,
197,2013-07-17,797.37,26970.0,
198,2013-07-18,797.16,26970.0,
199,2013-07-19,796.94,26970.0,
200,2013-07-20,796.72,26970.0,
201,2013-07-21,796.48,26970.0,
202,2013-07-22,796.24,26970.0,
203,2013-07-23,796.0,26970.0,
204,2013-07-24,795.75,26970.0,
205,2013-07-25,795.49,26970.0,
206,2013-07-26,795.23,26970.0,
207,2013-07-27,794.96,26970.0,
208,2013-07-28,794.7,26970.0,
209,2013-07-29,794.42,26970.0,
210,2013-07-30,794.15,26970.0,
211,2013-07-31,793.87,26970.0,
212,2013-08-01,793.59,26970.0,
213,2013-08-02,793.31,26970.0,
214,2013-08-03,793.03,26970.0,
215,2013-08-04,792.74,26970.0,
216,2013-08-05,792.45,26970.0,
217,2013-08-06,792.17,26970.0,
218,2013-08-07,791.88,26970.0,
219,2013-08-08,791.58,26970.0,
220,2013-08-09,791.25,26970.0,
221,2013-08-10,790.93,26970.0,
222,2013-08-11,790.6,26970.0,
223,2013-08-12,790.27,26970.0,
224,2013-08-13,789.94,26970.0,
225,2013-08-14,789.68,26970.0,
226,2013-08-15,789.4,26970.0,
227,2013-08-16,789.08,26970.0,
228,2013-08-17,788.76,26970.0,
229,2013-08-18,788.43,26970.0,
230,2013-08-19,788.1,26970.0,
231,2013-08-20,787.76,26970.0,
232,2013-08-21,787.42,26970.0,
233,2013-08-22,787.07,26970.0,
234,2013-08-23,786.74,26970.0,
235,2013-08-24,786.4,26970.0,
236,2013-08-25,786.05,26970.0,
237,2013-08-26,785.74,26970.0,
238,2013-08-27,785.45,26970.0,
239,2013-08-28,785.18,26970.0,
240,2013-08-29,785.24,26970.0,
241,2013-08-30,785.33,26970.0,
242,2013-08-31,785.12,26970.0,
243,2013-09-01,784.84,26970.0,
244,2013-09-02,784.54,26970.0,
245,2013-09-03,784.22,26970.0,
246,2013-09-04,783.9,26970.0,
247,2013-09-05,783.54,26970.0,
248,2013-09-06,783.04,26970.0,
249,2013-09-07,782.55,26970.0,
250,2013-09-08,782.04,26970.0,
251,2013-09-09,781.52,26970.0,
252,2013-09-10,781.0,26970.0,
253,2013-09-11,780.48,26970.0,
254,2013-09-12,779.96,26970.0,
255,2013-09-13,779.43,26970.0,
256,2013-09-14,778.9,26970.0,
257,2013-09-15,778.4066666666666,26970.0,
258,2013-09-16,777.9133333333333,26970.0,
259,2013-09-17,777.42,26970.0,
260,2013-09-18,776.88,26970.0,
261,2013-09-19,776.35,26970.0,
262,2013-09-20,775.86,26970.0,
263,2013-09-21,775.35,26970.0,
264,2013-09-22,775.46,26970.0,
265,2013-09-23,774.74,26970.0,
266,2013-09-24,774.25,26970.0,
267,2013-09-25,773.93,26970.0,
268,2013-09-26,773.49,26970.0,
269,2013-09-27,773.1,26970.0,
270,2013-09-28,772.99,26970.0,
271,2013-09-29,773.12,26970.0,
272,2013-09-30,772.36,26970.0,
273,2013-10-01,772.49,26970.0,
274,2013-10-02,772.05,26970.0,
275,2013-10-03,770.91,26970.0,
276,2013-10-04,769.32,26970.0,
277,2013-10-05,768.16,26970.0,
278,2013-10-06,767.77,26970.0,
279,2013-10-07,767.55,26970.0,
280,2013-10-08,767.71,26970.0,
281,2013-10-09,767.74,26970.0,
282,2013-10-10,767.7,26970.0,
283,2013-10-11,767.59,26970.0,
284,2013-10-12,767.44,26970.0,
285,2013-10-13,767.24,26970.0,
286,2013-10-14,767.01,26970.0,
287,2013-10-15,766.76,26970.0,
288,2013-10-16,766.48,26970.0,
289,2013-10-17,766.18,26970.0,
290,2013-10-18,765.87,26970.0,
291,2013-10-19,765.53,26970.0,
292,2013-10-20,765.18,26970.0,
293,2013-10-21,764.82,26970.0,
294,2013-10-22,764.44,26970.0,
295,2013-10-23,764.05,26970.0,
296,2013-10-24,763.65,26970.0,
297,2013-10-25,763.23,26970.0,
298,2013-10-26,762.8,26970.0,
299,2013-10-27,762.37,26970.0,
300,2013-10-28,761.98,26970.0,
301,2013-10-29,761.6,26970.0,
302,2013-10-30,761.27,26970.0,
303,2013-10-31,760.95,26970.0,
304,2013-11-01,760.6,26970.0,
305,2013-11-02,760.75,26970.0,
306,2013-11-03,760.65,26970.0,
307,2013-11-04,760.41,26970.0,
308,2013-11-05,760.17,26970.0,
309,2013-11-06,759.91,26970.0,
310,2013-11-07,762.86,26970.0,
311,2013-11-08,764.14,26970.0,
312,2013-11-09,764.51,26970.0,
313,2013-11-10,764.64,26970.0,
314,2013-11-11,764.62,26970.0,
315,2013-11-12,765.04,26970.0,
316,2013-11-13,765.52,26970.0,
317,2013-11-14,765.69,26970.0,
318,2013-11-15,765.97,26970.0,
319,2013-11-16,766.37,26970.0,
320,2013-11-17,766.66,26970.0,
321,2013-11-18,768.99,26970.0,
322,2013-11-19,769.48,26970.0,
323,2013-11-20,768.69,26970.0,
324,2013-11-21,769.19,26970.0,
325,2013-11-22,769.47,26970.0,
326,2013-11-23,769.62,26970.0,
327,2013-11-24,769.68,26970.0,
328,2013-11-25,769.67,26970.0,
329,2013-11-26,769.6,26970.0,
330,2013-11-27,769.5,26970.0,
331,2013-11-28,769.34,26970.0,
332,2013-11-29,769.16,26970.0,
333,2013-11-30,769.04,26970.0,
334,2013-12-01,769.84,26970.0,
335,2013-12-02,769.36,26970.0,
336,2013-12-03,769.06,26970.0,
337,2013-12-04,769.12,26970.0,
338,2013-12-05,769.1,26970.0,
339,2013-12-06,769.01,26970.0,
340,2013-12-07,768.85,26970.0,
341,2013-12-08,768.61,26970.0,
342,2013-12-09,768.35,26970.0,
343,2013-12-10,768.07,26970.0,
344,2013-12-11,767.77,26970.0,
345,2013-12-12,767.59,26970.0,
346,2013-12-13,767.35,26970.0,
347,2013-12-14,767.08,26970.0,
348,2013-12-15,766.89,26970.0,
349,2013-12-16,766.66,26970.0,
350,2013-12-17,766.4,26970.0,
351,2013-12-18,766.1,26970.0,
352,2013-12-19,765.78,26970.0,
353,2013-12-20,765.55,26970.0,
354,2013-12-21,765.3,26970.0,
355,2013-12-22,765.07,26970.0,
356,2013-12-23,765.38,26970.0,
357,2013-12-24,765.44,26970.0,
358,2013-12-25,765.35,26970.0,
359,2013-12-26,765.18,26970.0,
360,2013-12-27,764.99,26970.0,
361,2013-12-28,764.75,26970.0,
362,2013-12-29,764.48,26970.0,
363,2013-12-30,764.19,26970.0,
364,2013-12-31,763.88,26970.0,
365,2014-01-01,763.54,26970.0,
366,2014-01-02,763.33,26970.0,
367,2014-01-03,763.18,26970.0,
368,2014-01-04,762.89,26970.0,
369,2014-01-05,762.57,26970.0,
370,2014-01-06,762.24,26970.0,
371,2014-01-07,762.21,26970.0,
372,2014-01-08,763.16,26970.0,
373,2014-01-09,763.57,26970.0,
374,2014-01-10,763.75,26970.0,
375,2014-01-11,771.01,26970.0,
376,2014-01-12,771.96,26970.0,
377,2014-01-13,772.06,26970.0,
378,2014-01-14,771.34,26970.0,
379,2014-01-15,770.98,26970.0,
380,2014-01-16,771.08,26970.0,
381,2014-01-17,771.03,26970.0,
382,2014-01-18,770.84,26970.0,
383,2014-01-19,770.55,26970.0,
384,2014-01-20,770.17,26970.0,
385,2014-01-21,769.73,26970.0,
386,2014-01-22,769.24,26970.0,
387,2014-01-23,768.7,26970.0,
388,2014-01-24,768.28,26970.0,
389,2014-01-25,768.18,26970.0,
390,2014-01-26,768.07,26970.0,
391,2014-01-27,767.92,26970.0,
392,2014-01-28,767.83,26970.0,
393,2014-01-29,768.32,26970.0,
394,2014-01-30,768.61,26970.0,
395,2014-01-31,768.69,26970.0,
396,2014-02-01,768.69,26970.0,
397,2014-02-02,768.63,26970.0,
398,2014-02-03,768.53,26970.0,
399,2014-02-04,768.38,26970.0,
400,2014-02-05,768.2,26970.0,
401,2014-02-06,767.99,26970.0,
402,2014-02-07,767.75,26970.0,
403,2014-02-08,767.49,26970.0,
404,2014-02-09,767.24,26970.0,
405,2014-02-10,767.47,26970.0,
406,2014-02-11,768.11,26970.0,
407,2014-02-12,769.29,26970.0,
408,2014-02-13,768.57,26970.0,
409,2014-02-14,768.4,26970.0,
410,2014-02-15,768.32,26970.0,
411,2014-02-16,768.36,26970.0,
412,2014-02-17,768.28,26970.0,
413,2014-02-18,768.4,26970.0,
414,2014-02-19,768.15,26970.0,
415,2014-02-20,768.03,26970.0,
416,2014-02-21,767.53,26970.0,
417,2014-02-22,767.6,26970.0,
418,2014-02-23,767.58,26970.0,
419,2014-02-24,767.79,26970.0,
420,2014-02-25,768.34,26970.0,
421,2014-02-26,768.75,26970.0,
422,2014-02-27,768.96,26970.0,
423,2014-02-28,769.02,26970.0,
424,2014-03-01,768.98,26970.0,
425,2014-03-02,769.72,26970.0,
426,2014-03-03,771.74,26970.0,
427,2014-03-04,773.3,26970.0,
428,2014-03-05,775.44,26970.0,
429,2014-03-06,775.68,26970.0,
430,2014-03-07,775.65,26970.0,
431,2014-03-08,775.81,26970.0,
432,2014-03-09,775.98,26970.0,
433,2014-03-10,775.86,26970.0,
434,2014-03-11,775.6,26970.0,
435,2014-03-12,774.91,26970.0,
436,2014-03-13,773.96,26970.0,
437,2014-03-14,773.8,26970.0,
438,2014-03-15,773.88,26970.0,
439,2014-03-16,775.27,26970.0,
440,2014-03-17,775.0,26970.0,
441,2014-03-18,774.3,26970.0,
442,2014-03-19,774.75,26970.0,
443,2014-03-20,775.16,26970.0,
444,2014-03-21,775.41,26970.0,
445,2014-03-22,775.54,26970.0,
446,2014-03-23,775.58,26970.0,
447,2014-03-24,775.57,26970.0,
448,2014-03-25,776.22,26970.0,
449,2014-03-26,777.11,26970.0,
450,2014-03-27,777.47,26970.0,
451,2014-03-28,778.69,26970.0,
452,2014-03-29,779.43,26970.0,
453,2014-03-30,779.73,26970.0,
454,2014-03-31,780.42,26970.0,
455,2014-04-01,780.76,26970.0,
456,2014-04-02,780.89,26970.0,
457,2014-04-03,781.07,26970.0,
458,2014-04-04,781.33,26970.0,
459,2014-04-05,781.74,26970.0,
460,2014-04-06,782.19,26970.0,
461,2014-04-07,782.34,26970.0,
462,2014-04-08,782.94,26970.0,
463,2014-04-09,783.51,26970.0,
464,2014-04-10,783.91,26970.0,
465,2014-04-11,784.23,26970.0,
466,2014-04-12,784.49,26970.0,
467,2014-04-13,784.7,26970.0,
468,2014-04-14,784.87,26970.0,
469,2014-04-15,785.0,26970.0,
470,2014-04-16,785.69,26970.0,
471,2014-04-17,787.97,26970.0,
472,2014-04-18,789.31,26970.0,
473,2014-04-19,790.23,26970.0,
474,2014-04-20,791.02,26970.0,
475,2014-04-21,791.43,26970.0,
476,2014-04-22,791.99,26970.0,
477,2014-04-23,792.71,26970.0,
478,2014-04-24,794.82,26970.0,
479,2014-04-25,795.85,26970.0,
480,2014-04-26,796.52,26970.0,
481,2014-04-27,797.43,26970.0,
482,2014-04-28,798.13,26970.0,
483,2014-04-29,798.69,26970.0,
484,2014-04-30,799.18,26970.0,
485,2014-05-01,799.39,26970.0,
486,2014-05-02,799.43,26970.0,
487,2014-05-03,799.69,26970.0,
488,2014-05-04,799.87,26970.0,
489,2014-05-05,799.61,26970.0,
490,2014-05-06,799.5,26970.0,
491,2014-05-07,799.52,26970.0,
492,2014-05-08,799.47,26970.0,
493,2014-05-09,799.47,26970.0,
494,2014-05-10,799.18,26970.0,
495,2014-05-11,799.34,26970.0,
496,2014-05-12,799.65,26970.0,
497,2014-05-13,799.87,26970.0,
498,2014-05-14,799.81,26970.0,
499,2014-05-15,799.71,26970.0,
500,2014-05-16,799.57,26970.0,
501,2014-05-17,799.45,26970.0,
502,2014-05-18,799.63,26970.0,
503,2014-05-19,799.76,26970.0,
504,2014-05-20,799.86,26970.0,
505,2014-05-21,799.87,26970.0,
506,2014-05-22,799.63,26970.0,
507,2014-05-23,799.38,26970.0,
508,2014-05-24,799.38,26970.0,
509,2014-05-25,799.43,26970.0,
510,2014-05-26,799.46,26970.0,
511,2014-05-27,799.47,26970.0,
512,2014-05-28,799.44,26970.0,
513,2014-05-29,799.4,26970.0,
514,2014-05-30,799.35,26970.0,
515,2014-05-31,799.27,26970.0,
516,2014-06-01,799.2,26970.0,
517,2014-06-02,799.11,26970.0,
518,2014-06-03,799.02,26970.0,
519,2014-06-04,798.92,26970.0,
520,2014-06-05,798.81,26970.0,
521,2014-06-06,798.68,26970.0,
522,2014-06-07,798.55,26970.0,
523,2014-06-08,798.41,26970.0,
524,2014-06-09,798.27,26970.0,
525,2014-06-10,798.11,26970.0,
526,2014-06-11,797.92,26970.0,
527,2014-06-12,797.73,26970.0,
528,2014-06-13,797.52,26970.0,
529,2014-06-14,797.31,26970.0,
530,2014-06-15,797.1,26970.0,
531,2014-06-16,796.86,26970.0,
532,2014-06-17,796.56,26970.0,
533,2014-06-18,796.27,26970.0,
534,2014-06-19,795.99,26970.0,
535,2014-06-20,795.7,26970.0,
536,2014-06-21,795.4,26970.0,
537,2014-06-22,795.09,26970.0,
538,2014-06-23,794.78,26970.0,
539,2014-06-24,794.47,26970.0,
540,2014-06-25,794.13,26970.0,
541,2014-06-26,793.76,26970.0,
542,2014-06-27,793.51,26970.0,
543,2014-06-28,793.32,26970.0,
544,2014-06-29,793.03,26970.0,
545,2014-06-30,792.69,26970.0,
546,2014-07-01,792.36,26970.0,
547,2014-07-02,792.14,26970.0,
548,2014-07-03,791.85,26970.0,
549,2014-07-04,791.55,26970.0,
550,2014-07-05,791.26,26970.0,
551,2014-07-06,790.96,26970.0,
552,2014-07-07,790.65,26970.0,
553,2014-07-08,790.34,26970.0,
554,2014-07-09,789.99,26970.0,
555,2014-07-10,789.61,26970.0,
556,2014-07-11,789.18,26970.0,
557,2014-07-12,788.75,26970.0,
558,2014-07-13,788.31,26970.0,
559,2014-07-14,787.87,26970.0,
560,2014-07-15,787.4,26970.0,
561,2014-07-16,786.87,26970.0,
562,2014-07-17,786.3,26970.0,
563,2014-07-18,785.68,26970.0,
564,2014-07-19,785.01,26970.0,
565,2014-07-20,784.34,26970.0,
566,2014-07-21,783.63,26970.0,
567,2014-07-22,782.9,26970.0,
568,2014-07-23,782.24,26970.0,
569,2014-07-24,781.56,26970.0,
570,2014-07-25,781.21,26970.0,
571,2014-07-26,780.88,26970.0,
572,2014-07-27,780.56,26970.0,
573,2014-07-28,780.22,26970.0,
574,2014-07-29,779.88,26970.0,
575,2014-07-30,779.54,26970.0,
576,2014-07-31,779.19,26970.0,
577,2014-08-01,778.84,26970.0,
578,2014-08-02,778.49,26970.0,
579,2014-08-03,778.13,26970.0,
580,2014-08-04,777.77,26970.0,
581,2014-08-05,777.4,26970.0,
582,2014-08-06,777.01,26970.0,
583,2014-08-07,776.63,26970.0,
584,2014-08-08,776.32,26970.0,
585,2014-08-09,776.01,26970.0,
586,2014-08-10,775.7,26970.0,
587,2014-08-11,775.38,26970.0,
588,2014-08-12,775.06,26970.0,
589,2014-08-13,774.87,26970.0,
590,2014-08-14,774.59,26970.0,
591,2014-08-15,774.31,26970.0,
592,2014-08-16,774.02,26970.0,
593,2014-08-17,773.7,26970.0,
594,2014-08-18,773.39,26970.0,
595,2014-08-19,773.06,26970.0,
596,2014-08-20,772.73,26970.0,
597,2014-08-21,772.41,26970.0,
598,2014-08-22,772.08,26970.0,
599,2014-08-23,771.76,26970.0,
600,2014-08-24,771.43,26970.0,
601,2014-08-25,771.09,26970.0,
602,2014-08-26,770.74,26970.0,
603,2014-08-27,770.38,26970.0,
604,2014-08-28,770.01,26970.0,
605,2014-08-29,769.66,26970.0,
606,2014-08-30,769.32,26970.0,
607,2014-08-31,768.97,26970.0,
608,2014-09-01,768.61,26970.0,
609,2014-09-02,768.24,26970.0,
610,2014-09-03,767.87,26970.0,
611,2014-09-04,767.49,26970.0,
612,2014-09-05,767.11,26970.0,
613,2014-09-06,766.72,26970.0,
614,2014-09-07,766.32,26970.0,
615,2014-09-08,765.92,26970.0,
616,2014-09-09,765.52,26970.0,
617,2014-09-10,765.13,26970.0,
618,2014-09-11,764.72,26970.0,
619,2014-09-12,764.31,26970.0,
620,2014-09-13,763.91,26970.0,
621,2014-09-14,763.5,26970.0,
622,2014-09-15,763.06,26970.0,
623,2014-09-16,762.65,26970.0,
624,2014-09-17,762.28,26970.0,
625,2014-09-18,761.9,26970.0,
626,2014-09-19,761.51,26970.0,
627,2014-09-20,761.09,26970.0,
628,2014-09-21,760.68,26970.0,
629,2014-09-22,760.25,26970.0,
630,2014-09-23,760.12,26970.0,
631,2014-09-24,760.26,26970.0,
632,2014-09-25,760.05,26970.0,
633,2014-09-26,760.06,26970.0,
634,2014-09-27,759.81,26970.0,
635,2014-09-28,759.77,26970.0,
636,2014-09-29,759.67,26970.0,
637,2014-09-30,759.44,26970.0,
638,2014-10-01,759.17,26970.0,
639,2014-10-02,758.88,26970.0,
640,2014-10-03,758.56,26970.0,
641,2014-10-04,758.22,26970.0,
642,2014-10-05,757.84,26970.0,
643,2014-10-06,757.48,26970.0,
644,2014-10-07,757.11,26970.0,
645,2014-10-08,756.72,26970.0,
646,2014-10-09,756.33,26970.0,
647,2014-10-10,755.98,26970.0,
648,2014-10-11,755.69,26970.0,
649,2014-10-12,755.33,26970.0,
650,2014-10-13,755.47,26970.0,
651,2014-10-14,756.13,26970.0,
652,2014-10-15,757.09,26970.0,
653,2014-10-16,758.32,26970.0,
654,2014-10-17,760.35,26970.0,
655,2014-10-18,763.16,26970.0,
656,2014-10-19,764.54,26970.0,
657,2014-10-20,768.59,26970.0,
658,2014-10-21,771.51,26970.0,
659,2014-10-22,771.57,26970.0,
660,2014-10-23,770.35,26970.0,
661,2014-10-24,769.94,26970.0,
662,2014-10-25,771.04,26970.0,
663,2014-10-26,772.11,26970.0,
664,2014-10-27,771.98,26970.0,
665,2014-10-28,773.67,26970.0,
666,2014-10-29,774.36,26970.0,
667,2014-10-30,772.74,26970.0,
668,2014-10-31,771.15,26970.0,
669,2014-11-01,770.22,26970.0,
670,2014-11-02,769.67,26970.0,
671,2014-11-03,770.04,26970.0,
672,2014-11-04,770.36,26970.0,
673,2014-11-05,769.12,26970.0,
674,2014-11-06,771.48,26970.0,
675,2014-11-07,771.9,26970.0,
676,2014-11-08,771.23,26970.0,
677,2014-11-09,770.94,26970.0,
678,2014-11-10,770.54,26970.0,
679,2014-11-11,769.9,26970.0,
680,2014-11-12,769.41,26970.0,
681,2014-11-13,769.45,26970.0,
682,2014-11-14,769.48,26970.0,
683,2014-11-15,769.41,26970.0,
684,2014-11-16,769.28,26970.0,
685,2014-11-17,769.08,26970.0,
686,2014-11-18,768.85,26970.0,
687,2014-11-19,768.58,26970.0,
688,2014-11-20,768.56,26970.0,
689,2014-11-21,771.24,26970.0,
690,2014-11-22,771.58,26970.0,
691,2014-11-23,771.11,26970.0,
692,2014-11-24,770.08,26970.0,
693,2014-11-25,770.27,26970.0,
694,2014-11-26,769.6,26970.0,
695,2014-11-27,772.83,26970.0,
696,2014-11-28,774.05,26970.0,
697,2014-11-29,773.4,26970.0,
698,2014-11-30,773.46,26970.0,
699,2014-12-01,773.24,26970.0,
700,2014-12-02,772.67,26970.0,
701,2014-12-03,771.89,26970.0,
702,2014-12-04,771.0,26970.0,
703,2014-12-05,770.36,26970.0,
704,2014-12-06,770.4,26970.0,
705,2014-12-07,769.87,26970.0,
706,2014-12-08,769.02,26970.0,
707,2014-12-09,771.52,26970.0,
708,2014-12-10,771.35,26970.0,
709,2014-12-11,770.89,26970.0,
710,2014-12-12,772.6,26970.0,
711,2014-12-13,772.59,26970.0,
712,2014-12-14,771.94,26970.0,
713,2014-12-15,770.92,26970.0,
714,2014-12-16,769.7,26970.0,
715,2014-12-17,768.46,26970.0,
716,2014-12-18,768.59,26970.0,
717,2014-12-19,769.7,26970.0,
718,2014-12-20,772.27,26970.0,
719,2014-12-21,773.23,26970.0,
720,2014-12-22,773.24,26970.0,
721,2014-12-23,772.53,26970.0,
722,2014-12-24,771.7,26970.0,
723,2014-12-25,770.98,26970.0,
724,2014-12-26,770.7,26970.0,
725,2014-12-27,770.76,26970.0,
726,2014-12-28,771.11,26970.0,
727,2014-12-29,771.43,26970.0,
728,2014-12-30,771.64,26970.0,
729,2014-12-31,771.79,26970.0,
730,2015-01-01,771.86,26970.0,
731,2015-01-02,771.89,26970.0,
732,2015-01-03,771.84,26970.0,
733,2015-01-04,773.01,26970.0,
734,2015-01-05,777.54,26970.0,
735,2015-01-06,775.36,26970.0,
736,2015-01-07,773.34,26970.0,
737,2015-01-08,772.76,26970.0,
738,2015-01-09,772.52,26970.0,
739,2015-01-10,772.12,26970.0,
740,2015-01-11,771.6,26970.0,
741,2015-01-12,770.98,26970.0,
742,2015-01-13,770.63,26970.0,
743,2015-01-14,770.52,26970.0,
744,2015-01-15,770.7,26970.0,
745,2015-01-16,771.17,26970.0,
746,2015-01-17,772.14,26970.0,
747,2015-01-18,775.09,26970.0,
748,2015-01-19,774.92,26970.0,
749,2015-01-20,774.55,26970.0,
750,2015-01-21,773.84,26970.0,
751,2015-01-22,773.06,26970.0,
752,2015-01-23,773.61,26970.0,
753,2015-01-24,774.24,26970.0,
754,2015-01-25,773.93,26970.0,
755,2015-01-26,773.28,26970.0,
756,2015-01-27,772.44,26970.0,
757,2015-01-28,771.81,26970.0,
758,2015-01-29,771.79,26970.0,
759,2015-01-30,771.82,26970.0,
760,2015-01-31,771.78,26970.0,
761,2015-02-01,771.76,26970.0,
762,2015-02-02,771.74,26970.0,
763,2015-02-03,771.65,26970.0,
764,2015-02-04,771.61,26970.0,
765,2015-02-05,774.94,26970.0,
766,2015-02-06,775.49,26970.0,
767,2015-02-07,775.36,26970.0,
768,2015-02-08,774.63,26970.0,
769,2015-02-09,774.66,26970.0,
770,2015-02-10,774.81,26970.0,
771,2015-02-11,774.84,26970.0,
772,2015-02-12,774.67,26970.0,
773,2015-02-13,774.88,26970.0,
774,2015-02-14,775.09,26970.0,
775,2015-02-15,775.15,26970.0,
776,2015-02-16,775.11,26970.0,
777,2015-02-17,774.98,26970.0,
778,2015-02-18,774.92,26970.0,
779,2015-02-19,774.87,26970.0,
780,2015-02-20,774.76,26970.0,
781,2015-02-21,774.59,26970.0,
782,2015-02-22,774.38,26970.0,
783,2015-02-23,774.14,26970.0,
784,2015-02-24,773.87,26970.0,
785,2015-02-25,773.82,26970.0,
786,2015-02-26,773.88,26970.0,
787,2015-02-27,773.94,26970.0,
788,2015-02-28,773.93,26970.0,
789,2015-03-01,773.89,26970.0,
790,2015-03-02,773.83,26970.0,
791,2015-03-03,773.74,26970.0,
792,2015-03-04,773.61,26970.0,
793,2015-03-05,773.5,26970.0,
794,2015-03-06,773.38,26970.0,
795,2015-03-07,773.25,26970.0,
796,2015-03-08,773.11,26970.0,
797,2015-03-09,772.95,26970.0,
798,2015-03-10,772.79,26970.0,
799,2015-03-11,773.07,26970.0,
800,2015-03-12,773.77,26970.0,
801,2015-03-13,773.92,26970.0,
802,2015-03-14,775.63,26970.0,
803,2015-03-15,775.86,26970.0,
804,2015-03-16,775.7,26970.0,
805,2015-03-17,775.8,26970.0,
806,2015-03-18,775.6,26970.0,
807,2015-03-19,775.34,26970.0,
808,2015-03-20,775.43,26970.0,
809,2015-03-21,775.7,26970.0,
810,2015-03-22,775.36,26970.0,
811,2015-03-23,775.32,26970.0,
812,2015-03-24,775.09,26970.0,
813,2015-03-25,776.71,26970.0,
814,2015-03-26,777.93,26970.0,
815,2015-03-27,778.54,26970.0,
816,2015-03-28,779.17,26970.0,
817,2015-03-29,779.82,26970.0,
818,2015-03-30,780.48,26970.0,
819,2015-03-31,780.92,26970.0,
820,2015-04-01,781.45,26970.0,
821,2015-04-02,781.8,26970.0,
822,2015-04-03,782.08,26970.0,
823,2015-04-04,782.26,26970.0,
824,2015-04-05,782.37,26970.0,
825,2015-04-06,782.43,26970.0,
826,2015-04-07,782.44,26970.0,
827,2015-04-08,782.55,26970.0,
828,2015-04-09,782.61,26970.0,
829,2015-04-10,782.89,26970.0,
830,2015-04-11,783.35,26970.0,
831,2015-04-12,783.59,26970.0,
832,2015-04-13,783.88,26970.0,
833,2015-04-14,784.09,26970.0,
834,2015-04-15,784.21,26970.0,
835,2015-04-16,784.36,26970.0,
836,2015-04-17,784.51,26970.0,
837,2015-04-18,784.61,26970.0,
838,2015-04-19,784.7,26970.0,
839,2015-04-20,784.76,26970.0,
840,2015-04-21,784.78,26970.0,
841,2015-04-22,784.78,26970.0,
842,2015-04-23,784.84,26970.0,
843,2015-04-24,784.91,26970.0,
844,2015-04-25,784.91,26970.0,
845,2015-04-26,784.9,26970.0,
846,2015-04-27,784.92,26970.0,
847,2015-04-28,784.9,26970.0,
848,2015-04-29,784.87,26970.0,
849,2015-04-30,784.81,26970.0,
850,2015-05-01,784.73,26970.0,
851,2015-05-02,784.64,26970.0,
852,2015-05-03,784.52,26970.0,
853,2015-05-04,784.43,26970.0,
854,2015-05-05,784.42,26970.0,
855,2015-05-06,784.33,26970.0,
856,2015-05-07,784.22,26970.0,
857,2015-05-08,784.09,26970.0,
858,2015-05-09,783.95,26970.0,
859,2015-05-10,783.79,26970.0,
860,2015-05-11,783.65,26970.0,
861,2015-05-12,783.5,26970.0,
862,2015-05-13,783.38,26970.0,
863,2015-05-14,783.24,26970.0,
864,2015-05-15,783.11,26970.0,
865,2015-05-16,782.97,26970.0,
866,2015-05-17,782.81,26970.0,
867,2015-05-18,782.66,26970.0,
868,2015-05-19,782.49,26970.0,
869,2015-05-20,782.31,26970.0,
870,2015-05-21,782.12,26970.0,
871,2015-05-22,781.92,26970.0,
872,2015-05-23,781.71,26970.0,
873,2015-05-24,781.5,26970.0,
874,2015-05-25,781.29,26970.0,
875,2015-05-26,781.07,26970.0,
876,2015-05-27,780.85,26970.0,
877,2015-05-28,780.62,26970.0,
878,2015-05-29,780.38,26970.0,
879,2015-05-30,780.14,26970.0,
880,2015-05-31,779.9,26970.0,
881,2015-06-01,779.68,26970.0,
882,2015-06-02,779.45,26970.0,
883,2015-06-03,779.22,26970.0,
884,2015-06-04,778.98,26970.0,
885,2015-06-05,778.73,26970.0,
886,2015-06-06,778.48,26970.0,
887,2015-06-07,778.22,26970.0,
888,2015-06-08,777.96,26970.0,
889,2015-06-09,777.69,26970.0,
890,2015-06-10,777.41,26970.0,
891,2015-06-11,777.14,26970.0,
892,2015-06-12,776.86,26970.0,
893,2015-06-13,776.59,26970.0,
894,2015-06-14,776.32,26970.0,
895,2015-06-15,776.05,26970.0,
896,2015-06-16,775.78,26970.0,
897,2015-06-17,775.51,26970.0,
898,2015-06-18,775.24,26970.0,
899,2015-06-19,774.95,26970.0,
900,2015-06-20,774.69,26970.0,
901,2015-06-21,774.43,26970.0,
902,2015-06-22,774.18,26970.0,
903,2015-06-23,773.91,26970.0,
904,2015-06-24,773.65,26970.0,
905,2015-06-25,773.37,26970.0,
906,2015-06-26,773.1,26970.0,
907,2015-06-27,772.83,26970.0,
908,2015-06-28,772.56,26970.0,
909,2015-06-29,772.29,26970.0,
910,2015-06-30,772.02,26970.0,
911,2015-07-01,771.74,26970.0,
912,2015-07-02,771.46,26970.0,
913,2015-07-03,771.17,26970.0,
914,2015-07-04,770.88,26970.0,
915,2015-07-05,770.59,26970.0,
916,2015-07-06,770.29,26970.0,
917,2015-07-07,770.0,26970.0,
918,2015-07-08,769.7,26970.0,
919,2015-07-09,769.4,26970.0,
920,2015-07-10,769.11,26970.0,
921,2015-07-11,768.86,26970.0,
922,2015-07-12,768.6,26970.0,
923,2015-07-13,768.31,26970.0,
924,2015-07-14,768.02,26970.0,
925,2015-07-15,767.7,26970.0,
926,2015-07-16,767.38,26970.0,
927,2015-07-17,767.06,26970.0,
928,2015-07-18,766.74,26970.0,
929,2015-07-19,766.41,26970.0,
930,2015-07-20,766.09,26970.0,
931,2015-07-21,765.76,26970.0,
932,2015-07-22,765.42,26970.0,
933,2015-07-23,765.09,26970.0,
934,2015-07-24,764.8,26970.0,
935,2015-07-25,764.49,26970.0,
936,2015-07-26,764.18,26970.0,
937,2015-07-27,763.85,26970.0,
938,2015-07-28,763.52,26970.0,
939,2015-07-29,763.18,26970.0,
940,2015-07-30,762.82,26970.0,
941,2015-07-31,762.44,26970.0,
942,2015-08-01,762.06,26970.0,
943,2015-08-02,761.7,26970.0,
944,2015-08-03,761.33,26970.0,
945,2015-08-04,760.96,26970.0,
946,2015-08-05,760.58,26970.0,
947,2015-08-06,760.21,26970.0,
948,2015-08-07,759.84,26970.0,
949,2015-08-08,759.51,26970.0,
950,2015-08-09,759.15,26970.0,
951,2015-08-10,758.78,26970.0,
952,2015-08-11,758.4,26970.0,
953,2015-08-12,758.02,26970.0,
954,2015-08-13,757.64,26970.0,
955,2015-08-14,757.27,26970.0,
956,2015-08-15,756.88,26970.0,
957,2015-08-16,756.5,26970.0,
958,2015-08-17,756.11,26970.0,
959,2015-08-18,755.72,26970.0,
960,2015-08-19,755.32,26970.0,
961,2015-08-20,754.93,26970.0,
962,2015-08-21,754.53,26970.0,
963,2015-08-22,754.14,26970.0,
964,2015-08-23,753.74,26970.0,
965,2015-08-24,753.32,26970.0,
966,2015-08-25,752.92,26970.0,
967,2015-08-26,752.52,26970.0,
968,2015-08-27,752.17,26970.0,
969,2015-08-28,751.91,26970.0,
970,2015-08-29,752.54,26970.0,
971,2015-08-30,753.45,26970.0,
972,2015-08-31,755.19,26970.0,
973,2015-09-01,756.87,26970.0,
974,2015-09-02,757.31,26970.0,
975,2015-09-03,757.45,26970.0,
976,2015-09-04,757.47,26970.0,
977,2015-09-05,757.34,26970.0,
978,2015-09-06,757.43,26970.0,
979,2015-09-07,757.39,26970.0,
980,2015-09-08,757.28,26970.0,
981,2015-09-09,757.1,26970.0,
982,2015-09-10,756.88,26970.0,
983,2015-09-11,756.64,26970.0,
984,2015-09-12,756.36,26970.0,
985,2015-09-13,756.08,26970.0,
986,2015-09-14,755.78,26970.0,
987,2015-09-15,755.52,26970.0,
988,2015-09-16,755.24,26970.0,
989,2015-09-17,755.09,26970.0,
990,2015-09-18,754.88,26970.0,
991,2015-09-19,754.7,26970.0,
992,2015-09-20,754.76,26970.0,
993,2015-09-21,753.99,26970.0,
994,2015-09-22,753.93,26970.0,
995,2015-09-23,753.89,26970.0,
996,2015-09-24,753.78,26970.0,
997,2015-09-25,753.67,26970.0,
998,2015-09-26,753.51,26970.0,
999,2015-09-27,753.31,26970.0,
1000,2015-09-28,753.09,26970.0,
1001,2015-09-29,752.85,26970.0,
1002,2015-09-30,752.6,26970.0,
1003,2015-10-01,752.32,26970.0,A
1004,2015-10-02,752.04,26780.0,A
1005,2015-10-03,751.75,26580.0,A
1006,2015-10-04,751.45,26380.0,A
1007,2015-10-05,751.14,26170.0,A
1008,2015-10-06,750.81,25950.0,A
1009,2015-10-07,750.64,25840.0,A
1010,2015-10-08,750.36,25650.0,A
1011,2015-10-09,750.35,25640.0,A
1012,2015-10-10,753.1,27510.0,A
1013,2015-10-11,754.55,28510.0,A
1014,2015-10-12,755.21,28980.0,A
1015,2015-10-13,755.62,29270.0,A
1016,2015-10-14,755.85,29430.0,A
1017,2015-10-15,755.96,29510.0,A
1018,2015-10-16,755.99,29530.0,A
1019,2015-10-17,755.97,29520.0,A
1020,2015-10-18,755.89,29460.0,A
1021,2015-10-19,755.8,29400.0,A
1022,2015-10-20,755.68,29310.0,A
1023,2015-10-21,755.52,29200.0,A
1024,2015-10-22,755.34,29070.0,A
1025,2015-10-23,755.12,28910.0,A
1026,2015-10-24,754.87,28740.0,A
1027,2015-10-25,754.73,28640.0,A
1028,2015-10-26,755.49,29180.0,A
1029,2015-10-27,755.69,29320.0,A
1030,2015-10-28,755.83,29420.0,A
1031,2015-10-29,755.99,29530.0,A
1032,2015-10-30,759.21,31870.0,A
1033,2015-10-31,769.26,39660.0,A
1034,2015-11-01,774.28,43860.0,A
1035,2015-11-02,775.49,44910.0,A
1036,2015-11-03,775.35,44790.0,A
1037,2015-11-04,775.13,44600.0,A
1038,2015-11-05,775.0,44480.0,A
1039,2015-11-06,774.91,44400.0,A
1040,2015-11-07,775.77,45150.0,A
1041,2015-11-08,775.53,44940.0,A
1042,2015-11-09,775.14,44600.0,A
1043,2015-11-10,774.31,43890.0,A
1044,2015-11-11,773.46,43160.0,A
1045,2015-11-12,771.52,41520.0,A
1046,2015-11-13,778.48,47560.0,A
1047,2015-11-14,775.87,45240.0,A
1048,2015-11-15,775.18,44640.0,A
1049,2015-11-16,774.39,43960.0,A
1050,2015-11-17,780.84,49730.0,A
1051,2015-11-18,775.72,45110.0,A
1052,2015-11-19,774.97,44460.0,A
1053,2015-11-20,774.84,44340.0,A
1054,2015-11-21,774.76,44270.0,A
1055,2015-11-22,774.71,44230.0,A
1056,2015-11-23,774.73,44250.0,A
1057,2015-11-24,773.51,43200.0,A
1058,2015-11-25,771.52,41520.0,A
1059,2015-11-26,769.39,39770.0,A
1060,2015-11-27,769.01,39460.0,A
1061,2015-11-28,768.93,39390.0,A
1062,2015-11-29,768.77,39260.0,A
1063,2015-11-30,768.6,39130.0,A
1064,2015-12-01,768.79,39280.0,A
1065,2015-12-02,769.49,39850.0,A
1066,2015-12-03,772.26,42140.0,A
1067,2015-12-04,770.53,40700.0,A
1068,2015-12-05,771.13,41200.0,A
1069,2015-12-06,774.51,44060.0,A
1070,2015-12-07,772.3,42180.0,A
1071,2015-12-08,778.91,47950.0,A
1072,2015-12-09,779.89,48850.0,A
1073,2015-12-10,775.4,44830.0,A
1074,2015-12-11,774.64,44170.0,A
1075,2015-12-12,774.9,44400.0,A
1076,2015-12-13,775.78,45160.0,A
1077,2015-12-14,775.38,44810.0,A
1078,2015-12-15,774.65,44180.0,A
1079,2015-12-16,773.51,43200.0,A
1080,2015-12-17,772.6,42430.0,A
1081,2015-12-18,772.69,42510.0,A
1082,2015-12-19,771.87,41810.0,A
1083,2015-12-20,771.19,41250.0,A
1084,2015-12-21,770.29,40500.0,A
1085,2015-12-22,769.6,39940.0,A
1086,2015-12-23,769.58,39920.0,A
1087,2015-12-24,769.25,39650.0,A
1088,2015-12-25,768.65,39170.0,A
1089,2015-12-26,767.9,38560.0,A
1090,2015-12-27,767.18,37990.0,A
1091,2015-12-28,766.7,37600.0,A
1092,2015-12-29,766.81,37690.0,A
1093,2015-12-30,766.86,37730.0,A
1094,2015-12-31,766.82,37700.0,A
1095,2016-01-01,766.76,37650.0,A
1096,2016-01-02,766.65,37560.0,A
1097,2016-01-03,766.51,37450.0,A
1098,2016-01-04,766.35,37330.0,A
1099,2016-01-05,766.27,37260.0,A
1100,2016-01-06,766.49,37440.0,A
1101,2016-01-07,766.58,37510.0,A
1102,2016-01-08,766.59,37520.0,A
1103,2016-01-09,766.56,37490.0,A
1104,2016-01-10,766.49,37440.0,A
1105,2016-01-11,766.38,37350.0,A
1106,2016-01-12,769.8,40100.0,A
1107,2016-01-13,772.67,42490.0,A
1108,2016-01-14,771.87,41810.0,A
1109,2016-01-15,770.55,40720.0,A
1110,2016-01-16,771.19,41250.0,A
1111,2016-01-17,772.61,42440.0,A
1112,2016-01-18,773.64,43310.0,A
1113,2016-01-19,773.87,43510.0,A
1114,2016-01-20,773.34,43060.0,A
1115,2016-01-21,774.86,44360.0,A
1116,2016-01-22,774.25,43830.0,A
1117,2016-01-23,774.22,43810.0,A
1118,2016-01-24,773.89,43530.0,A
1119,2016-01-25,772.94,42720.0,A
1120,2016-01-26,772.72,42530.0,A
1121,2016-01-27,773.47,43170.0,A
1122,2016-01-28,775.84,45210.0,A
1123,2016-01-29,775.15,44610.0,A
1124,2016-01-30,775.07,44540.0,A
1125,2016-01-31,774.34,43910.0,A
1126,2016-02-01,773.22,42950.0,A
1127,2016-02-02,771.82,41770.0,A
1128,2016-02-03,770.91,41020.0,A
1129,2016-02-04,770.49,40670.0,A
1130,2016-02-05,770.28,40500.0,A
1131,2016-02-06,770.31,40520.0,A
1132,2016-02-07,769.7,40020.0,A
1133,2016-02-08,769.15,39570.0,A
1134,2016-02-09,768.97,39430.0,A
1135,2016-02-10,768.5,39040.0,A
1136,2016-02-11,767.95,38600.0,A
1137,2016-02-12,769.43,39800.0,A
1138,2016-02-13,769.97,40240.0,A
1139,2016-02-14,770.32,40530.0,A
1140,2016-02-15,772.55,42390.0,A
1141,2016-02-16,774.42,43980.0,A
1142,2016-02-17,773.88,43520.0,A
1143,2016-02-18,773.9,43530.0,A
1144,2016-02-19,774.4,43960.0,A
1145,2016-02-20,774.18,43770.0,A
1146,2016-02-21,773.39,43100.0,A
1147,2016-02-22,772.56,42400.0,A
1148,2016-02-23,772.45,42300.0,A
1149,2016-02-24,772.14,42040.0,A
1150,2016-02-25,771.71,41680.0,A
1151,2016-02-26,770.58,40740.0,A
1152,2016-02-27,768.62,39140.0,A
1153,2016-02-28,767.62,38340.0,A
1154,2016-02-29,767.04,37870.0,A
1155,2016-03-01,768.87,39340.0,A
1156,2016-03-02,770.21,40440.0,A
1157,2016-03-03,771.65,41630.0,A
1158,2016-03-04,772.34,42210.0,A
1159,2016-03-05,773.76,43410.0,A
1160,2016-03-06,774.73,44250.0,A
1161,2016-03-07,774.65,44180.0,A
1162,2016-03-08,774.17,43770.0,A
1163,2016-03-09,774.5,44050.0,A
1164,2016-03-10,774.37,43940.0,A
1165,2016-03-11,774.35,43920.0,A
1166,2016-03-12,774.68,44210.0,A
1167,2016-03-13,774.85,44350.0,A
1168,2016-03-14,774.8,44310.0,A
1169,2016-03-15,774.49,44040.0,A
1170,2016-03-16,774.29,43870.0,A
1171,2016-03-17,773.79,43440.0,A
1172,2016-03-18,773.16,42900.0,A
1173,2016-03-19,773.2,42940.0,A
1174,2016-03-20,773.34,43060.0,A
1175,2016-03-21,774.09,43700.0,A
1176,2016-03-22,773.88,43520.0,A
1177,2016-03-23,774.27,43850.0,A
1178,2016-03-24,775.14,44600.0,A
1179,2016-03-25,775.14,44600.0,A
1180,2016-03-26,776.07,45420.0,A
1181,2016-03-27,777.01,46250.0,A
1182,2016-03-28,777.71,46870.0,A
1183,2016-03-29,778.02,47150.0,A
1184,2016-03-30,778.1,47220.0,A
1185,2016-03-31,778.19,47300.0,A
1186,2016-04-01,778.32,47420.0,A
1187,2016-04-02,778.4,47490.0,A
1188,2016-04-03,778.48,47560.0,A
1189,2016-04-04,779.0,48040.0,A
1190,2016-04-05,779.09,48120.0,A
1191,2016-04-06,779.03,48060.0,A
1192,2016-04-07,778.94,47980.0,A
1193,2016-04-08,778.95,47990.0,A
1194,2016-04-09,778.96,48000.0,A
1195,2016-04-10,778.83,47880.0,A
1196,2016-04-11,778.61,47680.0,A
1197,2016-04-12,778.64,47710.0,A
1198,2016-04-13,778.65,47720.0,A
1199,2016-04-14,778.54,47620.0,A
1200,2016-04-15,778.72,47780.0,A
1201,2016-04-16,778.81,47860.0,A
1202,2016-04-17,779.02,48050.0,A
1203,2016-04-18,779.24,48250.0,A
1204,2016-04-19,779.53,48520.0,A
1205,2016-04-20,779.86,48820.0,A
1206,2016-04-21,780.12,49060.0,A
1207,2016-04-22,780.44,49360.0,A
1208,2016-04-23,780.69,49590.0,A
1209,2016-04-24,780.92,49800.0,A
1210,2016-04-25,781.03,49900.0,A
1211,2016-04-26,781.08,49950.0,A
1212,2016-04-27,781.11,49980.0,A
1213,2016-04-28,781.17,50030.0,A
1214,2016-04-29,781.2,50060.0,A
1215,2016-04-30,781.23,50090.0,A
1216,2016-05-01,781.2,50060.0,A
1217,2016-05-02,781.17,50030.0,A
1218,2016-05-03,781.21,50070.0,A
1219,2016-05-04,781.24,50100.0,A
1220,2016-05-05,781.25,50110.0,A
1221,2016-05-06,781.23,50090.0,A
1222,2016-05-07,781.22,50080.0,A
1223,2016-05-08,781.21,50070.0,A
1224,2016-05-09,781.18,50040.0,A
1225,2016-05-10,781.13,50000.0,A
1226,2016-05-11,781.06,49930.0,A
1227,2016-05-12,780.98,49860.0,A
1228,2016-05-13,780.88,49760.0,A
1229,2016-05-14,780.77,49660.0,A
1230,2016-05-15,780.64,49540.0,A
1231,2016-05-16,780.51,49420.0,A
1232,2016-05-17,780.36,49280.0,A
1233,2016-05-18,780.2,49130.0,A
1234,2016-05-19,780.04,48990.0,A
1235,2016-05-20,779.87,48830.0,A
1236,2016-05-21,779.71,48680.0,A
1237,2016-05-22,779.53,48520.0,A
1238,2016-05-23,779.35,48350.0,A
1239,2016-05-24,779.16,48180.0,A
1240,2016-05-25,778.95,47990.0,A
1241,2016-05-26,778.73,47790.0,A
1242,2016-05-27,778.52,47600.0,A
1243,2016-05-28,778.54,47620.0,A
1244,2016-05-29,778.48,47560.0,A
1245,2016-05-30,778.25,47360.0,A
1246,2016-05-31,777.93,47070.0,A
1247,2016-06-01,777.62,46790.0,A
1248,2016-06-02,777.32,46520.0,A
1249,2016-06-03,777.01,46250.0,A
1250,2016-06-04,776.67,45950.0,A
1251,2016-06-05,776.3,45620.0,A
1252,2016-06-06,775.89,45260.0,A
1253,2016-06-07,775.46,44880.0,A
1254,2016-06-08,775.03,44510.0,A
1255,2016-06-09,774.59,44130.0,A
1256,2016-06-10,774.23,43820.0,A
1257,2016-06-11,773.93,43560.0,A
1258,2016-06-12,773.59,43270.0,A
1259,2016-06-13,773.25,42980.0,A
1260,2016-06-14,772.96,42730.0,A
1261,2016-06-15,772.67,42490.0,A
1262,2016-06-16,772.32,42190.0,A
1263,2016-06-17,771.97,41900.0,A
1264,2016-06-18,771.63,41610.0,A
1265,2016-06-19,771.26,41310.0,A
1266,2016-06-20,770.87,40980.0,A
1267,2016-06-21,770.46,40640.0,A
1268,2016-06-22,770.07,40320.0,A
1269,2016-06-23,769.77,40080.0,A
1270,2016-06-24,769.42,39790.0,A
1271,2016-06-25,769.0,39450.0,A
1272,2016-06-26,768.52,39060.0,A
1273,2016-06-27,768.05,38680.0,A
1274,2016-06-28,767.59,38310.0,A
1275,2016-06-29,767.1,37920.0,A
1276,2016-06-30,766.57,37500.0,A
1277,2016-07-01,766.08,37110.0,A
1278,2016-07-02,765.66,36780.0,A
1279,2016-07-03,765.18,36410.0,A
1280,2016-07-04,764.69,36020.0,A
1281,2016-07-05,764.2,35640.0,A
1282,2016-07-06,763.73,35280.0,A
1283,2016-07-07,763.48,35090.0,A
1284,2016-07-08,763.47,35080.0,A
1285,2016-07-09,763.64,35210.0,A
1286,2016-07-10,763.99,35480.0,A
1287,2016-07-11,764.0,35490.0,A
1288,2016-07-12,763.93,35440.0,A
1289,2016-07-13,763.8,35340.0,A
1290,2016-07-14,763.62,35200.0,A
1291,2016-07-15,763.43,35050.0,A
1292,2016-07-16,763.22,34890.0,A
1293,2016-07-17,762.99,34710.0,A
1294,2016-07-18,762.76,34540.0,A
1295,2016-07-19,762.52,34350.0,A
1296,2016-07-20,762.27,34160.0,A
1297,2016-07-21,762.0,33960.0,A
1298,2016-07-22,761.73,33750.0,A
1299,2016-07-23,761.46,33550.0,A
1300,2016-07-24,761.17,33330.0,A
1301,2016-07-25,760.87,33100.0,A
1302,2016-07-26,760.57,32880.0,A
1303,2016-07-27,760.26,32650.0,A
1304,2016-07-28,759.94,32410.0,A
1305,2016-07-29,759.62,32170.0,A
1306,2016-07-30,759.28,31920.0,A
1307,2016-07-31,758.91,31650.0,A
1308,2016-08-01,758.54,31370.0,A
1309,2016-08-02,758.17,31100.0,A
1310,2016-08-03,757.79,30830.0,A
1311,2016-08-04,757.42,30560.0,A
1312,2016-08-05,757.03,30280.0,A
1313,2016-08-06,756.64,30000.0,A
1314,2016-08-07,756.28,29740.0,A
1315,2016-08-08,755.91,29470.0,A
1316,2016-08-09,755.52,29200.0,A
1317,2016-08-10,755.13,28920.0,A
1318,2016-08-11,754.74,28650.0,A
1319,2016-08-12,754.35,28370.0,A
1320,2016-08-13,753.94,28090.0,A
1321,2016-08-14,753.55,27820.0,A
1322,2016-08-15,753.14,27530.0,A
1323,2016-08-16,752.73,27250.0,A
1324,2016-08-17,752.33,26980.0,A
1325,2016-08-18,751.93,26710.0,A
1326,2016-08-19,751.52,26430.0,A
1327,2016-08-20,751.1,26150.0,A
1328,2016-08-21,750.67,25860.0,A
1329,2016-08-22,750.26,25580.0,A
1330,2016-08-23,749.83,25300.0,A
1331,2016-08-24,749.41,25020.0,A
1332,2016-08-25,748.98,24740.0,A
1333,2016-08-26,748.55,24460.0,A
1334,2016-08-27,748.12,24180.0,A
1335,2016-08-28,747.69,23910.0,A
1336,2016-08-29,747.27,23640.0,A
1337,2016-08-30,746.85,23370.0,A
1338,2016-08-31,746.5,23150.0,A
1339,2016-09-01,746.24,22990.0,A
1340,2016-09-02,746.13,22920.0,A
1341,2016-09-03,745.85,22750.0,A
1342,2016-09-04,745.5,22530.0,A
1343,2016-09-05,745.13,22300.0,A
1344,2016-09-06,744.82,22110.0,A
1345,2016-09-07,744.46,21890.0,A
1346,2016-09-08,744.08,21660.0,A
1347,2016-09-09,743.68,21420.0,A
1348,2016-09-10,743.27,21170.0,A
1349,2016-09-11,742.83,20910.0,A
1350,2016-09-12,742.4,20650.0,A
1351,2016-09-13,741.97,20400.0,A
1352,2016-09-14,741.53,20140.0,A
1353,2016-09-15,741.07,19880.0,A
1354,2016-09-16,740.58,19590.0,A
1355,2016-09-17,740.32,19450.0,A
1356,2016-09-18,739.95,19240.0,A
1357,2016-09-19,739.75,19120.0,A
1358,2016-09-20,739.5,18980.0,A
1359,2016-09-21,739.2,18810.0,A
1360,2016-09-22,738.83,18610.0,A
1361,2016-09-23,738.65,18510.0,A
1362,2016-09-24,738.44,18390.0,A
1363,2016-09-25,738.14,18230.0,A
1364,2016-09-26,737.79,18030.0,A
1365,2016-09-27,737.41,17830.0,A
1366,2016-09-28,737.0,17610.0,A
1367,2016-09-29,736.58,17380.0,A
1368,2016-09-30,736.14,17150.0,A
1369,2016-10-01,735.92,17040.0,A
1370,2016-10-02,736.04,17100.0,A
1371,2016-10-03,735.94,17050.0,A
1372,2016-10-04,736.83,17520.0,A
1373,2016-10-05,740.46,19530.0,A
1374,2016-10-06,742.57,20750.0,A
1375,2016-10-07,746.49,23150.0,A
1376,2016-10-08,752.93,27390.0,A
1377,2016-10-09,756.29,29750.0,A
1378,2016-10-10,757.61,30700.0,A
1379,2016-10-11,758.36,31240.0,A
1380,2016-10-12,758.88,31620.0,A
1381,2016-10-13,763.2,34870.0,A
1382,2016-10-14,770.53,40700.0,A
1383,2016-10-15,773.86,43500.0,A
1384,2016-10-16,775.54,44950.0,A
1385,2016-10-17,775.22,44670.0,A
1386,2016-10-18,775.45,44870.0,A
1387,2016-10-19,775.37,44800.0,A
1388,2016-10-20,774.99,44470.0,A
1389,2016-10-21,774.68,44210.0,A
1390,2016-10-22,773.98,43600.0,A
1391,2016-10-23,773.16,42900.0,A
1392,2016-10-24,772.0,41920.0,A
1393,2016-10-25,771.01,41100.0,
1394,2016-10-26,770.02,40280.0,A
1395,2016-10-27,771.87,41810.0,A
1396,2016-10-28,772.76,42560.0,A
1397,2016-10-29,772.37,42240.0,A
1398,2016-10-30,771.49,41500.0,A
1399,2016-10-31,771.95,41880.0,A
1400,2016-11-01,772.05,41970.0,A
1401,2016-11-02,773.95,43580.0,A
1402,2016-11-03,774.56,44100.0,A
1403,2016-11-04,773.94,43570.0,A
1404,2016-11-05,774.9,44400.0,A
1405,2016-11-06,775.08,44550.0,A
1406,2016-11-07,775.01,44490.0,A
1407,2016-11-08,774.63,44160.0,A
1408,2016-11-09,775.39,44820.0,A
1409,2016-11-10,774.69,44210.0,A
1410,2016-11-11,773.73,43390.0,A
1411,2016-11-12,773.95,43580.0,A
1412,2016-11-13,774.56,44100.0,A
1413,2016-11-14,774.68,44210.0,A
1414,2016-11-15,774.44,44000.0,A
1415,2016-11-16,773.88,43520.0,A
1416,2016-11-17,773.32,43040.0,A
1417,2016-11-18,772.66,42480.0,A
1418,2016-11-19,772.28,42160.0,A
1419,2016-11-20,773.88,43520.0,A
1420,2016-11-21,774.69,44210.0,A
1421,2016-11-22,774.81,44320.0,A
1422,2016-11-23,773.86,43500.0,A
1423,2016-11-24,775.15,44610.0,A
1424,2016-11-25,774.75,44270.0,A
1425,2016-11-26,774.92,44410.0,A
1426,2016-11-27,775.09,44560.0,A
1427,2016-11-28,775.01,44490.0,A
1428,2016-11-29,774.28,43860.0,A
1429,2016-11-30,773.89,43530.0,A
1430,2016-12-01,773.07,42830.0,A
1431,2016-12-02,772.78,42580.0,A
1432,2016-12-03,772.31,42180.0,A
1433,2016-12-04,771.45,41460.0,A
1434,2016-12-05,770.19,40420.0,A
1435,2016-12-06,768.97,39430.0,A
1436,2016-12-07,768.17,38780.0,A
1437,2016-12-08,767.21,38010.0,A
1438,2016-12-09,766.51,37450.0,A
1439,2016-12-10,766.32,37300.0,A
1440,2016-12-11,766.17,37180.0,A
1441,2016-12-12,765.85,36930.0,A
1442,2016-12-13,765.4,36580.0,A
1443,2016-12-14,764.89,36180.0,A
1444,2016-12-15,764.31,35730.0,A
1445,2016-12-16,763.83,35360.0,A
1446,2016-12-17,763.42,35040.0,A
1447,2016-12-18,763.0,34720.0,A
1448,2016-12-19,762.76,34540.0,A
1449,2016-12-20,763.05,34760.0,A
1450,2016-12-21,763.02,34740.0,A
1451,2016-12-22,763.05,34760.0,A
1452,2016-12-23,763.31,34960.0,
1453,2016-12-24,763.57,35160.0,A
1454,2016-12-25,763.66,35230.0,A
1455,2016-12-26,763.87,35390.0,A
1456,2016-12-27,764.04,35520.0,A
1457,2016-12-28,764.1,35570.0,A
1458,2016-12-29,764.3,35720.0,A
1459,2016-12-30,764.47,35850.0,A
1460,2016-12-31,764.54,35905.0,
1461,2017-01-01,764.61,35960.0,A
1462,2017-01-02,764.58,35940.0,A
1463,2017-01-03,764.5,35880.0,A
1464,2017-01-04,764.51,35880.0,A
1465,2017-01-05,764.47,35850.0,A
1466,2017-01-06,764.34,35750.0,A
1467,2017-01-07,764.19,35640.0,A
1468,2017-01-08,764.4,35800.0,A
1469,2017-01-09,764.77,36090.0,A
1470,2017-01-10,764.65,35990.0,A
1471,2017-01-11,764.64,35990.0,A
1472,2017-01-12,764.61,35960.0,A
1473,2017-01-13,764.52,35890.0,A
1474,2017-01-14,764.41,35810.0,A
1475,2017-01-15,764.27,35700.0,A
1476,2017-01-16,763.43,35050.0,A
1477,2017-01-17,763.29,34940.0,A
1478,2017-01-18,770.07,40320.0,A
1479,2017-01-19,774.19,43780.0,A
1480,2017-01-20,775.1,44570.0,A
1481,2017-01-21,774.55,44090.0,A
1482,2017-01-22,773.48,43180.0,A
1483,2017-01-23,772.01,41930.0,A
1484,2017-01-24,770.58,40740.0,A
1485,2017-01-25,769.63,39960.0,A
1486,2017-01-26,768.54,39080.0,A
1487,2017-01-27,767.65,38360.0,A
1488,2017-01-28,767.31,38090.0,A
1489,2017-01-29,767.02,37860.0,A
1490,2017-01-30,766.7,37600.0,A
1491,2017-01-31,766.3,37290.0,A
1492,2017-02-01,765.81,36900.0,A
1493,2017-02-02,765.19,36410.0,A
1494,2017-02-03,764.79,36100.0,A
1495,2017-02-04,765.04,36300.0,A
1496,2017-02-05,764.7833333333333,36100.0,
1497,2017-02-06,764.5266666666666,35900.0,
1498,2017-02-07,764.27,35700.0,A
1499,2017-02-08,764.01,35500.0,A
1500,2017-02-09,770.47,40650.0,A
1501,2017-02-10,772.99,42760.0,A
1502,2017-02-11,773.43,43130.0,A
1503,2017-02-12,773.18,42920.0,A
1504,2017-02-13,771.97,41900.0,A
1505,2017-02-14,770.33,40540.0,A
1506,2017-02-15,774.31,43890.0,A
1507,2017-02-16,774.68,44210.0,A
1508,2017-02-17,774.5,44050.0,A
1509,2017-02-18,773.75,43410.0,A
1510,2017-02-19,772.77,42570.0,A
1511,2017-02-20,771.95,41880.0,A
1512,2017-02-21,771.47,41480.0,A
1513,2017-02-22,770.78,40910.0,A
1514,2017-02-23,769.93,40210.0,A
1515,2017-02-24,768.96,39420.0,A
1516,2017-02-25,768.158,38782.0,
1517,2017-02-26,767.356,38144.0,
1518,2017-02-27,766.5540000000001,37506.0,
1519,2017-02-28,765.7520000000001,36868.0,
1520,2017-03-01,764.95,36230.0,A
1521,2017-03-02,764.87,36160.0,A
1522,2017-03-03,766.38,37350.0,A
1523,2017-03-04,767.14,37950.0,A
1524,2017-03-05,767.1275,37940.0,
1525,2017-03-06,767.115,37930.0,
1526,2017-03-07,767.1025,37920.0,
1527,2017-03-08,767.09,37910.0,A
1528,2017-03-09,767.09,37910.0,A
1529,2017-03-10,768.96,39420.0,A
1530,2017-03-11,770.0,40270.0,A
1531,2017-03-12,771.12,41190.0,A
1532,2017-03-13,771.89,41830.0,A
1533,2017-03-14,774.66,44190.0,A
1534,2017-03-15,774.57,44110.0,A
1535,2017-03-16,774.17,43770.0,A
1536,2017-03-17,773.68,43350.0,A
1537,2017-03-18,775.37,44800.0,A
1538,2017-03-19,774.97,44460.0,A
1539,2017-03-20,773.94,43570.0,A
1540,2017-03-21,773.51,43200.0,A
1541,2017-03-22,774.07,43680.0,A
1542,2017-03-23,773.71,43370.0,A
1543,2017-03-24,774.18,43770.0,A
1544,2017-03-25,774.82,44330.0,A
1545,2017-03-26,774.98,44470.0,A
1546,2017-03-27,775.28,44730.0,A
1547,2017-03-28,777.51,46690.0,A
1548,2017-03-29,778.66,47730.0,A
1549,2017-03-30,779.01,48040.0,A
1550,2017-03-31,778.98,48020.0,A
1551,2017-04-01,778.85,47900.0,A
1552,2017-04-02,778.43,47520.0,A
1553,2017-04-03,778.47,47550.0,A
1554,2017-04-04,779.02,48050.0,A
1555,2017-04-05,780.22,49150.0,A
1556,2017-04-06,780.53,49440.0,A
1557,2017-04-07,781.9,50720.0,A
1558,2017-04-08,783.08,51830.0,A
1559,2017-04-09,783.19,51940.0,A
1560,2017-04-10,783.29,52030.0,A
1561,2017-04-11,783.11,51860.0,A
1562,2017-04-12,783.44,52180.0,A
1563,2017-04-13,783.93,52640.0,A
1564,2017-04-14,784.28,52980.0,A
1565,2017-04-15,785.21,53880.0,A
1566,2017-04-16,786.08,54730.0,A
1567,2017-04-17,787.08,55720.0,A
1568,2017-04-18,788.62,57260.0,A
1569,2017-04-19,789.55,58200.0,A
1570,2017-04-20,790.53,59210.0,A
1571,2017-04-21,791.18,59880.0,A
1572,2017-04-22,792.08,60810.0,A
1573,2017-04-23,793.92,62750.0,A
1574,2017-04-24,795.07,63980.0,A
1575,2017-04-25,795.37,64300.0,A
1576,2017-04-26,795.47,64410.0,A
1577,2017-04-27,795.38,64310.0,A
1578,2017-04-28,795.06,63970.0,A
1579,2017-04-29,794.73,63620.0,A
1580,2017-04-30,794.63,63510.0,A
1581,2017-05-01,794.67,63550.0,A
1582,2017-05-02,794.83,63720.0,A
1583,2017-05-03,795.15,64070.0,A
1584,2017-05-04,795.8,64770.0,A
1585,2017-05-05,796.49,65520.0,A
1586,2017-05-06,796.81,65870.0,A
1587,2017-05-07,796.94,66010.0,A
1588,2017-05-08,797.0,66080.0,A
1589,2017-05-09,797.04,66120.0,A
1590,2017-05-10,797.13,66220.0,A
1591,2017-05-11,797.71,66850.0,A
1592,2017-05-12,798.0,67180.0,A
1593,2017-05-13,798.04,67220.0,A
1594,2017-05-14,797.92,67090.0,A
1595,2017-05-15,798.09,67270.0,A
1596,2017-05-16,798.47,67700.0,A
1597,2017-05-17,798.6,67840.0,A
1598,2017-05-18,798.62,67860.0,A
1599,2017-05-19,798.6,67840.0,A
1600,2017-05-20,798.58,67820.0,A
1601,2017-05-21,798.64,67880.0,A
1602,2017-05-22,798.87,68140.0,A
1603,2017-05-23,799.15,68450.0,A
1604,2017-05-24,799.23,68540.0,A
1605,2017-05-25,799.15,68450.0,A
1606,2017-05-26,799.07,68360.0,A
1607,2017-05-27,799.05,68340.0,A
1608,2017-05-28,799.11,68410.0,A
1609,2017-05-29,799.2,68510.0,A
1610,2017-05-30,799.25,68560.0,A
1611,2017-05-31,799.2,68510.0,A
1612,2017-06-01,799.15,68450.0,A
1613,2017-06-02,799.13,68430.0,A
1614,2017-06-03,798.98,68260.0,A
1615,2017-06-04,798.75,68010.0,A
1616,2017-06-05,798.48,67710.0,A
1617,2017-06-06,798.35,67560.0,A
1618,2017-06-07,798.34,67550.0,A
1619,2017-06-08,798.75,68010.0,A
1620,2017-06-09,798.96,68240.0,A
1621,2017-06-10,799.04,68330.0,A
1622,2017-06-11,799.03,68320.0,A
1623,2017-06-12,798.98,68260.0,A
1624,2017-06-13,798.91,68180.0,A
1625,2017-06-14,798.72,67970.0,A
1626,2017-06-15,799.68,69050.0,A
1627,2017-06-16,799.47,68810.0,A
1628,2017-06-17,799.07,68360.0,A
1629,2017-06-18,798.89,68160.0,A
1630,2017-06-19,798.8,68060.0,A
1631,2017-06-20,798.79,68050.0,A
1632,2017-06-21,798.75,68010.0,A
1633,2017-06-22,798.77,68030.0,A
1634,2017-06-23,798.85,68120.0,A
1635,2017-06-24,798.93,68210.0,A
1636,2017-06-25,799.01,68300.0,A
1637,2017-06-26,799.06,68350.0,A
1638,2017-06-27,799.08,68370.0,A
1639,2017-06-28,799.04,68330.0,A
1640,2017-06-29,798.98,68260.0,A
1641,2017-06-30,798.91,68180.0,A
1642,2017-07-01,798.82,68080.0,A
1643,2017-07-02,798.72,67970.0,A
1644,2017-07-03,798.59,67830.0,A
1645,2017-07-04,798.45,67670.0,A
1646,2017-07-05,798.35,67560.0,A
1647,2017-07-06,798.3,67510.0,A
1648,2017-07-07,798.25,67450.0,A
1649,2017-07-08,798.18,67370.0,A
1650,2017-07-09,798.11,67300.0,A
1651,2017-07-10,798.02,67200.0,A
1652,2017-07-11,797.92,67090.0,A
1653,2017-07-12,797.81,66970.0,A
1654,2017-07-13,797.7,66840.0,A
1655,2017-07-14,797.57,66700.0,A
1656,2017-07-15,797.43,66550.0,A
1657,2017-07-16,797.29,66390.0,A
1658,2017-07-17,797.15,66240.0,A
1659,2017-07-18,796.98,66050.0,A
1660,2017-07-19,796.82,65880.0,A
1661,2017-07-20,796.66,65700.0,A
1662,2017-07-21,796.49,65520.0,A
1663,2017-07-22,796.32,65330.0,A
1664,2017-07-23,796.14,65140.0,A
1665,2017-07-24,795.96,64940.0,A
1666,2017-07-25,795.66,64620.0,A
1667,2017-07-26,795.35,64280.0,A
1668,2017-07-27,795.15,64070.0,A
1669,2017-07-28,794.93,63830.0,A
1670,2017-07-29,794.7,63580.0,A
1671,2017-07-30,794.48,63350.0,A
1672,2017-07-31,794.26,63110.0,A
1673,2017-08-01,794.04,62880.0,A
1674,2017-08-02,793.81,62630.0,A
1675,2017-08-03,793.58,62390.0,A
1676,2017-08-04,793.35,62150.0,A
1677,2017-08-05,793.11,61890.0,A
1678,2017-08-06,792.87,61640.0,A
1679,2017-08-07,792.63,61390.0,A
1680,2017-08-08,792.37,61110.0,A
1681,2017-08-09,792.13,60860.0,A
1682,2017-08-10,791.88,60600.0,A
1683,2017-08-11,791.62,60330.0,A
1684,2017-08-12,791.38,60080.0,A
1685,2017-08-13,791.16,59860.0,A
1686,2017-08-14,790.91,59600.0,A
1687,2017-08-15,790.65,59330.0,A
1688,2017-08-16,790.38,59050.0,A
1689,2017-08-17,790.12,58790.0,A
1690,2017-08-18,789.85,58510.0,A
1691,2017-08-19,789.58,58240.0,A
1692,2017-08-20,789.31,57960.0,A
1693,2017-08-21,789.05,57700.0,A
1694,2017-08-22,788.77,57410.0,A
1695,2017-08-23,788.5,57140.0,A
1696,2017-08-24,788.23,56870.0,A
1697,2017-08-25,787.95,56590.0,A
1698,2017-08-26,787.68,56320.0,A
1699,2017-08-27,787.39,56030.0,A
1700,2017-08-28,787.11,55750.0,A
1701,2017-08-29,786.83,55470.0,A
1702,2017-08-30,786.54,55190.0,A
1703,2017-08-31,786.25,54900.0,A
1704,2017-09-01,785.97,54630.0,A
1705,2017-09-02,785.68,54340.0,A
1706,2017-09-03,785.4,54070.0,A
1707,2017-09-04,785.11,53790.0,A
1708,2017-09-05,784.83,53510.0,A
1709,2017-09-06,784.54,53230.0,A
1710,2017-09-07,784.25,52950.0,A
1711,2017-09-08,783.95,52660.0,A
1712,2017-09-09,783.7,52420.0,A
1713,2017-09-10,783.4,52140.0,A
1714,2017-09-11,783.1,51850.0,A
1715,2017-09-12,782.8,51570.0,A
1716,2017-09-13,782.5,51280.0,A
1717,2017-09-14,782.18,50980.0,A
1718,2017-09-15,781.87,50690.0,A
1719,2017-09-16,781.55,50390.0,A
1720,2017-09-17,781.32,50170.0,A
1721,2017-09-18,781.13,50000.0,A
1722,2017-09-19,780.94,49820.0,A
1723,2017-09-20,780.43,49350.0,A
1724,2017-09-21,780.08,49020.0,A
1725,2017-09-22,779.75,48720.0,A
1726,2017-09-23,779.4,48400.0,A
1727,2017-09-24,779.0,48040.0,A
1728,2017-09-25,778.6,47670.0,A
1729,2017-09-26,778.09,47210.0,A
1730,2017-09-27,777.44,46630.0,A
1731,2017-09-28,776.81,46070.0,A
1732,2017-09-29,776.22,45550.0,A
1733,2017-09-30,775.61,45010.0,A
1734,2017-10-01,774.91,44400.0,A
1735,2017-10-02,774.18,43770.0,A
1736,2017-10-03,773.52,43210.0,A
1737,2017-10-04,772.9,42680.0,A
1738,2017-10-05,772.25,42130.0,A
1739,2017-10-06,771.65,41630.0,A
1740,2017-10-07,771.02,41110.0,A
1741,2017-10-08,770.39,40590.0,A
1742,2017-10-09,769.74,40050.0,A
1743,2017-10-10,769.06,39500.0,A
1744,2017-10-11,768.38,38950.0,A
1745,2017-10-12,767.71,38410.0,A
1746,2017-10-13,767.02,37860.0,A
1747,2017-10-14,766.33,37310.0,A
1748,2017-10-15,765.63,36760.0,A
1749,2017-10-16,764.87,36160.0,A
1750,2017-10-17,764.35,35760.0,A
1751,2017-10-18,767.22,38020.0,A
1752,2017-10-19,767.34,38110.0,A
1753,2017-10-20,766.67,37580.0,A
1754,2017-10-21,768.08,38710.0,A
1755,2017-10-22,769.83,40130.0,A
1756,2017-10-23,769.27,39670.0,A
1757,2017-10-24,768.42,38980.0,A
1758,2017-10-25,767.54,38270.0,A
1759,2017-10-26,766.97,37820.0,A
1760,2017-10-27,766.27,37260.0,A
1761,2017-10-28,765.49,36650.0,A
1762,2017-10-29,764.63,35980.0,A
1763,2017-10-30,763.71,35270.0,A
1764,2017-10-31,762.96,34690.0,A
1765,2017-11-01,762.45,34300.0,A
1766,2017-11-02,762.3,34190.0,A
1767,2017-11-03,762.19,34100.0,A
1768,2017-11-04,762.07,34010.0,A
1769,2017-11-05,761.95,33920.0,A
1770,2017-11-06,761.76,33780.0,A
1771,2017-11-07,761.55,33620.0,A
1772,2017-11-08,761.46,33550.0,A
1773,2017-11-09,762.06,34000.0,A
1774,2017-11-10,763.0,34720.0,A
1775,2017-11-11,763.73,35280.0,A
1776,2017-11-12,768.13,38750.0,A
1777,2017-11-13,770.91,41020.0,A
1778,2017-11-14,772.69,42510.0,A
1779,2017-11-15,773.62,43300.0,A
1780,2017-11-16,773.3,43020.0,A
1781,2017-11-17,772.41,42270.0,A
1782,2017-11-18,771.35,41380.0,A
1783,2017-11-19,771.16,41220.0,A
1784,2017-11-20,772.62,42450.0,A
1785,2017-11-21,775.96,45320.0,A
1786,2017-11-22,784.56,53250.0,A
1787,2017-11-23,784.78,53470.0,A
1788,2017-11-24,778.72,47780.0,A
1789,2017-11-25,774.67,44200.0,A
1790,2017-11-26,774.52,44070.0,A
1791,2017-11-27,774.78,44290.0,A
1792,2017-11-28,774.84,44340.0,A
1793,2017-11-29,774.28,43860.0,A
1794,2017-11-30,773.59,43270.0,A
1795,2017-12-01,773.2,42940.0,A
1796,2017-12-02,772.8,42600.0,A
1797,2017-12-03,771.82,41770.0,A
1798,2017-12-04,771.05,41130.0,A
1799,2017-12-05,770.43,40620.0,A
1800,2017-12-06,769.65,39980.0,A
1801,2017-12-07,768.76,39260.0,A
1802,2017-12-08,767.77,38460.0,A
1803,2017-12-09,767.26,38050.0,A
1804,2017-12-10,767.28,38060.0,A
1805,2017-12-11,767.24,38030.0,A
1806,2017-12-12,767.12,37940.0,A
1807,2017-12-13,766.97,37820.0,A
1808,2017-12-14,766.75,37640.0,A
1809,2017-12-15,766.51,37450.0,A
1810,2017-12-16,766.24,37240.0,A
1811,2017-12-17,766.24,37240.0,A
1812,2017-12-18,766.75,37640.0,A
1813,2017-12-19,769.38,39760.0,A
1814,2017-12-20,770.21,40440.0,A
1815,2017-12-21,770.53,40700.0,A
1816,2017-12-22,770.65,40800.0,A
1817,2017-12-23,770.64,40790.0,A
1818,2017-12-24,770.55,40720.0,A
1819,2017-12-25,770.4,40590.0,A
1820,2017-12-26,770.18,40410.0,A
1821,2017-12-27,769.92,40200.0,A
1822,2017-12-28,770.78,40910.0,A
1823,2017-12-29,773.81,43460.0,A
1824,2017-12-30,774.31,43890.0,A
1825,2017-12-31,773.21,42950.0,A
1826,2018-01-01,771.63,41610.0,A
