,datetime,BEARDSLEY_LAKE_NEAR_STRAWBERRY_CA.tsv
0,2013-01-01,37310
1,2013-01-02,37330
2,2013-01-03,37370
3,2013-01-04,37370
4,2013-01-05,37390
5,2013-01-06,37320
6,2013-01-07,37230
7,2013-01-08,37130
8,2013-01-09,37070
9,2013-01-10,37020
10,2013-01-11,36950
11,2013-01-12,36670
12,2013-01-13,36620
13,2013-01-14,36540
14,2013-01-15,36430
15,2013-01-16,36440
16,2013-01-17,36480
17,2013-01-18,36480
18,2013-01-19,36540
19,2013-01-20,36480
20,2013-01-21,36440
21,2013-01-22,36430
22,2013-01-23,36060
23,2013-01-24,35460
24,2013-01-25,34970
25,2013-01-26,34680
26,2013-01-27,34580
27,2013-01-28,34340
28,2013-01-29,34100
29,2013-01-30,33530
30,2013-01-31,32980
31,2013-02-01,32630
32,2013-02-02,32430
33,2013-02-03,32090
34,2013-02-04,31830
35,2013-02-05,31530
36,2013-02-06,31360
37,2013-02-07,30950
38,2013-02-08,30700
39,2013-02-09,30480
40,2013-02-10,30210
41,2013-02-11,29830
42,2013-02-12,29270
43,2013-02-13,28910
44,2013-02-14,28650
45,2013-02-15,28460
46,2013-02-16,28310
47,2013-02-17,28090
48,2013-02-18,27790
49,2013-02-19,27820
50,2013-02-20,28120
51,2013-02-21,28000
52,2013-02-22,27730
53,2013-02-23,27320
54,2013-02-24,27110
55,2013-02-25,26940
56,2013-02-26,26530
57,2013-02-27,26300
58,2013-02-28,26080
59,2013-03-01,25830
60,2013-03-02,25560
61,2013-03-03,25420
62,2013-03-04,25280
63,2013-03-05,25410
64,2013-03-06,25580
65,2013-03-07,25690
66,2013-03-08,25520
67,2013-03-09,25270
68,2013-03-10,25280
69,2013-03-11,25360
70,2013-03-12,25430
71,2013-03-13,25580
72,2013-03-14,25770
73,2013-03-15,26090
74,2013-03-16,26560
75,2013-03-17,26870
76,2013-03-18,27200
77,2013-03-19,27910
78,2013-03-20,28610
79,2013-03-21,29260
80,2013-03-22,29760
81,2013-03-23,30430
82,2013-03-24,31020
83,2013-03-25,31640
84,2013-03-26,32220
85,2013-03-27,32970
86,2013-03-28,33650
87,2013-03-29,34230
88,2013-03-30,34960
89,2013-03-31,35630
90,2013-04-01,36200
91,2013-04-02,36910
92,2013-04-03,37660
93,2013-04-04,38320
94,2013-04-05,38940
95,2013-04-06,39550
96,2013-04-07,40290
97,2013-04-08,40740
98,2013-04-09,41330
99,2013-04-10,41760
100,2013-04-11,42460
101,2013-04-12,43200
102,2013-04-13,44010
103,2013-04-14,44740
104,2013-04-15,45510
105,2013-04-16,46100
106,2013-04-17,46750
107,2013-04-18,47190
108,2013-04-19,47830
109,2013-04-20,48380
110,2013-04-21,49110
111,2013-04-22,49830
112,2013-04-23,50490
113,2013-04-24,51000
114,2013-04-25,51520
115,2013-04-26,52490
116,2013-04-27,53490
117,2013-04-28,54450
118,2013-04-29,55410
119,2013-04-30,56000
120,2013-05-01,56490
121,2013-05-02,56970
122,2013-05-03,57330
123,2013-05-04,57620
124,2013-05-05,57820
125,2013-05-06,58090
126,2013-05-07,58260
127,2013-05-08,58590
128,2013-05-09,59130
129,2013-05-10,59520
130,2013-05-11,60050
131,2013-05-12,60470
132,2013-05-13,60910
133,2013-05-14,61080
134,2013-05-15,61240
135,2013-05-16,61530
136,2013-05-17,61570
137,2013-05-18,61620
138,2013-05-19,61850
139,2013-05-20,62060
140,2013-05-21,62160
141,2013-05-22,62350
142,2013-05-23,62480
143,2013-05-24,62630
144,2013-05-25,62740
145,2013-05-26,62860
146,2013-05-27,62930
147,2013-05-28,63100
148,2013-05-29,63250
149,2013-05-30,63390
150,2013-05-31,63500
151,2013-06-01,63610
152,2013-06-02,63560
153,2013-06-03,63610
154,2013-06-04,63600
155,2013-06-05,63630
156,2013-06-06,63690
157,2013-06-07,63770
158,2013-06-08,63990
159,2013-06-09,63940
160,2013-06-10,63880
161,2013-06-11,63820
162,2013-06-12,63710
163,2013-06-13,63620
164,2013-06-14,63520
165,2013-06-15,63440
166,2013-06-16,63130
167,2013-06-17,62830
168,2013-06-18,62510
169,2013-06-19,62410
170,2013-06-20,62390
171,2013-06-21,62330
172,2013-06-22,62330
173,2013-06-23,62200
174,2013-06-24,62130
175,2013-06-25,62200
176,2013-06-26,62100
177,2013-06-27,62050
178,2013-06-28,62120
179,2013-06-29,62420
180,2013-06-30,62750
181,2013-07-01,62940
182,2013-07-02,63200
183,2013-07-03,63490
184,2013-07-04,63560
185,2013-07-05,63520
186,2013-07-06,63440
187,2013-07-07,63370
188,2013-07-08,63320
189,2013-07-09,63330
190,2013-07-10,63270
191,2013-07-11,63310
192,2013-07-12,63250
193,2013-07-13,63230
194,2013-07-14,63210
195,2013-07-15,63180
196,2013-07-16,63200
197,2013-07-17,63160
198,2013-07-18,63190
199,2013-07-19,63130
200,2013-07-20,63380
201,2013-07-21,63700
202,2013-07-22,63610
203,2013-07-23,63470
204,2013-07-24,63330
205,2013-07-25,63140
206,2013-07-26,63010
207,2013-07-27,62890
208,2013-07-28,62690
209,2013-07-29,62490
210,2013-07-30,62250
211,2013-07-31,62020
212,2013-08-01,61720
213,2013-08-02,61510
214,2013-08-03,61240
215,2013-08-04,60950
216,2013-08-05,60670
217,2013-08-06,60340
218,2013-08-07,60070
219,2013-08-08,59690
220,2013-08-09,59360
221,2013-08-10,58890
222,2013-08-11,58300
223,2013-08-12,57800
224,2013-08-13,57290
225,2013-08-14,56780
226,2013-08-15,56330
227,2013-08-16,55800
228,2013-08-17,55220
229,2013-08-18,54690
230,2013-08-19,54450
231,2013-08-20,54160
232,2013-08-21,53700
233,2013-08-22,53340
234,2013-08-23,53050
235,2013-08-24,52640
236,2013-08-25,52140
237,2013-08-26,51650
238,2013-08-27,51250
239,2013-08-28,50730
240,2013-08-29,50150
241,2013-08-30,49590
242,2013-08-31,49030
243,2013-09-01,48420
244,2013-09-02,47790
245,2013-09-03,47640
246,2013-09-04,47080
247,2013-09-05,46450
248,2013-09-06,45850
249,2013-09-07,45220
250,2013-09-08,44580
251,2013-09-09,44000
252,2013-09-10,43360
253,2013-09-11,42700
254,2013-09-12,42030
255,2013-09-13,41370
256,2013-09-14,40730
257,2013-09-15,40130
258,2013-09-16,39530
259,2013-09-17,39180
260,2013-09-18,39090
261,2013-09-19,39040
262,2013-09-20,38440
263,2013-09-21,38380
264,2013-09-22,37920
265,2013-09-23,37380
266,2013-09-24,36960
267,2013-09-25,36680
268,2013-09-26,36390
269,2013-09-27,35760
270,2013-09-28,35130
271,2013-09-29,34510
272,2013-09-30,33860
273,2013-10-01,33280
274,2013-10-02,32900
275,2013-10-03,32540
276,2013-10-04,32270
277,2013-10-05,32040
278,2013-10-06,31800
279,2013-10-07,31900
280,2013-10-08,32170
281,2013-10-09,32460
282,2013-10-10,32770
283,2013-10-11,33020
284,2013-10-12,33240
285,2013-10-13,33500
286,2013-10-14,33800
287,2013-10-15,34110
288,2013-10-16,34340
289,2013-10-17,34600
290,2013-10-18,34850
291,2013-10-19,35090
292,2013-10-20,35390
293,2013-10-21,35690
294,2013-10-22,35760
295,2013-10-23,36030
296,2013-10-24,36320
297,2013-10-25,36630
298,2013-10-26,37060
299,2013-10-27,37310
300,2013-10-28,37650
301,2013-10-29,37920
302,2013-10-30,38180
303,2013-10-31,38340
304,2013-11-01,38590
305,2013-11-02,38830
306,2013-11-03,39030
307,2013-11-04,39160
308,2013-11-05,38940
309,2013-11-06,38650
310,2013-11-07,38350
311,2013-11-08,38060
312,2013-11-09,37790
313,2013-11-10,37510
314,2013-11-11,37240
315,2013-11-12,36500
316,2013-11-13,35770
317,2013-11-14,35040
318,2013-11-15,34420
319,2013-11-16,33680
320,2013-11-17,32960
321,2013-11-18,32210
322,2013-11-19,31480
323,2013-11-20,30800
324,2013-11-21,30060
325,2013-11-22,29240
326,2013-11-23,28490
327,2013-11-24,27740
328,2013-11-25,27270
329,2013-11-26,27200
330,2013-11-27,27140
331,2013-11-28,27100
332,2013-11-29,27070
333,2013-11-30,27090
334,2013-12-01,27030
335,2013-12-02,26990
336,2013-12-03,26930
337,2013-12-04,26900
338,2013-12-05,26960
339,2013-12-06,26970
340,2013-12-07,27040
341,2013-12-08,27400
342,2013-12-09,27560
343,2013-12-10,27930
344,2013-12-11,27830
345,2013-12-12,27720
346,2013-12-13,27550
347,2013-12-14,27360
348,2013-12-15,26860
349,2013-12-16,26680
350,2013-12-17,26500
351,2013-12-18,26200
352,2013-12-19,25990
353,2013-12-20,25840
354,2013-12-21,25600
355,2013-12-22,25440
356,2013-12-23,25230
357,2013-12-24,25080
358,2013-12-25,24920
359,2013-12-26,24770
360,2013-12-27,24590
361,2013-12-28,24360
362,2013-12-29,24170
363,2013-12-30,23950
364,2013-12-31,23780
365,2014-01-01,23480
366,2014-01-02,23300
367,2014-01-03,23140
368,2014-01-04,22950
369,2014-01-05,22800
370,2014-01-06,22640
371,2014-01-07,22540
372,2014-01-08,22430
373,2014-01-09,22300
374,2014-01-10,22090
375,2014-01-11,21920
376,2014-01-12,21780
377,2014-01-13,21640
378,2014-01-14,21500
379,2014-01-15,21370
380,2014-01-16,21240
381,2014-01-17,21160
382,2014-01-18,21060
383,2014-01-19,20960
384,2014-01-20,20890
385,2014-01-21,20840
386,2014-01-22,20780
387,2014-01-23,20760
388,2014-01-24,20770
389,2014-01-25,20690
390,2014-01-26,20620
391,2014-01-27,20610
392,2014-01-28,20580
393,2014-01-29,20580
394,2014-01-30,20710
395,2014-01-31,20770
396,2014-02-01,20800
397,2014-02-02,20710
398,2014-02-03,20730
399,2014-02-04,20710
400,2014-02-05,20780
401,2014-02-06,20910
402,2014-02-07,20950
403,2014-02-08,21050
404,2014-02-09,21560
405,2014-02-10,21890
406,2014-02-11,21980
407,2014-02-12,22020
408,2014-02-13,22090
409,2014-02-14,22130
410,2014-02-15,22100
411,2014-02-16,22130
412,2014-02-17,22200
413,2014-02-18,22240
414,2014-02-19,22240
415,2014-02-20,22230
416,2014-02-21,22230
417,2014-02-22,22180
418,2014-02-23,22150
419,2014-02-24,22180
420,2014-02-25,22200
421,2014-02-26,22220
422,2014-02-27,22350
423,2014-02-28,22660
424,2014-03-01,22770
425,2014-03-02,22840
426,2014-03-03,22960
427,2014-03-04,23190
428,2014-03-05,23300
429,2014-03-06,23600
430,2014-03-07,23750
431,2014-03-08,23750
432,2014-03-09,23840
433,2014-03-10,23940
434,2014-03-11,24010
435,2014-03-12,24060
436,2014-03-13,24120
437,2014-03-14,24120
438,2014-03-15,24190
439,2014-03-16,24210
440,2014-03-17,24280
441,2014-03-18,24290
442,2014-03-19,24280
443,2014-03-20,24350
444,2014-03-21,24340
445,2014-03-22,24320
446,2014-03-23,24310
447,2014-03-24,24310
448,2014-03-25,24310
449,2014-03-26,24370
450,2014-03-27,24420
451,2014-03-28,24440
452,2014-03-29,24520
453,2014-03-30,24570
454,2014-03-31,24770
455,2014-04-01,24850
456,2014-04-02,24970
457,2014-04-03,25010
458,2014-04-04,25080
459,2014-04-05,25110
460,2014-04-06,25180
461,2014-04-07,25310
462,2014-04-08,25440
463,2014-04-09,25650
464,2014-04-10,25800
465,2014-04-11,25960
466,2014-04-12,26140
467,2014-04-13,26280
468,2014-04-14,26390
469,2014-04-15,26500
470,2014-04-16,26600
471,2014-04-17,26720
472,2014-04-18,26850
473,2014-04-19,26920
474,2014-04-20,27010
475,2014-04-21,27150
476,2014-04-22,27190
477,2014-04-23,27230
478,2014-04-24,27250
479,2014-04-25,27410
480,2014-04-26,27490
481,2014-04-27,27580
482,2014-04-28,27620
483,2014-04-29,27730
484,2014-04-30,27870
485,2014-05-01,27930
486,2014-05-02,27870
487,2014-05-03,27810
488,2014-05-04,27740
489,2014-05-05,27670
490,2014-05-06,27890
491,2014-05-07,27930
492,2014-05-08,28100
493,2014-05-09,28310
494,2014-05-10,28510
495,2014-05-11,28560
496,2014-05-12,28720
497,2014-05-13,28880
498,2014-05-14,29010
499,2014-05-15,29080
500,2014-05-16,29070
501,2014-05-17,28980
502,2014-05-18,28900
503,2014-05-19,29430
504,2014-05-20,30280
505,2014-05-21,30920
506,2014-05-22,31550
507,2014-05-23,31980
508,2014-05-24,32380
509,2014-05-25,32840
510,2014-05-26,33320
511,2014-05-27,34510
512,2014-05-28,36300
513,2014-05-29,37950
514,2014-05-30,39120
515,2014-05-31,39810
516,2014-06-01,40380
517,2014-06-02,40710
518,2014-06-03,41380
519,2014-06-04,42040
520,2014-06-05,42710
521,2014-06-06,43140
522,2014-06-07,43570
523,2014-06-08,44180
524,2014-06-09,44530
525,2014-06-10,45340
526,2014-06-11,45960
527,2014-06-12,46570
528,2014-06-13,46810
529,2014-06-14,47120
530,2014-06-15,46970
531,2014-06-16,47090
532,2014-06-17,46970
533,2014-06-18,47040
534,2014-06-19,46860
535,2014-06-20,46810
536,2014-06-21,46680
537,2014-06-22,46490
538,2014-06-23,46430
539,2014-06-24,46560
540,2014-06-25,46690
541,2014-06-26,46810
542,2014-06-27,46780
543,2014-06-28,46660
544,2014-06-29,46530
545,2014-06-30,46460
546,2014-07-01,46310
547,2014-07-02,46220
548,2014-07-03,46120
549,2014-07-04,45980
550,2014-07-05,45870
551,2014-07-06,45810
552,2014-07-07,45640
553,2014-07-08,45430
554,2014-07-09,45260
555,2014-07-10,45000
556,2014-07-11,44750
557,2014-07-12,44570
558,2014-07-13,44450
559,2014-07-14,44360
560,2014-07-15,44230
561,2014-07-16,44090
562,2014-07-17,43840
563,2014-07-18,43730
564,2014-07-19,43660
565,2014-07-20,43520
566,2014-07-21,43410
567,2014-07-22,43320
568,2014-07-23,43210
569,2014-07-24,43370
570,2014-07-25,43580
571,2014-07-26,43730
572,2014-07-27,43870
573,2014-07-28,44100
574,2014-07-29,44250
575,2014-07-30,44470
576,2014-07-31,44580
577,2014-08-01,44650
578,2014-08-02,44640
579,2014-08-03,44660
580,2014-08-04,44570
581,2014-08-05,44550
582,2014-08-06,44480
583,2014-08-07,44410
584,2014-08-08,44390
585,2014-08-09,44310
586,2014-08-10,44300
587,2014-08-11,44360
588,2014-08-12,44330
589,2014-08-13,44320
590,2014-08-14,44240
591,2014-08-15,44200
592,2014-08-16,44060
593,2014-08-17,44030
594,2014-08-18,44050
595,2014-08-19,44000
596,2014-08-20,43960
597,2014-08-21,43880
598,2014-08-22,43820
599,2014-08-23,43700
600,2014-08-24,43610
601,2014-08-25,43600
602,2014-08-26,43520
603,2014-08-27,43470
604,2014-08-28,43320
605,2014-08-29,43320
606,2014-08-30,43250
607,2014-08-31,43150
608,2014-09-01,43190
609,2014-09-02,43390
610,2014-09-03,43330
611,2014-09-04,43230
612,2014-09-05,43170
613,2014-09-06,43100
614,2014-09-07,43020
615,2014-09-08,42980
616,2014-09-09,42930
617,2014-09-10,42990
618,2014-09-11,42970
619,2014-09-12,42970
620,2014-09-13,42860
621,2014-09-14,42760
622,2014-09-15,42660
623,2014-09-16,42540
624,2014-09-17,42330
625,2014-09-18,42240
626,2014-09-19,42220
627,2014-09-20,42170
628,2014-09-21,42080
629,2014-09-22,42000
630,2014-09-23,42070
631,2014-09-24,42170
632,2014-09-25,42190
633,2014-09-26,42250
634,2014-09-27,42360
635,2014-09-28,42440
636,2014-09-29,42330
637,2014-09-30,42320
638,2014-10-01,42290
639,2014-10-02,42370
640,2014-10-03,42440
641,2014-10-04,42370
642,2014-10-05,42210
643,2014-10-06,42210
644,2014-10-07,41910
645,2014-10-08,41910
646,2014-10-09,41680
647,2014-10-10,41410
648,2014-10-11,41010
649,2014-10-12,40600
650,2014-10-13,40440
651,2014-10-14,40180
652,2014-10-15,39920
653,2014-10-16,39720
654,2014-10-17,39070
655,2014-10-18,38700
656,2014-10-19,38380
657,2014-10-20,38190
658,2014-10-21,38120
659,2014-10-22,38050
660,2014-10-23,37980
661,2014-10-24,37900
662,2014-10-25,37820
663,2014-10-26,37750
664,2014-10-27,37670
665,2014-10-28,37600
666,2014-10-29,37530
667,2014-10-30,37460
668,2014-10-31,37810
669,2014-11-01,38270
670,2014-11-02,38660
671,2014-11-03,39260
672,2014-11-04,39750
673,2014-11-05,40120
674,2014-11-06,40700
675,2014-11-07,41160
676,2014-11-08,41710
677,2014-11-09,42190
678,2014-11-10,42630
679,2014-11-11,43090
680,2014-11-12,43760
681,2014-11-13,44490
682,2014-11-14,44440
683,2014-11-15,44280
684,2014-11-16,44140
685,2014-11-17,44170
686,2014-11-18,44090
687,2014-11-19,44080
688,2014-11-20,44020
689,2014-11-21,43750
690,2014-11-22,43220
691,2014-11-23,42730
692,2014-11-24,42160
693,2014-11-25,41740
694,2014-11-26,41250
695,2014-11-27,40640
696,2014-11-28,40150
697,2014-11-29,39620
698,2014-11-30,39100
699,2014-12-01,38810
700,2014-12-02,38650
701,2014-12-03,38390
702,2014-12-04,37970
703,2014-12-05,37450
704,2014-12-06,37010
705,2014-12-07,36950
706,2014-12-08,36830
707,2014-12-09,36740
708,2014-12-10,36640
709,2014-12-11,36540
710,2014-12-12,36490
711,2014-12-13,36280
712,2014-12-14,36190
713,2014-12-15,36170
714,2014-12-16,36160
715,2014-12-17,36050
716,2014-12-18,35990
717,2014-12-19,35960
718,2014-12-20,35560
719,2014-12-21,35120
720,2014-12-22,35030
721,2014-12-23,34680
722,2014-12-24,34340
723,2014-12-25,33890
724,2014-12-26,33380
725,2014-12-27,32830
726,2014-12-28,32290
727,2014-12-29,32080
728,2014-12-30,31890
729,2014-12-31,31690
730,2015-01-01,31370
731,2015-01-02,30990
732,2015-01-03,30530
733,2015-01-04,30060
734,2015-01-05,29710
735,2015-01-06,29450
736,2015-01-07,29060
737,2015-01-08,28870
738,2015-01-09,28740
739,2015-01-10,28540
740,2015-01-11,28360
741,2015-01-12,27970
742,2015-01-13,27750
743,2015-01-14,27510
744,2015-01-15,27400
745,2015-01-16,27290
746,2015-01-17,26980
747,2015-01-18,26750
748,2015-01-19,26530
749,2015-01-20,26340
750,2015-01-21,26110
751,2015-01-22,25940
752,2015-01-23,25720
753,2015-01-24,25400
754,2015-01-25,25010
755,2015-01-26,24910
756,2015-01-27,24770
757,2015-01-28,24580
758,2015-01-29,24450
759,2015-01-30,24400
760,2015-01-31,24110
761,2015-02-01,23790
762,2015-02-02,23610
763,2015-02-03,23530
764,2015-02-04,23410
765,2015-02-05,23300
766,2015-02-06,23310
767,2015-02-07,23520
768,2015-02-08,23950
769,2015-02-09,24800
770,2015-02-10,25070
771,2015-02-11,25190
772,2015-02-12,25330
773,2015-02-13,25520
774,2015-02-14,25670
775,2015-02-15,25700
776,2015-02-16,25890
777,2015-02-17,25990
778,2015-02-18,26380
779,2015-02-19,26610
780,2015-02-20,26710
781,2015-02-21,27170
782,2015-02-22,27670
783,2015-02-23,28210
784,2015-02-24,28740
785,2015-02-25,28600
786,2015-02-26,28410
787,2015-02-27,28300
788,2015-02-28,28260
789,2015-03-01,28460
790,2015-03-02,28560
791,2015-03-03,28670
792,2015-03-04,28770
793,2015-03-05,28880
794,2015-03-06,29000
795,2015-03-07,29090
796,2015-03-08,29200
797,2015-03-09,29320
798,2015-03-10,29410
799,2015-03-11,29540
800,2015-03-12,29640
801,2015-03-13,29720
802,2015-03-14,29870
803,2015-03-15,29990
804,2015-03-16,30110
805,2015-03-17,30210
806,2015-03-18,30290
807,2015-03-19,30370
808,2015-03-20,30440
809,2015-03-21,30530
810,2015-03-22,30630
811,2015-03-23,30720
812,2015-03-24,30820
813,2015-03-25,30910
814,2015-03-26,30980
815,2015-03-27,31080
816,2015-03-28,31120
817,2015-03-29,31170
818,2015-03-30,31240
819,2015-03-31,31330
820,2015-04-01,31390
821,2015-04-02,31460
822,2015-04-03,31520
823,2015-04-04,31560
824,2015-04-05,31640
825,2015-04-06,31740
826,2015-04-07,31850
827,2015-04-08,32010
828,2015-04-09,32070
829,2015-04-10,32180
830,2015-04-11,32260
831,2015-04-12,32410
832,2015-04-13,32530
833,2015-04-14,32660
834,2015-04-15,32720
835,2015-04-16,32780
836,2015-04-17,32850
837,2015-04-18,32960
838,2015-04-19,33060
839,2015-04-20,33160
840,2015-04-21,33240
841,2015-04-22,33350
842,2015-04-23,33430
843,2015-04-24,33500
844,2015-04-25,33690
845,2015-04-26,33790
846,2015-04-27,33890
847,2015-04-28,34040
848,2015-04-29,34180
849,2015-04-30,34320
850,2015-05-01,34430
851,2015-05-02,34520
852,2015-05-03,34590
853,2015-05-04,34650
854,2015-05-05,34730
855,2015-05-06,34810
856,2015-05-07,34980
857,2015-05-08,35080
858,2015-05-09,35200
859,2015-05-10,35350
860,2015-05-11,35470
861,2015-05-12,35600
862,2015-05-13,35720
863,2015-05-14,35800
864,2015-05-15,36000
865,2015-05-16,36250
866,2015-05-17,36540
867,2015-05-18,36860
868,2015-05-19,37160
869,2015-05-20,37410
870,2015-05-21,37710
871,2015-05-22,37990
872,2015-05-23,39370
873,2015-05-24,40780
874,2015-05-25,42170
875,2015-05-26,43570
876,2015-05-27,44940
877,2015-05-28,46310
878,2015-05-29,47680
879,2015-05-30,49050
880,2015-05-31,50410
881,2015-06-01,51780
882,2015-06-02,53130
883,2015-06-03,54440
884,2015-06-04,55720
885,2015-06-05,56940
886,2015-06-06,57630
887,2015-06-07,58350
888,2015-06-08,58860
889,2015-06-09,59290
890,2015-06-10,59650
891,2015-06-11,59950
892,2015-06-12,60300
893,2015-06-13,60610
894,2015-06-14,60940
895,2015-06-15,61300
896,2015-06-16,61620
897,2015-06-17,61870
898,2015-06-18,61860
899,2015-06-19,62000
900,2015-06-20,62080
901,2015-06-21,62170
902,2015-06-22,62280
903,2015-06-23,62220
904,2015-06-24,62180
905,2015-06-25,62280
906,2015-06-26,62360
907,2015-06-27,62270
908,2015-06-28,62190
909,2015-06-29,62110
910,2015-06-30,62020
911,2015-07-01,61770
912,2015-07-02,61440
913,2015-07-03,61090
914,2015-07-04,61000
915,2015-07-05,60910
916,2015-07-06,60790
917,2015-07-07,60700
918,2015-07-08,60630
919,2015-07-09,60530
920,2015-07-10,60440
921,2015-07-11,60320
922,2015-07-12,60280
923,2015-07-13,60170
924,2015-07-14,60040
925,2015-07-15,59950
926,2015-07-16,59850
927,2015-07-17,59750
928,2015-07-18,59800
929,2015-07-19,59860
930,2015-07-20,59850
931,2015-07-21,59770
932,2015-07-22,59680
933,2015-07-23,59690
934,2015-07-24,60090
935,2015-07-25,60390
936,2015-07-26,60640
937,2015-07-27,60920
938,2015-07-28,61350
939,2015-07-29,61700
940,2015-07-30,62240
941,2015-07-31,62700
942,2015-08-01,63060
943,2015-08-02,63410
944,2015-08-03,63820
945,2015-08-04,63920
946,2015-08-05,64050
947,2015-08-06,64100
948,2015-08-07,64150
949,2015-08-08,64170
950,2015-08-09,64170
951,2015-08-10,64210
952,2015-08-11,64160
953,2015-08-12,64110
954,2015-08-13,64030
955,2015-08-14,64070
956,2015-08-15,64110
957,2015-08-16,64160
958,2015-08-17,64190
959,2015-08-18,64230
960,2015-08-19,64110
961,2015-08-20,63980
962,2015-08-21,63850
963,2015-08-22,63740
964,2015-08-23,63630
965,2015-08-24,63470
966,2015-08-25,63300
967,2015-08-26,63140
968,2015-08-27,63080
969,2015-08-28,62950
970,2015-08-29,62770
971,2015-08-30,62640
972,2015-08-31,62500
973,2015-09-01,62250
974,2015-09-02,62030
975,2015-09-03,61770
976,2015-09-04,61480
977,2015-09-05,61240
978,2015-09-06,61020
979,2015-09-07,60790
980,2015-09-08,60660
981,2015-09-09,60560
982,2015-09-10,60410
983,2015-09-11,60450
984,2015-09-12,60270
985,2015-09-13,60080
986,2015-09-14,59900
987,2015-09-15,59660
988,2015-09-16,59330
989,2015-09-17,59000
990,2015-09-18,58670
991,2015-09-19,58450
992,2015-09-20,58270
993,2015-09-21,58020
994,2015-09-22,57830
995,2015-09-23,57540
996,2015-09-24,57210
997,2015-09-25,56900
998,2015-09-26,56570
999,2015-09-27,56250
1000,2015-09-28,55970
1001,2015-09-29,55650
1002,2015-09-30,55420
1003,2015-10-01,54950
1004,2015-10-02,54250
1005,2015-10-03,53530
1006,2015-10-04,52800
1007,2015-10-05,52160
1008,2015-10-06,51310
1009,2015-10-07,50720
1010,2015-10-08,50080
1011,2015-10-09,49350
1012,2015-10-10,48640
1013,2015-10-11,47930
1014,2015-10-12,47260
1015,2015-10-13,46550
1016,2015-10-14,45820
1017,2015-10-15,45130
1018,2015-10-16,44450
1019,2015-10-17,43790
1020,2015-10-18,43080
1021,2015-10-19,42390
1022,2015-10-20,41680
1023,2015-10-21,41020
1024,2015-10-22,40340
1025,2015-10-23,39610
1026,2015-10-24,38950
1027,2015-10-25,38840
1028,2015-10-26,39030
1029,2015-10-27,39260
1030,2015-10-28,39650
1031,2015-10-29,39860
1032,2015-10-30,40070
1033,2015-10-31,40220
1034,2015-11-01,40380
1035,2015-11-02,40690
1036,2015-11-03,40840
1037,2015-11-04,40980
1038,2015-11-05,41100
1039,2015-11-06,41240
1040,2015-11-07,41380
1041,2015-11-08,41540
1042,2015-11-09,41720
1043,2015-11-10,41830
1044,2015-11-11,41960
1045,2015-11-12,42060
1046,2015-11-13,42100
1047,2015-11-14,42160
1048,2015-11-15,42440
1049,2015-11-16,42560
1050,2015-11-17,42690
1051,2015-11-18,42840
1052,2015-11-19,42980
1053,2015-11-20,43310
1054,2015-11-21,43560
1055,2015-11-22,43840
1056,2015-11-23,44160
1057,2015-11-24,44550
1058,2015-11-25,44960
1059,2015-11-26,45350
1060,2015-11-27,45710
1061,2015-11-28,46130
1062,2015-11-29,46510
1063,2015-11-30,46890
1064,2015-12-01,46820
1065,2015-12-02,46760
1066,2015-12-03,46520
1067,2015-12-04,45980
1068,2015-12-05,45460
1069,2015-12-06,44940
1070,2015-12-07,44410
1071,2015-12-08,43880
1072,2015-12-09,43360
1073,2015-12-10,42890
1074,2015-12-11,42440
1075,2015-12-12,41940
1076,2015-12-13,41510
1077,2015-12-14,41000
1078,2015-12-15,40480
1079,2015-12-16,39970
1080,2015-12-17,39450
1081,2015-12-18,38920
1082,2015-12-19,38430
1083,2015-12-20,37930
1084,2015-12-21,37650
1085,2015-12-22,38000
1086,2015-12-23,38260
1087,2015-12-24,38390
1088,2015-12-25,38410
1089,2015-12-26,38470
1090,2015-12-27,38470
1091,2015-12-28,38340
1092,2015-12-29,37890
1093,2015-12-30,37430
1094,2015-12-31,37580
1095,2016-01-01,37400
1096,2016-01-02,37090
1097,2016-01-03,36790
1098,2016-01-04,36500
1099,2016-01-05,36300
1100,2016-01-06,36060
1101,2016-01-07,35770
1102,2016-01-08,35510
1103,2016-01-09,35160
1104,2016-01-10,34860
1105,2016-01-11,34460
1106,2016-01-12,34150
1107,2016-01-13,33810
1108,2016-01-14,33540
1109,2016-01-15,33280
1110,2016-01-16,33080
1111,2016-01-17,32840
1112,2016-01-18,32670
1113,2016-01-19,32590
1114,2016-01-20,32470
1115,2016-01-21,32240
1116,2016-01-22,32070
1117,2016-01-23,32200
1118,2016-01-24,32130
1119,2016-01-25,31990
1120,2016-01-26,31750
1121,2016-01-27,31560
1122,2016-01-28,31290
1123,2016-01-29,30980
1124,2016-01-30,31760
1125,2016-01-31,32050
1126,2016-02-01,32060
1127,2016-02-02,32120
1128,2016-02-03,32170
1129,2016-02-04,32250
1130,2016-02-05,32190
1131,2016-02-06,32000
1132,2016-02-07,31840
1133,2016-02-08,31760
1134,2016-02-09,31710
1135,2016-02-10,31740
1136,2016-02-11,31800
1137,2016-02-12,31530
1138,2016-02-13,31470
1139,2016-02-14,31580
1140,2016-02-15,31650
1141,2016-02-16,31730
1142,2016-02-17,31810
1143,2016-02-18,32330
1144,2016-02-19,32960
1145,2016-02-20,33310
1146,2016-02-21,33530
1147,2016-02-22,34380
1148,2016-02-23,35230
1149,2016-02-24,36100
1150,2016-02-25,37000
1151,2016-02-26,37910
1152,2016-02-27,38830
1153,2016-02-28,39770
1154,2016-02-29,40650
1155,2016-03-01,41250
1156,2016-03-02,41370
1157,2016-03-03,41510
1158,2016-03-04,41960
1159,2016-03-05,43630
1160,2016-03-06,46260
1161,2016-03-07,47490
1162,2016-03-08,48650
1163,2016-03-09,49930
1164,2016-03-10,51320
1165,2016-03-11,52750
1166,2016-03-12,54040
1167,2016-03-13,55570
1168,2016-03-14,57800
1169,2016-03-15,59630
1170,2016-03-16,61230
1171,2016-03-17,62710
1172,2016-03-18,64100
1173,2016-03-19,65280
1174,2016-03-20,66130
1175,2016-03-21,67280
1176,2016-03-22,67820
1177,2016-03-23,68640
1178,2016-03-24,69240
1179,2016-03-25,69810
1180,2016-03-26,70360
1181,2016-03-27,70890
1182,2016-03-28,71460
1183,2016-03-29,71900
1184,2016-03-30,72280
1185,2016-03-31,72620
1186,2016-04-01,73200
1187,2016-04-02,73730
1188,2016-04-03,74190
1189,2016-04-04,74610
1190,2016-04-05,75250
1191,2016-04-06,75740
1192,2016-04-07,76820
1193,2016-04-08,77790
1194,2016-04-09,79000
1195,2016-04-10,80110
1196,2016-04-11,81090
1197,2016-04-12,81790
1198,2016-04-13,82270
1199,2016-04-14,82690
1200,2016-04-15,82960
1201,2016-04-16,83210
1202,2016-04-17,83460
1203,2016-04-18,83700
1204,2016-04-19,83930
1205,2016-04-20,83980
1206,2016-04-21,84150
1207,2016-04-22,84360
1208,2016-04-23,84410
1209,2016-04-24,84520
1210,2016-04-25,84440
1211,2016-04-26,84150
1212,2016-04-27,83820
1213,2016-04-28,83560
1214,2016-04-29,83350
1215,2016-04-30,82820
1216,2016-05-01,82570
1217,2016-05-02,82300
1218,2016-05-03,82090
1219,2016-05-04,81970
1220,2016-05-05,81820
1221,2016-05-06,81630
1222,2016-05-07,81470
1223,2016-05-08,81220
1224,2016-05-09,81290
1225,2016-05-10,82520
1226,2016-05-11,84410
1227,2016-05-12,86730
1228,2016-05-13,88130
1229,2016-05-14,88410
1230,2016-05-15,88150
1231,2016-05-16,87520
1232,2016-05-17,87280
1233,2016-05-18,87560
1234,2016-05-19,88260
1235,2016-05-20,89110
1236,2016-05-21,88850
1237,2016-05-22,88440
1238,2016-05-23,88710
1239,2016-05-24,89370
1240,2016-05-25,89880
1241,2016-05-26,90270
1242,2016-05-27,90670
1243,2016-05-28,91310
1244,2016-05-29,91950
1245,2016-05-30,92530
1246,2016-05-31,93130
1247,2016-06-01,93770
1248,2016-06-02,94050
1249,2016-06-03,93820
1250,2016-06-04,93340
1251,2016-06-05,93050
1252,2016-06-06,92910
1253,2016-06-07,92970
1254,2016-06-08,93100
1255,2016-06-09,92980
1256,2016-06-10,92630
1257,2016-06-11,92360
1258,2016-06-12,92180
1259,2016-06-13,92210
1260,2016-06-14,92580
1261,2016-06-15,93170
1262,2016-06-16,93620
1263,2016-06-17,93910
1264,2016-06-18,94080
1265,2016-06-19,94140
1266,2016-06-20,94300
1267,2016-06-21,94480
1268,2016-06-22,94720
1269,2016-06-23,95270
1270,2016-06-24,95880
1271,2016-06-25,96170
1272,2016-06-26,96300
1273,2016-06-27,96400
1274,2016-06-28,96440
1275,2016-06-29,96420
1276,2016-06-30,96440
1277,2016-07-01,96420
1278,2016-07-02,96420
1279,2016-07-03,96440
1280,2016-07-04,96450
1281,2016-07-05,96470
1282,2016-07-06,96540
1283,2016-07-07,96330
1284,2016-07-08,95970
1285,2016-07-09,95610
1286,2016-07-10,95090
1287,2016-07-11,94640
1288,2016-07-12,94130
1289,2016-07-13,93530
1290,2016-07-14,92940
1291,2016-07-15,92340
1292,2016-07-16,91710
1293,2016-07-17,91120
1294,2016-07-18,90690
1295,2016-07-19,90100
1296,2016-07-20,89750
1297,2016-07-21,89340
1298,2016-07-22,89250
1299,2016-07-23,89150
1300,2016-07-24,88940
1301,2016-07-25,88810
1302,2016-07-26,88730
1303,2016-07-27,88550
1304,2016-07-28,88370
1305,2016-07-29,88200
1306,2016-07-30,87800
1307,2016-07-31,87350
1308,2016-08-01,87110
1309,2016-08-02,86870
1310,2016-08-03,86600
1311,2016-08-04,86300
1312,2016-08-05,85990
1313,2016-08-06,85590
1314,2016-08-07,85230
1315,2016-08-08,84980
1316,2016-08-09,84720
1317,2016-08-10,83890
1318,2016-08-11,83580
1319,2016-08-12,83300
1320,2016-08-13,82920
1321,2016-08-14,82510
1322,2016-08-15,82250
1323,2016-08-16,82070
1324,2016-08-17,81850
1325,2016-08-18,81750
1326,2016-08-19,82050
1327,2016-08-20,82360
1328,2016-08-21,82710
1329,2016-08-22,83070
1330,2016-08-23,83070
1331,2016-08-24,83120
1332,2016-08-25,82470
1333,2016-08-26,81580
1334,2016-08-27,80670
1335,2016-08-28,79770
1336,2016-08-29,78910
1337,2016-08-30,78040
1338,2016-08-31,77180
1339,2016-09-01,76360
1340,2016-09-02,75480
1341,2016-09-03,74590
1342,2016-09-04,73680
1343,2016-09-05,72810
1344,2016-09-06,71970
1345,2016-09-07,71130
1346,2016-09-08,70250
1347,2016-09-09,69420
1348,2016-09-10,68570
1349,2016-09-11,67670
1350,2016-09-12,66770
1351,2016-09-13,65860
1352,2016-09-14,65210
1353,2016-09-15,64680
1354,2016-09-16,64230
1355,2016-09-17,63730
1356,2016-09-18,63220
1357,2016-09-19,62940
1358,2016-09-20,62490
1359,2016-09-21,62070
1360,2016-09-22,61570
1361,2016-09-23,61090
1362,2016-09-24,60650
1363,2016-09-25,60210
1364,2016-09-26,59850
1365,2016-09-27,59530
1366,2016-09-28,59220
1367,2016-09-29,58830
1368,2016-09-30,58400
1369,2016-10-01,57950
1370,2016-10-02,57450
1371,2016-10-03,56940
1372,2016-10-04,56450
1373,2016-10-05,56060
1374,2016-10-06,55680
1375,2016-10-07,55420
1376,2016-10-08,55150
1377,2016-10-09,54890
1378,2016-10-10,54650
1379,2016-10-11,54270
1380,2016-10-12,53940
1381,2016-10-13,53560
1382,2016-10-14,53250
1383,2016-10-15,52960
1384,2016-10-16,52890
1385,2016-10-17,52920
1386,2016-10-18,52770
1387,2016-10-19,52620
1388,2016-10-20,52400
1389,2016-10-21,52720
1390,2016-10-22,53140
1391,2016-10-23,54160
1392,2016-10-24,55330
1393,2016-10-25,55410
1394,2016-10-26,55280
1395,2016-10-27,55160
1396,2016-10-28,55150
1397,2016-10-29,55060
1398,2016-10-30,55160
1399,2016-10-31,55270
1400,2016-11-01,55320
1401,2016-11-02,55270
1402,2016-11-03,55230
1403,2016-11-04,55150
1404,2016-11-05,55060
1405,2016-11-06,54960
1406,2016-11-07,54860
1407,2016-11-08,54770
1408,2016-11-09,54670
1409,2016-11-10,54570
1410,2016-11-11,54460
1411,2016-11-12,54360
1412,2016-11-13,54260
1413,2016-11-14,54160
1414,2016-11-15,54050
1415,2016-11-16,53950
1416,2016-11-17,53970
1417,2016-11-18,55040
1418,2016-11-19,55770
1419,2016-11-20,56430
1420,2016-11-21,57160
1421,2016-11-22,57980
1422,2016-11-23,58830
1423,2016-11-24,59680
1424,2016-11-25,60530
1425,2016-11-26,61410
1426,2016-11-27,62320
1427,2016-11-28,62070
1428,2016-11-29,61410
1429,2016-11-30,60760
1430,2016-12-01,60100
1431,2016-12-02,59440
1432,2016-12-03,58780
1433,2016-12-04,58130
1434,2016-12-05,57480
1435,2016-12-06,56850
1436,2016-12-07,56130
1437,2016-12-08,55320
1438,2016-12-09,54570
1439,2016-12-10,54600
1440,2016-12-11,54700
1441,2016-12-12,54200
1442,2016-12-13,53600
1443,2016-12-14,52980
1444,2016-12-15,53470
1445,2016-12-16,56320
1446,2016-12-17,57670
1447,2016-12-18,58640
1448,2016-12-19,59500
1449,2016-12-20,60250
1450,2016-12-21,61000
1451,2016-12-22,61670
1452,2016-12-23,62370
1453,2016-12-24,62990
1454,2016-12-25,63590
1455,2016-12-26,64170
1456,2016-12-27,64710
1457,2016-12-28,65390
1458,2016-12-29,65950
1459,2016-12-30,66710
1460,2016-12-31,67450
1461,2017-01-01,68200
1462,2017-01-02,68940
1463,2017-01-03,69620
1464,2017-01-04,70940
1465,2017-01-05,72120
1466,2017-01-06,72770
1467,2017-01-07,74560
1468,2017-01-08,81420
1469,2017-01-09,79660
1470,2017-01-10,79250
1471,2017-01-11,79100
1472,2017-01-12,78860
1473,2017-01-13,78720
1474,2017-01-14,78650
1475,2017-01-15,78600
1476,2017-01-16,78550
1477,2017-01-17,78510
1478,2017-01-18,78550
1479,2017-01-19,78580
1480,2017-01-20,78550
1481,2017-01-21,78480
1482,2017-01-22,78550
1483,2017-01-23,78480
1484,2017-01-24,78440
1485,2017-01-25,78420
1486,2017-01-26,78390
1487,2017-01-27,78380
1488,2017-01-28,78360
1489,2017-01-29,78360
1490,2017-01-30,78360
1491,2017-01-31,78370
1492,2017-02-01,78370
1493,2017-02-02,78400
1494,2017-02-03,78600
1495,2017-02-04,78560
1496,2017-02-05,78550
1497,2017-02-06,78700
1498,2017-02-07,80730
1499,2017-02-08,81090
1500,2017-02-09,80430
1501,2017-02-10,81050
1502,2017-02-11,79930
1503,2017-02-12,79520
1504,2017-02-13,79230
1505,2017-02-14,79070
1506,2017-02-15,78960
1507,2017-02-16,78940
1508,2017-02-17,79050
1509,2017-02-18,79000
1510,2017-02-19,78900
1511,2017-02-20,80490
1512,2017-02-21,80010
1513,2017-02-22,79370
1514,2017-02-23,79090
1515,2017-02-24,78900
1516,2017-02-25,78780
1517,2017-02-26,78700
1518,2017-02-27,78660
1519,2017-02-28,78600
1520,2017-03-01,78580
1521,2017-03-02,78560
1522,2017-03-03,78510
1523,2017-03-04,78500
1524,2017-03-05,78520
1525,2017-03-06,78490
1526,2017-03-07,78450
1527,2017-03-08,78440
1528,2017-03-09,78500
1529,2017-03-10,78490
1530,2017-03-11,78520
1531,2017-03-12,78550
1532,2017-03-13,78580
1533,2017-03-14,78640
1534,2017-03-15,78660
1535,2017-03-16,78740
1536,2017-03-17,78760
1537,2017-03-18,79130
1538,2017-03-19,79160
1539,2017-03-20,79180
1540,2017-03-21,79930
1541,2017-03-22,79550
1542,2017-03-23,79180
1543,2017-03-24,79100
1544,2017-03-25,79020
1545,2017-03-26,78970
1546,2017-03-27,78900
1547,2017-03-28,78820
1548,2017-03-29,78830
1549,2017-03-30,79190
1550,2017-03-31,79070
1551,2017-04-01,79000
1552,2017-04-02,79160
1553,2017-04-03,80070
1554,2017-04-04,81350
1555,2017-04-05,83130
1556,2017-04-06,82530
1557,2017-04-07,82870
1558,2017-04-08,82010
1559,2017-04-09,81270
1560,2017-04-10,80840
1561,2017-04-11,81670
1562,2017-04-12,82090
1563,2017-04-13,81520
1564,2017-04-14,80980
1565,2017-04-15,80690
1566,2017-04-16,80740
1567,2017-04-17,81910
1568,2017-04-18,83590
1569,2017-04-19,82520
1570,2017-04-20,81880
1571,2017-04-21,81650
1572,2017-04-22,81780
1573,2017-04-23,82060
1574,2017-04-24,82010
1575,2017-04-25,81570
1576,2017-04-26,81570
1577,2017-04-27,81850
1578,2017-04-28,81850
1579,2017-04-29,81700
1580,2017-04-30,81840
1581,2017-05-01,82310
1582,2017-05-02,82810
1583,2017-05-03,83570
1584,2017-05-04,84440
1585,2017-05-05,85140
1586,2017-05-06,84310
1587,2017-05-07,83350
1588,2017-05-08,83140
1589,2017-05-09,83310
1590,2017-05-10,83430
1591,2017-05-11,83770
1592,2017-05-12,83660
1593,2017-05-13,82870
1594,2017-05-14,82320
1595,2017-05-15,82030
1596,2017-05-16,81960
1597,2017-05-17,81760
1598,2017-05-18,80640
1599,2017-05-19,80530
1600,2017-05-20,80830
1601,2017-05-21,81140
1602,2017-05-22,81410
1603,2017-05-23,81760
1604,2017-05-24,81940
1605,2017-05-25,81860
1606,2017-05-26,81530
1607,2017-05-27,81410
1608,2017-05-28,81400
1609,2017-05-29,81470
1610,2017-05-30,81540
1611,2017-05-31,81400
1612,2017-06-01,81180
1613,2017-06-02,81440
1614,2017-06-03,81620
1615,2017-06-04,81960
1616,2017-06-05,81680
1617,2017-06-06,81370
1618,2017-06-07,81250
1619,2017-06-08,81090
1620,2017-06-09,81390
1621,2017-06-10,81270
1622,2017-06-11,80890
1623,2017-06-12,80270
1624,2017-06-13,79830
1625,2017-06-14,79810
1626,2017-06-15,80210
1627,2017-06-16,80730
1628,2017-06-17,81370
1629,2017-06-18,81980
1630,2017-06-19,82060
1631,2017-06-20,81820
1632,2017-06-21,81680
1633,2017-06-22,81640
1634,2017-06-23,81550
1635,2017-06-24,81300
1636,2017-06-25,81140
1637,2017-06-26,81060
1638,2017-06-27,81250
1639,2017-06-28,81400
1640,2017-06-29,82180
1641,2017-06-30,83360
1642,2017-07-01,84710
1643,2017-07-02,86090
1644,2017-07-03,87760
1645,2017-07-04,89500
1646,2017-07-05,90820
1647,2017-07-06,91560
1648,2017-07-07,92390
1649,2017-07-08,93480
1650,2017-07-09,94640
1651,2017-07-10,95510
1652,2017-07-11,96030
1653,2017-07-12,96350
1654,2017-07-13,96790
1655,2017-07-14,97200
1656,2017-07-15,97450
1657,2017-07-16,97420
1658,2017-07-17,97310
1659,2017-07-18,97150
1660,2017-07-19,97040
1661,2017-07-20,97050
1662,2017-07-21,97100
1663,2017-07-22,97200
1664,2017-07-23,97290
1665,2017-07-24,97120
1666,2017-07-25,97050
1667,2017-07-26,97150
1668,2017-07-27,97170
1669,2017-07-28,97190
1670,2017-07-29,97100
1671,2017-07-30,96970
1672,2017-07-31,96790
1673,2017-08-01,96560
1674,2017-08-02,96460
1675,2017-08-03,96460
1676,2017-08-04,96460
1677,2017-08-05,96460
1678,2017-08-06,96410
1679,2017-08-07,96370
1680,2017-08-08,96330
1681,2017-08-09,96280
1682,2017-08-10,96110
1683,2017-08-11,96070
1684,2017-08-12,96030
1685,2017-08-13,95990
1686,2017-08-14,95960
1687,2017-08-15,95920
1688,2017-08-16,95000
1689,2017-08-17,93700
1690,2017-08-18,92400
1691,2017-08-19,91470
1692,2017-08-20,91420
1693,2017-08-21,91380
1694,2017-08-22,91350
1695,2017-08-23,91290
1696,2017-08-24,91230
1697,2017-08-25,91180
1698,2017-08-26,91120
1699,2017-08-27,91080
1700,2017-08-28,91020
1701,2017-08-29,90980
1702,2017-08-30,90930
1703,2017-08-31,90930
1704,2017-09-01,90940
1705,2017-09-02,90910
1706,2017-09-03,90930
1707,2017-09-04,90960
1708,2017-09-05,89980
1709,2017-09-06,88660
1710,2017-09-07,87320
1711,2017-09-08,86000
1712,2017-09-09,84680
1713,2017-09-10,83360
1714,2017-09-11,82050
1715,2017-09-12,80750
1716,2017-09-13,79410
1717,2017-09-14,78090
1718,2017-09-15,76780
1719,2017-09-16,75450
1720,2017-09-17,74140
1721,2017-09-18,72820
1722,2017-09-19,71480
1723,2017-09-20,70210
1724,2017-09-21,68920
1725,2017-09-22,67600
1726,2017-09-23,66310
1727,2017-09-24,64980
1728,2017-09-25,63660
1729,2017-09-26,62350
1730,2017-09-27,61070
1731,2017-09-28,59780
1732,2017-09-29,58490
1733,2017-09-30,58350
1734,2017-10-01,58030
1735,2017-10-02,57800
1736,2017-10-03,57800
1737,2017-10-04,57780
1738,2017-10-05,57790
1739,2017-10-06,57570
1740,2017-10-07,57260
1741,2017-10-08,56740
1742,2017-10-09,56540
1743,2017-10-10,56140
1744,2017-10-11,55890
1745,2017-10-12,55690
1746,2017-10-13,55450
1747,2017-10-14,55180
1748,2017-10-15,54990
1749,2017-10-16,54890
1750,2017-10-17,54480
1751,2017-10-18,53750
1752,2017-10-19,52830
1753,2017-10-20,51910
1754,2017-10-21,51010
1755,2017-10-22,51110
1756,2017-10-23,51640
1757,2017-10-24,51550
1758,2017-10-25,51380
1759,2017-10-26,51200
1760,2017-10-27,51030
1761,2017-10-28,50860
1762,2017-10-29,50700
1763,2017-10-30,50520
1764,2017-10-31,50560
1765,2017-11-01,50880
1766,2017-11-02,51260
1767,2017-11-03,51640
1768,2017-11-04,52020
1769,2017-11-05,52370
1770,2017-11-06,52810
1771,2017-11-07,53440
1772,2017-11-08,54030
1773,2017-11-09,54200
1774,2017-11-10,54000
1775,2017-11-11,53880
1776,2017-11-12,53710
1777,2017-11-13,53480
1778,2017-11-14,53280
1779,2017-11-15,52960
1780,2017-11-16,53100
1781,2017-11-17,53120
1782,2017-11-18,52710
1783,2017-11-19,52190
1784,2017-11-20,51760
1785,2017-11-21,51530
1786,2017-11-22,51230
1787,2017-11-23,50910
1788,2017-11-24,50560
1789,2017-11-25,50230
1790,2017-11-26,49910
1791,2017-11-27,49730
1792,2017-11-28,49720
1793,2017-11-29,50120
1794,2017-11-30,49670
1795,2017-12-01,49970
1796,2017-12-02,50180
1797,2017-12-03,50110
1798,2017-12-04,49090
1799,2017-12-05,48430
1800,2017-12-06,48780
1801,2017-12-07,49130
1802,2017-12-08,49450
1803,2017-12-09,49280
1804,2017-12-10,49080
1805,2017-12-11,48990
1806,2017-12-12,48910
1807,2017-12-13,48650
1808,2017-12-14,48370
1809,2017-12-15,48100
1810,2017-12-16,47730
1811,2017-12-17,47390
1812,2017-12-18,47430
1813,2017-12-19,47150
1814,2017-12-20,46950
1815,2017-12-21,46780
1816,2017-12-22,46630
1817,2017-12-23,46410
1818,2017-12-24,46220
1819,2017-12-25,45900
1820,2017-12-26,45670
1821,2017-12-27,45380
1822,2017-12-28,45030
1823,2017-12-29,44750
1824,2017-12-30,44410
1825,2017-12-31,44170
1826,2018-01-01,43510
