,datetime,BOUNDARY_RESERVOIR_AT_FOREBAY_NR_METALINE_FALLS.tsv
0,2013-01-01,1738.7
1,2013-01-02,1737.0
2,2013-01-03,1731.1
3,2013-01-04,1729.2
4,2013-01-05,1726.7
5,2013-01-06,1716.2
6,2013-01-07,1710.8
7,2013-01-08,1712.2
8,2013-01-09,1699.0
9,2013-01-10,1706.0
10,2013-01-11,1717.1
11,2013-01-12,1721.9
12,2013-01-13,1727.8
13,2013-01-14,1727.4
14,2013-01-15,1731.9
15,2013-01-16,1730.4
16,2013-01-17,1725.9
17,2013-01-18,1720.1
18,2013-01-19,1726.4
19,2013-01-20,1730.6
20,2013-01-21,1725.1
21,2013-01-22,1719.5
22,2013-01-23,1713.0
23,2013-01-24,1715.7
24,2013-01-25,1711.5
25,2013-01-26,1704.7
26,2013-01-27,1706.3
27,2013-01-28,1707.4
28,2013-01-29,1718.3
29,2013-01-30,1723.9
30,2013-01-31,1725.2
31,2013-02-01,1730.4
32,2013-02-02,1735.2
33,2013-02-03,1728.4
34,2013-02-04,1722.2
35,2013-02-05,1719.6
36,2013-02-06,1721.8
37,2013-02-07,1721.0
38,2013-02-08,1725.3
39,2013-02-09,1728.2
40,2013-02-10,1732.9
41,2013-02-11,1731.1
42,2013-02-12,1733.1
43,2013-02-13,1734.8
44,2013-02-14,1741.7
45,2013-02-15,1743.5
46,2013-02-16,1731.4
47,2013-02-17,1726.6
48,2013-02-18,1726.5
49,2013-02-19,1719.2
50,2013-02-20,1725.3
51,2013-02-21,1723.7
52,2013-02-22,1721.8
53,2013-02-23,1727.7
54,2013-02-24,1734.9
55,2013-02-25,1726.3
56,2013-02-26,1736.4
57,2013-02-27,1734.0
58,2013-02-28,1735.8
59,2013-03-01,1735.9
60,2013-03-02,1734.0
61,2013-03-03,1733.1
62,2013-03-04,1738.5
63,2013-03-05,1731.8
64,2013-03-06,1722.5
65,2013-03-07,1732.9
66,2013-03-08,1735.0
67,2013-03-09,1743.3
68,2013-03-10,1744.4
69,2013-03-11,1740.6
70,2013-03-12,1738.8
71,2013-03-13,1738.3
72,2013-03-14,1738.1
73,2013-03-15,1739.4
74,2013-03-16,1734.5
75,2013-03-17,1732.3
76,2013-03-18,1741.9
77,2013-03-19,1748.7
78,2013-03-20,1730.9
79,2013-03-21,1736.9
80,2013-03-22,1741.9
81,2013-03-23,1745.5
82,2013-03-24,1745.2
83,2013-03-25,1739.0
84,2013-03-26,1733.9
85,2013-03-27,1734.3
86,2013-03-28,1740.1
87,2013-03-29,1748.6
88,2013-03-30,1755.7
89,2013-03-31,1752.9
90,2013-04-01,1751.1
91,2013-04-02,1757.4
92,2013-04-03,1760.7
93,2013-04-04,1758.1
94,2013-04-05,1757.1
95,2013-04-06,1770.6
96,2013-04-07,1779.0
97,2013-04-08,1801.4
98,2013-04-09,1820.8
99,2013-04-10,1822.6
100,2013-04-11,1813.5
101,2013-04-12,1800.7
102,2013-04-13,1787.2
103,2013-04-14,1791.7
104,2013-04-15,1796.8
105,2013-04-16,1802.3
106,2013-04-17,1800.1
107,2013-04-18,1780.1
108,2013-04-19,1766.7
109,2013-04-20,1775.8
110,2013-04-21,1785.6
111,2013-04-22,1796.6
112,2013-04-23,1794.5
113,2013-04-24,1793.6
114,2013-04-25,1788.1
115,2013-04-26,1792.4
116,2013-04-27,1787.8
117,2013-04-28,1788.3
118,2013-04-29,1782.3
119,2013-04-30,1794.9
120,2013-05-01,1804.3
121,2013-05-02,1808.5
122,2013-05-03,1799.9
123,2013-05-04,1802.2
124,2013-05-05,1799.9
125,2013-05-06,1795.5
126,2013-05-07,1796.4
127,2013-05-08,1807.6
128,2013-05-09,1820.7
129,2013-05-10,1837.7
130,2013-05-11,1852.1
131,2013-05-12,1856.9
132,2013-05-13,1850.1
133,2013-05-14,1857.1
134,2013-05-15,1851.5
135,2013-05-16,1839.3
136,2013-05-17,1829.5
137,2013-05-18,1837.2
138,2013-05-19,1844.3
139,2013-05-20,1847.0
140,2013-05-21,1837.1
141,2013-05-22,1846.9
142,2013-05-23,1850.1
143,2013-05-24,1842.0
144,2013-05-25,1831.6
145,2013-05-26,1834.5
146,2013-05-27,1832.7
147,2013-05-28,1838.0
148,2013-05-29,1846.5
149,2013-05-30,1855.8
150,2013-05-31,1854.1
151,2013-06-01,1853.3
152,2013-06-02,1846.5
153,2013-06-03,1848.9
154,2013-06-04,1851.8
155,2013-06-05,1851.3
156,2013-06-06,1846.0
157,2013-06-07,1840.3
158,2013-06-08,1841.7
159,2013-06-09,1835.6
160,2013-06-10,1832.3
161,2013-06-11,1834.0
162,2013-06-12,1839.5
163,2013-06-13,1839.2
164,2013-06-14,1846.6
165,2013-06-15,1861.4
166,2013-06-16,1872.1
167,2013-06-17,1870.2
168,2013-06-18,1868.7
169,2013-06-19,1862.8
170,2013-06-20,1861.6
171,2013-06-21,1867.0
172,2013-06-22,1870.8
173,2013-06-23,1874.2
174,2013-06-24,1865.4
175,2013-06-25,1870.5
176,2013-06-26,1871.1
177,2013-06-27,1864.8
178,2013-06-28,1854.5
179,2013-06-29,1844.4
180,2013-06-30,1840.9
181,2013-07-01,1840.2
182,2013-07-02,1840.3
183,2013-07-03,1843.3
184,2013-07-04,1842.0
185,2013-07-05,1839.0
186,2013-07-06,1834.4
187,2013-07-07,1823.4
188,2013-07-08,1820.7
189,2013-07-09,1818.4
190,2013-07-10,1808.6
191,2013-07-11,1797.2
192,2013-07-12,1795.3
193,2013-07-13,1799.2
194,2013-07-14,1799.4
195,2013-07-15,1793.0
196,2013-07-16,1793.2
197,2013-07-17,1796.7
198,2013-07-18,1799.6
199,2013-07-19,1797.5
200,2013-07-20,1794.3
201,2013-07-21,1789.8
202,2013-07-22,1794.8
203,2013-07-23,1799.1
204,2013-07-24,1799.8
205,2013-07-25,1798.4
206,2013-07-26,1799.1
207,2013-07-27,1796.0
208,2013-07-28,1792.2
209,2013-07-29,1796.5
210,2013-07-30,1800.1
211,2013-07-31,1800.3
212,2013-08-01,1792.7
213,2013-08-02,1794.2
214,2013-08-03,1795.5
215,2013-08-04,1791.3
216,2013-08-05,1788.9
217,2013-08-06,1795.0
218,2013-08-07,1787.5
219,2013-08-08,1784.0
220,2013-08-09,1786.1
221,2013-08-10,1787.4
222,2013-08-11,1792.4
223,2013-08-12,1791.2
224,2013-08-13,1793.8
225,2013-08-14,1793.2
226,2013-08-15,1792.4
227,2013-08-16,1793.5
228,2013-08-17,1795.5
229,2013-08-18,1796.2
230,2013-08-19,1792.4
231,2013-08-20,1794.0
232,2013-08-21,1795.6
233,2013-08-22,1791.7
234,2013-08-23,1782.6
235,2013-08-24,1778.2
236,2013-08-25,1782.0
237,2013-08-26,1785.6
238,2013-08-27,1783.7
239,2013-08-28,1779.3
240,2013-08-29,1781.6
241,2013-08-30,1783.9
242,2013-08-31,1788.1
243,2013-09-01,1780.9
244,2013-09-02,1780.0
245,2013-09-03,1781.7
246,2013-09-04,1784.8
247,2013-09-05,1782.4
248,2013-09-06,1784.0
249,2013-09-07,1782.8
250,2013-09-08,1781.8
251,2013-09-09,1782.1
252,2013-09-10,1783.5
253,2013-09-11,1785.3
254,2013-09-12,1784.3
255,2013-09-13,1776.8
256,2013-09-14,1775.9
257,2013-09-15,1776.2
258,2013-09-16,1777.1
259,2013-09-17,1775.4
260,2013-09-18,1783.5
261,2013-09-19,1786.3
262,2013-09-20,1773.5
263,2013-09-21,1763.7
264,2013-09-22,1759.2
265,2013-09-23,1762.5
266,2013-09-24,1760.5
267,2013-09-25,1759.8
268,2013-09-26,1764.9
269,2013-09-27,1760.3
270,2013-09-28,1749.8
271,2013-09-29,1739.7
272,2013-09-30,1744.8
273,2013-10-01,1754.1
274,2013-10-02,1755.4
275,2013-10-03,1764.0
276,2013-10-04,1770.6
277,2013-10-05,1767.7
278,2013-10-06,1766.4
279,2013-10-07,1753.6
280,2013-10-08,1757.6
281,2013-10-09,1761.1
282,2013-10-10,1754.8
283,2013-10-11,1759.2
284,2013-10-12,1762.5
285,2013-10-13,1770.9
286,2013-10-14,1777.0
287,2013-10-15,1780.7
288,2013-10-16,1775.8
289,2013-10-17,1782.1
290,2013-10-18,1783.8
291,2013-10-19,1771.8
292,2013-10-20,1769.5
293,2013-10-21,1772.0
294,2013-10-22,1768.7
295,2013-10-23,1767.6
296,2013-10-24,1765.5
297,2013-10-25,1770.3
298,2013-10-26,1784.0
299,2013-10-27,1787.7
300,2013-10-28,1780.9
301,2013-10-29,1769.6
302,2013-10-30,1769.1
303,2013-10-31,1778.8
304,2013-11-01,1772.0
305,2013-11-02,1752.2
306,2013-11-03,1742.6
307,2013-11-04,1739.1
308,2013-11-05,1738.4
309,2013-11-06,1743.8
310,2013-11-07,1734.0
311,2013-11-08,1733.6
312,2013-11-09,1737.6
313,2013-11-10,1737.8
314,2013-11-11,1745.8
315,2013-11-12,1745.6
316,2013-11-13,1745.3
317,2013-11-14,1740.2
318,2013-11-15,1723.0
319,2013-11-16,1714.0
320,2013-11-17,1726.0
321,2013-11-18,1724.5
322,2013-11-19,1720.1
323,2013-11-20,1743.5
324,2013-11-21,1752.3
325,2013-11-22,1752.8
326,2013-11-23,1745.7
327,2013-11-24,1737.3
328,2013-11-25,1739.3
329,2013-11-26,1733.2
330,2013-11-27,1723.8
331,2013-11-28,1723.4
332,2013-11-29,1725.5
333,2013-11-30,1725.8
334,2013-12-01,1714.8
335,2013-12-02,1710.5
336,2013-12-03,1723.7
337,2013-12-04,1722.8
338,2013-12-05,1721.6000000000001
339,2013-12-06,1723.2
340,2013-12-07,1719.6999999999998
341,2013-12-08,1722.5
342,2013-12-09,1720.7
343,2013-12-10,1717.2
344,2013-12-11,1717.4
345,2013-12-12,1712.1
346,2013-12-13,1714.0
347,2013-12-14,1715.0
348,2013-12-15,1712.0
349,2013-12-16,1720.0
350,2013-12-17,1715.0
351,2013-12-18,1703.0
352,2013-12-19,1716.0
353,2013-12-20,1706.0
354,2013-12-21,1704.0
355,2013-12-22,1709.0
356,2013-12-23,1705.0
357,2013-12-24,1717.0
358,2013-12-25,1718.3
359,2013-12-26,1714.9
360,2013-12-27,1711.7
361,2013-12-28,1719.2
362,2013-12-29,1722.3
363,2013-12-30,1718.9
364,2013-12-31,1718.7
365,2014-01-01,1725.5
366,2014-01-02,1720.6
367,2014-01-03,1712.8
368,2014-01-04,1724.9
369,2014-01-05,1735.1
370,2014-01-06,1729.9
371,2014-01-07,1718.6
372,2014-01-08,1711.6
373,2014-01-09,1704.0
374,2014-01-10,1705.6
375,2014-01-11,1694.8
376,2014-01-12,1708.4
377,2014-01-13,1725.0
378,2014-01-14,1734.9
379,2014-01-15,1733.9
380,2014-01-16,1737.5
381,2014-01-17,1733.6
382,2014-01-18,1731.4
383,2014-01-19,1730.3
384,2014-01-20,1737.7
385,2014-01-21,1736.0
386,2014-01-22,1737.1
387,2014-01-23,1743.3
388,2014-01-24,1742.4
389,2014-01-25,1737.2
390,2014-01-26,1730.5
391,2014-01-27,1732.2
392,2014-01-28,1731.9
393,2014-01-29,1717.8
394,2014-01-30,1715.8
395,2014-01-31,1722.4
396,2014-02-01,1725.2
397,2014-02-02,1720.6
398,2014-02-03,1722.8
399,2014-02-04,1733.5
400,2014-02-05,1733.7
401,2014-02-06,1721.5
402,2014-02-07,1704.6
403,2014-02-08,1711.2
404,2014-02-09,1712.1
405,2014-02-10,1714.0
406,2014-02-11,1711.0
407,2014-02-12,1699.0
408,2014-02-13,1707.0
409,2014-02-14,1711.0
410,2014-02-15,1713.0
411,2014-02-16,1713.0
412,2014-02-17,1707.0
413,2014-02-18,1703.0
414,2014-02-19,1703.0
415,2014-02-20,1701.0
416,2014-02-21,1704.0
417,2014-02-22,1705.0
418,2014-02-23,1702.1
419,2014-02-24,1716.0
420,2014-02-25,1723.4
421,2014-02-26,1718.8
422,2014-02-27,1704.0
423,2014-02-28,1706.2
424,2014-03-01,1713.2
425,2014-03-02,1711.8
426,2014-03-03,1707.2
427,2014-03-04,1708.1478260869567
428,2014-03-05,1709.0956521739129
429,2014-03-06,1710.0434782608695
430,2014-03-07,1710.9913043478261
431,2014-03-08,1711.9391304347826
432,2014-03-09,1712.886956521739
433,2014-03-10,1713.8347826086956
434,2014-03-11,1714.782608695652
435,2014-03-12,1715.7304347826084
436,2014-03-13,1716.678260869565
437,2014-03-14,1717.626086956522
438,2014-03-15,1718.5739130434781
439,2014-03-16,1719.521739130435
440,2014-03-17,1720.4695652173916
441,2014-03-18,1721.4173913043478
442,2014-03-19,1722.3652173913044
443,2014-03-20,1723.313043478261
444,2014-03-21,1724.2608695652175
445,2014-03-22,1725.208695652174
446,2014-03-23,1726.1565217391305
447,2014-03-24,1727.104347826087
448,2014-03-25,1728.0521739130434
449,2014-03-26,1729.0
450,2014-03-27,1738.6
451,2014-03-28,1742.1
452,2014-03-29,1741.6
453,2014-03-30,1752.5
454,2014-03-31,1754.9
455,2014-04-01,1746.6
456,2014-04-02,1749.9
457,2014-04-03,1750.7
458,2014-04-04,1749.4
459,2014-04-05,1755.3
460,2014-04-06,1763.8
461,2014-04-07,1769.2
462,2014-04-08,1764.7
463,2014-04-09,1765.0
464,2014-04-10,1773.7
465,2014-04-11,1771.1
466,2014-04-12,1783.3
467,2014-04-13,1793.6
468,2014-04-14,1793.1
469,2014-04-15,1782.9
470,2014-04-16,1785.4
471,2014-04-17,1782.9
472,2014-04-18,1786.6
473,2014-04-19,1786.4
474,2014-04-20,1795.4
475,2014-04-21,1795.3
476,2014-04-22,1781.2
477,2014-04-23,1785.2
478,2014-04-24,1784.2
479,2014-04-25,1783.9
480,2014-04-26,1785.2
481,2014-04-27,1793.6
482,2014-04-28,1813.8
483,2014-04-29,1825.1
484,2014-04-30,1829.5
485,2014-05-01,1825.7
486,2014-05-02,1816.3
487,2014-05-03,1812.8
488,2014-05-04,1814.7
489,2014-05-05,1815.8
490,2014-05-06,1818.3
491,2014-05-07,1821.3
492,2014-05-08,1822.1
493,2014-05-09,1829.4
494,2014-05-10,1839.4
495,2014-05-11,1851.2
496,2014-05-12,1858.8
497,2014-05-13,1862.4
498,2014-05-14,1859.7
499,2014-05-15,1856.8
500,2014-05-16,1853.9
501,2014-05-17,1848.9
502,2014-05-18,1844.9
503,2014-05-19,1848.5
504,2014-05-20,1850.6
505,2014-05-21,1849.4
506,2014-05-22,1849.4
507,2014-05-23,1844.9
508,2014-05-24,1845.0
509,2014-05-25,1840.1
510,2014-05-26,1837.0
511,2014-05-27,1827.5
512,2014-05-28,1816.7
513,2014-05-29,1814.5
514,2014-05-30,1803.7
515,2014-05-31,1798.5
516,2014-06-01,1802.8
517,2014-06-02,1804.5
518,2014-06-03,1805.6
519,2014-06-04,1806.4
520,2014-06-05,1808.8
521,2014-06-06,1810.6
522,2014-06-07,1810.5
523,2014-06-08,1813.1
524,2014-06-09,1807.2
525,2014-06-10,1836.9
526,2014-06-11,1864.4
527,2014-06-12,1860.1
528,2014-06-13,1851.7
529,2014-06-14,1847.9
530,2014-06-15,1852.5
531,2014-06-16,1849.5
532,2014-06-17,1839.8
533,2014-06-18,1849.5
534,2014-06-19,1847.6
535,2014-06-20,1842.8
536,2014-06-21,1849.9
537,2014-06-22,1857.3
538,2014-06-23,1853.5
539,2014-06-24,1853.1
540,2014-06-25,1854.9
541,2014-06-26,1853.5
542,2014-06-27,1854.8
543,2014-06-28,1855.8
544,2014-06-29,1863.6
545,2014-06-30,1870.6
546,2014-07-01,1864.9
547,2014-07-02,1861.9
548,2014-07-03,1866.5
549,2014-07-04,1869.1
550,2014-07-05,1869.5
551,2014-07-06,1872.0
552,2014-07-07,1873.6
553,2014-07-08,1864.2
554,2014-07-09,1856.5
555,2014-07-10,1866.5
556,2014-07-11,1868.1
557,2014-07-12,1865.9
558,2014-07-13,1860.0
559,2014-07-14,1851.8
560,2014-07-15,1845.4
561,2014-07-16,1838.6
562,2014-07-17,1827.7
563,2014-07-18,1828.0
564,2014-07-19,1817.7
565,2014-07-20,1807.3
566,2014-07-21,1804.0
567,2014-07-22,1802.3
568,2014-07-23,1799.4
569,2014-07-24,1797.0
570,2014-07-25,1798.1
571,2014-07-26,1800.2
572,2014-07-27,1797.7
573,2014-07-28,1795.9
574,2014-07-29,1797.6
575,2014-07-30,1798.7
576,2014-07-31,1802.1
577,2014-08-01,1802.8
578,2014-08-02,1806.6
579,2014-08-03,1804.7
580,2014-08-04,1803.6
581,2014-08-05,1801.2
582,2014-08-06,1800.1
583,2014-08-07,1799.1
584,2014-08-08,1796.9
585,2014-08-09,1800.2
586,2014-08-10,1802.9
587,2014-08-11,1801.6
588,2014-08-12,1795.0
589,2014-08-13,1794.5
590,2014-08-14,1791.2
591,2014-08-15,1792.1
592,2014-08-16,1792.8
593,2014-08-17,1794.6
594,2014-08-18,1789.7
595,2014-08-19,1783.5
596,2014-08-20,1783.5
597,2014-08-21,1786.9
598,2014-08-22,1790.4
599,2014-08-23,1793.9
600,2014-08-24,1789.2
601,2014-08-25,1788.8
602,2014-08-26,1788.1
603,2014-08-27,1785.5
604,2014-08-28,1782.2
605,2014-08-29,1781.9
606,2014-08-30,1777.5666666666668
607,2014-08-31,1782.3333333333333
608,2014-09-01,1784.7
609,2014-09-02,1775.5
610,2014-09-03,1780.9
611,2014-09-04,1786.5
612,2014-09-05,1788.8
613,2014-09-06,1783.1
614,2014-09-07,1775.0
615,2014-09-08,1768.4
616,2014-09-09,1777.8
617,2014-09-10,1787.8
618,2014-09-11,1791.8
619,2014-09-12,1783.7
620,2014-09-13,1776.2
621,2014-09-14,1772.3
622,2014-09-15,1770.6
623,2014-09-16,1765.3
624,2014-09-17,1762.4
625,2014-09-18,1762.2
626,2014-09-19,1777.3
627,2014-09-20,1785.6
628,2014-09-21,1781.6
629,2014-09-22,1777.6
630,2014-09-23,1777.5
631,2014-09-24,1776.3
632,2014-09-25,1779.3
633,2014-09-26,1789.1
634,2014-09-27,1801.2
635,2014-09-28,1793.7
636,2014-09-29,1778.8
637,2014-09-30,1780.4333333333334
638,2014-10-01,1782.0666666666666
639,2014-10-02,1783.7
640,2014-10-03,1789.5
641,2014-10-04,1784.1
642,2014-10-05,1780.1
643,2014-10-06,1774.9
644,2014-10-07,1771.8
645,2014-10-08,1773.9
646,2014-10-09,1780.9
647,2014-10-10,1783.4
648,2014-10-11,1776.75
649,2014-10-12,1784.4
650,2014-10-13,1777.75
651,2014-10-14,1763.9
652,2014-10-15,1765.3
653,2014-10-16,1773.7
654,2014-10-17,1769.7
655,2014-10-18,1770.3
656,2014-10-19,1770.5
657,2014-10-20,1762.6
658,2014-10-21,1764.8
659,2014-10-22,1767.4
660,2014-10-23,1763.7
661,2014-10-24,1770.8
662,2014-10-25,1765.1
663,2014-10-26,1770.7
664,2014-10-27,1780.0
665,2014-10-28,1773.0
666,2014-10-29,1771.8
667,2014-10-30,1770.1
668,2014-10-31,1754.2
669,2014-11-01,1747.5
670,2014-11-02,1753.4
671,2014-11-03,1752.9
672,2014-11-04,1748.4
673,2014-11-05,1753.8
674,2014-11-06,1745.4
675,2014-11-07,1757.1
676,2014-11-08,1754.9
677,2014-11-09,1738.9
678,2014-11-10,1754.8
679,2014-11-11,1766.0
680,2014-11-12,1760.6
681,2014-11-13,1745.7
682,2014-11-14,1742.8
683,2014-11-15,1750.0
684,2014-11-16,1749.8
685,2014-11-17,1744.7
686,2014-11-18,1732.5
687,2014-11-19,1723.2
688,2014-11-20,1716.5
689,2014-11-21,1710.6
690,2014-11-22,1707.6
691,2014-11-23,1719.5
692,2014-11-24,1726.1
693,2014-11-25,1721.6
694,2014-11-26,1721.1
695,2014-11-27,1712.0
696,2014-11-28,1700.8
697,2014-11-29,1717.8
698,2014-11-30,1729.1
699,2014-12-01,1725.5
700,2014-12-02,1727.9
701,2014-12-03,1721.4
702,2014-12-04,1713.7
703,2014-12-05,1719.0
704,2014-12-06,1720.5
705,2014-12-07,1727.6
706,2014-12-08,1723.4
707,2014-12-09,1717.8
708,2014-12-10,1711.8
709,2014-12-11,1706.3
710,2014-12-12,1714.2
711,2014-12-13,1727.5
712,2014-12-14,1733.0
713,2014-12-15,1731.7
714,2014-12-16,1726.6
715,2014-12-17,1724.8
716,2014-12-18,1722.3
717,2014-12-19,1719.0
718,2014-12-20,1717.0
719,2014-12-21,1717.1
720,2014-12-22,1732.9
721,2014-12-23,1735.1
722,2014-12-24,1719.4
723,2014-12-25,1731.5
724,2014-12-26,1738.7
725,2014-12-27,1734.7
726,2014-12-28,1736.3
727,2014-12-29,1750.7
728,2014-12-30,1751.0
729,2014-12-31,1741.7
730,2015-01-01,1730.0
731,2015-01-02,1719.3
732,2015-01-03,1720.8
733,2015-01-04,1725.8
734,2015-01-05,1723.6
735,2015-01-06,1735.0
736,2015-01-07,1732.0
737,2015-01-08,1727.3
738,2015-01-09,1728.9
739,2015-01-10,1725.8
740,2015-01-11,1730.7
741,2015-01-12,1736.0
742,2015-01-13,1738.5
743,2015-01-14,1735.6
744,2015-01-15,1731.9
745,2015-01-16,1725.0
746,2015-01-17,1728.7
747,2015-01-18,1722.2
748,2015-01-19,1733.1
749,2015-01-20,1735.3
750,2015-01-21,1734.0
751,2015-01-22,1738.4
752,2015-01-23,1746.1
753,2015-01-24,1739.7
754,2015-01-25,1738.1
755,2015-01-26,1734.7
756,2015-01-27,1730.6
757,2015-01-28,1746.4
758,2015-01-29,1754.7
759,2015-01-30,1755.2
760,2015-01-31,1753.5
761,2015-02-01,1751.2
762,2015-02-02,1743.4
763,2015-02-03,1740.1
764,2015-02-04,1741.9
765,2015-02-05,1732.7
766,2015-02-06,1721.0
767,2015-02-07,1723.6
768,2015-02-08,1732.3
769,2015-02-09,1726.2
770,2015-02-10,1743.7
771,2015-02-11,1749.6
772,2015-02-12,1756.7
773,2015-02-13,1760.3
774,2015-02-14,1762.9
775,2015-02-15,1770.0
776,2015-02-16,1783.0
777,2015-02-17,1784.6
778,2015-02-18,1781.3
779,2015-02-19,1778.6
780,2015-02-20,1776.1
781,2015-02-21,1782.8
782,2015-02-22,1783.8
783,2015-02-23,1783.6
784,2015-02-24,1777.7
785,2015-02-25,1776.7
786,2015-02-26,1770.5
787,2015-02-27,1763.4
788,2015-02-28,1765.5
789,2015-03-01,1752.4
790,2015-03-02,1745.5
791,2015-03-03,1747.4
792,2015-03-04,1749.4
793,2015-03-05,1749.0
794,2015-03-06,1749.8
795,2015-03-07,1746.5
796,2015-03-08,1744.1
797,2015-03-09,1741.5
798,2015-03-10,1740.9
799,2015-03-11,1745.5
800,2015-03-12,1761.7
801,2015-03-13,1761.7
802,2015-03-14,1747.2
803,2015-03-15,1748.6
804,2015-03-16,1757.2
805,2015-03-17,1754.5
806,2015-03-18,1760.3
807,2015-03-19,1758.1
808,2015-03-20,1756.1
809,2015-03-21,1756.2
810,2015-03-22,1758.5
811,2015-03-23,1755.3
812,2015-03-24,1772.2
813,2015-03-25,1782.3
814,2015-03-26,1777.8
815,2015-03-27,1768.1
816,2015-03-28,1761.8
817,2015-03-29,1767.4
818,2015-03-30,1764.7
819,2015-03-31,1757.3
820,2015-04-01,1766.2
821,2015-04-02,1769.6
822,2015-04-03,1765.6
823,2015-04-04,1760.2
824,2015-04-05,1755.8
825,2015-04-06,1752.8
826,2015-04-07,1759.8
827,2015-04-08,1762.2
828,2015-04-09,1762.5
829,2015-04-10,1756.3
830,2015-04-11,1754.6
831,2015-04-12,1763.8
832,2015-04-13,1762.6
833,2015-04-14,1765.2
834,2015-04-15,1774.4
835,2015-04-16,1775.4
836,2015-04-17,1771.1
837,2015-04-18,1771.5
838,2015-04-19,1773.0
839,2015-04-20,1764.6
840,2015-04-21,1760.8
841,2015-04-22,1763.5
842,2015-04-23,1765.0
843,2015-04-24,1759.5
844,2015-04-25,1763.5
845,2015-04-26,1771.2
846,2015-04-27,1772.1
847,2015-04-28,1764.6
848,2015-04-29,1767.6
849,2015-04-30,1776.7
850,2015-05-01,1770.0
851,2015-05-02,1770.9
852,2015-05-03,1773.1
853,2015-05-04,1765.6
854,2015-05-05,1769.8
855,2015-05-06,1774.8
856,2015-05-07,1772.3
857,2015-05-08,1773.3
858,2015-05-09,1777.4
859,2015-05-10,1778.0
860,2015-05-11,1773.6
861,2015-05-12,1771.5
862,2015-05-13,1773.0
863,2015-05-14,1773.0
864,2015-05-15,1766.8
865,2015-05-16,1767.4
866,2015-05-17,1780.1
867,2015-05-18,1780.3
868,2015-05-19,1777.0
869,2015-05-20,1777.4
870,2015-05-21,1774.1
871,2015-05-22,1778.2
872,2015-05-23,1784.3
873,2015-05-24,1784.6
874,2015-05-25,1782.9
875,2015-05-26,1785.4
876,2015-05-27,1785.2
877,2015-05-28,1787.2
878,2015-05-29,1785.9
879,2015-05-30,1782.6
880,2015-05-31,1781.2
881,2015-06-01,1780.3
882,2015-06-02,1783.1
883,2015-06-03,1781.9
884,2015-06-04,1781.9
885,2015-06-05,1780.6
886,2015-06-06,1780.3
887,2015-06-07,1785.4
888,2015-06-08,1788.5
889,2015-06-09,1789.9
890,2015-06-10,1789.4
891,2015-06-11,1794.2
892,2015-06-12,1797.4
893,2015-06-13,1796.8
894,2015-06-14,1795.3
895,2015-06-15,1793.5
896,2015-06-16,1789.2
897,2015-06-17,1789.7
898,2015-06-18,1789.6
899,2015-06-19,1791.7
900,2015-06-20,1792.1
901,2015-06-21,1790.0
902,2015-06-22,1793.4
903,2015-06-23,1791.3
904,2015-06-24,1791.3
905,2015-06-25,1793.4
906,2015-06-26,1795.0
907,2015-06-27,1795.6
908,2015-06-28,1798.2
909,2015-06-29,1802.0
910,2015-06-30,1806.0
911,2015-07-01,1806.2
912,2015-07-02,1806.3
913,2015-07-03,1802.1
914,2015-07-04,1796.8
915,2015-07-05,1802.9
916,2015-07-06,1805.5
917,2015-07-07,1800.3
918,2015-07-08,1799.3
919,2015-07-09,1792.0
920,2015-07-10,1791.2
921,2015-07-11,1794.5
922,2015-07-12,1797.3
923,2015-07-13,1794.5
924,2015-07-14,1793.3
925,2015-07-15,1790.1
926,2015-07-16,1788.2
927,2015-07-17,1789.7
928,2015-07-18,1789.3
929,2015-07-19,1788.6
930,2015-07-20,1787.6
931,2015-07-21,1781.9
932,2015-07-22,1780.0
933,2015-07-23,1782.8
934,2015-07-24,1785.7
935,2015-07-25,1784.0
936,2015-07-26,1785.8
937,2015-07-27,1790.8
938,2015-07-28,1795.9
939,2015-07-29,1792.4
940,2015-07-30,1791.4
941,2015-07-31,1789.7
942,2015-08-01,1784.6
943,2015-08-02,1787.1
944,2015-08-03,1780.8
945,2015-08-04,1780.5
946,2015-08-05,1779.1
947,2015-08-06,1781.8
948,2015-08-07,1784.8
949,2015-08-08,1783.6
950,2015-08-09,1786.7
951,2015-08-10,1786.5
952,2015-08-11,1788.0
953,2015-08-12,1787.7
954,2015-08-13,1786.0
955,2015-08-14,1780.9
956,2015-08-15,1791.3
957,2015-08-16,1791.6
958,2015-08-17,1789.5
959,2015-08-18,1787.5
960,2015-08-19,1783.9
961,2015-08-20,1773.7
962,2015-08-21,1781.5
963,2015-08-22,1790.3
964,2015-08-23,1785.0
965,2015-08-24,1778.4
966,2015-08-25,1778.7
967,2015-08-26,1778.8
968,2015-08-27,1777.5
969,2015-08-28,1774.9
970,2015-08-29,1767.0
971,2015-08-30,1771.1
972,2015-08-31,1771.6
973,2015-09-01,1767.4
974,2015-09-02,1766.1
975,2015-09-03,1769.4
976,2015-09-04,1768.3
977,2015-09-05,1765.9
978,2015-09-06,1769.8
979,2015-09-07,1772.9
980,2015-09-08,1769.1
981,2015-09-09,1766.8
982,2015-09-10,1769.0
983,2015-09-11,1769.6
984,2015-09-12,1763.5
985,2015-09-13,1754.3
986,2015-09-14,1752.2
987,2015-09-15,1757.8
988,2015-09-16,1763.8
989,2015-09-17,1765.7
990,2015-09-18,1769.2
991,2015-09-19,1766.1
992,2015-09-20,1763.4
993,2015-09-21,1764.0
994,2015-09-22,1760.5
995,2015-09-23,1764.6
996,2015-09-24,1765.2
997,2015-09-25,1762.0
998,2015-09-26,1765.0
999,2015-09-27,1769.1
1000,2015-09-28,1768.8
1001,2015-09-29,1764.1
1002,2015-09-30,1762.9
1003,2015-10-01,1762.2
1004,2015-10-02,1760.7
1005,2015-10-03,1768.7
1006,2015-10-04,1768.7
1007,2015-10-05,1764.9
1008,2015-10-06,1764.8
1009,2015-10-07,1771.6
1010,2015-10-08,1778.3
1011,2015-10-09,1770.1
1012,2015-10-10,1757.9
1013,2015-10-11,1769.0
1014,2015-10-12,1765.7
1015,2015-10-13,1765.5
1016,2015-10-14,1767.9
1017,2015-10-15,1768.0
1018,2015-10-16,1763.3
1019,2015-10-17,1756.0
1020,2015-10-18,1757.7
1021,2015-10-19,1755.4
1022,2015-10-20,1765.3
1023,2015-10-21,1764.2
1024,2015-10-22,1759.8
1025,2015-10-23,1760.1
1026,2015-10-24,1755.8
1027,2015-10-25,1752.5
1028,2015-10-26,1753.4
1029,2015-10-27,1754.7
1030,2015-10-28,1749.3
1031,2015-10-29,1746.4
1032,2015-10-30,1742.4
1033,2015-10-31,1737.1
1034,2015-11-01,1738.5
1035,2015-11-02,1740.7
1036,2015-11-03,1741.8
1037,2015-11-04,1743.1
1038,2015-11-05,1748.5
1039,2015-11-06,1753.0
1040,2015-11-07,1745.0
1041,2015-11-08,1730.2
1042,2015-11-09,1733.5
1043,2015-11-10,1739.0
1044,2015-11-11,1742.6
1045,2015-11-12,1746.3
1046,2015-11-13,1730.4
1047,2015-11-14,1723.5
1048,2015-11-15,1722.1
1049,2015-11-16,1739.1
1050,2015-11-17,1726.1
1051,2015-11-18,1737.4
1052,2015-11-19,1738.6
1053,2015-11-20,1751.7
1054,2015-11-21,1747.7
1055,2015-11-22,1739.0
1056,2015-11-23,1725.3
1057,2015-11-24,1724.3
1058,2015-11-25,1738.3
1059,2015-11-26,1742.9
1060,2015-11-27,1740.3
1061,2015-11-28,1735.0
1062,2015-11-29,1729.8
1063,2015-11-30,1727.2
1064,2015-12-01,1727.8
1065,2015-12-02,1724.1
1066,2015-12-03,1713.5
1067,2015-12-04,1716.1
1068,2015-12-05,1719.8
1069,2015-12-06,1712.2
1070,2015-12-07,1709.6
1071,2015-12-08,1709.2
1072,2015-12-09,1708.6
1073,2015-12-10,1710.1
1074,2015-12-11,1717.6
1075,2015-12-12,1721.6
1076,2015-12-13,1711.4
1077,2015-12-14,1726.8
1078,2015-12-15,1728.1
1079,2015-12-16,1729.1
1080,2015-12-17,1728.7
1081,2015-12-18,1714.8
1082,2015-12-19,1716.9
1083,2015-12-20,1712.9
1084,2015-12-21,1701.4
1085,2015-12-22,1696.0
1086,2015-12-23,1695.6
1087,2015-12-24,1706.4
1088,2015-12-25,1727.9
1089,2015-12-26,1735.5
1090,2015-12-27,1723.8
1091,2015-12-28,1714.2
1092,2015-12-29,1717.8
1093,2015-12-30,1730.8
1094,2015-12-31,1737.4
1095,2016-01-01,1736.2
1096,2016-01-02,1723.6
1097,2016-01-03,1717.5
1098,2016-01-04,1705.8
1099,2016-01-05,1695.8
1100,2016-01-06,1695.4
1101,2016-01-07,1702.1
1102,2016-01-08,1707.8
1103,2016-01-09,1712.5
1104,2016-01-10,1718.5
1105,2016-01-11,1717.8
1106,2016-01-12,1717.7
1107,2016-01-13,1705.3
1108,2016-01-14,1712.3
1109,2016-01-15,1718.9
1110,2016-01-16,1716.9
1111,2016-01-17,1715.3
1112,2016-01-18,1716.9
1113,2016-01-19,1713.8
1114,2016-01-20,1723.1
1115,2016-01-21,1723.5
1116,2016-01-22,1714.2
1117,2016-01-23,1714.8
1118,2016-01-24,1724.3
1119,2016-01-25,1732.5
1120,2016-01-26,1733.6
1121,2016-01-27,1734.5
1122,2016-01-28,1722.5
1123,2016-01-29,1718.0
1124,2016-01-30,1718.3
1125,2016-01-31,1723.3
1126,2016-02-01,1726.2
1127,2016-02-02,1729.9
1128,2016-02-03,1731.7
1129,2016-02-04,1735.6
1130,2016-02-05,1735.3
1131,2016-02-06,1738.1
1132,2016-02-07,1746.8
1133,2016-02-08,1747.9
1134,2016-02-09,1740.9
1135,2016-02-10,1735.2
1136,2016-02-11,1739.7
1137,2016-02-12,1735.1
1138,2016-02-13,1733.2
1139,2016-02-14,1733.5
1140,2016-02-15,1730.9
1141,2016-02-16,1729.8
1142,2016-02-17,1725.0
1143,2016-02-18,1718.9
1144,2016-02-19,1729.4
1145,2016-02-20,1747.8
1146,2016-02-21,1748.1
1147,2016-02-22,1748.9
1148,2016-02-23,1749.0
1149,2016-02-24,1745.8
1150,2016-02-25,1746.2
1151,2016-02-26,1741.9
1152,2016-02-27,1736.9
1153,2016-02-28,1735.9
1154,2016-02-29,1740.5
1155,2016-03-01,1737.8
1156,2016-03-02,1740.2
1157,2016-03-03,1739.0
1158,2016-03-04,1737.2
1159,2016-03-05,1725.5
1160,2016-03-06,1720.7
1161,2016-03-07,1730.0
1162,2016-03-08,1732.3
1163,2016-03-09,1733.4
1164,2016-03-10,1730.4
1165,2016-03-11,1735.6
1166,2016-03-12,1728.4
1167,2016-03-13,1725.6
1168,2016-03-14,1731.0
1169,2016-03-15,1740.9
1170,2016-03-16,1749.8
1171,2016-03-17,1753.7
1172,2016-03-18,1763.7
1173,2016-03-19,1765.1
1174,2016-03-20,1751.3
1175,2016-03-21,1741.6
1176,2016-03-22,1754.7
1177,2016-03-23,1763.6
1178,2016-03-24,1761.5
1179,2016-03-25,1767.7
1180,2016-03-26,1766.6
1181,2016-03-27,1757.0
1182,2016-03-28,1765.9
1183,2016-03-29,1766.8
1184,2016-03-30,1762.1
1185,2016-03-31,1764.9
1186,2016-04-01,1771.5
1187,2016-04-02,1766.6
1188,2016-04-03,1762.5
1189,2016-04-04,1763.6
1190,2016-04-05,1772.6
1191,2016-04-06,1773.6
1192,2016-04-07,1777.9
1193,2016-04-08,1764.7
1194,2016-04-09,1756.3
1195,2016-04-10,1763.8
1196,2016-04-11,1766.4
1197,2016-04-12,1766.2
1198,2016-04-13,1771.2
1199,2016-04-14,1781.4
1200,2016-04-15,1799.6
1201,2016-04-16,1801.5
1202,2016-04-17,1799.0
1203,2016-04-18,1801.0
1204,2016-04-19,1791.0
1205,2016-04-20,1784.0
1206,2016-04-21,1777.9
1207,2016-04-22,1774.9
1208,2016-04-23,1780.9
1209,2016-04-24,1781.1
1210,2016-04-25,1775.9
1211,2016-04-26,1778.5
1212,2016-04-27,1776.0
1213,2016-04-28,1781.0
1214,2016-04-29,1782.9
1215,2016-04-30,1789.7
1216,2016-05-01,1790.2
1217,2016-05-02,1783.1
1218,2016-05-03,1792.5
1219,2016-05-04,1790.8
1220,2016-05-05,1788.6
1221,2016-05-06,1794.5
1222,2016-05-07,1795.8
1223,2016-05-08,1783.7
1224,2016-05-09,1795.3
1225,2016-05-10,1803.8
1226,2016-05-11,1817.2
1227,2016-05-12,1831.0
1228,2016-05-13,1820.5
1229,2016-05-14,1806.1
1230,2016-05-15,1802.6
1231,2016-05-16,1805.6
1232,2016-05-17,1806.4
1233,2016-05-18,1804.5
1234,2016-05-19,1786.1
1235,2016-05-20,1779.3
1236,2016-05-21,1771.5
1237,2016-05-22,1769.3
1238,2016-05-23,1765.6
1239,2016-05-24,1773.5
1240,2016-05-25,1791.7
1241,2016-05-26,1804.3
1242,2016-05-27,1807.3
1243,2016-05-28,1803.3
1244,2016-05-29,1806.7
1245,2016-05-30,1811.9
1246,2016-05-31,1813.3
1247,2016-06-01,1807.9
1248,2016-06-02,1803.8
1249,2016-06-03,1808.6
1250,2016-06-04,1804.0
1251,2016-06-05,1795.4
1252,2016-06-06,1792.3
1253,2016-06-07,1790.2
1254,2016-06-08,1792.6
1255,2016-06-09,1790.1
1256,2016-06-10,1791.4
1257,2016-06-11,1797.2
1258,2016-06-12,1800.6
1259,2016-06-13,1790.7
1260,2016-06-14,1783.9
1261,2016-06-15,1782.2
1262,2016-06-16,1788.7
1263,2016-06-17,1793.6
1264,2016-06-18,1792.2
1265,2016-06-19,1799.5
1266,2016-06-20,1796.9
1267,2016-06-21,1790.3
1268,2016-06-22,1791.1
1269,2016-06-23,1787.3
1270,2016-06-24,1790.0
1271,2016-06-25,1789.3
1272,2016-06-26,1790.1
1273,2016-06-27,1787.9
1274,2016-06-28,1785.2
1275,2016-06-29,1788.9
1276,2016-06-30,1792.3
1277,2016-07-01,1794.2
1278,2016-07-02,1793.6
1279,2016-07-03,1792.3
1280,2016-07-04,1793.2
1281,2016-07-05,1791.9
1282,2016-07-06,1790.3
1283,2016-07-07,1784.4
1284,2016-07-08,1781.9
1285,2016-07-09,1779.5
1286,2016-07-10,1777.1
1287,2016-07-11,1780.5
1288,2016-07-12,1783.7
1289,2016-07-13,1790.6000000000001
1290,2016-07-14,1792.5
1291,2016-07-15,1786.2
1292,2016-07-16,1786.3
1293,2016-07-17,1787.5
1294,2016-07-18,1784.5
1295,2016-07-19,1789.1
1296,2016-07-20,1789.9
1297,2016-07-21,1792.5
1298,2016-07-22,1794.1
1299,2016-07-23,1799.0
1300,2016-07-24,1796.0
1301,2016-07-25,1792.0
1302,2016-07-26,1796.7
1303,2016-07-27,1798.5
1304,2016-07-28,1798.0
1305,2016-07-29,1794.9
1306,2016-07-30,1787.8
1307,2016-07-31,1794.5
1308,2016-08-01,1798.2
1309,2016-08-02,1795.1
1310,2016-08-03,1799.8
1311,2016-08-04,1800.0
1312,2016-08-05,1792.5
1313,2016-08-06,1786.9
1314,2016-08-07,1783.4
1315,2016-08-08,1785.4
1316,2016-08-09,1783.5
1317,2016-08-10,1786.4
1318,2016-08-11,1792.6
1319,2016-08-12,1792.2
1320,2016-08-13,1794.2
1321,2016-08-14,1788.3
1322,2016-08-15,1787.8
1323,2016-08-16,1790.2
1324,2016-08-17,1788.8
1325,2016-08-18,1793.3
1326,2016-08-19,1795.5
1327,2016-08-20,1788.7
1328,2016-08-21,1780.6
1329,2016-08-22,1787.5
1330,2016-08-23,1796.2
1331,2016-08-24,1800.2
1332,2016-08-25,1794.0
1333,2016-08-26,1787.7
1334,2016-08-27,1776.3
1335,2016-08-28,1785.1
1336,2016-08-29,1785.4
1337,2016-08-30,1782.2
1338,2016-08-31,1779.7
1339,2016-09-01,1776.5
1340,2016-09-02,1777.3
1341,2016-09-03,1780.2
1342,2016-09-04,1776.7
1343,2016-09-05,1775.9
1344,2016-09-06,1776.7
1345,2016-09-07,1777.9
1346,2016-09-08,1779.2
1347,2016-09-09,1786.0
1348,2016-09-10,1776.3
1349,2016-09-11,1772.2
1350,2016-09-12,1778.2
1351,2016-09-13,1774.6
1352,2016-09-14,1770.3
1353,2016-09-15,1770.1
1354,2016-09-16,1769.8999999999999
1355,2016-09-17,1769.7000000000003
1356,2016-09-18,1769.4999999999998
1357,2016-09-19,1769.3000000000002
1358,2016-09-20,1769.1000000000001
1359,2016-09-21,1768.9
1360,2016-09-22,1765.1
1361,2016-09-23,1767.9
1362,2016-09-24,1777.4
1363,2016-09-25,1778.8
1364,2016-09-26,1775.9
1365,2016-09-27,1765.4
1366,2016-09-28,1770.4
1367,2016-09-29,1767.7
1368,2016-09-30,1767.3
1369,2016-10-01,1771.6
1370,2016-10-02,1773.2
1371,2016-10-03,1766.5
1372,2016-10-04,1763.7
1373,2016-10-05,1763.5
1374,2016-10-06,1764.3
1375,2016-10-07,1758.7
1376,2016-10-08,1758.1
1377,2016-10-09,1753.5
1378,2016-10-10,1758.8
1379,2016-10-11,1761.7
1380,2016-10-12,1760.9
1381,2016-10-13,1747.9
1382,2016-10-14,1731.8
1383,2016-10-15,1733.9
1384,2016-10-16,1730.0
1385,2016-10-17,1737.2
1386,2016-10-18,1748.9
1387,2016-10-19,1759.6
1388,2016-10-20,1753.1
1389,2016-10-21,1749.7
1390,2016-10-22,1746.5
1391,2016-10-23,1747.3
1392,2016-10-24,1745.4
1393,2016-10-25,1753.0
1394,2016-10-26,1753.1
1395,2016-10-27,1746.1
1396,2016-10-28,1752.6
1397,2016-10-29,1752.0
1398,2016-10-30,1745.7
1399,2016-10-31,1738.5
1400,2016-11-01,1749.5
1401,2016-11-02,1757.6
1402,2016-11-03,1762.0
1403,2016-11-04,1763.8
1404,2016-11-05,1763.5
1405,2016-11-06,1765.3
1406,2016-11-07,1773.1
1407,2016-11-08,1767.2
1408,2016-11-09,1770.0
1409,2016-11-10,1772.7
1410,2016-11-11,1768.3
1411,2016-11-12,1761.0
1412,2016-11-13,1763.1
1413,2016-11-14,1755.8
1414,2016-11-15,1747.4
1415,2016-11-16,1749.3
1416,2016-11-17,1757.4
1417,2016-11-18,1754.8
1418,2016-11-19,1741.6
1419,2016-11-20,1737.4
1420,2016-11-21,1741.357051282051
1421,2016-11-22,1745.3141025641025
1422,2016-11-23,1741.2711538461538
1423,2016-11-24,1744.2282051282052
1424,2016-11-25,1735.1852564102564
1425,2016-11-26,1727.1423076923077
1426,2016-11-27,1715.0993589743591
1427,2016-11-28,1727.0564102564103
1428,2016-11-29,1739.0134615384613
1429,2016-11-30,1731.9705128205128
1430,2016-12-01,1739.927564102564
1431,2016-12-02,1741.8846153846155
1432,2016-12-03,1732.7
1433,2016-12-04,1725.1
1434,2016-12-05,1734.6
1435,2016-12-06,1737.9
1436,2016-12-07,1744.7
1437,2016-12-08,1739.9
1438,2016-12-09,1730.5
1439,2016-12-10,1716.8
1440,2016-12-11,1718.8
1441,2016-12-12,1726.2
1442,2016-12-13,1728.5
1443,2016-12-14,1726.0
1444,2016-12-15,1706.8
1445,2016-12-16,1714.2
1446,2016-12-17,1724.0
1447,2016-12-18,1725.4
1448,2016-12-19,1709.4
1449,2016-12-20,1703.7
1450,2016-12-21,1714.8
1451,2016-12-22,1708.5
1452,2016-12-23,1700.4
1453,2016-12-24,1699.3
1454,2016-12-25,1706.8
1455,2016-12-26,1713.2
1456,2016-12-27,1706.2
1457,2016-12-28,1723.2
1458,2016-12-29,1722.4
1459,2016-12-30,1714.7
1460,2016-12-31,1712.9
1461,2017-01-01,1706.5
1462,2017-01-02,1719.3
1463,2017-01-03,1724.9
1464,2017-01-04,1723.0
1465,2017-01-05,1717.1
1466,2017-01-06,1711.0
1467,2017-01-07,1712.4
1468,2017-01-08,1714.3
1469,2017-01-09,1698.2
1470,2017-01-10,1698.1
1471,2017-01-11,1710.2
1472,2017-01-12,1728.2
1473,2017-01-13,1736.1
1474,2017-01-14,1732.0
1475,2017-01-15,1722.1
1476,2017-01-16,1718.2
1477,2017-01-17,1703.2
1478,2017-01-18,1687.2
1479,2017-01-19,1688.0833333333333
1480,2017-01-20,1688.966666666667
1481,2017-01-21,1689.85
1482,2017-01-22,1690.7333333333331
1483,2017-01-23,1691.6166666666668
1484,2017-01-24,1692.5
1485,2017-01-25,1698.95
1486,2017-01-26,1711.2
1487,2017-01-27,1718.3
1488,2017-01-28,1724.8000000000002
1489,2017-01-29,1722.3
1490,2017-01-30,1718.8
1491,2017-01-31,1727.3
1492,2017-02-01,1734.5
1493,2017-02-02,1732.0
1494,2017-02-03,1715.5
1495,2017-02-04,1702.9
1496,2017-02-05,1696.2
1497,2017-02-06,1692.3
1498,2017-02-07,1702.6
1499,2017-02-08,1710.7
1500,2017-02-09,1696.0
1501,2017-02-10,1702.5
1502,2017-02-11,1727.9
1503,2017-02-12,1729.5
1504,2017-02-13,1727.2
1505,2017-02-14,1725.4
1506,2017-02-15,1718.7
1507,2017-02-16,1706.2
1508,2017-02-17,1709.0
1509,2017-02-18,1701.6
1510,2017-02-19,1707.6
1511,2017-02-20,1710.2
1512,2017-02-21,1717.3
1513,2017-02-22,1722.6
1514,2017-02-23,1723.7
1515,2017-02-24,1725.7
1516,2017-02-25,1722.4
1517,2017-02-26,1711.2
1518,2017-02-27,1707.8
1519,2017-02-28,1721.8
1520,2017-03-01,1732.5
1521,2017-03-02,1734.6
1522,2017-03-03,1724.2
1523,2017-03-04,1709.4
1524,2017-03-05,1708.6
1525,2017-03-06,1718.8666666666666
1526,2017-03-07,1727.1333333333334
1527,2017-03-08,1731.4
1528,2017-03-09,1735.0
1529,2017-03-10,1728.6
1530,2017-03-11,1728.8
1531,2017-03-12,1735.8
1532,2017-03-13,1736.2
1533,2017-03-14,1732.7
1534,2017-03-15,1730.5
1535,2017-03-16,1746.8
1536,2017-03-17,1745.4
1537,2017-03-18,1739.6
1538,2017-03-19,1759.7
1539,2017-03-20,1763.5
1540,2017-03-21,1777.8
1541,2017-03-22,1806.1
1542,2017-03-23,1804.3615384615384
1543,2017-03-24,1802.623076923077
1544,2017-03-25,1800.8846153846152
1545,2017-03-26,1799.1461538461538
1546,2017-03-27,1797.4076923076923
1547,2017-03-28,1795.6692307692306
1548,2017-03-29,1793.9307692307693
1549,2017-03-30,1792.1923076923078
1550,2017-03-31,1790.4538461538461
1551,2017-04-01,1788.7153846153847
1552,2017-04-02,1786.9769230769232
1553,2017-04-03,1785.2384615384615
1554,2017-04-04,1783.5
1555,2017-04-05,1783.3
1556,2017-04-06,1776.0
1557,2017-04-07,1762.6
1558,2017-04-08,1771.6
1559,2017-04-09,1777.1
1560,2017-04-10,1777.3
1561,2017-04-11,1781.4
1562,2017-04-12,1780.3
1563,2017-04-13,1776.3
1564,2017-04-14,1785.4
1565,2017-04-15,1790.9
1566,2017-04-16,1795.8
1567,2017-04-17,1786.9
1568,2017-04-18,1792.3
1569,2017-04-19,1795.2
1570,2017-04-20,1797.4
1571,2017-04-21,1803.1
1572,2017-04-22,1798.0
1573,2017-04-23,1786.7
1574,2017-04-24,1785.5
1575,2017-04-25,1796.5
1576,2017-04-26,1796.3
1577,2017-04-27,1801.3
1578,2017-04-28,1810.3
1579,2017-04-29,1813.2
1580,2017-04-30,1811.0
1581,2017-05-01,1809.2
1582,2017-05-02,1811.9
1583,2017-05-03,1815.7
1584,2017-05-04,1815.6
1585,2017-05-05,1805.3
1586,2017-05-06,1806.6
1587,2017-05-07,1810.2
1588,2017-05-08,1813.6
1589,2017-05-09,1809.2
1590,2017-05-10,1809.9
1591,2017-05-11,1816.6
1592,2017-05-12,1817.4
1593,2017-05-13,1815.3
1594,2017-05-14,1809.7
1595,2017-05-15,1799.6
1596,2017-05-16,1791.6
1597,2017-05-17,1805.1
1598,2017-05-18,1811.9
1599,2017-05-19,1807.6
1600,2017-05-20,1809.3
1601,2017-05-21,1816.1
1602,2017-05-22,1821.6
1603,2017-05-23,1820.6
1604,2017-05-24,1810.0
1605,2017-05-25,1811.6
1606,2017-05-26,1814.3
1607,2017-05-27,1819.3
1608,2017-05-28,1825.8
1609,2017-05-29,1829.2
1610,2017-05-30,1828.3
1611,2017-05-31,1820.6
1612,2017-06-01,1815.4
1613,2017-06-02,1813.5
1614,2017-06-03,1807.6
1615,2017-06-04,1808.6
1616,2017-06-05,1813.2
1617,2017-06-06,1815.5
1618,2017-06-07,1809.6
1619,2017-06-08,1802.9
1620,2017-06-09,1803.0
1621,2017-06-10,1801.1
1622,2017-06-11,1800.8
1623,2017-06-12,1798.0
1624,2017-06-13,1817.2
1625,2017-06-14,1845.5
1626,2017-06-15,1842.9
1627,2017-06-16,1827.9
1628,2017-06-17,1834.6
1629,2017-06-18,1840.1
1630,2017-06-19,1837.4
1631,2017-06-20,1824.0
1632,2017-06-21,1821.7
1633,2017-06-22,1829.2
1634,2017-06-23,1846.1
1635,2017-06-24,1843.6
1636,2017-06-25,1838.9
1637,2017-06-26,1832.8
1638,2017-06-27,1831.8
1639,2017-06-28,1831.9
1640,2017-06-29,1828.7
1641,2017-06-30,1835.0
1642,2017-07-01,1841.7
1643,2017-07-02,1840.3
1644,2017-07-03,1832.0
1645,2017-07-04,1820.8
1646,2017-07-05,1813.1
1647,2017-07-06,1816.5333333333333
1648,2017-07-07,1814.8666666666668
1649,2017-07-08,1811.9
1650,2017-07-09,1808.7
1651,2017-07-10,1803.3
1652,2017-07-11,1802.0
1653,2017-07-12,1801.1
1654,2017-07-13,1800.0
1655,2017-07-14,1803.0
1656,2017-07-15,1802.7
1657,2017-07-16,1798.7
1658,2017-07-17,1799.7
1659,2017-07-18,1797.6
1660,2017-07-19,1795.2
1661,2017-07-20,1794.0
1662,2017-07-21,1794.2
1663,2017-07-22,1798.5
1664,2017-07-23,1792.8
1665,2017-07-24,1793.0
1666,2017-07-25,1795.3
1667,2017-07-26,1793.8
1668,2017-07-27,1790.8
1669,2017-07-28,1793.2
1670,2017-07-29,1795.6
1671,2017-07-30,1796.5
1672,2017-07-31,1799.5
1673,2017-08-01,1800.8
1674,2017-08-02,1801.9
1675,2017-08-03,1798.9
1676,2017-08-04,1791.7
1677,2017-08-05,1794.3
1678,2017-08-06,1797.2
1679,2017-08-07,1798.1
1680,2017-08-08,1798.3
1681,2017-08-09,1797.7
1682,2017-08-10,1797.3
1683,2017-08-11,1794.8
1684,2017-08-12,1790.6
1685,2017-08-13,1788.9
1686,2017-08-14,1787.5
1687,2017-08-15,1788.3
1688,2017-08-16,1787.8
1689,2017-08-17,1789.2
1690,2017-08-18,1787.7
1691,2017-08-19,1787.0
1692,2017-08-20,1788.3
1693,2017-08-21,1791.1
1694,2017-08-22,1786.5
1695,2017-08-23,1781.8
1696,2017-08-24,1778.5
1697,2017-08-25,1787.1
1698,2017-08-26,1792.5
1699,2017-08-27,1791.2
1700,2017-08-28,1785.1
1701,2017-08-29,1781.6
1702,2017-08-30,1780.7
1703,2017-08-31,1786.7
1704,2017-09-01,1790.1
1705,2017-09-02,1784.6
1706,2017-09-03,1786.6
1707,2017-09-04,1789.5
1708,2017-09-05,1789.7
1709,2017-09-06,1784.4
1710,2017-09-07,1781.3
1711,2017-09-08,1777.3
1712,2017-09-09,1781.3
1713,2017-09-10,1788.9
1714,2017-09-11,1788.4
1715,2017-09-12,1776.8
1716,2017-09-13,1771.2
1717,2017-09-14,1774.0
1718,2017-09-15,1776.7
1719,2017-09-16,1776.4
1720,2017-09-17,1768.0
1721,2017-09-18,1757.1
1722,2017-09-19,1755.9
1723,2017-09-20,1754.6
1724,2017-09-21,1762.2
1725,2017-09-22,1762.3
1726,2017-09-23,1761.1
1727,2017-09-24,1761.5
1728,2017-09-25,1758.6
1729,2017-09-26,1764.1
1730,2017-09-27,1768.1
1731,2017-09-28,1767.6
1732,2017-09-29,1760.9
1733,2017-09-30,1760.4
1734,2017-10-01,1761.2
1735,2017-10-02,1768.6
1736,2017-10-03,1773.9
1737,2017-10-04,1770.8
1738,2017-10-05,1765.5
1739,2017-10-06,1757.1
1740,2017-10-07,1749.6
1741,2017-10-08,1763.3
1742,2017-10-09,1763.9
1743,2017-10-10,1751.5
1744,2017-10-11,1747.9
1745,2017-10-12,1750.6
1746,2017-10-13,1755.7
1747,2017-10-14,1764.0
1748,2017-10-15,1761.5
1749,2017-10-16,1754.8
1750,2017-10-17,1745.8
1751,2017-10-18,1747.9
1752,2017-10-19,1731.4
1753,2017-10-20,1734.9
1754,2017-10-21,1740.3
1755,2017-10-22,1752.1
1756,2017-10-23,1768.7
1757,2017-10-24,1768.0
1758,2017-10-25,1751.8
1759,2017-10-26,1759.5
1760,2017-10-27,1759.0
1761,2017-10-28,1755.5
1762,2017-10-29,1758.4
1763,2017-10-30,1758.0
1764,2017-10-31,1744.4
1765,2017-11-01,1730.7
1766,2017-11-02,1731.8
1767,2017-11-03,1735.9
1768,2017-11-04,1732.8
1769,2017-11-05,1730.8
1770,2017-11-06,1742.4
1771,2017-11-07,1740.4
1772,2017-11-08,1730.8
1773,2017-11-09,1720.7
1774,2017-11-10,1722.0
1775,2017-11-11,1729.9
1776,2017-11-12,1727.0
1777,2017-11-13,1718.4
1778,2017-11-14,1727.6
1779,2017-11-15,1721.3
1780,2017-11-16,1711.0
1781,2017-11-17,1728.9
1782,2017-11-18,1735.6
1783,2017-11-19,1726.3
1784,2017-11-20,1724.0
1785,2017-11-21,1733.0
1786,2017-11-22,1729.4
1787,2017-11-23,1719.9
1788,2017-11-24,1731.3
1789,2017-11-25,1733.9
1790,2017-11-26,1723.2
1791,2017-11-27,1732.8
1792,2017-11-28,1733.1
1793,2017-11-29,1743.1
1794,2017-11-30,1738.0
1795,2017-12-01,1733.9
1796,2017-12-02,1730.5
1797,2017-12-03,1738.3
1798,2017-12-04,1750.1
1799,2017-12-05,1758.5
1800,2017-12-06,1761.8
1801,2017-12-07,1758.9
1802,2017-12-08,1753.7
1803,2017-12-09,1751.2
1804,2017-12-10,1753.9
1805,2017-12-11,1752.3166666666666
1806,2017-12-12,1748.1333333333334
1807,2017-12-13,1743.95
1808,2017-12-14,1739.7666666666667
1809,2017-12-15,1735.5833333333333
1810,2017-12-16,1731.4
1811,2017-12-17,1721.2
1812,2017-12-18,1714.2
1813,2017-12-19,1707.3666666666668
1814,2017-12-20,1721.1333333333332
1815,2017-12-21,1727.1
1816,2017-12-22,1724.3
1817,2017-12-23,1732.3
1818,2017-12-24,1729.9
1819,2017-12-25,1723.8
1820,2017-12-26,1724.5
1821,2017-12-27,1717.9
1822,2017-12-28,1713.8
1823,2017-12-29,1706.3
1824,2017-12-30,1714.2
1825,2017-12-31,1721.3
1826,2018-01-01,1727.1
