,datetime,CASTLE_LAKE_NEAR_MOUNT_ST._HELENS__WA.tsv
0,2013-01-01,2578.32
1,2013-01-02,2578.28
2,2013-01-03,2578.21
3,2013-01-04,2578.27
4,2013-01-05,2578.25
5,2013-01-06,2578.24
6,2013-01-07,2578.4
7,2013-01-08,2578.47
8,2013-01-09,2578.73
9,2013-01-10,2578.71
10,2013-01-11,2578.66
11,2013-01-12,2578.6
12,2013-01-13,2578.55
13,2013-01-14,2578.5
14,2013-01-15,2578.46
15,2013-01-16,2578.42
16,2013-01-17,2578.38
17,2013-01-18,2578.36
18,2013-01-19,2578.34
19,2013-01-20,2578.32
20,2013-01-21,2578.3
21,2013-01-22,2578.28
22,2013-01-23,2578.31
23,2013-01-24,2578.35
24,2013-01-25,2578.37
25,2013-01-26,2578.4
26,2013-01-27,2578.44
27,2013-01-28,2578.56
28,2013-01-29,2578.58
29,2013-01-30,2578.7
30,2013-01-31,2578.78
31,2013-02-01,2578.78
32,2013-02-02,2578.74
33,2013-02-03,2578.69
34,2013-02-04,2578.63
35,2013-02-05,2578.66
36,2013-02-06,2578.68
37,2013-02-07,2578.65
38,2013-02-08,2578.6
39,2013-02-09,2578.55
40,2013-02-10,2578.51
41,2013-02-11,2578.48
42,2013-02-12,2578.46
43,2013-02-13,2578.47
44,2013-02-14,2578.47
45,2013-02-15,2578.47
46,2013-02-16,2578.52
47,2013-02-17,2578.51
48,2013-02-18,2578.5
49,2013-02-19,2578.48
50,2013-02-20,2578.46
51,2013-02-21,2578.48
52,2013-02-22,2578.54
53,2013-02-23,2578.53
54,2013-02-24,2578.47
55,2013-02-25,2578.48
56,2013-02-26,2578.42
57,2013-02-27,2578.4
58,2013-02-28,2578.63
59,2013-03-01,2578.81
60,2013-03-02,2578.94
61,2013-03-03,2578.96
62,2013-03-04,2578.86
63,2013-03-05,2578.84
64,2013-03-06,2578.78
65,2013-03-07,2578.72
66,2013-03-08,2578.65
67,2013-03-09,2578.58
68,2013-03-10,2578.55
69,2013-03-11,2578.52
70,2013-03-12,2578.53
71,2013-03-13,2578.59
72,2013-03-14,2578.68
73,2013-03-15,2578.8
74,2013-03-16,2578.95
75,2013-03-17,2578.95
76,2013-03-18,2578.89
77,2013-03-19,2578.86
78,2013-03-20,2579.18
79,2013-03-21,2579.23
80,2013-03-22,2579.12
81,2013-03-23,2578.99
82,2013-03-24,2578.86
83,2013-03-25,2578.77
84,2013-03-26,2578.7
85,2013-03-27,2578.66
86,2013-03-28,2578.64
87,2013-03-29,2578.64
88,2013-03-30,2578.66
89,2013-03-31,2578.72
90,2013-04-01,2578.78
91,2013-04-02,2578.84
92,2013-04-03,2578.87
93,2013-04-04,2579.06
94,2013-04-05,2579.46
95,2013-04-06,2579.67
96,2013-04-07,2579.76
97,2013-04-08,2579.59
98,2013-04-09,2579.37
99,2013-04-10,2579.28
100,2013-04-11,2579.19
101,2013-04-12,2579.13
102,2013-04-13,2579.06
103,2013-04-14,2578.97
104,2013-04-15,2578.86
105,2013-04-16,2578.77
106,2013-04-17,2578.71
107,2013-04-18,2578.68
108,2013-04-19,2578.86
109,2013-04-20,2578.93
110,2013-04-21,2578.96
111,2013-04-22,2578.93
112,2013-04-23,2578.88
113,2013-04-24,2578.83
114,2013-04-25,2578.81
115,2013-04-26,2578.8
116,2013-04-27,2578.81
117,2013-04-28,2578.79
118,2013-04-29,2578.92
119,2013-04-30,2578.88
120,2013-05-01,2578.8
121,2013-05-02,2578.74
122,2013-05-03,2578.71
123,2013-05-04,2578.73
124,2013-05-05,2578.79
125,2013-05-06,2578.84
126,2013-05-07,2578.88
127,2013-05-08,2578.89
128,2013-05-09,2578.89
129,2013-05-10,2578.89
130,2013-05-11,2578.88
131,2013-05-12,2578.86
132,2013-05-13,2578.86
133,2013-05-14,2578.79
134,2013-05-15,2578.72
135,2013-05-16,2578.66
136,2013-05-17,2578.63
137,2013-05-18,2578.59
138,2013-05-19,2578.55
139,2013-05-20,2578.5
140,2013-05-21,2578.56
141,2013-05-22,2578.64
142,2013-05-23,2578.67
143,2013-05-24,2578.64
144,2013-05-25,2578.61
145,2013-05-26,2578.61
146,2013-05-27,2578.7
147,2013-05-28,2578.74
148,2013-05-29,2578.93
149,2013-05-30,2578.97
150,2013-05-31,2578.94
151,2013-06-01,2578.87
152,2013-06-02,2578.8
153,2013-06-03,2578.73
154,2013-06-04,2578.66
155,2013-06-05,2578.6
156,2013-06-06,2578.54
157,2013-06-07,2578.48
158,2013-06-08,2578.43
159,2013-06-09,2578.39
160,2013-06-10,2578.34
161,2013-06-11,2578.32
162,2013-06-12,2578.3
163,2013-06-13,2578.3
164,2013-06-14,2578.27
165,2013-06-15,2578.24
166,2013-06-16,2578.21
167,2013-06-17,2578.19
168,2013-06-18,2578.17
169,2013-06-19,2578.16
170,2013-06-20,2578.21
171,2013-06-21,2578.2
172,2013-06-22,2578.17
173,2013-06-23,2578.19
174,2013-06-24,2578.19
175,2013-06-25,2578.19
176,2013-06-26,2578.2
177,2013-06-27,2578.19
178,2013-06-28,2578.16
179,2013-06-29,2578.15
180,2013-06-30,2578.13
181,2013-07-01,2578.11
182,2013-07-02,2578.09
183,2013-07-03,2578.08
184,2013-07-04,2578.05
185,2013-07-05,2578.03
186,2013-07-06,2578.02
187,2013-07-07,2578.01
188,2013-07-08,2577.99
189,2013-07-09,2577.98
190,2013-07-10,2577.97
191,2013-07-11,2577.95
192,2013-07-12,2577.94
193,2013-07-13,2577.92
194,2013-07-14,2577.92
195,2013-07-15,2577.9
196,2013-07-16,2577.9
197,2013-07-17,2577.89
198,2013-07-18,2577.88
199,2013-07-19,2577.88
200,2013-07-20,2577.87
201,2013-07-21,2577.86
202,2013-07-22,2577.86
203,2013-07-23,2577.85
204,2013-07-24,2577.84
205,2013-07-25,2577.83
206,2013-07-26,2577.82
207,2013-07-27,2577.81
208,2013-07-28,2577.8
209,2013-07-29,2577.8
210,2013-07-30,2577.79
211,2013-07-31,2577.78
212,2013-08-01,2577.78
213,2013-08-02,2577.78
214,2013-08-03,2577.78
215,2013-08-04,2577.78
216,2013-08-05,2577.77
217,2013-08-06,2577.77
218,2013-08-07,2577.76
219,2013-08-08,2577.76
220,2013-08-09,2577.77
221,2013-08-10,2577.77
222,2013-08-11,2577.76
223,2013-08-12,2577.75
224,2013-08-13,2577.75
225,2013-08-14,2577.75
226,2013-08-15,2577.75
227,2013-08-16,2577.74
228,2013-08-17,2577.74
229,2013-08-18,2577.73
230,2013-08-19,2577.72
231,2013-08-20,2577.72
232,2013-08-21,2577.71
233,2013-08-22,2577.71
234,2013-08-23,2577.7
235,2013-08-24,2577.7
236,2013-08-25,2577.7
237,2013-08-26,2577.72
238,2013-08-27,2577.72
239,2013-08-28,2577.72
240,2013-08-29,2577.83
241,2013-08-30,2577.85
242,2013-08-31,2577.83
243,2013-09-01,2577.83
244,2013-09-02,2577.82
245,2013-09-03,2577.84
246,2013-09-04,2577.84
247,2013-09-05,2577.92
248,2013-09-06,2578.09
249,2013-09-07,2578.07
250,2013-09-08,2578.05
251,2013-09-09,2578.03
252,2013-09-10,2578.0
253,2013-09-11,2577.98
254,2013-09-12,2577.97
255,2013-09-13,2577.95
256,2013-09-14,2577.94
257,2013-09-15,2577.94
258,2013-09-16,2577.94
259,2013-09-17,2577.92
260,2013-09-18,2577.92
261,2013-09-19,2577.92
262,2013-09-20,2577.88
263,2013-09-21,2577.91
264,2013-09-22,2578.02
265,2013-09-23,2578.06
266,2013-09-24,2578.07
267,2013-09-25,2578.06
268,2013-09-26,2578.04
269,2013-09-27,2578.12
270,2013-09-28,2578.8
271,2013-09-29,2579.35
272,2013-09-30,2579.59
273,2013-10-01,2579.5
274,2013-10-02,2579.3
275,2013-10-03,2579.1
276,2013-10-04,2578.93
277,2013-10-05,2578.79
278,2013-10-06,2578.66
279,2013-10-07,2578.67
280,2013-10-08,2578.67
281,2013-10-09,2578.61
282,2013-10-10,2578.56
283,2013-10-11,2578.51
284,2013-10-12,2578.48
285,2013-10-13,2578.44
286,2013-10-14,2578.4
287,2013-10-15,2578.36
288,2013-10-16,2578.34
289,2013-10-17,2578.31
290,2013-10-18,2578.28
291,2013-10-19,2578.26
292,2013-10-20,2578.24
293,2013-10-21,2578.22
294,2013-10-22,2578.2
295,2013-10-23,2578.18
296,2013-10-24,2578.17
297,2013-10-25,2578.15
298,2013-10-26,2578.14
299,2013-10-27,2578.17
300,2013-10-28,2578.15
301,2013-10-29,2578.11
302,2013-10-30,2578.1
303,2013-10-31,2578.12
304,2013-11-01,2578.12
305,2013-11-02,2578.29
306,2013-11-03,2578.3
307,2013-11-04,2578.31
308,2013-11-05,2578.3
309,2013-11-06,2578.31
310,2013-11-07,2578.57
311,2013-11-08,2578.69
312,2013-11-09,2578.69
313,2013-11-10,2578.66
314,2013-11-11,2578.6
315,2013-11-12,2578.6
316,2013-11-13,2578.55
317,2013-11-14,2578.53
318,2013-11-15,2578.59
319,2013-11-16,2578.63
320,2013-11-17,2578.63
321,2013-11-18,2578.76
322,2013-11-19,2578.98
323,2013-11-20,2578.98
324,2013-11-21,2578.92
325,2013-11-22,2578.82
326,2013-11-23,2578.74
327,2013-11-24,2578.67
328,2013-11-25,2578.6
329,2013-11-26,2578.54
330,2013-11-27,2578.48
331,2013-11-28,2578.44
332,2013-11-29,2578.41
333,2013-11-30,2578.41
334,2013-12-01,2579.26
335,2013-12-02,2579.41
336,2013-12-03,2579.28
337,2013-12-04,2579.17625
338,2013-12-05,2579.0725
339,2013-12-06,2578.96875
340,2013-12-07,2578.865
341,2013-12-08,2578.76125
342,2013-12-09,2578.6575
343,2013-12-10,2578.55375
344,2013-12-11,2578.45
345,2013-12-12,2578.43
346,2013-12-13,2578.42
347,2013-12-14,2578.39
348,2013-12-15,2578.37
349,2013-12-16,2578.36
350,2013-12-17,2578.34
351,2013-12-18,2578.32
352,2013-12-19,2578.3
353,2013-12-20,2578.39
354,2013-12-21,2578.39
355,2013-12-22,2578.42
356,2013-12-23,2578.56
357,2013-12-24,2578.6
358,2013-12-25,2578.6
359,2013-12-26,2578.58
360,2013-12-27,2578.55
361,2013-12-28,2578.53
362,2013-12-29,2578.49
363,2013-12-30,2578.45
364,2013-12-31,2578.43
365,2014-01-01,2578.4
366,2014-01-02,2578.45
367,2014-01-03,2578.42
368,2014-01-04,2578.38
369,2014-01-05,2578.35
370,2014-01-06,2578.33
371,2014-01-07,2578.36
372,2014-01-08,2578.47
373,2014-01-09,2578.66
374,2014-01-10,2578.8
375,2014-01-11,2579.18
376,2014-01-12,2579.34
377,2014-01-13,2579.42
378,2014-01-14,2579.32
379,2014-01-15,2579.17
380,2014-01-16,2579.03
381,2014-01-17,2578.9
382,2014-01-18,2578.79
383,2014-01-19,2578.71
384,2014-01-20,2578.64
385,2014-01-21,2578.58
386,2014-01-22,2578.52
387,2014-01-23,2578.47
388,2014-01-24,2578.45
389,2014-01-25,2578.4
390,2014-01-26,2578.38
391,2014-01-27,2578.36
392,2014-01-28,2578.38
393,2014-01-29,2578.58
394,2014-01-30,2578.68
395,2014-01-31,2578.67
396,2014-02-01,2578.63
397,2014-02-02,2578.59
398,2014-02-03,2578.54
399,2014-02-04,2578.5
400,2014-02-05,2578.44
401,2014-02-06,2578.45
402,2014-02-07,2578.41
403,2014-02-08,2578.38
404,2014-02-09,2578.38
405,2014-02-10,2578.41
406,2014-02-11,2578.58
407,2014-02-12,2578.91
408,2014-02-13,2579.07
409,2014-02-14,2579.16
410,2014-02-15,2579.41
411,2014-02-16,2579.59
412,2014-02-17,2579.64
413,2014-02-18,2579.65
414,2014-02-19,2579.48
415,2014-02-20,2579.31
416,2014-02-21,2579.09
417,2014-02-22,2578.93
418,2014-02-23,2578.8
419,2014-02-24,2578.8
420,2014-02-25,2578.79
421,2014-02-26,2578.72
422,2014-02-27,2578.71
423,2014-02-28,2578.69
424,2014-03-01,2578.64
425,2014-03-02,2578.84
426,2014-03-03,2579.16
427,2014-03-04,2579.25
428,2014-03-05,2579.71
429,2014-03-06,2580.45
430,2014-03-07,2580.24
431,2014-03-08,2580.17
432,2014-03-09,2580.29
433,2014-03-10,2580.09
434,2014-03-11,2579.74
435,2014-03-12,2579.43
436,2014-03-13,2579.19
437,2014-03-14,2579.08
438,2014-03-15,2578.94
439,2014-03-16,2579.02
440,2014-03-17,2578.95
441,2014-03-18,2578.89
442,2014-03-19,2578.89
443,2014-03-20,2578.8
444,2014-03-21,2578.73
445,2014-03-22,2578.67
446,2014-03-23,2578.61
447,2014-03-24,2578.57
448,2014-03-25,2578.67
449,2014-03-26,2578.73
450,2014-03-27,2578.78
451,2014-03-28,2578.99
452,2014-03-29,2579.21
453,2014-03-30,2579.24
454,2014-03-31,2579.13
455,2014-04-01,2579.04
456,2014-04-02,2578.93
457,2014-04-03,2578.9
458,2014-04-04,2578.85
459,2014-04-05,2578.88
460,2014-04-06,2578.87
461,2014-04-07,2578.87
462,2014-04-08,2578.88
463,2014-04-09,2578.88
464,2014-04-10,2578.83
465,2014-04-11,2578.78
466,2014-04-12,2578.73
467,2014-04-13,2578.66
468,2014-04-14,2578.61
469,2014-04-15,2578.57
470,2014-04-16,2578.61
471,2014-04-17,2578.75
472,2014-04-18,2578.77
473,2014-04-19,2578.82
474,2014-04-20,2578.77
475,2014-04-21,2578.76
476,2014-04-22,2578.8
477,2014-04-23,2578.91
478,2014-04-24,2579.21
479,2014-04-25,2579.27
480,2014-04-26,2579.22
481,2014-04-27,2579.21
482,2014-04-28,2579.08
483,2014-04-29,2578.98
484,2014-04-30,2578.9
485,2014-05-01,2578.81
486,2014-05-02,2578.78
487,2014-05-03,2578.81
488,2014-05-04,2578.98
489,2014-05-05,2579.01
490,2014-05-06,2578.97
491,2014-05-07,2578.9
492,2014-05-08,2578.95
493,2014-05-09,2579.12
494,2014-05-10,2579.12
495,2014-05-11,2579.06
496,2014-05-12,2578.96
497,2014-05-13,2578.87
498,2014-05-14,2578.79
499,2014-05-15,2578.73
500,2014-05-16,2578.66
501,2014-05-17,2578.61
502,2014-05-18,2578.64
503,2014-05-19,2578.6
504,2014-05-20,2578.54
505,2014-05-21,2578.5
506,2014-05-22,2578.45
507,2014-05-23,2578.43
508,2014-05-24,2578.39
509,2014-05-25,2578.39
510,2014-05-26,2578.4
511,2014-05-27,2578.39
512,2014-05-28,2578.4
513,2014-05-29,2578.38
514,2014-05-30,2578.36
515,2014-05-31,2578.33
516,2014-06-01,2578.31
517,2014-06-02,2578.29
518,2014-06-03,2578.27
519,2014-06-04,2578.24
520,2014-06-05,2578.22
521,2014-06-06,2578.2
522,2014-06-07,2578.18
523,2014-06-08,2578.16
524,2014-06-09,2578.15
525,2014-06-10,2578.13
526,2014-06-11,2578.12
527,2014-06-12,2578.17
528,2014-06-13,2578.22
529,2014-06-14,2578.21
530,2014-06-15,2578.23
531,2014-06-16,2578.26
532,2014-06-17,2578.25
533,2014-06-18,2578.24
534,2014-06-19,2578.22
535,2014-06-20,2578.2
536,2014-06-21,2578.19
537,2014-06-22,2578.17
538,2014-06-23,2578.16
539,2014-06-24,2578.15
540,2014-06-25,2578.14
541,2014-06-26,2578.15
542,2014-06-27,2578.28
543,2014-06-28,2578.32
544,2014-06-29,2578.33
545,2014-06-30,2578.32
546,2014-07-01,2578.31
547,2014-07-02,2578.29
548,2014-07-03,2578.26
549,2014-07-04,2578.25
550,2014-07-05,2578.23
551,2014-07-06,2578.21
552,2014-07-07,2578.19
553,2014-07-08,2578.18
554,2014-07-09,2578.16
555,2014-07-10,2578.13
556,2014-07-11,2578.12
557,2014-07-12,2578.1
558,2014-07-13,2578.08
559,2014-07-14,2578.07
560,2014-07-15,2578.06
561,2014-07-16,2578.04
562,2014-07-17,2578.02
563,2014-07-18,2578.01
564,2014-07-19,2578.0
565,2014-07-20,2577.99
566,2014-07-21,2577.97
567,2014-07-22,2577.98
568,2014-07-23,2578.06
569,2014-07-24,2578.07
570,2014-07-25,2578.05
571,2014-07-26,2578.04
572,2014-07-27,2578.02
573,2014-07-28,2578.01
574,2014-07-29,2577.99
575,2014-07-30,2577.98
576,2014-07-31,2577.97
577,2014-08-01,2577.96
578,2014-08-02,2577.95
579,2014-08-03,2577.94
580,2014-08-04,2577.92
581,2014-08-05,2577.91
582,2014-08-06,2577.9
583,2014-08-07,2577.89
584,2014-08-08,2577.87
585,2014-08-09,2577.86
586,2014-08-10,2577.86
587,2014-08-11,2577.84
588,2014-08-12,2577.87
589,2014-08-13,2577.88
590,2014-08-14,2577.88
591,2014-08-15,2577.87
592,2014-08-16,2577.86
593,2014-08-17,2577.86
594,2014-08-18,2577.84
595,2014-08-19,2577.84
596,2014-08-20,2577.83
597,2014-08-21,2577.81
598,2014-08-22,2577.8
599,2014-08-23,2577.8
600,2014-08-24,2577.79
601,2014-08-25,2577.78
602,2014-08-26,2577.77
603,2014-08-27,2577.77
604,2014-08-28,2577.77
605,2014-08-29,2577.76
606,2014-08-30,2577.78
607,2014-08-31,2577.76
608,2014-09-01,2577.76
609,2014-09-02,2577.77
610,2014-09-03,2577.77
611,2014-09-04,2577.75
612,2014-09-05,2577.75
613,2014-09-06,2577.74
614,2014-09-07,2577.74
615,2014-09-08,2577.73
616,2014-09-09,2577.73
617,2014-09-10,2577.74
618,2014-09-11,2577.69
619,2014-09-12,2577.71
620,2014-09-13,2577.7
621,2014-09-14,2577.69
622,2014-09-15,2577.7
623,2014-09-16,2577.7
624,2014-09-17,2577.7
625,2014-09-18,2577.71
626,2014-09-19,2577.71
627,2014-09-20,2577.7
628,2014-09-21,2577.71
629,2014-09-22,2577.71
630,2014-09-23,2577.75
631,2014-09-24,2577.86
632,2014-09-25,2577.88
633,2014-09-26,2577.91
634,2014-09-27,2577.91
635,2014-09-28,2577.91
636,2014-09-29,2577.91
637,2014-09-30,2577.91
638,2014-10-01,2577.91
639,2014-10-02,2577.9
640,2014-10-03,2577.89
641,2014-10-04,2577.88
642,2014-10-05,2577.88
643,2014-10-06,2577.88
644,2014-10-07,2577.88
645,2014-10-08,2577.87
646,2014-10-09,2577.86
647,2014-10-10,2577.85
648,2014-10-11,2578.01
649,2014-10-12,2577.99
650,2014-10-13,2578.0
651,2014-10-14,2578.07
652,2014-10-15,2578.15
653,2014-10-16,2578.15
654,2014-10-17,2578.23
655,2014-10-18,2578.19
656,2014-10-19,2578.19
657,2014-10-20,2578.25
658,2014-10-21,2578.26
659,2014-10-22,2578.75
660,2014-10-23,2578.92
661,2014-10-24,2578.93
662,2014-10-25,2579.09
663,2014-10-26,2579.22
664,2014-10-27,2579.12
665,2014-10-28,2579.1
666,2014-10-29,2579.06
667,2014-10-30,2579.05
668,2014-10-31,2579.07
669,2014-11-01,2578.99
670,2014-11-02,2579.0
671,2014-11-03,2578.95
672,2014-11-04,2579.03
673,2014-11-05,2578.97
674,2014-11-06,2579.02
675,2014-11-07,2578.97
676,2014-11-08,2578.88
677,2014-11-09,2578.89
678,2014-11-10,2578.83
679,2014-11-11,2578.69
680,2014-11-12,2578.64
681,2014-11-13,2578.6
682,2014-11-14,2578.55
683,2014-11-15,2578.49
684,2014-11-16,2578.45
685,2014-11-17,2578.41
686,2014-11-18,2578.38
687,2014-11-19,2578.34
688,2014-11-20,2578.35
689,2014-11-21,2578.49
690,2014-11-22,2578.54
691,2014-11-23,2578.66
692,2014-11-24,2578.74
693,2014-11-25,2579.71
694,2014-11-26,2579.72
695,2014-11-27,2579.63
696,2014-11-28,2579.64
697,2014-11-29,2579.52
698,2014-11-30,2579.33
699,2014-12-01,2579.13
700,2014-12-02,2578.95
701,2014-12-03,2578.83
702,2014-12-04,2578.77
703,2014-12-05,2578.72
704,2014-12-06,2578.79
705,2014-12-07,2578.75
706,2014-12-08,2578.72
707,2014-12-09,2578.98
708,2014-12-10,2579.4
709,2014-12-11,2579.59
710,2014-12-12,2579.5
711,2014-12-13,2579.31
712,2014-12-14,2579.1
713,2014-12-15,2578.98
714,2014-12-16,2578.86
715,2014-12-17,2578.76
716,2014-12-18,2578.73
717,2014-12-19,2578.77
718,2014-12-20,2579.07
719,2014-12-21,2579.46
720,2014-12-22,2579.45
721,2014-12-23,2579.38
722,2014-12-24,2579.31
723,2014-12-25,2579.16
724,2014-12-26,2579.01
725,2014-12-27,2579.05
726,2014-12-28,2579.0
727,2014-12-29,2578.87
728,2014-12-30,2578.76
729,2014-12-31,2578.69
730,2015-01-01,2578.61
731,2015-01-02,2578.56
732,2015-01-03,2578.5
733,2015-01-04,2578.71
734,2015-01-05,2579.36
735,2015-01-06,2579.38
736,2015-01-07,2579.25
737,2015-01-08,2579.11
738,2015-01-09,2578.96
739,2015-01-10,2578.85
740,2015-01-11,2578.76
741,2015-01-12,2578.68
742,2015-01-13,2578.61
743,2015-01-14,2578.56
744,2015-01-15,2578.59
745,2015-01-16,2578.59
746,2015-01-17,2578.81
747,2015-01-18,2579.2
748,2015-01-19,2579.26
749,2015-01-20,2579.16
750,2015-01-21,2579.04
751,2015-01-22,2578.91
752,2015-01-23,2578.85
753,2015-01-24,2578.77
754,2015-01-25,2578.71
755,2015-01-26,2578.64
756,2015-01-27,2578.59
757,2015-01-28,2578.53
758,2015-01-29,2578.49
759,2015-01-30,2578.45
760,2015-01-31,2578.41
761,2015-02-01,2578.42
762,2015-02-02,2578.43
763,2015-02-03,2578.41
764,2015-02-04,2578.4
765,2015-02-05,2578.63
766,2015-02-06,2579.28
767,2015-02-07,2579.82
768,2015-02-08,2579.9
769,2015-02-09,2579.86
770,2015-02-10,2579.7
771,2015-02-11,2579.46
772,2015-02-12,2579.24
773,2015-02-13,2579.05
774,2015-02-14,2578.9
775,2015-02-15,2578.78
776,2015-02-16,2578.68
777,2015-02-17,2578.61
778,2015-02-18,2578.54
779,2015-02-19,2578.51
780,2015-02-20,2578.46
781,2015-02-21,2578.41
782,2015-02-22,2578.38
783,2015-02-23,2578.35
784,2015-02-24,2578.32
785,2015-02-25,2578.33
786,2015-02-26,2578.32
787,2015-02-27,2578.34
788,2015-02-28,2578.32
789,2015-03-01,2578.3
790,2015-03-02,2578.28
791,2015-03-03,2578.26
792,2015-03-04,2578.24
793,2015-03-05,2578.23
794,2015-03-06,2578.21
795,2015-03-07,2578.2
796,2015-03-08,2578.19
797,2015-03-09,2578.18
798,2015-03-10,2578.16
799,2015-03-11,2578.19
800,2015-03-12,2578.19
801,2015-03-13,2578.19
802,2015-03-14,2578.42
803,2015-03-15,2578.92
804,2015-03-16,2579.03
805,2015-03-17,2579.0
806,2015-03-18,2578.92
807,2015-03-19,2578.81
808,2015-03-20,2578.76
809,2015-03-21,2578.81
810,2015-03-22,2578.81
811,2015-03-23,2578.82
812,2015-03-24,2578.83
813,2015-03-25,2578.86
814,2015-03-26,2578.83
815,2015-03-27,2578.83
816,2015-03-28,2578.87
817,2015-03-29,2578.81
818,2015-03-30,2578.75
819,2015-03-31,2578.78
820,2015-04-01,2578.77
821,2015-04-02,2578.72
822,2015-04-03,2578.69
823,2015-04-04,2578.64
824,2015-04-05,2578.59
825,2015-04-06,2578.55
826,2015-04-07,2578.52
827,2015-04-08,2578.48
828,2015-04-09,2578.45
829,2015-04-10,2578.49
830,2015-04-11,2578.52
831,2015-04-12,2578.52
832,2015-04-13,2578.53
833,2015-04-14,2578.55
834,2015-04-15,2578.52
835,2015-04-16,2578.5
836,2015-04-17,2578.48
837,2015-04-18,2578.47
838,2015-04-19,2578.46
839,2015-04-20,2578.44
840,2015-04-21,2578.42
841,2015-04-22,2578.39
842,2015-04-23,2578.39
843,2015-04-24,2578.44
844,2015-04-25,2578.42
845,2015-04-26,2578.39
846,2015-04-27,2578.32
847,2015-04-28,2578.35
848,2015-04-29,2578.33
849,2015-04-30,2578.31
850,2015-05-01,2578.28
851,2015-05-02,2578.27
852,2015-05-03,2578.25
853,2015-05-04,2578.23
854,2015-05-05,2578.27
855,2015-05-06,2578.25
856,2015-05-07,2578.24
857,2015-05-08,2578.22
858,2015-05-09,2578.2
859,2015-05-10,2578.18
860,2015-05-11,2578.19
861,2015-05-12,2578.2
862,2015-05-13,2578.22
863,2015-05-14,2578.21
864,2015-05-15,2578.19
865,2015-05-16,2578.19
866,2015-05-17,2578.18
867,2015-05-18,2578.19
868,2015-05-19,2578.18
869,2015-05-20,2578.17
870,2015-05-21,2578.16
871,2015-05-22,2578.15
872,2015-05-23,2578.14
873,2015-05-24,2578.12
874,2015-05-25,2578.11
875,2015-05-26,2578.1
876,2015-05-27,2578.09
877,2015-05-28,2578.08
878,2015-05-29,2578.08
879,2015-05-30,2578.06
880,2015-05-31,2578.05
881,2015-06-01,2578.06
882,2015-06-02,2578.11
883,2015-06-03,2578.11
884,2015-06-04,2578.1
885,2015-06-05,2578.08
886,2015-06-06,2578.07
887,2015-06-07,2578.06
888,2015-06-08,2578.04
889,2015-06-09,2578.03
890,2015-06-10,2578.01
891,2015-06-11,2578.0
892,2015-06-12,2577.99
893,2015-06-13,2577.97
894,2015-06-14,2577.97
895,2015-06-15,2577.96
896,2015-06-16,2577.95
897,2015-06-17,2577.94
898,2015-06-18,2577.93
899,2015-06-19,2577.92
900,2015-06-20,2577.92
901,2015-06-21,2577.91
902,2015-06-22,2577.9
903,2015-06-23,2577.89
904,2015-06-24,2577.89
905,2015-06-25,2577.89
906,2015-06-26,2577.88
907,2015-06-27,2577.88
908,2015-06-28,2577.88
909,2015-06-29,2577.88
910,2015-06-30,2577.87
911,2015-07-01,2577.86
912,2015-07-02,2577.85
913,2015-07-03,2577.84
914,2015-07-04,2577.83
915,2015-07-05,2577.82
916,2015-07-06,2577.8
917,2015-07-07,2577.8
918,2015-07-08,2577.79
919,2015-07-09,2577.78
920,2015-07-10,2577.77
921,2015-07-11,2577.76
922,2015-07-12,2577.75
923,2015-07-13,2577.74
924,2015-07-14,2577.73
925,2015-07-15,2577.72
926,2015-07-16,2577.72
927,2015-07-17,2577.7
928,2015-07-18,2577.69
929,2015-07-19,2577.69
930,2015-07-20,2577.68
931,2015-07-21,2577.67
932,2015-07-22,2577.66
933,2015-07-23,2577.65
934,2015-07-24,2577.65
935,2015-07-25,2577.69
936,2015-07-26,2577.7
937,2015-07-27,2577.7
938,2015-07-28,2577.69
939,2015-07-29,2577.69
940,2015-07-30,2577.68
941,2015-07-31,2577.68
942,2015-08-01,2577.68
943,2015-08-02,2577.67
944,2015-08-03,2577.67
945,2015-08-04,2577.66
946,2015-08-05,2577.65
947,2015-08-06,2577.65
948,2015-08-07,2577.64
949,2015-08-08,2577.63
950,2015-08-09,2577.63
951,2015-08-10,2577.63
952,2015-08-11,2577.63
953,2015-08-12,2577.62
954,2015-08-13,2577.62
955,2015-08-14,2577.69
956,2015-08-15,2577.68
957,2015-08-16,2577.66
958,2015-08-17,2577.66
959,2015-08-18,2577.66
960,2015-08-19,2577.65
961,2015-08-20,2577.63
962,2015-08-21,2577.63
963,2015-08-22,2577.64
964,2015-08-23,2577.62
965,2015-08-24,2577.61
966,2015-08-25,2577.6
967,2015-08-26,2577.6
968,2015-08-27,2577.59
969,2015-08-28,2577.62
970,2015-08-29,2577.69
971,2015-08-30,2577.81
972,2015-08-31,2577.8
973,2015-09-01,2577.82
974,2015-09-02,2577.85
975,2015-09-03,2577.85
976,2015-09-04,2577.85
977,2015-09-05,2577.85
978,2015-09-06,2577.86
979,2015-09-07,2577.86
980,2015-09-08,2577.85
981,2015-09-09,2577.85
982,2015-09-10,2577.85
983,2015-09-11,2577.85
984,2015-09-12,2577.84
985,2015-09-13,2577.83
986,2015-09-14,2577.82
987,2015-09-15,2577.81
988,2015-09-16,2577.8
989,2015-09-17,2577.85
990,2015-09-18,2577.84
991,2015-09-19,2577.84
992,2015-09-20,2577.85
993,2015-09-21,2577.87
994,2015-09-22,2577.86
995,2015-09-23,2577.84
996,2015-09-24,2577.85
997,2015-09-25,2577.85
998,2015-09-26,2577.84
999,2015-09-27,2577.83
1000,2015-09-28,2577.83
1001,2015-09-29,2577.82
1002,2015-09-30,2577.82
1003,2015-10-01,2577.81
1004,2015-10-02,2577.8
1005,2015-10-03,2577.82
1006,2015-10-04,2577.81
1007,2015-10-05,2577.8
1008,2015-10-06,2577.79
1009,2015-10-07,2577.85
1010,2015-10-08,2577.84
1011,2015-10-09,2577.84
1012,2015-10-10,2577.97
1013,2015-10-11,2577.99
1014,2015-10-12,2577.98
1015,2015-10-13,2577.97
1016,2015-10-14,2577.97
1017,2015-10-15,2577.96
1018,2015-10-16,2577.95
1019,2015-10-17,2577.95
1020,2015-10-18,2577.96
1021,2015-10-19,2577.96
1022,2015-10-20,2577.96
1023,2015-10-21,2577.94
1024,2015-10-22,2577.94
1025,2015-10-23,2577.93
1026,2015-10-24,2577.93
1027,2015-10-25,2577.96
1028,2015-10-26,2578.14
1029,2015-10-27,2578.1
1030,2015-10-28,2578.15
1031,2015-10-29,2578.15
1032,2015-10-30,2578.45
1033,2015-10-31,2579.06
1034,2015-11-01,2579.28
1035,2015-11-02,2579.24
1036,2015-11-03,2579.09
1037,2015-11-04,2578.95
1038,2015-11-05,2578.85
1039,2015-11-06,2578.75
1040,2015-11-07,2578.72
1041,2015-11-08,2578.7
1042,2015-11-09,2578.66
1043,2015-11-10,2578.61
1044,2015-11-11,2578.61
1045,2015-11-12,2578.62
1046,2015-11-13,2578.7
1047,2015-11-14,2578.93
1048,2015-11-15,2579.1
1049,2015-11-16,2579.21
1050,2015-11-17,2579.98
1051,2015-11-18,2580.0
1052,2015-11-19,2579.69
1053,2015-11-20,2579.37
1054,2015-11-21,2579.12
1055,2015-11-22,2578.92
1056,2015-11-23,2578.82
1057,2015-11-24,2578.72
1058,2015-11-25,2578.62
1059,2015-11-26,2578.54
1060,2015-11-27,2578.48
1061,2015-11-28,2578.42
1062,2015-11-29,2578.37
1063,2015-11-30,2578.34
1064,2015-12-01,2578.32
1065,2015-12-02,2578.36
1066,2015-12-03,2578.51
1067,2015-12-04,2578.58
1068,2015-12-05,2578.68
1069,2015-12-06,2578.93
1070,2015-12-07,2579.59
1071,2015-12-08,2580.7
1072,2015-12-09,2580.94
1073,2015-12-10,2580.62
1074,2015-12-11,2580.11
1075,2015-12-12,2579.78
1076,2015-12-13,2579.5
1077,2015-12-14,2579.21
1078,2015-12-15,2579.01
1079,2015-12-16,2578.85
1080,2015-12-17,2578.95
1081,2015-12-18,2579.3
1082,2015-12-19,2579.27
1083,2015-12-20,2579.2
1084,2015-12-21,2579.21
1085,2015-12-22,2579.06
1086,2015-12-23,2579.02
1087,2015-12-24,2578.85
1088,2015-12-25,2578.72
1089,2015-12-26,2578.6
1090,2015-12-27,2578.56
1091,2015-12-28,2578.5
1092,2015-12-29,2578.44
1093,2015-12-30,2578.38
1094,2015-12-31,2578.4
1095,2016-01-01,2578.3
1096,2016-01-02,2578.27
1097,2016-01-03,2578.28
1098,2016-01-04,2578.28
1099,2016-01-05,2578.25
1100,2016-01-06,2578.24
1101,2016-01-07,2578.25
1102,2016-01-08,2578.24
1103,2016-01-09,2578.22
1104,2016-01-10,2578.17
1105,2016-01-11,2578.23
1106,2016-01-12,2578.4
1107,2016-01-13,2578.9
1108,2016-01-14,2578.94
1109,2016-01-15,2578.89
1110,2016-01-16,2579.03
1111,2016-01-17,2579.16
1112,2016-01-18,2579.21
1113,2016-01-19,2579.19
1114,2016-01-20,2579.13
1115,2016-01-21,2579.3
1116,2016-01-22,2579.56
1117,2016-01-23,2579.54
1118,2016-01-24,2579.38
1119,2016-01-25,2579.18
1120,2016-01-26,2579.05
1121,2016-01-27,2579.0
1122,2016-01-28,2579.75
1123,2016-01-29,2579.77
1124,2016-01-30,2579.54
1125,2016-01-31,2579.28
1126,2016-02-01,2579.07
1127,2016-02-02,2578.9
1128,2016-02-03,2578.85
1129,2016-02-04,2578.86
1130,2016-02-05,2578.8
1131,2016-02-06,2578.78
1132,2016-02-07,2578.73
1133,2016-02-08,2578.67
1134,2016-02-09,2578.64
1135,2016-02-10,2578.62
1136,2016-02-11,2578.66
1137,2016-02-12,2578.71
1138,2016-02-13,2578.87
1139,2016-02-14,2579.12
1140,2016-02-15,2579.24
1141,2016-02-16,2579.34
1142,2016-02-17,2579.33
1143,2016-02-18,2579.31
1144,2016-02-19,2579.3
1145,2016-02-20,2579.19
1146,2016-02-21,2579.06
1147,2016-02-22,2578.92
1148,2016-02-23,2578.79
1149,2016-02-24,2578.7
1150,2016-02-25,2578.61
1151,2016-02-26,2578.61
1152,2016-02-27,2578.66
1153,2016-02-28,2578.75
1154,2016-02-29,2578.81
1155,2016-03-01,2579.04
1156,2016-03-02,2579.2
1157,2016-03-03,2579.29
1158,2016-03-04,2579.18
1159,2016-03-05,2579.31
1160,2016-03-06,2579.4
1161,2016-03-07,2579.31
1162,2016-03-08,2579.15
1163,2016-03-09,2579.12
1164,2016-03-10,2579.42
1165,2016-03-11,2579.36
1166,2016-03-12,2579.41
1167,2016-03-13,2579.41
1168,2016-03-14,2579.32
1169,2016-03-15,2579.14
1170,2016-03-16,2578.97
1171,2016-03-17,2578.85
1172,2016-03-18,2578.73
1173,2016-03-19,2578.65
1174,2016-03-20,2578.67
1175,2016-03-21,2578.83
1176,2016-03-22,2578.91
1177,2016-03-23,2578.95
1178,2016-03-24,2579.01
1179,2016-03-25,2578.96
1180,2016-03-26,2578.89
1181,2016-03-27,2578.9
1182,2016-03-28,2578.82
1183,2016-03-29,2578.73
1184,2016-03-30,2578.67
1185,2016-03-31,2578.63
1186,2016-04-01,2578.6
1187,2016-04-02,2578.57
1188,2016-04-03,2578.57
1189,2016-04-04,2578.68
1190,2016-04-05,2578.66
1191,2016-04-06,2578.62
1192,2016-04-07,2578.58
1193,2016-04-08,2578.55
1194,2016-04-09,2578.54
1195,2016-04-10,2578.53
1196,2016-04-11,2578.51
1197,2016-04-12,2578.52
1198,2016-04-13,2578.53
1199,2016-04-14,2578.53
1200,2016-04-15,2578.49
1201,2016-04-16,2578.44
1202,2016-04-17,2578.39
1203,2016-04-18,2578.38
1204,2016-04-19,2578.36
1205,2016-04-20,2578.38
1206,2016-04-21,2578.38
1207,2016-04-22,2578.38
1208,2016-04-23,2578.42
1209,2016-04-24,2578.45
1210,2016-04-25,2578.42
1211,2016-04-26,2578.38
1212,2016-04-27,2578.35
1213,2016-04-28,2578.31
1214,2016-04-29,2578.29
1215,2016-04-30,2578.27
1216,2016-05-01,2578.24
1217,2016-05-02,2578.23
1218,2016-05-03,2578.23
1219,2016-05-04,2578.22
1220,2016-05-05,2578.21
1221,2016-05-06,2578.19
1222,2016-05-07,2578.18
1223,2016-05-08,2578.16
1224,2016-05-09,2578.14
1225,2016-05-10,2578.12
1226,2016-05-11,2578.11
1227,2016-05-12,2578.09
1228,2016-05-13,2578.07
1229,2016-05-14,2578.07
1230,2016-05-15,2578.11
1231,2016-05-16,2578.09
1232,2016-05-17,2578.08
1233,2016-05-18,2578.07
1234,2016-05-19,2578.1
1235,2016-05-20,2578.11
1236,2016-05-21,2578.14
1237,2016-05-22,2578.16
1238,2016-05-23,2578.16
1239,2016-05-24,2578.14
1240,2016-05-25,2578.13
1241,2016-05-26,2578.12
1242,2016-05-27,2578.14
1243,2016-05-28,2578.13
1244,2016-05-29,2578.12
1245,2016-05-30,2578.11
1246,2016-05-31,2578.09
1247,2016-06-01,2578.08
1248,2016-06-02,2578.1
1249,2016-06-03,2578.09
1250,2016-06-04,2578.06
1251,2016-06-05,2578.05
1252,2016-06-06,2578.04
1253,2016-06-07,2578.03
1254,2016-06-08,2578.0
1255,2016-06-09,2578.04
1256,2016-06-10,2578.11
1257,2016-06-11,2578.1
1258,2016-06-12,2578.08
1259,2016-06-13,2578.1
1260,2016-06-14,2578.16
1261,2016-06-15,2578.15
1262,2016-06-16,2578.13
1263,2016-06-17,2578.14
1264,2016-06-18,2578.14
1265,2016-06-19,2578.14
1266,2016-06-20,2578.12
1267,2016-06-21,2578.1
1268,2016-06-22,2578.09
1269,2016-06-23,2578.12
1270,2016-06-24,2578.18
1271,2016-06-25,2578.18
1272,2016-06-26,2578.18
1273,2016-06-27,2578.16
1274,2016-06-28,2578.14
1275,2016-06-29,2578.13
1276,2016-06-30,2578.1
1277,2016-07-01,2578.09
1278,2016-07-02,2578.08
1279,2016-07-03,2578.06
1280,2016-07-04,2578.04
1281,2016-07-05,2578.03
1282,2016-07-06,2578.02
1283,2016-07-07,2578.02
1284,2016-07-08,2578.05
1285,2016-07-09,2578.07
1286,2016-07-10,2578.05
1287,2016-07-11,2578.04
1288,2016-07-12,2578.03
1289,2016-07-13,2578.02
1290,2016-07-14,2578.01
1291,2016-07-15,2577.98
1292,2016-07-16,2577.98
1293,2016-07-17,2577.97
1294,2016-07-18,2577.96
1295,2016-07-19,2577.95
1296,2016-07-20,2577.94
1297,2016-07-21,2577.94
1298,2016-07-22,2577.94
1299,2016-07-23,2577.93
1300,2016-07-24,2577.92
1301,2016-07-25,2577.91
1302,2016-07-26,2577.91
1303,2016-07-27,2577.89
1304,2016-07-28,2577.89
1305,2016-07-29,2577.88
1306,2016-07-30,2577.87
1307,2016-07-31,2577.85
1308,2016-08-01,2577.84
1309,2016-08-02,2577.84
1310,2016-08-03,2577.84
1311,2016-08-04,2577.83
1312,2016-08-05,2577.81
1313,2016-08-06,2577.81
1314,2016-08-07,2577.83
1315,2016-08-08,2577.84
1316,2016-08-09,2577.83
1317,2016-08-10,2577.83
1318,2016-08-11,2577.82
1319,2016-08-12,2577.82
1320,2016-08-13,2577.81
1321,2016-08-14,2577.81
1322,2016-08-15,2577.79
1323,2016-08-16,2577.78
1324,2016-08-17,2577.78
1325,2016-08-18,2577.78
1326,2016-08-19,2577.77
1327,2016-08-20,2577.76
1328,2016-08-21,2577.75
1329,2016-08-22,2577.74
1330,2016-08-23,2577.72
1331,2016-08-24,2577.72
1332,2016-08-25,2577.72
1333,2016-08-26,2577.71
1334,2016-08-27,2577.7
1335,2016-08-28,2577.68
1336,2016-08-29,2577.67
1337,2016-08-30,2577.67
1338,2016-08-31,2577.7
1339,2016-09-01,2577.72
1340,2016-09-02,2577.75
1341,2016-09-03,2577.75
1342,2016-09-04,2577.74
1343,2016-09-05,2577.74
1344,2016-09-06,2577.81
1345,2016-09-07,2577.8
1346,2016-09-08,2577.79
1347,2016-09-09,2577.79
1348,2016-09-10,2577.78
1349,2016-09-11,2577.77
1350,2016-09-12,2577.76
1351,2016-09-13,2577.75
1352,2016-09-14,2577.75
1353,2016-09-15,2577.74
1354,2016-09-16,2577.73
1355,2016-09-17,2577.89
1356,2016-09-18,2577.91
1357,2016-09-19,2577.9
1358,2016-09-20,2577.89
1359,2016-09-21,2577.91
1360,2016-09-22,2577.89
1361,2016-09-23,2577.88
1362,2016-09-24,2577.88
1363,2016-09-25,2577.88
1364,2016-09-26,2577.87
1365,2016-09-27,2577.86
1366,2016-09-28,2577.86
1367,2016-09-29,2577.85
1368,2016-09-30,2577.84
1369,2016-10-01,2577.94
1370,2016-10-02,2577.96
1371,2016-10-03,2577.97
1372,2016-10-04,2578.05
1373,2016-10-05,2578.14
1374,2016-10-06,2578.21
1375,2016-10-07,2578.24
1376,2016-10-08,2578.31
1377,2016-10-09,2578.52
1378,2016-10-10,2578.57
1379,2016-10-11,2578.55
1380,2016-10-12,2578.44
1381,2016-10-13,2578.93
1382,2016-10-14,2579.66
1383,2016-10-15,2580.05
1384,2016-10-16,2580.2
1385,2016-10-17,2580.17
1386,2016-10-18,2579.9
1387,2016-10-19,2579.6
1388,2016-10-20,2579.48
1389,2016-10-21,2579.31
1390,2016-10-22,2579.12
1391,2016-10-23,2578.96
1392,2016-10-24,2578.85
1393,2016-10-25,2578.76
1394,2016-10-26,2579.0
1395,2016-10-27,2579.12
1396,2016-10-28,2579.06
1397,2016-10-29,2578.99
1398,2016-10-30,2578.93
1399,2016-10-31,2579.09
1400,2016-11-01,2579.04
1401,2016-11-02,2578.97
1402,2016-11-03,2578.88
1403,2016-11-04,2578.77
1404,2016-11-05,2578.87
1405,2016-11-06,2578.84
1406,2016-11-07,2578.8
1407,2016-11-08,2578.72
1408,2016-11-09,2578.64
1409,2016-11-10,2578.6
1410,2016-11-11,2578.53
1411,2016-11-12,2578.62
1412,2016-11-13,2578.61
1413,2016-11-14,2578.72
1414,2016-11-15,2578.94
1415,2016-11-16,2578.97
1416,2016-11-17,2578.92
1417,2016-11-18,2578.83
1418,2016-11-19,2578.79
1419,2016-11-20,2578.82
1420,2016-11-21,2578.8
1421,2016-11-22,2578.83
1422,2016-11-23,2578.9
1423,2016-11-24,2579.44
1424,2016-11-25,2579.58
1425,2016-11-26,2579.45
1426,2016-11-27,2579.34
1427,2016-11-28,2579.27
1428,2016-11-29,2579.1
1429,2016-11-30,2579.07
1430,2016-12-01,2578.96
1431,2016-12-02,2578.87
1432,2016-12-03,2578.84
1433,2016-12-04,2578.81
1434,2016-12-05,2578.75
1435,2016-12-06,2578.65
1436,2016-12-07,2578.55
1437,2016-12-08,2578.52
1438,2016-12-09,2578.55
1439,2016-12-10,2578.55
1440,2016-12-11,2578.56
1441,2016-12-12,2578.5
1442,2016-12-13,2578.43
1443,2016-12-14,2578.38
1444,2016-12-15,2578.32
1445,2016-12-16,2578.28
1446,2016-12-17,2578.24
1447,2016-12-18,2578.22
1448,2016-12-19,2578.31
1449,2016-12-20,2578.38
1450,2016-12-21,2578.35
1451,2016-12-22,2578.33
1452,2016-12-23,2578.33
1453,2016-12-24,2578.31
1454,2016-12-25,2578.29
1455,2016-12-26,2578.33
1456,2016-12-27,2578.31
1457,2016-12-28,2578.29
1458,2016-12-29,2578.26
1459,2016-12-30,2578.24
1460,2016-12-31,2578.26
1461,2017-01-01,2578.26
1462,2017-01-02,2578.17
1463,2017-01-03,2578.15
1464,2017-01-04,2578.16
1465,2017-01-05,2578.14
1466,2017-01-06,2578.12
1467,2017-01-07,2578.11
1468,2017-01-08,2578.21
1469,2017-01-09,2578.27
1470,2017-01-10,2578.32
1471,2017-01-11,2578.26
1472,2017-01-12,2578.23
1473,2017-01-13,2578.2
1474,2017-01-14,2578.17
1475,2017-01-15,2578.16
1476,2017-01-16,2578.15
1477,2017-01-17,2578.67
1478,2017-01-18,2580.24
1479,2017-01-19,2580.35
1480,2017-01-20,2579.95
1481,2017-01-21,2579.61
1482,2017-01-22,2579.32
1483,2017-01-23,2579.06
1484,2017-01-24,2578.87
1485,2017-01-25,2578.74
1486,2017-01-26,2578.63
1487,2017-01-27,2578.54
1488,2017-01-28,2578.46
1489,2017-01-29,2578.43
1490,2017-01-30,2578.39
1491,2017-01-31,2578.37
1492,2017-02-01,2578.35
1493,2017-02-02,2578.26
1494,2017-02-03,2578.32
1495,2017-02-04,2578.57
1496,2017-02-05,2578.76
1497,2017-02-06,2578.78
1498,2017-02-07,2578.7
1499,2017-02-08,2578.72
1500,2017-02-09,2580.27
1501,2017-02-10,2580.27
1502,2017-02-11,2579.84
1503,2017-02-12,2579.47
1504,2017-02-13,2579.15
1505,2017-02-14,2578.97
1506,2017-02-15,2579.59
1507,2017-02-16,2580.59
1508,2017-02-17,2580.26
1509,2017-02-18,2579.85
1510,2017-02-19,2579.6
1511,2017-02-20,2579.35
1512,2017-02-21,2579.14
1513,2017-02-22,2578.95
1514,2017-02-23,2578.82
1515,2017-02-24,2578.69
1516,2017-02-25,2578.59
1517,2017-02-26,2578.56
1518,2017-02-27,2578.56
1519,2017-02-28,2578.48
1520,2017-03-01,2578.44
1521,2017-03-02,2578.4
1522,2017-03-03,2578.47
1523,2017-03-04,2578.44
1524,2017-03-05,2578.45
1525,2017-03-06,2578.44
1526,2017-03-07,2578.46
1527,2017-03-08,2578.5
1528,2017-03-09,2578.6
1529,2017-03-10,2578.93
1530,2017-03-11,2579.05
1531,2017-03-12,2579.08
1532,2017-03-13,2579.24
1533,2017-03-14,2579.82
1534,2017-03-15,2580.48
1535,2017-03-16,2580.25
1536,2017-03-17,2580.02
1537,2017-03-18,2580.3
1538,2017-03-19,2580.01
1539,2017-03-20,2579.65
1540,2017-03-21,2579.39
1541,2017-03-22,2579.25
1542,2017-03-23,2579.13
1543,2017-03-24,2579.22
1544,2017-03-25,2579.13
1545,2017-03-26,2579.09
1546,2017-03-27,2579.05
1547,2017-03-28,2579.0
1548,2017-03-29,2579.06
1549,2017-03-30,2579.13
1550,2017-03-31,2579.05
1551,2017-04-01,2578.98
1552,2017-04-02,2578.89
1553,2017-04-03,2578.79
1554,2017-04-04,2578.67
1555,2017-04-05,2578.64
1556,2017-04-06,2578.71
1557,2017-04-07,2578.86
1558,2017-04-08,2578.94
1559,2017-04-09,2578.91
1560,2017-04-10,2578.86
1561,2017-04-11,2578.79
1562,2017-04-12,2578.99
1563,2017-04-13,2579.07
1564,2017-04-14,2579.06
1565,2017-04-15,2578.95
1566,2017-04-16,2578.84
1567,2017-04-17,2578.84
1568,2017-04-18,2578.85
1569,2017-04-19,2578.9
1570,2017-04-20,2578.9
1571,2017-04-21,2578.87
1572,2017-04-22,2578.92
1573,2017-04-23,2579.07
1574,2017-04-24,2579.16
1575,2017-04-25,2579.1
1576,2017-04-26,2579.12
1577,2017-04-27,2579.04
1578,2017-04-28,2578.94
1579,2017-04-29,2578.9
1580,2017-04-30,2578.86
1581,2017-05-01,2578.82
1582,2017-05-02,2578.8
1583,2017-05-03,2578.86
1584,2017-05-04,2579.03
1585,2017-05-05,2579.3
1586,2017-05-06,2579.22
1587,2017-05-07,2579.08
1588,2017-05-08,2578.95
1589,2017-05-09,2578.86
1590,2017-05-10,2578.8
1591,2017-05-11,2578.87
1592,2017-05-12,2578.94
1593,2017-05-13,2578.91
1594,2017-05-14,2578.86
1595,2017-05-15,2578.84
1596,2017-05-16,2578.88
1597,2017-05-17,2578.86
1598,2017-05-18,2578.81
1599,2017-05-19,2578.77
1600,2017-05-20,2578.75
1601,2017-05-21,2578.75
1602,2017-05-22,2578.78
1603,2017-05-23,2578.82
1604,2017-05-24,2578.78
1605,2017-05-25,2578.71
1606,2017-05-26,2578.66
1607,2017-05-27,2578.62
1608,2017-05-28,2578.61
1609,2017-05-29,2578.61
1610,2017-05-30,2578.59
1611,2017-05-31,2578.55
1612,2017-06-01,2578.53
1613,2017-06-02,2578.47
1614,2017-06-03,2578.43
1615,2017-06-04,2578.38
1616,2017-06-05,2578.34
1617,2017-06-06,2578.31
1618,2017-06-07,2578.31
1619,2017-06-08,2578.38
1620,2017-06-09,2578.4
1621,2017-06-10,2578.37
1622,2017-06-11,2578.32
1623,2017-06-12,2578.3
1624,2017-06-13,2578.27
1625,2017-06-14,2578.24
1626,2017-06-15,2578.4
1627,2017-06-16,2578.45
1628,2017-06-17,2578.46
1629,2017-06-18,2578.46
1630,2017-06-19,2578.43
1631,2017-06-20,2578.39
1632,2017-06-21,2578.35
1633,2017-06-22,2578.31
1634,2017-06-23,2578.27
1635,2017-06-24,2578.22
1636,2017-06-25,2578.2
1637,2017-06-26,2578.16
1638,2017-06-27,2578.14
1639,2017-06-28,2578.11
1640,2017-06-29,2578.09
1641,2017-06-30,2578.07
1642,2017-07-01,2578.04
1643,2017-07-02,2578.02
1644,2017-07-03,2578.0
1645,2017-07-04,2577.99
1646,2017-07-05,2577.97
1647,2017-07-06,2577.95
1648,2017-07-07,2577.94
1649,2017-07-08,2577.92
1650,2017-07-09,2577.9
1651,2017-07-10,2577.9
1652,2017-07-11,2577.87
1653,2017-07-12,2577.86
1654,2017-07-13,2577.85
1655,2017-07-14,2577.84
1656,2017-07-15,2577.83
1657,2017-07-16,2577.81
1658,2017-07-17,2577.8
1659,2017-07-18,2577.79
1660,2017-07-19,2577.78
1661,2017-07-20,2577.78
1662,2017-07-21,2577.77
1663,2017-07-22,2577.77
1664,2017-07-23,2577.76
1665,2017-07-24,2577.76
1666,2017-07-25,2577.75
1667,2017-07-26,2577.74
1668,2017-07-27,2577.73
1669,2017-07-28,2577.73
1670,2017-07-29,2577.71
1671,2017-07-30,2577.71
1672,2017-07-31,2577.7
1673,2017-08-01,2577.69
1674,2017-08-02,2577.69
1675,2017-08-03,2577.68
1676,2017-08-04,2577.68
1677,2017-08-05,2577.67
1678,2017-08-06,2577.66
1679,2017-08-07,2577.66
1680,2017-08-08,2577.65
1681,2017-08-09,2577.65
1682,2017-08-10,2577.64
1683,2017-08-11,2577.64
1684,2017-08-12,2577.63
1685,2017-08-13,2577.65
1686,2017-08-14,2577.64
1687,2017-08-15,2577.63
1688,2017-08-16,2577.61
1689,2017-08-17,2577.61
1690,2017-08-18,2577.6
1691,2017-08-19,2577.59
1692,2017-08-20,2577.59
1693,2017-08-21,2577.58
1694,2017-08-22,2577.58
1695,2017-08-23,2577.57
1696,2017-08-24,2577.56
1697,2017-08-25,2577.56
1698,2017-08-26,2577.55
1699,2017-08-27,2577.55
1700,2017-08-28,2577.55
1701,2017-08-29,2577.54
1702,2017-08-30,2577.54
1703,2017-08-31,2577.54
1704,2017-09-01,2577.54
1705,2017-09-02,2577.53
1706,2017-09-03,2577.53
1707,2017-09-04,2577.53
1708,2017-09-05,2577.53
1709,2017-09-06,2577.53
1710,2017-09-07,2577.52
1711,2017-09-08,2577.52
1712,2017-09-09,2577.52
1713,2017-09-10,2577.51
1714,2017-09-11,2577.51
1715,2017-09-12,2577.5
1716,2017-09-13,2577.5
1717,2017-09-14,2577.49
1718,2017-09-15,2577.48
1719,2017-09-16,2577.47
1720,2017-09-17,2577.51
1721,2017-09-18,2577.61
1722,2017-09-19,2577.75
1723,2017-09-20,2577.82
1724,2017-09-21,2577.81
1725,2017-09-22,2577.8
1726,2017-09-23,2577.79
1727,2017-09-24,2577.78
1728,2017-09-25,2577.78
1729,2017-09-26,2577.77
1730,2017-09-27,2577.77
1731,2017-09-28,2577.75
1732,2017-09-29,2577.76
1733,2017-09-30,2577.79
1734,2017-10-01,2577.81
1735,2017-10-02,2577.8
1736,2017-10-03,2577.79
1737,2017-10-04,2577.78
1738,2017-10-05,2577.78
1739,2017-10-06,2577.8
1740,2017-10-07,2577.8
1741,2017-10-08,2577.81
1742,2017-10-09,2577.8
1743,2017-10-10,2577.81
1744,2017-10-11,2577.85
1745,2017-10-12,2577.95
1746,2017-10-13,2577.98
1747,2017-10-14,2577.96
1748,2017-10-15,2577.95
1749,2017-10-16,2577.93
1750,2017-10-17,2577.94
1751,2017-10-18,2577.99
1752,2017-10-19,2578.29
1753,2017-10-20,2578.42
1754,2017-10-21,2578.9
1755,2017-10-22,2579.32
1756,2017-10-23,2579.17
1757,2017-10-24,2578.98
1758,2017-10-25,2578.83
1759,2017-10-26,2578.7
1760,2017-10-27,2578.58
1761,2017-10-28,2578.49
1762,2017-10-29,2578.4
1763,2017-10-30,2578.35
1764,2017-10-31,2578.29
1765,2017-11-01,2578.28
1766,2017-11-02,2578.37
1767,2017-11-03,2578.34
1768,2017-11-04,2578.36
1769,2017-11-05,2578.37
1770,2017-11-06,2578.33
1771,2017-11-07,2578.24
1772,2017-11-08,2578.26
1773,2017-11-09,2578.33
1774,2017-11-10,2578.39
1775,2017-11-11,2578.43
1776,2017-11-12,2578.57
1777,2017-11-13,2578.89
1778,2017-11-14,2578.99
1779,2017-11-15,2579.31
1780,2017-11-16,2579.33
1781,2017-11-17,2579.15
1782,2017-11-18,2578.97
1783,2017-11-19,2578.89
1784,2017-11-20,2579.03
1785,2017-11-21,2579.89
1786,2017-11-22,2580.51
1787,2017-11-23,2580.82
1788,2017-11-24,2580.36
1789,2017-11-25,2579.88
1790,2017-11-26,2579.71
1791,2017-11-27,2579.43
1792,2017-11-28,2579.27
1793,2017-11-29,2579.06
1794,2017-11-30,2578.92
1795,2017-12-01,2578.82
1796,2017-12-02,2578.81
1797,2017-12-03,2578.72
1798,2017-12-04,2578.62
1799,2017-12-05,2578.53
1800,2017-12-06,2578.45
1801,2017-12-07,2578.43
1802,2017-12-08,2578.38
1803,2017-12-09,2578.34
1804,2017-12-10,2578.29
1805,2017-12-11,2578.27
1806,2017-12-12,2578.27
1807,2017-12-13,2578.24
1808,2017-12-14,2578.21
1809,2017-12-15,2578.19
1810,2017-12-16,2578.19
1811,2017-12-17,2578.19
1812,2017-12-18,2578.27
1813,2017-12-19,2578.63
1814,2017-12-20,2578.72
1815,2017-12-21,2578.68
1816,2017-12-22,2578.67
1817,2017-12-23,2578.57
1818,2017-12-24,2578.56
1819,2017-12-25,2578.52
1820,2017-12-26,2578.47
1821,2017-12-27,2578.44
1822,2017-12-28,2578.57
1823,2017-12-29,2579.26
1824,2017-12-30,2579.52
1825,2017-12-31,2579.36
1826,2018-01-01,2579.16
