,datetime,LAKE_BRYAN_FOREBAY_AT_LITTLE_GOOSE_DAM__WA.
0,2011-03-09,316.4
1,2011-03-10,320.6
2,2011-03-11,317.7
3,2011-03-12,319.4
4,2011-03-13,321.0
5,2011-03-14,320.5
6,2011-03-15,322.8
7,2011-03-16,323.0
8,2011-03-17,320.4
9,2011-03-18,322.1
10,2011-03-19,324.5
11,2011-03-20,326.0
12,2011-03-21,325.5
13,2011-03-22,321.3
14,2011-03-23,322.5
15,2011-03-24,326.0
16,2011-03-25,327.8
17,2011-03-26,328.6
18,2011-03-27,327.1
19,2011-03-28,326.8
20,2011-03-29,328.8
21,2011-03-30,330.9
22,2011-03-31,331.8
23,2011-04-01,338.0
24,2011-04-02,348.6
25,2011-04-03,356.9
26,2011-04-04,362.5
27,2011-04-05,367.8
28,2011-04-06,363.6
29,2011-04-07,368.9
30,2011-04-08,372.3
31,2011-04-09,373.3
32,2011-04-10,366.6
33,2011-04-11,360.6
34,2011-04-12,359.1
35,2011-04-13,361.0
36,2011-04-14,358.0
37,2011-04-15,357.4
38,2011-04-16,357.7
39,2011-04-17,357.2
40,2011-04-18,352.1
41,2011-04-19,348.5
42,2011-04-20,351.5
43,2011-04-21,358.7
44,2011-04-22,358.4
45,2011-04-23,360.8
46,2011-04-24,370.7
47,2011-04-25,367.1
48,2011-04-26,355.6
49,2011-04-27,350.5
50,2011-04-28,352.0
51,2011-04-29,352.6
52,2011-04-30,349.6
53,2011-05-01,347.5
54,2011-05-02,351.1
55,2011-05-03,349.9
56,2011-05-04,348.1
57,2011-05-05,354.5
58,2011-05-06,357.0
59,2011-05-07,358.3
60,2011-05-08,355.4
61,2011-05-09,355.5
62,2011-05-10,358.8
63,2011-05-11,366.3
64,2011-05-12,359.5
65,2011-05-13,355.5
66,2011-05-14,364.4
67,2011-05-15,376.2
68,2011-05-16,384.1
69,2011-05-17,398.3
70,2011-05-18,406.3
71,2011-05-19,396.8
72,2011-05-20,392.9
73,2011-05-21,387.0
74,2011-05-22,384.4
75,2011-05-23,383.2
76,2011-05-24,386.1
77,2011-05-25,389.3
78,2011-05-26,388.7
79,2011-05-27,383.2
80,2011-05-28,392.3
81,2011-05-29,392.7
82,2011-05-30,385.4
83,2011-05-31,380.1
84,2011-06-01,377.7
85,2011-06-02,373.6
86,2011-06-03,366.0
87,2011-06-04,374.1
88,2011-06-05,384.6
89,2011-06-06,383.0
90,2011-06-07,377.3
91,2011-06-08,378.3
92,2011-06-09,394.2
93,2011-06-10,404.6
94,2011-06-11,401.7
95,2011-06-12,397.7
96,2011-06-13,390.3
97,2011-06-14,386.1
98,2011-06-15,390.0
99,2011-06-16,389.4
100,2011-06-17,391.3
101,2011-06-18,390.8
102,2011-06-19,385.4
103,2011-06-20,379.7
104,2011-06-21,381.4
105,2011-06-22,389.9
106,2011-06-23,386.5
107,2011-06-24,387.2
108,2011-06-25,397.0
109,2011-06-26,398.7
110,2011-06-27,399.9
111,2011-06-28,401.2
112,2011-06-29,391.8
113,2011-06-30,380.7
114,2011-07-01,384.4
115,2011-07-02,406.8
116,2011-07-03,406.2
117,2011-07-04,389.9
118,2011-07-05,385.8
119,2011-07-06,388.6
120,2011-07-07,398.0
121,2011-07-08,394.4
122,2011-07-09,388.7
123,2011-07-10,386.8
124,2011-07-11,385.8
125,2011-07-12,389.1
126,2011-07-13,386.0
127,2011-07-14,380.7
128,2011-07-15,379.7
129,2011-07-16,382.0
130,2011-07-17,383.7
131,2011-07-18,383.4
132,2011-07-19,382.6
133,2011-07-20,379.2
134,2011-07-21,379.4
135,2011-07-22,377.8
136,2011-07-23,379.2
137,2011-07-24,385.4
138,2011-07-25,386.4
139,2011-07-26,389.5
140,2011-07-27,388.2
141,2011-07-28,387.0
142,2011-07-29,387.2
143,2011-07-30,390.6
144,2011-07-31,393.8
145,2011-08-01,394.5
146,2011-08-02,397.6
147,2011-08-03,397.4
148,2011-08-04,401.5
149,2011-08-05,402.9
150,2011-08-06,406.1
151,2011-08-07,406.6
152,2011-08-08,405.0
153,2011-08-09,404.7
154,2011-08-10,403.7
155,2011-08-11,399.9
156,2011-08-12,398.0
157,2011-08-13,401.7
158,2011-08-14,398.2
159,2011-08-15,394.2
160,2011-08-16,389.1
161,2011-08-17,388.1
162,2011-08-18,390.8
163,2011-08-19,390.7
164,2011-08-20,391.4
165,2011-08-21,393.2
166,2011-08-22,399.1
167,2011-08-23,397.5
168,2011-08-24,396.2
169,2011-08-25,393.4
170,2011-08-26,394.5
171,2011-08-27,392.5
172,2011-08-28,394.1
173,2011-08-29,397.6
174,2011-08-30,397.3
175,2011-08-31,392.3
176,2011-09-01,383.8
177,2011-09-02,378.9
178,2011-09-03,376.1
179,2011-09-04,377.8
180,2011-09-05,376.1
181,2011-09-06,372.9
182,2011-09-07,369.8
183,2011-09-08,366.8
184,2011-09-09,365.0
185,2011-09-10,361.4
186,2011-09-11,357.7
187,2011-09-12,357.8
188,2011-09-13,357.56315789473683
189,2011-09-14,357.3263157894737
190,2011-09-15,357.0894736842105
191,2011-09-16,356.85263157894735
192,2011-09-17,356.61578947368423
193,2011-09-18,356.37894736842105
194,2011-09-19,356.1421052631579
195,2011-09-20,355.90526315789475
196,2011-09-21,355.66842105263163
197,2011-09-22,355.43157894736845
198,2011-09-23,355.19473684210527
199,2011-09-24,354.95789473684215
200,2011-09-25,354.7210526315789
201,2011-09-26,354.4842105263158
202,2011-09-27,354.24736842105267
203,2011-09-28,354.0105263157895
204,2011-09-29,353.7736842105263
205,2011-09-30,353.5368421052632
206,2011-10-01,353.3
207,2011-10-02,353.06315789473683
208,2011-10-03,352.8263157894737
209,2011-10-04,352.58947368421053
210,2011-10-05,352.35263157894735
211,2011-10-06,352.11578947368423
212,2011-10-07,351.8789473684211
213,2011-10-08,351.6421052631579
214,2011-10-09,351.40526315789475
215,2011-10-10,351.1684210526316
216,2011-10-11,350.9315789473684
217,2011-10-12,350.69473684210527
218,2011-10-13,350.45789473684215
219,2011-10-14,350.22105263157897
220,2011-10-15,349.9842105263158
221,2011-10-16,349.74736842105267
222,2011-10-17,349.51052631578955
223,2011-10-18,349.2736842105263
224,2011-10-19,349.0368421052632
225,2011-10-20,348.8
226,2011-10-21,348.56315789473683
227,2011-10-22,348.3263157894737
228,2011-10-23,348.0894736842106
229,2011-10-24,347.8526315789474
230,2011-10-25,347.6157894736842
231,2011-10-26,347.37894736842105
232,2011-10-27,347.1421052631579
233,2011-10-28,346.90526315789475
234,2011-10-29,346.6684210526316
235,2011-10-30,346.43157894736845
236,2011-10-31,346.19473684210527
237,2011-11-01,345.9578947368421
238,2011-11-02,345.7210526315789
239,2011-11-03,345.4842105263158
240,2011-11-04,345.2473684210526
241,2011-11-05,345.0105263157895
242,2011-11-06,344.7736842105263
243,2011-11-07,344.5368421052632
244,2011-11-08,344.3
245,2011-11-09,344.06315789473683
246,2011-11-10,343.82631578947365
247,2011-11-11,343.58947368421053
248,2011-11-12,343.35263157894735
249,2011-11-13,343.11578947368423
250,2011-11-14,342.87894736842105
251,2011-11-15,342.6421052631579
252,2011-11-16,342.40526315789475
253,2011-11-17,342.1684210526316
254,2011-11-18,341.9315789473684
255,2011-11-19,341.69473684210527
256,2011-11-20,341.4578947368421
257,2011-11-21,341.2210526315789
258,2011-11-22,340.9842105263158
259,2011-11-23,340.7473684210526
260,2011-11-24,340.5105263157895
261,2011-11-25,340.2736842105263
262,2011-11-26,340.03684210526313
263,2011-11-27,339.8
264,2011-11-28,339.56315789473683
265,2011-11-29,339.32631578947365
266,2011-11-30,339.08947368421053
267,2011-12-01,338.85263157894735
268,2011-12-02,338.61578947368423
269,2011-12-03,338.37894736842105
270,2011-12-04,338.1421052631579
271,2011-12-05,337.90526315789475
272,2011-12-06,337.6684210526316
273,2011-12-07,337.4315789473684
274,2011-12-08,337.19473684210527
275,2011-12-09,336.9578947368421
276,2011-12-10,336.72105263157897
277,2011-12-11,336.4842105263158
278,2011-12-12,336.2473684210526
279,2011-12-13,336.0105263157895
280,2011-12-14,335.7736842105263
281,2011-12-15,335.53684210526313
282,2011-12-16,335.3
283,2011-12-17,335.06315789473683
284,2011-12-18,334.8263157894737
285,2011-12-19,334.58947368421053
286,2011-12-20,334.3526315789474
287,2011-12-21,334.11578947368423
288,2011-12-22,333.87894736842105
289,2011-12-23,333.64210526315793
290,2011-12-24,333.40526315789475
291,2011-12-25,333.1684210526316
292,2011-12-26,332.93157894736845
293,2011-12-27,332.69473684210527
294,2011-12-28,332.45789473684215
295,2011-12-29,332.22105263157897
296,2011-12-30,331.9842105263158
297,2011-12-31,331.74736842105267
298,2012-01-01,331.51052631578943
299,2012-01-02,331.2736842105263
300,2012-01-03,331.03684210526313
301,2012-01-04,330.8
302,2012-01-05,330.56315789473683
303,2012-01-06,330.3263157894737
304,2012-01-07,330.08947368421053
305,2012-01-08,329.8526315789474
306,2012-01-09,329.61578947368423
307,2012-01-10,329.37894736842105
308,2012-01-11,329.1421052631579
309,2012-01-12,328.90526315789475
310,2012-01-13,328.6684210526316
311,2012-01-14,328.43157894736845
312,2012-01-15,328.19473684210527
313,2012-01-16,327.95789473684215
314,2012-01-17,327.72105263157897
315,2012-01-18,327.4842105263158
316,2012-01-19,327.2473684210526
317,2012-01-20,327.01052631578943
318,2012-01-21,326.7736842105263
319,2012-01-22,326.5368421052632
320,2012-01-23,326.3
321,2012-01-24,326.06315789473683
322,2012-01-25,325.82631578947365
323,2012-01-26,325.5894736842105
324,2012-01-27,325.35263157894735
325,2012-01-28,325.11578947368423
326,2012-01-29,324.87894736842105
327,2012-01-30,324.6421052631579
328,2012-01-31,324.40526315789475
329,2012-02-01,324.16842105263163
330,2012-02-02,323.9315789473684
331,2012-02-03,323.69473684210527
332,2012-02-04,323.4578947368421
333,2012-02-05,323.2210526315789
334,2012-02-06,322.9842105263158
335,2012-02-07,322.74736842105267
336,2012-02-08,322.51052631578943
337,2012-02-09,322.2736842105263
338,2012-02-10,322.03684210526313
339,2012-02-11,321.79999999999995
340,2012-02-12,321.56315789473683
341,2012-02-13,321.3263157894737
342,2012-02-14,321.08947368421053
343,2012-02-15,320.85263157894735
344,2012-02-16,320.61578947368423
345,2012-02-17,320.37894736842105
346,2012-02-18,320.1421052631579
347,2012-02-19,319.90526315789475
348,2012-02-20,319.6684210526316
349,2012-02-21,319.4315789473684
350,2012-02-22,319.19473684210527
351,2012-02-23,318.95789473684215
352,2012-02-24,318.7210526315789
353,2012-02-25,318.4842105263158
354,2012-02-26,318.2473684210526
355,2012-02-27,318.01052631578943
356,2012-02-28,317.7736842105263
357,2012-02-29,317.5368421052632
358,2012-03-01,317.3
359,2012-03-02,312.3
360,2012-03-03,313.4
361,2012-03-04,314.9
362,2012-03-05,318.8
363,2012-03-06,315.6
364,2012-03-07,312.6
365,2012-03-08,311.4
366,2012-03-09,317.0
367,2012-03-10,317.8
368,2012-03-11,321.1
369,2012-03-12,320.4
370,2012-03-13,324.0
371,2012-03-14,320.5
372,2012-03-15,321.9
373,2012-03-16,323.5
374,2012-03-17,328.1
375,2012-03-18,327.1
376,2012-03-19,323.5
377,2012-03-20,324.3
378,2012-03-21,328.4
379,2012-03-22,325.8
380,2012-03-23,318.8
381,2012-03-24,316.3
382,2012-03-25,319.4
383,2012-03-26,321.3
384,2012-03-27,322.4
385,2012-03-28,328.1
386,2012-03-29,334.8
387,2012-03-30,337.2
388,2012-03-31,332.3
389,2012-04-01,336.7
390,2012-04-02,339.1
391,2012-04-03,341.8
392,2012-04-04,346.9
393,2012-04-05,342.0
394,2012-04-06,340.5
395,2012-04-07,339.5
396,2012-04-08,341.9
397,2012-04-09,347.1
398,2012-04-10,354.6
399,2012-04-11,358.7
400,2012-04-12,356.4
401,2012-04-13,356.3
402,2012-04-14,358.2
403,2012-04-15,356.2
404,2012-04-16,354.1
405,2012-04-17,354.7
406,2012-04-18,348.7
407,2012-04-19,346.5
408,2012-04-20,346.1
409,2012-04-21,350.4
410,2012-04-22,354.4
411,2012-04-23,355.5
412,2012-04-24,359.7
413,2012-04-25,372.7
414,2012-04-26,385.0
415,2012-04-27,373.4
416,2012-04-28,376.5
417,2012-04-29,391.4
418,2012-04-30,383.9
419,2012-05-01,366.0
420,2012-05-02,355.4
421,2012-05-03,360.4
422,2012-05-04,356.2
423,2012-05-05,345.7
424,2012-05-06,349.0
425,2012-05-07,365.0
426,2012-05-08,374.3
427,2012-05-09,367.5
428,2012-05-10,360.7
429,2012-05-11,366.5
430,2012-05-12,371.7
431,2012-05-13,365.1
432,2012-05-14,364.9
433,2012-05-15,368.0
434,2012-05-16,370.4
435,2012-05-17,368.0
436,2012-05-18,369.6
437,2012-05-19,380.2
438,2012-05-20,382.5
439,2012-05-21,383.3
440,2012-05-22,366.0
441,2012-05-23,357.2
442,2012-05-24,363.2
443,2012-05-25,373.3
444,2012-05-26,368.1
445,2012-05-27,361.0
446,2012-05-28,360.2
447,2012-05-29,360.0
448,2012-05-30,362.1
449,2012-05-31,365.2
450,2012-06-01,367.6
451,2012-06-02,370.1
452,2012-06-03,369.4
453,2012-06-04,373.6
454,2012-06-05,368.2
455,2012-06-06,355.6
456,2012-06-07,360.9
457,2012-06-08,373.3
458,2012-06-09,370.5
459,2012-06-10,366.7
460,2012-06-11,373.5
461,2012-06-12,383.5
462,2012-06-13,386.7
463,2012-06-14,380.5
464,2012-06-15,375.4
465,2012-06-16,385.4
466,2012-06-17,388.0
467,2012-06-18,384.3
468,2012-06-19,376.5
469,2012-06-20,376.0
470,2012-06-21,387.4
471,2012-06-22,391.9
472,2012-06-23,382.1
473,2012-06-24,379.1
474,2012-06-25,384.2
475,2012-06-26,384.8
476,2012-06-27,379.6
477,2012-06-28,378.3
478,2012-06-29,385.9
479,2012-06-30,394.1
480,2012-07-01,389.1
481,2012-07-02,389.0
482,2012-07-03,389.9
483,2012-07-04,389.6
484,2012-07-05,391.9
485,2012-07-06,397.5
486,2012-07-07,401.2
487,2012-07-08,401.7
488,2012-07-09,405.0
489,2012-07-10,404.0
490,2012-07-11,401.2
491,2012-07-12,408.2
492,2012-07-13,404.5
493,2012-07-14,406.9
494,2012-07-15,403.8
495,2012-07-16,401.4
496,2012-07-17,399.3
497,2012-07-18,397.1
498,2012-07-19,396.4
499,2012-07-20,399.6
500,2012-07-21,399.8
501,2012-07-22,398.7
502,2012-07-23,394.6
503,2012-07-24,392.6
504,2012-07-25,391.3
505,2012-07-26,390.3
506,2012-07-27,389.8
507,2012-07-28,391.6
508,2012-07-29,397.0
509,2012-07-30,396.0
510,2012-07-31,395.3
511,2012-08-01,396.7
512,2012-08-02,400.2
513,2012-08-03,397.4
514,2012-08-04,395.7
515,2012-08-05,397.0
516,2012-08-06,397.2
517,2012-08-07,397.4
518,2012-08-08,394.3
519,2012-08-09,395.5
520,2012-08-10,395.3
521,2012-08-11,395.8
522,2012-08-12,394.4
523,2012-08-13,394.2
524,2012-08-14,392.4
525,2012-08-15,393.6
526,2012-08-16,395.3
527,2012-08-17,394.3
528,2012-08-18,396.8
529,2012-08-19,398.1
530,2012-08-20,397.7
531,2012-08-21,399.2
532,2012-08-22,397.0
533,2012-08-23,397.0
534,2012-08-24,391.9
535,2012-08-25,388.1
536,2012-08-26,384.8
537,2012-08-27,382.7
538,2012-08-28,382.0
539,2012-08-29,379.4
540,2012-08-30,377.8
541,2012-08-31,377.1
542,2012-09-01,379.2
543,2012-09-02,380.7
544,2012-09-03,377.7
545,2012-09-04,374.4
546,2012-09-05,377.1
547,2012-09-06,377.2
548,2012-09-07,374.6
549,2012-09-08,373.3
550,2012-09-09,370.7
551,2012-09-10,357.8
552,2012-09-11,357.6247368421053
553,2012-09-12,357.4494736842105
554,2012-09-13,357.27421052631576
555,2012-09-14,357.098947368421
556,2012-09-15,356.9236842105263
557,2012-09-16,356.74842105263156
558,2012-09-17,356.5731578947368
559,2012-09-18,356.3978947368421
560,2012-09-19,356.22263157894736
561,2012-09-20,356.0473684210526
562,2012-09-21,355.8721052631579
563,2012-09-22,355.69684210526316
564,2012-09-23,355.5215789473684
565,2012-09-24,355.3463157894737
566,2012-09-25,355.17105263157896
567,2012-09-26,354.9957894736842
568,2012-09-27,354.8205263157895
569,2012-09-28,354.64526315789476
570,2012-09-29,354.47
571,2012-09-30,354.29473684210524
572,2012-10-01,354.11947368421056
573,2012-10-02,353.9442105263158
574,2012-10-03,353.7689473684211
575,2012-10-04,353.5936842105263
576,2012-10-05,353.4184210526316
577,2012-10-06,353.24315789473684
578,2012-10-07,353.0678947368421
579,2012-10-08,352.8926315789474
580,2012-10-09,352.71736842105264
581,2012-10-10,352.5421052631579
582,2012-10-11,352.3668421052632
583,2012-10-12,352.1915789473684
584,2012-10-13,352.01631578947365
585,2012-10-14,351.8410526315789
586,2012-10-15,351.6657894736842
587,2012-10-16,351.49052631578945
588,2012-10-17,351.3152631578947
589,2012-10-18,351.14
590,2012-10-19,350.96473684210525
591,2012-10-20,350.7894736842105
592,2012-10-21,350.6142105263158
593,2012-10-22,350.43894736842105
594,2012-10-23,350.2636842105263
595,2012-10-24,350.0884210526316
596,2012-10-25,349.91315789473686
597,2012-10-26,349.7378947368421
598,2012-10-27,349.5626315789474
599,2012-10-28,349.38736842105266
600,2012-10-29,349.2121052631579
601,2012-10-30,349.03684210526313
602,2012-10-31,348.8615789473684
603,2012-11-01,348.68631578947367
604,2012-11-02,348.51105263157893
605,2012-11-03,348.3357894736842
606,2012-11-04,348.16052631578947
607,2012-11-05,347.98526315789474
608,2012-11-06,347.81000000000006
609,2012-11-07,347.63473684210527
610,2012-11-08,347.4594736842105
611,2012-11-09,347.28421052631575
612,2012-11-10,347.108947368421
613,2012-11-11,346.9336842105263
614,2012-11-12,346.7584210526316
615,2012-11-13,346.58315789473687
616,2012-11-14,346.40789473684214
617,2012-11-15,346.23263157894735
618,2012-11-16,346.0573684210526
619,2012-11-17,345.8821052631579
620,2012-11-18,345.70684210526315
621,2012-11-19,345.5315789473684
622,2012-11-20,345.3563157894737
623,2012-11-21,345.18105263157895
624,2012-11-22,345.0057894736842
625,2012-11-23,344.8305263157895
626,2012-11-24,344.65526315789475
627,2012-11-25,344.48
628,2012-11-26,344.3047368421053
629,2012-11-27,344.1294736842105
630,2012-11-28,343.95421052631576
631,2012-11-29,343.77894736842103
632,2012-11-30,343.60368421052635
633,2012-12-01,343.4284210526316
634,2012-12-02,343.2531578947369
635,2012-12-03,343.0778947368421
636,2012-12-04,342.90263157894736
637,2012-12-05,342.7273684210526
638,2012-12-06,342.5521052631579
639,2012-12-07,342.37684210526317
640,2012-12-08,342.20157894736843
641,2012-12-09,342.0263157894737
642,2012-12-10,341.85105263157897
643,2012-12-11,341.67578947368423
644,2012-12-12,341.5005263157895
645,2012-12-13,341.3252631578947
646,2012-12-14,341.15
647,2012-12-15,340.97473684210524
648,2012-12-16,340.7994736842105
649,2012-12-17,340.6242105263158
650,2012-12-18,340.44894736842105
651,2012-12-19,340.2736842105263
652,2012-12-20,340.0984210526316
653,2012-12-21,339.92315789473685
654,2012-12-22,339.7478947368421
655,2012-12-23,339.5726315789474
656,2012-12-24,339.39736842105265
657,2012-12-25,339.2221052631579
658,2012-12-26,339.0468421052632
659,2012-12-27,338.87157894736845
660,2012-12-28,338.6963157894737
661,2012-12-29,338.521052631579
662,2012-12-30,338.34578947368425
663,2012-12-31,338.17052631578946
664,2013-01-01,337.9952631578947
665,2013-01-02,337.82
666,2013-01-03,337.64473684210526
667,2013-01-04,337.4694736842105
668,2013-01-05,337.2942105263158
669,2013-01-06,337.11894736842106
670,2013-01-07,336.9436842105263
671,2013-01-08,336.76842105263154
672,2013-01-09,336.5931578947368
673,2013-01-10,336.41789473684213
674,2013-01-11,336.2426315789474
675,2013-01-12,336.0673684210526
676,2013-01-13,335.8921052631579
677,2013-01-14,335.71684210526314
678,2013-01-15,335.5415789473684
679,2013-01-16,335.3663157894737
680,2013-01-17,335.19105263157894
681,2013-01-18,335.0157894736842
682,2013-01-19,334.8405263157895
683,2013-01-20,334.66526315789474
684,2013-01-21,334.49
685,2013-01-22,334.3147368421053
686,2013-01-23,334.13947368421054
687,2013-01-24,333.9642105263158
688,2013-01-25,333.7889473684211
689,2013-01-26,333.6136842105263
690,2013-01-27,333.43842105263155
691,2013-01-28,333.2631578947369
692,2013-01-29,333.08789473684214
693,2013-01-30,332.9126315789474
694,2013-01-31,332.7373684210526
695,2013-02-01,332.5621052631579
696,2013-02-02,332.38684210526316
697,2013-02-03,332.2115789473684
698,2013-02-04,332.0363157894737
699,2013-02-05,331.86105263157896
700,2013-02-06,331.6857894736842
701,2013-02-07,331.51052631578943
702,2013-02-08,331.3352631578947
703,2013-02-09,331.15999999999997
704,2013-02-10,330.98473684210524
705,2013-02-11,330.8094736842105
706,2013-02-12,330.63421052631577
707,2013-02-13,330.45894736842104
708,2013-02-14,330.2836842105263
709,2013-02-15,330.10842105263157
710,2013-02-16,329.93315789473684
711,2013-02-17,329.7578947368421
712,2013-02-18,329.58263157894737
713,2013-02-19,329.40736842105264
714,2013-02-20,329.2321052631579
715,2013-02-21,329.0568421052632
716,2013-02-22,328.88157894736844
717,2013-02-23,328.7063157894737
718,2013-02-24,328.531052631579
719,2013-02-25,328.35578947368424
720,2013-02-26,328.18052631578945
721,2013-02-27,328.0052631578947
722,2013-02-28,327.83
723,2013-03-01,327.65473684210525
724,2013-03-02,327.4794736842105
725,2013-03-03,327.3042105263158
726,2013-03-04,327.12894736842105
727,2013-03-05,326.9536842105263
728,2013-03-06,326.7784210526316
729,2013-03-07,326.6031578947368
730,2013-03-08,326.42789473684206
731,2013-03-09,326.25263157894733
732,2013-03-10,326.0773684210526
733,2013-03-11,325.9021052631579
734,2013-03-12,325.7268421052632
735,2013-03-13,325.5515789473684
736,2013-03-14,325.37631578947367
737,2013-03-15,325.20105263157893
738,2013-03-16,325.0257894736842
739,2013-03-17,324.85052631578947
740,2013-03-18,324.67526315789473
741,2013-03-19,324.5
742,2013-03-20,328.1
743,2013-03-21,324.2
744,2013-03-22,321.1
745,2013-03-23,318.8
746,2013-03-24,319.5
747,2013-03-25,322.4
748,2013-03-26,326.7
749,2013-03-27,329.6
750,2013-03-28,330.0
751,2013-03-29,329.4
752,2013-03-30,327.7
753,2013-03-31,336.1
754,2013-04-01,335.3
755,2013-04-02,333.3
756,2013-04-03,335.7
757,2013-04-04,338.7
758,2013-04-05,342.1
759,2013-04-06,344.7
760,2013-04-07,350.0
761,2013-04-08,350.0
762,2013-04-09,347.1
763,2013-04-10,348.0
764,2013-04-11,346.6
765,2013-04-12,351.9
766,2013-04-13,353.7
767,2013-04-14,347.7
768,2013-04-15,345.7
769,2013-04-16,343.6
770,2013-04-17,343.6
771,2013-04-18,348.8
772,2013-04-19,352.6
773,2013-04-20,351.1
774,2013-04-21,350.7
775,2013-04-22,348.8
776,2013-04-23,349.7
777,2013-04-24,355.1
778,2013-04-25,360.8
779,2013-04-26,362.8
780,2013-04-27,369.7
781,2013-04-28,371.3
782,2013-04-29,366.7
783,2013-04-30,360.3
784,2013-05-01,354.1
785,2013-05-02,355.5
786,2013-05-03,361.6
787,2013-05-04,376.1
788,2013-05-05,386.5
789,2013-05-06,385.9
790,2013-05-07,383.5
791,2013-05-08,380.3
792,2013-05-09,379.4
793,2013-05-10,380.8
794,2013-05-11,379.0
795,2013-05-12,374.6
796,2013-05-13,368.6
797,2013-05-14,362.2
798,2013-05-15,362.7
799,2013-05-16,366.5
800,2013-05-17,365.3
801,2013-05-18,360.7
802,2013-05-19,356.7
803,2013-05-20,362.1
804,2013-05-21,370.2
805,2013-05-22,365.8
806,2013-05-23,360.2
807,2013-05-24,360.2
808,2013-05-25,362.3
809,2013-05-26,366.3
810,2013-05-27,370.2
811,2013-05-28,372.8
812,2013-05-29,375.9
813,2013-05-30,371.7
814,2013-05-31,369.7
815,2013-06-01,369.5
816,2013-06-02,374.1
817,2013-06-03,374.9
818,2013-06-04,375.3
819,2013-06-05,377.9
820,2013-06-06,380.2
821,2013-06-07,381.9
822,2013-06-08,387.2
823,2013-06-09,389.4
824,2013-06-10,390.2
825,2013-06-11,389.1
826,2013-06-12,384.8
827,2013-06-13,379.0
828,2013-06-14,374.2
829,2013-06-15,373.0
830,2013-06-16,373.7
831,2013-06-17,374.1
832,2013-06-18,374.8
833,2013-06-19,378.0
834,2013-06-20,377.0
835,2013-06-21,371.4
836,2013-06-22,370.9
837,2013-06-23,376.5
838,2013-06-24,379.4
839,2013-06-25,384.2
840,2013-06-26,383.1
841,2013-06-27,383.8
842,2013-06-28,382.2
843,2013-06-29,390.1
844,2013-06-30,397.2
845,2013-07-01,399.9
846,2013-07-02,402.1
847,2013-07-03,400.8
848,2013-07-04,404.2
849,2013-07-05,405.6
850,2013-07-06,404.4
851,2013-07-07,402.3
852,2013-07-08,396.0
853,2013-07-09,397.3
854,2013-07-10,403.5
855,2013-07-11,398.2
856,2013-07-12,399.7
857,2013-07-13,395.3
858,2013-07-14,394.3
859,2013-07-15,393.6
860,2013-07-16,393.7
861,2013-07-17,394.1
862,2013-07-18,395.7
863,2013-07-19,393.9
864,2013-07-20,395.9
865,2013-07-21,400.0
866,2013-07-22,400.1
867,2013-07-23,402.4
868,2013-07-24,399.8
869,2013-07-25,397.2
870,2013-07-26,395.9
871,2013-07-27,396.2
872,2013-07-28,397.1
873,2013-07-29,397.8
874,2013-07-30,393.1
875,2013-07-31,391.6
876,2013-08-01,392.0
877,2013-08-02,387.4
878,2013-08-03,386.5
879,2013-08-04,384.3
880,2013-08-05,387.0
881,2013-08-06,385.3
882,2013-08-07,383.9
883,2013-08-08,384.1
884,2013-08-09,386.3
885,2013-08-10,385.8
886,2013-08-11,389.1
887,2013-08-12,392.4
888,2013-08-13,388.8
889,2013-08-14,392.2
890,2013-08-15,394.6
891,2013-08-16,393.2
892,2013-08-17,393.3
893,2013-08-18,399.4
894,2013-08-19,404.5
895,2013-08-20,406.9
896,2013-08-21,407.5
897,2013-08-22,404.9
898,2013-08-23,403.2
899,2013-08-24,399.9
900,2013-08-25,395.5
901,2013-08-26,395.0
902,2013-08-27,394.2
903,2013-08-28,393.0
904,2013-08-29,387.5
905,2013-08-30,378.8
906,2013-08-31,381.5
907,2013-09-01,383.0
908,2013-09-02,379.8
909,2013-09-03,381.5
910,2013-09-04,378.6
911,2013-09-05,378.38418367346935
912,2013-09-06,378.1683673469388
913,2013-09-07,377.9525510204082
914,2013-09-08,377.73673469387757
915,2013-09-09,377.52091836734695
916,2013-09-10,377.30510204081634
917,2013-09-11,377.0892857142857
918,2013-09-12,376.8734693877551
919,2013-09-13,376.6576530612245
920,2013-09-14,376.4418367346939
921,2013-09-15,376.22602040816327
922,2013-09-16,376.01020408163265
923,2013-09-17,375.79438775510204
924,2013-09-18,375.5785714285714
925,2013-09-19,375.3627551020408
926,2013-09-20,375.1469387755102
927,2013-09-21,374.9311224489796
928,2013-09-22,374.71530612244896
929,2013-09-23,374.49948979591835
930,2013-09-24,374.28367346938774
931,2013-09-25,374.0678571428572
932,2013-09-26,373.8520408163265
933,2013-09-27,373.63622448979595
934,2013-09-28,373.4204081632653
935,2013-09-29,373.2045918367347
936,2013-09-30,372.98877551020405
937,2013-10-01,372.7729591836735
938,2013-10-02,372.5571428571428
939,2013-10-03,372.34132653061226
940,2013-10-04,372.12551020408165
941,2013-10-05,371.90969387755104
942,2013-10-06,371.6938775510204
943,2013-10-07,371.4780612244898
944,2013-10-08,371.2622448979592
945,2013-10-09,371.0464285714286
946,2013-10-10,370.83061224489796
947,2013-10-11,370.61479591836735
948,2013-10-12,370.39897959183673
949,2013-10-13,370.1831632653061
950,2013-10-14,369.9673469387755
951,2013-10-15,369.7515306122449
952,2013-10-16,369.5357142857143
953,2013-10-17,369.31989795918366
954,2013-10-18,369.10408163265305
955,2013-10-19,368.88826530612243
956,2013-10-20,368.6724489795918
957,2013-10-21,368.4566326530612
958,2013-10-22,368.24081632653065
959,2013-10-23,368.025
960,2013-10-24,367.8091836734694
961,2013-10-25,367.59336734693875
962,2013-10-26,367.3775510204082
963,2013-10-27,367.1617346938775
964,2013-10-28,366.94591836734696
965,2013-10-29,366.73010204081635
966,2013-10-30,366.51428571428573
967,2013-10-31,366.2984693877551
968,2013-11-01,366.0826530612245
969,2013-11-02,365.8668367346939
970,2013-11-03,365.6510204081633
971,2013-11-04,365.43520408163266
972,2013-11-05,365.21938775510205
973,2013-11-06,365.00357142857143
974,2013-11-07,364.7877551020408
975,2013-11-08,364.5719387755102
976,2013-11-09,364.3561224489796
977,2013-11-10,364.140306122449
978,2013-11-11,363.92448979591836
979,2013-11-12,363.70867346938775
980,2013-11-13,363.49285714285713
981,2013-11-14,363.2770408163265
982,2013-11-15,363.0612244897959
983,2013-11-16,362.8454081632653
984,2013-11-17,362.6295918367347
985,2013-11-18,362.4137755102041
986,2013-11-19,362.19795918367345
987,2013-11-20,361.9821428571429
988,2013-11-21,361.7663265306122
989,2013-11-22,361.55051020408166
990,2013-11-23,361.334693877551
991,2013-11-24,361.11887755102043
992,2013-11-25,360.90306122448976
993,2013-11-26,360.6872448979592
994,2013-11-27,360.4714285714286
995,2013-11-28,360.255612244898
996,2013-11-29,360.03979591836736
997,2013-11-30,359.82397959183675
998,2013-12-01,359.60816326530613
999,2013-12-02,359.3923469387755
1000,2013-12-03,359.1765306122449
1001,2013-12-04,358.9607142857143
1002,2013-12-05,358.7448979591837
1003,2013-12-06,358.52908163265306
1004,2013-12-07,358.31326530612245
1005,2013-12-08,358.09744897959183
1006,2013-12-09,357.8816326530612
1007,2013-12-10,357.6658163265306
1008,2013-12-11,357.45
1009,2013-12-12,357.2341836734694
1010,2013-12-13,357.01836734693876
1011,2013-12-14,356.80255102040815
1012,2013-12-15,356.5867346938776
1013,2013-12-16,356.3709183673469
1014,2013-12-17,356.15510204081636
1015,2013-12-18,355.9392857142857
1016,2013-12-19,355.72346938775513
1017,2013-12-20,355.50765306122446
1018,2013-12-21,355.2918367346939
1019,2013-12-22,355.07602040816323
1020,2013-12-23,354.8602040816327
1021,2013-12-24,354.64438775510206
1022,2013-12-25,354.42857142857144
1023,2013-12-26,354.21275510204083
1024,2013-12-27,353.9969387755102
1025,2013-12-28,353.7811224489796
1026,2013-12-29,353.565306122449
1027,2013-12-30,353.3494897959184
1028,2013-12-31,353.13367346938776
1029,2014-01-01,352.91785714285714
1030,2014-01-02,352.70204081632653
1031,2014-01-03,352.4862244897959
1032,2014-01-04,352.2704081632653
1033,2014-01-05,352.0545918367347
1034,2014-01-06,351.8387755102041
1035,2014-01-07,351.62295918367346
1036,2014-01-08,351.40714285714284
1037,2014-01-09,351.19132653061223
1038,2014-01-10,350.9755102040816
1039,2014-01-11,350.75969387755106
1040,2014-01-12,350.5438775510204
1041,2014-01-13,350.32806122448983
1042,2014-01-14,350.11224489795916
1043,2014-01-15,349.8964285714286
1044,2014-01-16,349.68061224489793
1045,2014-01-17,349.4647959183674
1046,2014-01-18,349.2489795918367
1047,2014-01-19,349.03316326530614
1048,2014-01-20,348.8173469387755
1049,2014-01-21,348.6015306122449
1050,2014-01-22,348.3857142857143
1051,2014-01-23,348.1698979591837
1052,2014-01-24,347.9540816326531
1053,2014-01-25,347.73826530612246
1054,2014-01-26,347.52244897959184
1055,2014-01-27,347.30663265306123
1056,2014-01-28,347.0908163265306
1057,2014-01-29,346.875
1058,2014-01-30,346.6591836734694
1059,2014-01-31,346.44336734693877
1060,2014-02-01,346.22755102040816
1061,2014-02-02,346.01173469387754
1062,2014-02-03,345.7959183673469
1063,2014-02-04,345.5801020408163
1064,2014-02-05,345.3642857142857
1065,2014-02-06,345.1484693877551
1066,2014-02-07,344.9326530612245
1067,2014-02-08,344.71683673469386
1068,2014-02-09,344.5010204081633
1069,2014-02-10,344.2852040816326
1070,2014-02-11,344.06938775510207
1071,2014-02-12,343.8535714285714
1072,2014-02-13,343.63775510204084
1073,2014-02-14,343.42193877551017
1074,2014-02-15,343.2061224489796
1075,2014-02-16,342.99030612244894
1076,2014-02-17,342.7744897959184
1077,2014-02-18,342.55867346938777
1078,2014-02-19,342.34285714285716
1079,2014-02-20,342.12704081632654
1080,2014-02-21,341.9112244897959
1081,2014-02-22,341.6954081632653
1082,2014-02-23,341.4795918367347
1083,2014-02-24,341.2637755102041
1084,2014-02-25,341.04795918367347
1085,2014-02-26,340.83214285714286
1086,2014-02-27,340.61632653061224
1087,2014-02-28,340.4005102040816
1088,2014-03-01,340.184693877551
1089,2014-03-02,339.9688775510204
1090,2014-03-03,339.7530612244898
1091,2014-03-04,339.53724489795917
1092,2014-03-05,339.32142857142856
1093,2014-03-06,339.10561224489794
1094,2014-03-07,338.8897959183673
1095,2014-03-08,338.67397959183677
1096,2014-03-09,338.4581632653061
1097,2014-03-10,338.24234693877554
1098,2014-03-11,338.02653061224487
1099,2014-03-12,337.8107142857143
1100,2014-03-13,337.59489795918364
1101,2014-03-14,337.3790816326531
1102,2014-03-15,337.1632653061224
1103,2014-03-16,336.94744897959185
1104,2014-03-17,336.73163265306124
1105,2014-03-18,336.5158163265306
1106,2014-03-19,336.3
1107,2014-03-20,332.3
1108,2014-03-21,330.8
1109,2014-03-22,325.4
1110,2014-03-23,326.3
1111,2014-03-24,325.2
1112,2014-03-25,328.9
1113,2014-03-26,333.4
1114,2014-03-27,331.3
1115,2014-03-28,330.3
1116,2014-03-29,333.6
1117,2014-03-30,333.1
1118,2014-03-31,334.3
1119,2014-04-01,335.0
1120,2014-04-02,334.2
1121,2014-04-03,333.5
1122,2014-04-04,335.7
1123,2014-04-05,336.8
1124,2014-04-06,342.0
1125,2014-04-07,347.7
1126,2014-04-08,357.3
1127,2014-04-09,359.2
1128,2014-04-10,361.5
1129,2014-04-11,363.4
1130,2014-04-12,363.7
1131,2014-04-13,357.4
1132,2014-04-14,359.8
1133,2014-04-15,359.4
1134,2014-04-16,357.1
1135,2014-04-17,359.1
1136,2014-04-18,358.7
1137,2014-04-19,357.9
1138,2014-04-20,352.8
1139,2014-04-21,354.9
1140,2014-04-22,357.7
1141,2014-04-23,357.7
1142,2014-04-24,354.7
1143,2014-04-25,352.6
1144,2014-04-26,355.5
1145,2014-04-27,355.5
1146,2014-04-28,347.8
1147,2014-04-29,341.4
1148,2014-04-30,348.5
1149,2014-05-01,359.0
1150,2014-05-02,364.5
1151,2014-05-03,366.8
1152,2014-05-04,365.4
1153,2014-05-05,365.3
1154,2014-05-06,365.8
1155,2014-05-07,363.9
1156,2014-05-08,369.5
1157,2014-05-09,370.3
1158,2014-05-10,359.6
1159,2014-05-11,352.3
1160,2014-05-12,353.1
1161,2014-05-13,356.5
1162,2014-05-14,358.3
1163,2014-05-15,363.9
1164,2014-05-16,368.8
1165,2014-05-17,368.3
1166,2014-05-18,368.0
1167,2014-05-19,367.5
1168,2014-05-20,371.6
1169,2014-05-21,377.0
1170,2014-05-22,372.2
1171,2014-05-23,364.2
1172,2014-05-24,366.1
1173,2014-05-25,375.6
1174,2014-05-26,382.5
1175,2014-05-27,386.4
1176,2014-05-28,385.1
1177,2014-05-29,380.4
1178,2014-05-30,382.3
1179,2014-05-31,385.3
1180,2014-06-01,387.5
1181,2014-06-02,386.1
1182,2014-06-03,382.7
1183,2014-06-04,376.4
1184,2014-06-05,376.1
1185,2014-06-06,377.7
1186,2014-06-07,376.0
1187,2014-06-08,374.8
1188,2014-06-09,375.5
1189,2014-06-10,373.0
1190,2014-06-11,369.5
1191,2014-06-12,372.5
1192,2014-06-13,367.0
1193,2014-06-14,362.9
1194,2014-06-15,360.9
1195,2014-06-16,360.3
1196,2014-06-17,359.9
1197,2014-06-18,361.4
1198,2014-06-19,364.9
1199,2014-06-20,367.8
1200,2014-06-21,367.8
1201,2014-06-22,370.4
1202,2014-06-23,375.2
1203,2014-06-24,378.5
1204,2014-06-25,383.9
1205,2014-06-26,389.5
1206,2014-06-27,389.3
1207,2014-06-28,385.4
1208,2014-06-29,380.5
1209,2014-06-30,378.2
1210,2014-07-01,385.7
1211,2014-07-02,394.6
1212,2014-07-03,390.4
1213,2014-07-04,388.6
1214,2014-07-05,387.1
1215,2014-07-06,387.5
1216,2014-07-07,391.9
1217,2014-07-08,400.4
1218,2014-07-09,403.2
1219,2014-07-10,400.7
1220,2014-07-11,403.4
1221,2014-07-12,402.8
1222,2014-07-13,398.4
1223,2014-07-14,399.2
1224,2014-07-15,403.1
1225,2014-07-16,402.7
1226,2014-07-17,399.9
1227,2014-07-18,396.1
1228,2014-07-19,392.8
1229,2014-07-20,391.1
1230,2014-07-21,385.2
1231,2014-07-22,382.2
1232,2014-07-23,381.0
1233,2014-07-24,378.7
1234,2014-07-25,378.8
1235,2014-07-26,377.8
1236,2014-07-27,378.2
1237,2014-07-28,380.1
1238,2014-07-29,382.0
1239,2014-07-30,388.5
1240,2014-07-31,397.0
1241,2014-08-01,401.9
1242,2014-08-02,405.0
1243,2014-08-03,403.8
1244,2014-08-04,399.3
1245,2014-08-05,401.3
1246,2014-08-06,398.9
1247,2014-08-07,399.5
1248,2014-08-08,397.9
1249,2014-08-09,398.5
1250,2014-08-10,395.8
1251,2014-08-11,397.5
1252,2014-08-12,399.8
1253,2014-08-13,400.0
1254,2014-08-14,398.7
1255,2014-08-15,398.5
1256,2014-08-16,401.2
1257,2014-08-17,400.9
1258,2014-08-18,398.3
1259,2014-08-19,399.6
1260,2014-08-20,400.9
1261,2014-08-21,399.2
1262,2014-08-22,397.5
1263,2014-08-23,394.2
1264,2014-08-24,391.5
1265,2014-08-25,390.0
1266,2014-08-26,388.1
1267,2014-08-27,387.4
1268,2014-08-28,387.2
1269,2014-08-29,389.0
1270,2014-08-30,386.3
1271,2014-08-31,383.3
1272,2014-09-01,381.3
1273,2014-09-02,379.9
1274,2014-09-03,373.5
1275,2014-09-04,370.3
1276,2014-09-05,368.1
1277,2014-09-06,367.8
1278,2014-09-07,368.3
1279,2014-09-08,364.5
1280,2014-09-09,356.6
1281,2014-09-10,358.4
1282,2014-09-11,361.7
1283,2014-09-12,363.7
1284,2014-09-13,362.5
1285,2014-09-14,354.4
1286,2014-09-15,351.1
1287,2014-09-16,349.3
1288,2014-09-17,351.4
1289,2014-09-18,349.3
1290,2014-09-19,347.1
1291,2014-09-20,358.0
1292,2014-09-21,360.6
1293,2014-09-22,351.0
1294,2014-09-23,352.1
1295,2014-09-24,352.8
1296,2014-09-25,352.6712643678161
1297,2014-09-26,352.54252873563223
1298,2014-09-27,352.4137931034483
1299,2014-09-28,352.2850574712644
1300,2014-09-29,352.1563218390805
1301,2014-09-30,352.02758620689656
1302,2014-10-01,351.89885057471264
1303,2014-10-02,351.7701149425287
1304,2014-10-03,351.64137931034486
1305,2014-10-04,351.5126436781609
1306,2014-10-05,351.383908045977
1307,2014-10-06,351.25517241379305
1308,2014-10-07,351.1264367816092
1309,2014-10-08,350.99770114942527
1310,2014-10-09,350.86896551724135
1311,2014-10-10,350.7402298850575
1312,2014-10-11,350.61149425287357
1313,2014-10-12,350.48275862068965
1314,2014-10-13,350.35402298850573
1315,2014-10-14,350.2252873563218
1316,2014-10-15,350.09655172413795
1317,2014-10-16,349.96781609195403
1318,2014-10-17,349.8390804597701
1319,2014-10-18,349.7103448275862
1320,2014-10-19,349.5816091954023
1321,2014-10-20,349.4528735632184
1322,2014-10-21,349.3241379310345
1323,2014-10-22,349.1954022988506
1324,2014-10-23,349.06666666666666
1325,2014-10-24,348.93793103448274
1326,2014-10-25,348.8091954022988
1327,2014-10-26,348.68045977011496
1328,2014-10-27,348.55172413793105
1329,2014-10-28,348.4229885057472
1330,2014-10-29,348.2942528735632
1331,2014-10-30,348.1655172413793
1332,2014-10-31,348.0367816091954
1333,2014-11-01,347.9080459770115
1334,2014-11-02,347.77931034482754
1335,2014-11-03,347.6505747126437
1336,2014-11-04,347.52183908045976
1337,2014-11-05,347.39310344827584
1338,2014-11-06,347.264367816092
1339,2014-11-07,347.135632183908
1340,2014-11-08,347.00689655172414
1341,2014-11-09,346.8781609195402
1342,2014-11-10,346.7494252873563
1343,2014-11-11,346.62068965517244
1344,2014-11-12,346.4919540229885
1345,2014-11-13,346.3632183908046
1346,2014-11-14,346.2344827586207
1347,2014-11-15,346.10574712643677
1348,2014-11-16,345.9770114942529
1349,2014-11-17,345.848275862069
1350,2014-11-18,345.71954022988507
1351,2014-11-19,345.59080459770115
1352,2014-11-20,345.46206896551723
1353,2014-11-21,345.3333333333333
1354,2014-11-22,345.20459770114945
1355,2014-11-23,345.07586206896553
1356,2014-11-24,344.94712643678156
1357,2014-11-25,344.8183908045977
1358,2014-11-26,344.68965517241384
1359,2014-11-27,344.56091954022986
1360,2014-11-28,344.432183908046
1361,2014-11-29,344.3034482758621
1362,2014-11-30,344.17471264367816
1363,2014-12-01,344.04597701149424
1364,2014-12-02,343.9172413793103
1365,2014-12-03,343.7885057471264
1366,2014-12-04,343.6597701149425
1367,2014-12-05,343.5310344827586
1368,2014-12-06,343.4022988505747
1369,2014-12-07,343.2735632183908
1370,2014-12-08,343.14482758620693
1371,2014-12-09,343.01609195402295
1372,2014-12-10,342.8873563218391
1373,2014-12-11,342.7586206896551
1374,2014-12-12,342.62988505747126
1375,2014-12-13,342.5011494252874
1376,2014-12-14,342.3724137931035
1377,2014-12-15,342.2436781609195
1378,2014-12-16,342.11494252873564
1379,2014-12-17,341.9862068965517
1380,2014-12-18,341.85747126436786
1381,2014-12-19,341.7287356321839
1382,2014-12-20,341.6
1383,2014-12-21,341.4712643678161
1384,2014-12-22,341.3425287356322
1385,2014-12-23,341.2137931034483
1386,2014-12-24,341.0850574712644
1387,2014-12-25,340.9563218390805
1388,2014-12-26,340.82758620689657
1389,2014-12-27,340.69885057471265
1390,2014-12-28,340.57011494252873
1391,2014-12-29,340.4413793103448
1392,2014-12-30,340.3126436781609
1393,2014-12-31,340.183908045977
1394,2015-01-01,340.0551724137931
1395,2015-01-02,339.9264367816092
1396,2015-01-03,339.7977011494253
1397,2015-01-04,339.66896551724136
1398,2015-01-05,339.54022988505744
1399,2015-01-06,339.4114942528736
1400,2015-01-07,339.28275862068966
1401,2015-01-08,339.15402298850574
1402,2015-01-09,339.0252873563218
1403,2015-01-10,338.8965517241379
1404,2015-01-11,338.76781609195405
1405,2015-01-12,338.6390804597701
1406,2015-01-13,338.5103448275862
1407,2015-01-14,338.38160919540235
1408,2015-01-15,338.25287356321843
1409,2015-01-16,338.1241379310345
1410,2015-01-17,337.99540229885054
1411,2015-01-18,337.8666666666667
1412,2015-01-19,337.73793103448276
1413,2015-01-20,337.60919540229884
1414,2015-01-21,337.4804597701149
1415,2015-01-22,337.351724137931
1416,2015-01-23,337.22298850574714
1417,2015-01-24,337.0942528735632
1418,2015-01-25,336.9655172413793
1419,2015-01-26,336.83678160919544
1420,2015-01-27,336.7080459770115
1421,2015-01-28,336.5793103448276
1422,2015-01-29,336.4505747126437
1423,2015-01-30,336.32183908045977
1424,2015-01-31,336.19310344827585
1425,2015-02-01,336.06436781609193
1426,2015-02-02,335.93563218390807
1427,2015-02-03,335.80689655172415
1428,2015-02-04,335.67816091954023
1429,2015-02-05,335.5494252873563
1430,2015-02-06,335.4206896551724
1431,2015-02-07,335.2919540229885
1432,2015-02-08,335.16321839080456
1433,2015-02-09,335.0344827586207
1434,2015-02-10,334.9057471264368
1435,2015-02-11,334.77701149425286
1436,2015-02-12,334.648275862069
1437,2015-02-13,334.519540229885
1438,2015-02-14,334.39080459770116
1439,2015-02-15,334.26206896551724
1440,2015-02-16,334.1333333333333
1441,2015-02-17,334.00459770114946
1442,2015-02-18,333.8758620689655
1443,2015-02-19,333.74712643678157
1444,2015-02-20,333.6183908045977
1445,2015-02-21,333.4896551724138
1446,2015-02-22,333.3609195402299
1447,2015-02-23,333.23218390804595
1448,2015-02-24,333.1034482758621
1449,2015-02-25,332.9747126436781
1450,2015-02-26,332.84597701149426
1451,2015-02-27,332.71724137931034
1452,2015-02-28,332.5885057471264
1453,2015-03-01,332.45977011494256
1454,2015-03-02,332.33103448275864
1455,2015-03-03,332.2022988505747
1456,2015-03-04,332.0735632183908
1457,2015-03-05,331.9448275862069
1458,2015-03-06,331.816091954023
1459,2015-03-07,331.6873563218391
1460,2015-03-08,331.5586206896552
1461,2015-03-09,331.42988505747127
1462,2015-03-10,331.30114942528735
1463,2015-03-11,331.17241379310343
1464,2015-03-12,331.0436781609195
1465,2015-03-13,330.91494252873565
1466,2015-03-14,330.78620689655173
1467,2015-03-15,330.6574712643678
1468,2015-03-16,330.5287356321839
1469,2015-03-17,330.4
1470,2015-03-18,329.6
1471,2015-03-19,330.8
1472,2015-03-20,332.7
1473,2015-03-21,334.8
1474,2015-03-22,334.2
1475,2015-03-23,334.1
1476,2015-03-24,331.6
1477,2015-03-25,326.7
1478,2015-03-26,326.6
1479,2015-03-27,330.6
1480,2015-03-28,330.6
1481,2015-03-29,332.9
1482,2015-03-30,331.4
1483,2015-03-31,336.2
1484,2015-04-01,330.7
1485,2015-04-02,330.4
1486,2015-04-03,333.6
1487,2015-04-04,335.5
1488,2015-04-05,336.1
1489,2015-04-06,336.2
1490,2015-04-07,342.0
1491,2015-04-08,349.6
1492,2015-04-09,349.9
1493,2015-04-10,354.8
1494,2015-04-11,354.3
1495,2015-04-12,350.0
1496,2015-04-13,354.3
1497,2015-04-14,352.0
1498,2015-04-15,345.4
1499,2015-04-16,345.4
1500,2015-04-17,348.3
1501,2015-04-18,349.4
1502,2015-04-19,357.9
1503,2015-04-20,371.7
1504,2015-04-21,380.1
1505,2015-04-22,372.9
1506,2015-04-23,372.3
1507,2015-04-24,369.4
1508,2015-04-25,366.0
1509,2015-04-26,363.1
1510,2015-04-27,361.4
1511,2015-04-28,368.0
1512,2015-04-29,365.0
1513,2015-04-30,362.8
1514,2015-05-01,365.1
1515,2015-05-02,366.5
1516,2015-05-03,365.5
1517,2015-05-04,370.4
1518,2015-05-05,370.2
1519,2015-05-06,368.1
1520,2015-05-07,367.5
1521,2015-05-08,366.5
1522,2015-05-09,368.6
1523,2015-05-10,372.2
1524,2015-05-11,373.3
1525,2015-05-12,370.2
1526,2015-05-13,366.3
1527,2015-05-14,365.8
1528,2015-05-15,369.9
1529,2015-05-16,366.9
1530,2015-05-17,366.3
1531,2015-05-18,369.0
1532,2015-05-19,369.2
1533,2015-05-20,372.9
1534,2015-05-21,374.2
1535,2015-05-22,370.0
1536,2015-05-23,368.1
1537,2015-05-24,371.8
1538,2015-05-25,376.3
1539,2015-05-26,376.1
1540,2015-05-27,374.8
1541,2015-05-28,375.8
1542,2015-05-29,380.9
1543,2015-05-30,382.4
1544,2015-05-31,383.7
1545,2015-06-01,384.5
1546,2015-06-02,380.4
1547,2015-06-03,379.1
1548,2015-06-04,377.1
1549,2015-06-05,379.0
1550,2015-06-06,386.0
1551,2015-06-07,388.5
1552,2015-06-08,383.6
1553,2015-06-09,381.5
1554,2015-06-10,382.4
1555,2015-06-11,383.8
1556,2015-06-12,385.3
1557,2015-06-13,384.8
1558,2015-06-14,384.4
1559,2015-06-15,384.6
1560,2015-06-16,384.8
1561,2015-06-17,383.7
1562,2015-06-18,390.8
1563,2015-06-19,389.1
1564,2015-06-20,389.6
1565,2015-06-21,388.0
1566,2015-06-22,385.6
1567,2015-06-23,382.8
1568,2015-06-24,384.5
1569,2015-06-25,386.6
1570,2015-06-26,386.4
1571,2015-06-27,388.1
1572,2015-06-28,389.0
1573,2015-06-29,388.4
1574,2015-06-30,393.1
1575,2015-07-01,398.0
1576,2015-07-02,399.1
1577,2015-07-03,396.3
1578,2015-07-04,396.3
1579,2015-07-05,395.1
1580,2015-07-06,400.7
1581,2015-07-07,394.4
1582,2015-07-08,397.3
1583,2015-07-09,396.6
1584,2015-07-10,395.5
1585,2015-07-11,392.5
1586,2015-07-12,391.1
1587,2015-07-13,390.8
1588,2015-07-14,390.3
1589,2015-07-15,382.7
1590,2015-07-16,382.0
1591,2015-07-17,381.6
1592,2015-07-18,381.5
1593,2015-07-19,373.7
1594,2015-07-20,367.3
1595,2015-07-21,374.8
1596,2015-07-22,375.6
1597,2015-07-23,379.2
1598,2015-07-24,374.5
1599,2015-07-25,371.3
1600,2015-07-26,369.7
1601,2015-07-27,370.7
1602,2015-07-28,369.5
1603,2015-07-29,366.8
1604,2015-07-30,364.6
1605,2015-07-31,364.6
1606,2015-08-01,364.6
1607,2015-08-02,366.9
1608,2015-08-03,370.7
1609,2015-08-04,371.2
1610,2015-08-05,369.0
1611,2015-08-06,371.7
1612,2015-08-07,377.4
1613,2015-08-08,374.7
1614,2015-08-09,372.2
1615,2015-08-10,372.1
1616,2015-08-11,373.2
1617,2015-08-12,374.5
1618,2015-08-13,372.4
1619,2015-08-14,372.5
1620,2015-08-15,366.5
1621,2015-08-16,370.5
1622,2015-08-17,376.0
1623,2015-08-18,373.7
1624,2015-08-19,370.5
1625,2015-08-20,369.9
1626,2015-08-21,365.1
1627,2015-08-22,367.1
1628,2015-08-23,371.2
1629,2015-08-24,373.4
1630,2015-08-25,368.2
1631,2015-08-26,360.4
1632,2015-08-27,354.7
1633,2015-08-28,356.6
1634,2015-08-29,368.5
1635,2015-08-30,357.3
1636,2015-08-31,358.0
1637,2015-09-01,362.4
1638,2015-09-02,361.4
1639,2015-09-03,358.0
1640,2015-09-04,357.7
1641,2015-09-05,354.9
1642,2015-09-06,353.3
1643,2015-09-07,352.0
1644,2015-09-08,348.3
1645,2015-09-09,341.0
1646,2015-09-10,338.7
1647,2015-09-11,338.8
1648,2015-09-12,341.8
1649,2015-09-13,343.2
1650,2015-09-14,344.9
1651,2015-09-15,346.1
1652,2015-09-16,344.0
1653,2015-09-17,348.5
1654,2015-09-18,345.2
1655,2015-09-19,340.3
1656,2015-09-20,341.2
1657,2015-09-21,341.07909604519773
1658,2015-09-22,340.95819209039547
1659,2015-09-23,340.8372881355932
1660,2015-09-24,340.716384180791
1661,2015-09-25,340.5954802259887
1662,2015-09-26,340.47457627118644
1663,2015-09-27,340.3536723163841
1664,2015-09-28,340.2327683615819
1665,2015-09-29,340.11186440677966
1666,2015-09-30,339.9909604519774
1667,2015-10-01,339.87005649717514
1668,2015-10-02,339.7491525423729
1669,2015-10-03,339.6282485875706
1670,2015-10-04,339.50734463276837
1671,2015-10-05,339.3864406779661
1672,2015-10-06,339.26553672316385
1673,2015-10-07,339.1446327683616
1674,2015-10-08,339.02372881355933
1675,2015-10-09,338.90282485875707
1676,2015-10-10,338.78192090395476
1677,2015-10-11,338.66101694915255
1678,2015-10-12,338.54011299435024
1679,2015-10-13,338.41920903954804
1680,2015-10-14,338.2983050847457
1681,2015-10-15,338.1774011299435
1682,2015-10-16,338.0564971751412
1683,2015-10-17,337.935593220339
1684,2015-10-18,337.8146892655367
1685,2015-10-19,337.6937853107345
1686,2015-10-20,337.57288135593217
1687,2015-10-21,337.45197740112997
1688,2015-10-22,337.33107344632765
1689,2015-10-23,337.21016949152545
1690,2015-10-24,337.08926553672313
1691,2015-10-25,336.9683615819209
1692,2015-10-26,336.8474576271186
1693,2015-10-27,336.72655367231636
1694,2015-10-28,336.6056497175141
1695,2015-10-29,336.4847457627119
1696,2015-10-30,336.36384180790964
1697,2015-10-31,336.2429378531074
1698,2015-11-01,336.12203389830506
1699,2015-11-02,336.00112994350286
1700,2015-11-03,335.88022598870054
1701,2015-11-04,335.7593220338983
1702,2015-11-05,335.638418079096
1703,2015-11-06,335.5175141242938
1704,2015-11-07,335.3966101694915
1705,2015-11-08,335.2757062146893
1706,2015-11-09,335.154802259887
1707,2015-11-10,335.03389830508473
1708,2015-11-11,334.9129943502825
1709,2015-11-12,334.7920903954803
1710,2015-11-13,334.67118644067796
1711,2015-11-14,334.5502824858757
1712,2015-11-15,334.42937853107344
1713,2015-11-16,334.3084745762712
1714,2015-11-17,334.1875706214689
1715,2015-11-18,334.06666666666666
1716,2015-11-19,333.9457627118644
1717,2015-11-20,333.82485875706215
1718,2015-11-21,333.7039548022599
1719,2015-11-22,333.5830508474576
1720,2015-11-23,333.46214689265537
1721,2015-11-24,333.3412429378531
1722,2015-11-25,333.22033898305085
1723,2015-11-26,333.0994350282486
1724,2015-11-27,332.97853107344633
1725,2015-11-28,332.8576271186441
1726,2015-11-29,332.7367231638418
1727,2015-11-30,332.6158192090395
1728,2015-12-01,332.4949152542373
1729,2015-12-02,332.374011299435
1730,2015-12-03,332.2531073446328
1731,2015-12-04,332.1322033898305
1732,2015-12-05,332.01129943502826
1733,2015-12-06,331.890395480226
1734,2015-12-07,331.76949152542375
1735,2015-12-08,331.6485875706215
1736,2015-12-09,331.5276836158192
1737,2015-12-10,331.40677966101697
1738,2015-12-11,331.2858757062147
1739,2015-12-12,331.16497175141245
1740,2015-12-13,331.04406779661014
1741,2015-12-14,330.92316384180793
1742,2015-12-15,330.8022598870057
1743,2015-12-16,330.68135593220336
1744,2015-12-17,330.5604519774011
1745,2015-12-18,330.4395480225989
1746,2015-12-19,330.31864406779664
1747,2015-12-20,330.1977401129943
1748,2015-12-21,330.07683615819207
1749,2015-12-22,329.95593220338986
1750,2015-12-23,329.83502824858755
1751,2015-12-24,329.7141242937853
1752,2015-12-25,329.59322033898303
1753,2015-12-26,329.4723163841808
1754,2015-12-27,329.3514124293785
1755,2015-12-28,329.23050847457625
1756,2015-12-29,329.109604519774
1757,2015-12-30,328.98870056497174
1758,2015-12-31,328.8677966101695
1759,2016-01-01,328.7468926553672
1760,2016-01-02,328.625988700565
1761,2016-01-03,328.5050847457627
1762,2016-01-04,328.3841807909605
1763,2016-01-05,328.2632768361582
1764,2016-01-06,328.1423728813559
1765,2016-01-07,328.02146892655367
1766,2016-01-08,327.9005649717514
1767,2016-01-09,327.77966101694915
1768,2016-01-10,327.6587570621469
1769,2016-01-11,327.53785310734463
1770,2016-01-12,327.4169491525424
1771,2016-01-13,327.2960451977401
1772,2016-01-14,327.17514124293785
1773,2016-01-15,327.0542372881356
1774,2016-01-16,326.93333333333334
1775,2016-01-17,326.8124293785311
1776,2016-01-18,326.69152542372876
1777,2016-01-19,326.57062146892656
1778,2016-01-20,326.44971751412425
1779,2016-01-21,326.32881355932204
1780,2016-01-22,326.2079096045197
1781,2016-01-23,326.0870056497175
1782,2016-01-24,325.96610169491527
1783,2016-01-25,325.845197740113
1784,2016-01-26,325.7242937853107
1785,2016-01-27,325.6033898305085
1786,2016-01-28,325.4824858757062
1787,2016-01-29,325.361581920904
1788,2016-01-30,325.2406779661017
1789,2016-01-31,325.11977401129946
1790,2016-02-01,324.99887005649714
1791,2016-02-02,324.87796610169494
1792,2016-02-03,324.7570621468926
1793,2016-02-04,324.63615819209036
1794,2016-02-05,324.5152542372881
1795,2016-02-06,324.3943502824859
1796,2016-02-07,324.27344632768364
1797,2016-02-08,324.1525423728814
1798,2016-02-09,324.0316384180791
1799,2016-02-10,323.91073446327687
1800,2016-02-11,323.78983050847455
1801,2016-02-12,323.66892655367235
1802,2016-02-13,323.54802259887003
1803,2016-02-14,323.42711864406783
1804,2016-02-15,323.3062146892655
1805,2016-02-16,323.1853107344633
1806,2016-02-17,323.064406779661
1807,2016-02-18,322.9435028248588
1808,2016-02-19,322.8225988700565
1809,2016-02-20,322.7016949152543
1810,2016-02-21,322.58079096045196
1811,2016-02-22,322.45988700564976
1812,2016-02-23,322.33898305084745
1813,2016-02-24,322.21807909604524
1814,2016-02-25,322.09717514124293
1815,2016-02-26,321.97627118644067
1816,2016-02-27,321.8553672316384
1817,2016-02-28,321.73446327683615
1818,2016-02-29,321.6135593220339
1819,2016-03-01,321.49265536723163
1820,2016-03-02,321.3717514124294
1821,2016-03-03,321.2508474576271
1822,2016-03-04,321.12994350282486
1823,2016-03-05,321.0090395480226
1824,2016-03-06,320.88813559322034
1825,2016-03-07,320.7672316384181
1826,2016-03-08,320.6463276836158
1827,2016-03-09,320.52542372881356
1828,2016-03-10,320.4045197740113
1829,2016-03-11,320.283615819209
1830,2016-03-12,320.1627118644068
1831,2016-03-13,320.04180790960453
1832,2016-03-14,319.92090395480227
1833,2016-03-15,319.8
1834,2016-03-16,318.9
1835,2016-03-17,319.5
1836,2016-03-18,319.0
1837,2016-03-19,320.4
1838,2016-03-20,325.6
1839,2016-03-21,326.3
1840,2016-03-22,325.5
1841,2016-03-23,323.0
1842,2016-03-24,326.2
1843,2016-03-25,325.3
1844,2016-03-26,326.5
1845,2016-03-27,329.7
1846,2016-03-28,327.5
1847,2016-03-29,325.7
1848,2016-03-30,326.8
1849,2016-03-31,328.2
1850,2016-04-01,325.1
1851,2016-04-02,331.9
1852,2016-04-03,335.5
1853,2016-04-04,332.1
1854,2016-04-05,328.7
1855,2016-04-06,335.1
1856,2016-04-07,345.4
1857,2016-04-08,356.4
1858,2016-04-09,367.1
1859,2016-04-10,366.5
1860,2016-04-11,366.7
1861,2016-04-12,360.4
1862,2016-04-13,357.5
1863,2016-04-14,356.3
1864,2016-04-15,351.2
1865,2016-04-16,347.0
1866,2016-04-17,348.1
1867,2016-04-18,351.0
1868,2016-04-19,355.2
1869,2016-04-20,360.2
1870,2016-04-21,362.9
1871,2016-04-22,364.8
1872,2016-04-23,359.3
1873,2016-04-24,354.1
1874,2016-04-25,360.9
1875,2016-04-26,368.4
1876,2016-04-27,366.6
1877,2016-04-28,361.5
1878,2016-04-29,355.2
1879,2016-04-30,352.8
1880,2016-05-01,351.6
1881,2016-05-02,354.5
1882,2016-05-03,359.5
1883,2016-05-04,364.6
1884,2016-05-05,366.6
1885,2016-05-06,365.6
1886,2016-05-07,369.7
1887,2016-05-08,370.4
1888,2016-05-09,361.8
1889,2016-05-10,357.4
1890,2016-05-11,362.7
1891,2016-05-12,372.4
1892,2016-05-13,366.9
1893,2016-05-14,362.6
1894,2016-05-15,359.9
1895,2016-05-16,356.7
1896,2016-05-17,354.2
1897,2016-05-18,362.1
1898,2016-05-19,362.6
1899,2016-05-20,359.9
1900,2016-05-21,359.7
1901,2016-05-22,358.0
1902,2016-05-23,354.6
1903,2016-05-24,351.8
1904,2016-05-25,355.2
1905,2016-05-26,358.4
1906,2016-05-27,358.5
1907,2016-05-28,358.2
1908,2016-05-29,360.6
1909,2016-05-30,362.0
1910,2016-05-31,369.4
1911,2016-06-01,377.6
1912,2016-06-02,374.2
1913,2016-06-03,371.7
1914,2016-06-04,375.9
1915,2016-06-05,381.5
1916,2016-06-06,387.4
1917,2016-06-07,391.4
1918,2016-06-08,393.5
1919,2016-06-09,389.0
1920,2016-06-10,385.4
1921,2016-06-11,381.2
1922,2016-06-12,377.7
1923,2016-06-13,380.5
1924,2016-06-14,375.2
1925,2016-06-15,375.4
1926,2016-06-16,372.7
1927,2016-06-17,371.0
1928,2016-06-18,370.2
1929,2016-06-19,369.7
1930,2016-06-20,373.5
1931,2016-06-21,373.3
1932,2016-06-22,376.0
1933,2016-06-23,374.4
1934,2016-06-24,377.1
1935,2016-06-25,372.5
1936,2016-06-26,372.6
1937,2016-06-27,375.7
1938,2016-06-28,382.8
1939,2016-06-29,397.7
1940,2016-06-30,396.4
1941,2016-07-01,402.9
1942,2016-07-02,405.3
1943,2016-07-03,400.8
1944,2016-07-04,395.5
1945,2016-07-05,391.2
1946,2016-07-06,387.2
1947,2016-07-07,385.0
1948,2016-07-08,382.8
1949,2016-07-09,383.2
1950,2016-07-10,380.1
1951,2016-07-11,378.5
1952,2016-07-12,377.7
1953,2016-07-13,372.3
1954,2016-07-14,373.6
1955,2016-07-15,375.5
1956,2016-07-16,378.4
1957,2016-07-17,380.7
1958,2016-07-18,379.9
1959,2016-07-19,380.4
1960,2016-07-20,380.1
1961,2016-07-21,382.0
1962,2016-07-22,381.7
1963,2016-07-23,378.7
1964,2016-07-24,379.0
1965,2016-07-25,378.3
1966,2016-07-26,379.1
1967,2016-07-27,378.2
1968,2016-07-28,378.0
1969,2016-07-29,381.3
1970,2016-07-30,382.8
1971,2016-07-31,382.9
1972,2016-08-01,382.6
1973,2016-08-02,381.6
1974,2016-08-03,377.8
1975,2016-08-04,380.7
1976,2016-08-05,379.7
1977,2016-08-06,375.7
1978,2016-08-07,372.8
1979,2016-08-08,371.3
1980,2016-08-09,373.7
1981,2016-08-10,372.5
1982,2016-08-11,372.7
1983,2016-08-12,372.4
1984,2016-08-13,372.0
1985,2016-08-14,374.4
1986,2016-08-15,376.1
1987,2016-08-16,376.5
1988,2016-08-17,378.2
1989,2016-08-18,379.3
1990,2016-08-19,380.4
1991,2016-08-20,377.2
1992,2016-08-21,375.1
1993,2016-08-22,374.8
1994,2016-08-23,377.3
1995,2016-08-24,376.3
1996,2016-08-25,377.1
1997,2016-08-26,377.6
1998,2016-08-27,375.8
1999,2016-08-28,371.3
2000,2016-08-29,375.0
2001,2016-08-30,373.3
2002,2016-08-31,373.9
2003,2016-09-01,370.1
2004,2016-09-02,370.3
2005,2016-09-03,371.7
2006,2016-09-04,371.8
2007,2016-09-05,366.8
2008,2016-09-06,367.8
2009,2016-09-07,366.7
2010,2016-09-08,366.7643979057592
2011,2016-09-09,366.8287958115184
2012,2016-09-10,366.8931937172774
2013,2016-09-11,366.9575916230367
2014,2016-09-12,367.0219895287958
2015,2016-09-13,367.086387434555
2016,2016-09-14,367.15078534031414
2017,2016-09-15,367.2151832460733
2018,2016-09-16,367.2795811518325
2019,2016-09-17,367.34397905759164
2020,2016-09-18,367.40837696335075
2021,2016-09-19,367.4727748691099
2022,2016-09-20,367.5371727748691
2023,2016-09-21,367.60157068062824
2024,2016-09-22,367.66596858638746
2025,2016-09-23,367.73036649214663
2026,2016-09-24,367.79476439790574
2027,2016-09-25,367.8591623036649
2028,2016-09-26,367.92356020942407
2029,2016-09-27,367.98795811518323
2030,2016-09-28,368.0523560209424
2031,2016-09-29,368.11675392670156
2032,2016-09-30,368.1811518324607
2033,2016-10-01,368.24554973821995
2034,2016-10-02,368.30994764397906
2035,2016-10-03,368.3743455497382
2036,2016-10-04,368.4387434554974
2037,2016-10-05,368.50314136125655
2038,2016-10-06,368.5675392670157
2039,2016-10-07,368.6319371727749
2040,2016-10-08,368.69633507853405
2041,2016-10-09,368.7607329842932
2042,2016-10-10,368.8251308900524
2043,2016-10-11,368.8895287958115
2044,2016-10-12,368.95392670157065
2045,2016-10-13,369.0183246073298
2046,2016-10-14,369.082722513089
2047,2016-10-15,369.14712041884815
2048,2016-10-16,369.21151832460737
2049,2016-10-17,369.27591623036653
2050,2016-10-18,369.3403141361257
2051,2016-10-19,369.4047120418848
2052,2016-10-20,369.469109947644
2053,2016-10-21,369.53350785340314
2054,2016-10-22,369.59790575916236
2055,2016-10-23,369.66230366492147
2056,2016-10-24,369.7267015706807
2057,2016-10-25,369.79109947643974
2058,2016-10-26,369.85549738219896
2059,2016-10-27,369.9198952879581
2060,2016-10-28,369.9842931937173
2061,2016-10-29,370.04869109947646
2062,2016-10-30,370.1130890052356
2063,2016-10-31,370.1774869109948
2064,2016-11-01,370.2418848167539
2065,2016-11-02,370.30628272251306
2066,2016-11-03,370.3706806282722
2067,2016-11-04,370.4350785340314
2068,2016-11-05,370.49947643979056
2069,2016-11-06,370.5638743455497
2070,2016-11-07,370.6282722513089
2071,2016-11-08,370.69267015706805
2072,2016-11-09,370.7570680628272
2073,2016-11-10,370.8214659685864
2074,2016-11-11,370.88586387434555
2075,2016-11-12,370.9502617801047
2076,2016-11-13,371.0146596858639
2077,2016-11-14,371.07905759162304
2078,2016-11-15,371.1434554973822
2079,2016-11-16,371.20785340314137
2080,2016-11-17,371.2722513089005
2081,2016-11-18,371.3366492146597
2082,2016-11-19,371.40104712041887
2083,2016-11-20,371.46544502617803
2084,2016-11-21,371.5298429319372
2085,2016-11-22,371.59424083769636
2086,2016-11-23,371.6586387434555
2087,2016-11-24,371.7230366492147
2088,2016-11-25,371.7874345549738
2089,2016-11-26,371.85183246073296
2090,2016-11-27,371.91623036649213
2091,2016-11-28,371.9806282722513
2092,2016-11-29,372.04502617801046
2093,2016-11-30,372.1094240837697
2094,2016-12-01,372.17382198952873
2095,2016-12-02,372.2382198952879
2096,2016-12-03,372.3026178010471
2097,2016-12-04,372.3670157068063
2098,2016-12-05,372.43141361256545
2099,2016-12-06,372.4958115183246
2100,2016-12-07,372.5602094240837
2101,2016-12-08,372.6246073298429
2102,2016-12-09,372.6890052356021
2103,2016-12-10,372.7534031413613
2104,2016-12-11,372.81780104712044
2105,2016-12-12,372.8821989528796
2106,2016-12-13,372.94659685863877
2107,2016-12-14,373.01099476439794
2108,2016-12-15,373.07539267015704
2109,2016-12-16,373.1397905759162
2110,2016-12-17,373.2041884816754
2111,2016-12-18,373.26858638743454
2112,2016-12-19,373.3329842931937
2113,2016-12-20,373.39738219895287
2114,2016-12-21,373.46178010471203
2115,2016-12-22,373.5261780104712
2116,2016-12-23,373.59057591623036
2117,2016-12-24,373.65497382198953
2118,2016-12-25,373.71937172774864
2119,2016-12-26,373.78376963350786
2120,2016-12-27,373.848167539267
2121,2016-12-28,373.9125654450262
2122,2016-12-29,373.97696335078535
2123,2016-12-30,374.0413612565445
2124,2016-12-31,374.1057591623036
2125,2017-01-01,374.17015706806285
2126,2017-01-02,374.23455497382196
2127,2017-01-03,374.2989528795812
2128,2017-01-04,374.36335078534034
2129,2017-01-05,374.4277486910995
2130,2017-01-06,374.4921465968587
2131,2017-01-07,374.55654450261784
2132,2017-01-08,374.62094240837695
2133,2017-01-09,374.6853403141361
2134,2017-01-10,374.7497382198953
2135,2017-01-11,374.81413612565444
2136,2017-01-12,374.8785340314136
2137,2017-01-13,374.94293193717283
2138,2017-01-14,375.0073298429319
2139,2017-01-15,375.0717277486911
2140,2017-01-16,375.13612565445027
2141,2017-01-17,375.20052356020943
2142,2017-01-18,375.2649214659686
2143,2017-01-19,375.32931937172776
2144,2017-01-20,375.39371727748687
2145,2017-01-21,375.45811518324604
2146,2017-01-22,375.5225130890052
2147,2017-01-23,375.58691099476437
2148,2017-01-24,375.6513089005236
2149,2017-01-25,375.7157068062827
2150,2017-01-26,375.7801047120419
2151,2017-01-27,375.8445026178011
2152,2017-01-28,375.9089005235602
2153,2017-01-29,375.97329842931936
2154,2017-01-30,376.0376963350785
2155,2017-01-31,376.1020942408377
2156,2017-02-01,376.16649214659685
2157,2017-02-02,376.230890052356
2158,2017-02-03,376.2952879581152
2159,2017-02-04,376.35968586387435
2160,2017-02-05,376.4240837696335
2161,2017-02-06,376.4884816753926
2162,2017-02-07,376.55287958115184
2163,2017-02-08,376.61727748691095
2164,2017-02-09,376.6816753926702
2165,2017-02-10,376.74607329842934
2166,2017-02-11,376.8104712041885
2167,2017-02-12,376.87486910994767
2168,2017-02-13,376.9392670157068
2169,2017-02-14,377.00366492146594
2170,2017-02-15,377.06806282722516
2171,2017-02-16,377.1324607329843
2172,2017-02-17,377.1968586387435
2173,2017-02-18,377.26125654450266
2174,2017-02-19,377.3256544502618
2175,2017-02-20,377.390052356021
2176,2017-02-21,377.4544502617801
2177,2017-02-22,377.51884816753926
2178,2017-02-23,377.5832460732984
2179,2017-02-24,377.6476439790576
2180,2017-02-25,377.71204188481676
2181,2017-02-26,377.77643979057586
2182,2017-02-27,377.84083769633503
2183,2017-02-28,377.9052356020942
2184,2017-03-01,377.96963350785336
2185,2017-03-02,378.0340314136126
2186,2017-03-03,378.09842931937175
2187,2017-03-04,378.1628272251309
2188,2017-03-05,378.22722513089
2189,2017-03-06,378.2916230366492
2190,2017-03-07,378.35602094240835
2191,2017-03-08,378.4204188481675
2192,2017-03-09,378.4848167539267
2193,2017-03-10,378.5492146596859
2194,2017-03-11,378.61361256544507
2195,2017-03-12,378.67801047120423
2196,2017-03-13,378.74240837696334
2197,2017-03-14,378.8068062827225
2198,2017-03-15,378.87120418848167
2199,2017-03-16,378.93560209424083
2200,2017-03-17,379.0
2201,2017-03-18,392.0
2202,2017-03-19,380.0
2203,2017-03-20,386.6
2204,2017-03-21,395.7
2205,2017-03-22,393.1
2206,2017-03-23,387.6
2207,2017-03-24,393.8
2208,2017-03-25,387.4
2209,2017-03-26,387.8
2210,2017-03-27,382.8
2211,2017-03-28,375.9
2212,2017-03-29,381.1
2213,2017-03-30,381.5
2214,2017-03-31,381.6
2215,2017-04-01,386.9
2216,2017-04-02,383.9
2217,2017-04-03,381.7
2218,2017-04-04,384.3
2219,2017-04-05,391.0
2220,2017-04-06,393.4
2221,2017-04-07,391.4
2222,2017-04-08,379.8
2223,2017-04-09,375.0
2224,2017-04-10,378.8
2225,2017-04-11,381.5
2226,2017-04-12,385.5
2227,2017-04-13,386.0
2228,2017-04-14,376.8
2229,2017-04-15,372.1
2230,2017-04-16,374.4
2231,2017-04-17,371.1
2232,2017-04-18,363.0
2233,2017-04-19,369.1
2234,2017-04-20,376.0
2235,2017-04-21,374.3
2236,2017-04-22,380.9
2237,2017-04-23,389.3
2238,2017-04-24,387.3
2239,2017-04-25,382.7
2240,2017-04-26,381.9
2241,2017-04-27,377.5
2242,2017-04-28,372.3
2243,2017-04-29,373.7
2244,2017-04-30,375.1
2245,2017-05-01,367.8
2246,2017-05-02,370.3
2247,2017-05-03,371.8
2248,2017-05-04,381.8
2249,2017-05-05,387.1
2250,2017-05-06,367.4
2251,2017-05-07,372.4
2252,2017-05-08,389.4
2253,2017-05-09,396.2
2254,2017-05-10,397.5
2255,2017-05-11,396.3
2256,2017-05-12,392.8
2257,2017-05-13,394.1
2258,2017-05-14,397.6
2259,2017-05-15,399.7
2260,2017-05-16,397.0
2261,2017-05-17,386.5
2262,2017-05-18,379.9
2263,2017-05-19,380.6
2264,2017-05-20,379.0
2265,2017-05-21,376.2
2266,2017-05-22,379.6
2267,2017-05-23,388.2
2268,2017-05-24,391.3
2269,2017-05-25,385.0
2270,2017-05-26,389.1
2271,2017-05-27,394.5
2272,2017-05-28,394.7
2273,2017-05-29,394.5
2274,2017-05-30,394.0
2275,2017-05-31,391.5
2276,2017-06-01,393.8
2277,2017-06-02,399.4
2278,2017-06-03,408.9
2279,2017-06-04,405.0
2280,2017-06-05,401.0
2281,2017-06-06,407.1
2282,2017-06-07,411.9
2283,2017-06-08,406.8
2284,2017-06-09,397.3
2285,2017-06-10,393.7
2286,2017-06-11,390.5
2287,2017-06-12,394.0
2288,2017-06-13,383.2
2289,2017-06-14,371.9
2290,2017-06-15,377.6
2291,2017-06-16,382.4
2292,2017-06-17,380.3
2293,2017-06-18,375.0
2294,2017-06-19,383.0
2295,2017-06-20,387.2
2296,2017-06-21,382.5
2297,2017-06-22,384.7
2298,2017-06-23,384.3
2299,2017-06-24,389.4
2300,2017-06-25,389.7
2301,2017-06-26,387.8
2302,2017-06-27,383.2
2303,2017-06-28,380.0
2304,2017-06-29,376.3
2305,2017-06-30,377.8
2306,2017-07-01,379.7
2307,2017-07-02,380.3
2308,2017-07-03,380.8
2309,2017-07-04,382.4
2310,2017-07-05,382.6
2311,2017-07-06,382.8
2312,2017-07-07,384.1
2313,2017-07-08,380.5
2314,2017-07-09,384.6
2315,2017-07-10,386.6
2316,2017-07-11,386.0
2317,2017-07-12,382.9
2318,2017-07-13,380.1
2319,2017-07-14,387.6
2320,2017-07-15,392.9
2321,2017-07-16,391.6
2322,2017-07-17,393.3
2323,2017-07-18,387.2
2324,2017-07-19,384.2
2325,2017-07-20,381.7
2326,2017-07-21,382.9
2327,2017-07-22,381.4
2328,2017-07-23,381.7
2329,2017-07-24,380.6
2330,2017-07-25,383.4
2331,2017-07-26,382.9
2332,2017-07-27,385.6
2333,2017-07-28,386.7
2334,2017-07-29,387.5
2335,2017-07-30,385.5
2336,2017-07-31,384.3
2337,2017-08-01,385.3
2338,2017-08-02,386.9
2339,2017-08-03,387.1
2340,2017-08-04,391.0
2341,2017-08-05,391.2
2342,2017-08-06,391.2
2343,2017-08-07,390.9
2344,2017-08-08,390.3
2345,2017-08-09,387.9
2346,2017-08-10,390.0
2347,2017-08-11,391.4
2348,2017-08-12,391.5
2349,2017-08-13,389.7
2350,2017-08-14,385.7
2351,2017-08-15,384.0
2352,2017-08-16,382.6
2353,2017-08-17,379.6
2354,2017-08-18,379.9
2355,2017-08-19,381.0
2356,2017-08-20,381.9
2357,2017-08-21,380.5
2358,2017-08-22,381.9
2359,2017-08-23,381.0
2360,2017-08-24,375.0
2361,2017-08-25,377.9
2362,2017-08-26,376.9
2363,2017-08-27,375.1
2364,2017-08-28,377.5
2365,2017-08-29,378.8
2366,2017-08-30,378.3
2367,2017-08-31,374.6
2368,2017-09-01,379.4
2369,2017-09-02,379.8
2370,2017-09-03,376.4
2371,2017-09-04,377.9
2372,2017-09-05,382.3
2373,2017-09-06,377.8
2374,2017-09-07,377.9
2375,2017-09-08,376.4
2376,2017-09-09,374.0
2377,2017-09-10,370.3
2378,2017-09-11,371.8
2379,2017-09-12,372.0
