,datetime,LAKE_TAPPS_NEAR_SUMNER__WA.
0,2011-01-01,35475.26
1,2011-01-02,35265.08
2,2011-01-03,35064.9
3,2011-01-04,34864.72
4,2011-01-05,34684.56
5,2011-01-06,34594.48
6,2011-01-07,34504.4
7,2011-01-08,34324.24
8,2011-01-09,34144.08
9,2011-01-10,33933.9
10,2011-01-11,33753.74
11,2011-01-12,33733.72
12,2011-01-13,33733.72
13,2011-01-14,33643.64
14,2011-01-15,33603.6
15,2011-01-16,33663.66
16,2011-01-17,33573.58
17,2011-01-18,33423.44
18,2011-01-19,33243.28
19,2011-01-20,33223.26
20,2011-01-21,33463.48
21,2011-01-22,33483.5
22,2011-01-23,33463.48
23,2011-01-24,33513.52
24,2011-01-25,33463.48
25,2011-01-26,33443.46
26,2011-01-27,33423.44
27,2011-01-28,33403.42
28,2011-01-29,33443.46
29,2011-01-30,33423.44
30,2011-01-31,33373.4
31,2011-02-01,33333.36
32,2011-02-02,33263.3
33,2011-02-03,33263.3
34,2011-02-04,33263.3
35,2011-02-05,33243.28
36,2011-02-06,33313.34
37,2011-02-07,33333.36
38,2011-02-08,33313.34
39,2011-02-09,33313.34
40,2011-02-10,33293.32
41,2011-02-11,33263.3
42,2011-02-12,33373.4
43,2011-02-13,33423.44
44,2011-02-14,33483.5
45,2011-02-15,33463.48
46,2011-02-16,33483.5
47,2011-02-17,33423.44
48,2011-02-18,33243.28
49,2011-02-19,33043.1
50,2011-02-20,32852.92
51,2011-02-21,32672.76
52,2011-02-22,32472.58
53,2011-02-23,32322.44
54,2011-02-24,32142.28
55,2011-02-25,31972.12
56,2011-02-26,31751.92
57,2011-02-27,31611.8
58,2011-02-28,31611.8
59,2011-03-01,31551.74
60,2011-03-02,31371.58
61,2011-03-03,31221.44
62,2011-03-04,31091.32
63,2011-03-05,30921.16
64,2011-03-06,30751.0
65,2011-03-07,30580.84
66,2011-03-08,30390.66
67,2011-03-09,30560.82
68,2011-03-10,30670.92
69,2011-03-11,30540.8
70,2011-03-12,30430.7
71,2011-03-13,30350.62
72,2011-03-14,30200.48
73,2011-03-15,30130.42
74,2011-03-16,29980.28
75,2011-03-17,29900.2
76,2011-03-18,29920.22
77,2011-03-19,30070.36
78,2011-03-20,30791.04
79,2011-03-21,31481.68
80,2011-03-22,31811.98
81,2011-03-23,32102.24
82,2011-03-24,32562.66
83,2011-03-25,33313.34
84,2011-03-26,34003.96
85,2011-03-27,34684.56
86,2011-03-28,35385.18
87,2011-03-29,35695.46
88,2011-03-30,36476.14
89,2011-03-31,37787.28
90,2011-04-01,39258.54
91,2011-04-02,39829.02
92,2011-04-03,40039.2
93,2011-04-04,41530.46
94,2011-04-05,42651.4
95,2011-04-06,43412.02
96,2011-04-07,42991.68
97,2011-04-08,43091.76
98,2011-04-09,43191.84
99,2011-04-10,43341.96
100,2011-04-11,43482.08
101,2011-04-12,43562.14
102,2011-04-13,43632.2
103,2011-04-14,44022.52
104,2011-04-15,44042.54
105,2011-04-16,44022.52
106,2011-04-17,44222.68
107,2011-04-18,44292.74
108,2011-04-19,44342.78
109,2011-04-20,44412.84
110,2011-04-21,44412.84
111,2011-04-22,44482.9
112,2011-04-23,44562.96
113,2011-04-24,44683.06
114,2011-04-25,44923.26
115,2011-04-26,45073.38
116,2011-04-27,45343.6
117,2011-04-28,45523.74
118,2011-04-29,45623.82
119,2011-04-30,45723.9
120,2011-05-01,45803.96
121,2011-05-02,45974.1
122,2011-05-03,45974.1
123,2011-05-04,46054.16
124,2011-05-05,46124.22
125,2011-05-06,46274.34
126,2011-05-07,46454.48
127,2011-05-08,46554.56
128,2011-05-09,46584.58
129,2011-05-10,46534.54
130,2011-05-11,46534.54
131,2011-05-12,46504.52
132,2011-05-13,46454.48
133,2011-05-14,46654.64
134,2011-05-15,47115.0
135,2011-05-16,47084.98
136,2011-05-17,46984.9
137,2011-05-18,46854.8
138,2011-05-19,46734.7
139,2011-05-20,46604.6
140,2011-05-21,46504.52
141,2011-05-22,46454.48
142,2011-05-23,46554.56
143,2011-05-24,46604.6
144,2011-05-25,46734.7
145,2011-05-26,46704.68
146,2011-05-27,46804.76
147,2011-05-28,46784.74
148,2011-05-29,46754.72
149,2011-05-30,46734.7
150,2011-05-31,46734.7
151,2011-06-01,46784.74
152,2011-06-02,46734.7
153,2011-06-03,46604.6
154,2011-06-04,46504.52
155,2011-06-05,46404.44
156,2011-06-06,46354.4
157,2011-06-07,46304.36
158,2011-06-08,46224.3
159,2011-06-09,46174.26
160,2011-06-10,46104.2
161,2011-06-11,46074.18
162,2011-06-12,46024.14
163,2011-06-13,45974.1
164,2011-06-14,45904.04
165,2011-06-15,45924.06
166,2011-06-16,45954.08
167,2011-06-17,46074.18
168,2011-06-18,46454.48
169,2011-06-19,46534.54
170,2011-06-20,46584.58
171,2011-06-21,46584.58
172,2011-06-22,46534.54
173,2011-06-23,46534.54
174,2011-06-24,46504.52
175,2011-06-25,46434.46
176,2011-06-26,46384.42
177,2011-06-27,46324.38
178,2011-06-28,46354.4
179,2011-06-29,46354.4
180,2011-06-30,46354.4
181,2011-07-01,46404.44
182,2011-07-02,46484.5
183,2011-07-03,46504.52
184,2011-07-04,46554.56
185,2011-07-05,46554.56
186,2011-07-06,46484.5
187,2011-07-07,46384.42
188,2011-07-08,46304.36
189,2011-07-09,46324.38
190,2011-07-10,46324.38
191,2011-07-11,46354.4
192,2011-07-12,46434.46
193,2011-07-13,46484.5
194,2011-07-14,46454.48
195,2011-07-15,46454.48
196,2011-07-16,46454.48
197,2011-07-17,46434.46
198,2011-07-18,46404.44
199,2011-07-19,46384.42
200,2011-07-20,46404.44
201,2011-07-21,46404.44
202,2011-07-22,46354.4
203,2011-07-23,46274.34
204,2011-07-24,46224.3
205,2011-07-25,46204.28
206,2011-07-26,46104.2
207,2011-07-27,46024.14
208,2011-07-28,46004.12
209,2011-07-29,46024.14
210,2011-07-30,46054.16
211,2011-07-31,46074.18
212,2011-08-01,46154.24
213,2011-08-02,46274.34
214,2011-08-03,46404.44
215,2011-08-04,46484.5
216,2011-08-05,46504.52
217,2011-08-06,46554.56
218,2011-08-07,46554.56
219,2011-08-08,46584.58
220,2011-08-09,46584.58
221,2011-08-10,46554.56
222,2011-08-11,46554.56
223,2011-08-12,46554.56
224,2011-08-13,46534.54
225,2011-08-14,46504.52
226,2011-08-15,46484.5
227,2011-08-16,46454.48
228,2011-08-17,46454.48
229,2011-08-18,46454.48
230,2011-08-19,46434.46
231,2011-08-20,46484.5
232,2011-08-21,46504.52
233,2011-08-22,46584.58
234,2011-08-23,46554.56
235,2011-08-24,46504.52
236,2011-08-25,46484.5
237,2011-08-26,46454.48
238,2011-08-27,46404.44
239,2011-08-28,46404.44
240,2011-08-29,46384.42
241,2011-08-30,46404.44
242,2011-08-31,46404.44
243,2011-09-01,46404.44
244,2011-09-02,46384.42
245,2011-09-03,46384.42
246,2011-09-04,46354.4
247,2011-09-05,46354.4
248,2011-09-06,46354.4
249,2011-09-07,46384.42
250,2011-09-08,46404.44
251,2011-09-09,46484.5
252,2011-09-10,46584.58
253,2011-09-11,46684.66
254,2011-09-12,46734.7
255,2011-09-13,46804.76
256,2011-09-14,46904.84
257,2011-09-15,46954.88
258,2011-09-16,47064.96
259,2011-09-17,47235.1
260,2011-09-18,47415.24
261,2011-09-19,47435.26
262,2011-09-20,47535.34
263,2011-09-21,47665.44
264,2011-09-22,47585.38
265,2011-09-23,47415.24
266,2011-09-24,47215.08
267,2011-09-25,47034.94
268,2011-09-26,46404.44
269,2011-09-27,45803.96
270,2011-09-28,45653.84
271,2011-09-29,45623.82
272,2011-09-30,45623.82
273,2011-10-01,45653.84
274,2011-10-02,45723.9
275,2011-10-03,45773.94
276,2011-10-04,45773.94
277,2011-10-05,45874.02
278,2011-10-06,45924.06
279,2011-10-07,45924.06
280,2011-10-08,45924.06
281,2011-10-09,45924.06
282,2011-10-10,45974.1
283,2011-10-11,46074.18
284,2011-10-12,46074.18
285,2011-10-13,46004.12
286,2011-10-14,45954.08
287,2011-10-15,45874.02
288,2011-10-16,45803.96
289,2011-10-17,45753.92
290,2011-10-18,45673.86
291,2011-10-19,45593.8
292,2011-10-20,45523.74
293,2011-10-21,45473.7
294,2011-10-22,45673.86
295,2011-10-23,45653.84
296,2011-10-24,45623.82
297,2011-10-25,45593.8
298,2011-10-26,45543.76
299,2011-10-27,45493.72
300,2011-10-28,45573.78
301,2011-10-29,45523.74
302,2011-10-30,45573.78
303,2011-10-31,45523.74
304,2011-11-01,45393.64
305,2011-11-02,45293.56
306,2011-11-03,45123.42
307,2011-11-04,44923.26
308,2011-11-05,44733.1
309,2011-11-06,44512.92
310,2011-11-07,44312.76
311,2011-11-08,44142.62
312,2011-11-09,43952.46
313,2011-11-10,43782.32
314,2011-11-11,43602.18
315,2011-11-12,43462.06
316,2011-11-13,43291.92
317,2011-11-14,43091.76
318,2011-11-15,42901.6
319,2011-11-16,42751.48
320,2011-11-17,42231.04
321,2011-11-18,41370.32
322,2011-11-19,40459.56
323,2011-11-20,40079.24
324,2011-11-21,39608.84
325,2011-11-22,39218.5
326,2011-11-23,38557.94
327,2011-11-24,37837.32
328,2011-11-25,37006.6
329,2011-11-26,36205.9
330,2011-11-27,35495.28
331,2011-11-28,35134.96
332,2011-11-29,35044.88
333,2011-11-30,34924.78
334,2011-12-01,34864.72
335,2011-12-02,34774.64
336,2011-12-03,34684.56
337,2011-12-04,34614.5
338,2011-12-05,34504.4
339,2011-12-06,34434.34
340,2011-12-07,34344.26
341,2011-12-08,34234.16
342,2011-12-09,34144.08
343,2011-12-10,34054.0
344,2011-12-11,33963.92
345,2011-12-12,33873.84
346,2011-12-13,33753.74
347,2011-12-14,33663.66
348,2011-12-15,33603.6
349,2011-12-16,33483.5
350,2011-12-17,33373.4
351,2011-12-18,33353.38
352,2011-12-19,33293.32
353,2011-12-20,33203.24
354,2011-12-21,33073.12
355,2011-12-22,32983.04
356,2011-12-23,32892.96
357,2011-12-24,32802.88
358,2011-12-25,32742.82
359,2011-12-26,32632.72
360,2011-12-27,32672.76
361,2011-12-28,32762.84
362,2011-12-29,32762.84
363,2011-12-30,32912.98
364,2011-12-31,32912.98
365,2012-01-01,32782.86
366,2012-01-02,32762.84
367,2012-01-03,32672.76
368,2012-01-04,32272.4
369,2012-01-05,31551.74
370,2012-01-06,30791.04
371,2012-01-07,30000.3
372,2012-01-08,29189.54
373,2012-01-09,28508.88
374,2012-01-10,27968.36
375,2012-01-11,27868.26
376,2012-01-12,27768.16
377,2012-01-13,27658.06
378,2012-01-14,27638.04
379,2012-01-15,27557.96
380,2012-01-16,27497.9
381,2012-01-17,27457.86
382,2012-01-18,27537.94
383,2012-01-19,27728.12
384,2012-01-20,27788.18
385,2012-01-21,27888.28
386,2012-01-22,27988.38
387,2012-01-23,27968.36
388,2012-01-24,28008.4
389,2012-01-25,28058.44
390,2012-01-26,28058.44
391,2012-01-27,27988.38
392,2012-01-28,27928.32
393,2012-01-29,28298.68
394,2012-01-30,28528.9
395,2012-01-31,28528.9
396,2012-02-01,28659.02
397,2012-02-02,28608.98
398,2012-02-03,28568.94
399,2012-02-04,28508.88
400,2012-02-05,28448.82
401,2012-02-06,28368.74
402,2012-02-07,28258.64
403,2012-02-08,28218.6
404,2012-02-09,28158.54
405,2012-02-10,28118.5
406,2012-02-11,28058.44
407,2012-02-12,27988.38
408,2012-02-13,27968.36
409,2012-02-14,27888.28
410,2012-02-15,27808.2
411,2012-02-16,27768.16
412,2012-02-17,27808.2
413,2012-02-18,27848.24
414,2012-02-19,27748.14
415,2012-02-20,27748.14
416,2012-02-21,27788.18
417,2012-02-22,27808.2
418,2012-02-23,27728.12
419,2012-02-24,27748.14
420,2012-02-25,27678.08
421,2012-02-26,27618.02
422,2012-02-27,27537.94
423,2012-02-28,27437.84
424,2012-02-29,27417.82
425,2012-03-01,27327.74
426,2012-03-02,27267.68
427,2012-03-03,27207.62
428,2012-03-04,27127.54
429,2012-03-05,27087.5
430,2012-03-06,27007.42
431,2012-03-07,27007.42
432,2012-03-08,27327.74
433,2012-03-09,27908.3
434,2012-03-10,28739.1
435,2012-03-11,29539.86
436,2012-03-12,30370.64
437,2012-03-13,31241.46
438,2012-03-14,32052.2
439,2012-03-15,33003.06
440,2012-03-16,33963.92
441,2012-03-17,35225.04
442,2012-03-18,36476.14
443,2012-03-19,37236.8
444,2012-03-20,37907.38
445,2012-03-21,38908.24
446,2012-03-22,39608.84
447,2012-03-23,40129.28
448,2012-03-24,40649.72
449,2012-03-25,41150.14
450,2012-03-26,41650.56
451,2012-03-27,42130.96
452,2012-03-28,42301.1
453,2012-03-29,42771.5
454,2012-03-30,43241.88
455,2012-03-31,43732.28
456,2012-04-01,44072.56
457,2012-04-02,44442.86
458,2012-04-03,44873.22
459,2012-04-04,45093.4
460,2012-04-05,45143.44
461,2012-04-06,45123.42
462,2012-04-07,45093.4
463,2012-04-08,45073.38
464,2012-04-09,45073.38
465,2012-04-10,45003.32
466,2012-04-11,45003.32
467,2012-04-12,45023.34
468,2012-04-13,44973.3
469,2012-04-14,44953.28
470,2012-04-15,44953.28
471,2012-04-16,45053.36
472,2012-04-17,45073.38
473,2012-04-18,45093.4
474,2012-04-19,45273.54
475,2012-04-20,45593.8
476,2012-04-21,45593.8
477,2012-04-22,45623.82
478,2012-04-23,45673.86
479,2012-04-24,45753.92
480,2012-04-25,45974.1
481,2012-04-26,46254.32
482,2012-04-27,46404.44
483,2012-04-28,46534.54
484,2012-04-29,46634.62
485,2012-04-30,46904.84
486,2012-05-01,47115.0
487,2012-05-02,47135.02
488,2012-05-03,47335.18
489,2012-05-04,47415.24
490,2012-05-05,47335.18
491,2012-05-06,47215.08
492,2012-05-07,47185.06
493,2012-05-08,47115.0
494,2012-05-09,47034.94
495,2012-05-10,46884.82
496,2012-05-11,46854.8
497,2012-05-12,46804.76
498,2012-05-13,46784.74
499,2012-05-14,46754.72
500,2012-05-15,46734.7
501,2012-05-16,46704.68
502,2012-05-17,46734.7
503,2012-05-18,46704.68
504,2012-05-19,46704.68
505,2012-05-20,46884.82
506,2012-05-21,47135.02
507,2012-05-22,47165.04
508,2012-05-23,47215.08
509,2012-05-24,47215.08
510,2012-05-25,47165.04
511,2012-05-26,47115.0
512,2012-05-27,47064.96
513,2012-05-28,47004.92
514,2012-05-29,46904.84
515,2012-05-30,46754.72
516,2012-05-31,46834.78
517,2012-06-01,46934.86
518,2012-06-02,46934.86
519,2012-06-03,46934.86
520,2012-06-04,46934.86
521,2012-06-05,47115.0
522,2012-06-06,47064.96
523,2012-06-07,47135.02
524,2012-06-08,47135.02
525,2012-06-09,47004.92
526,2012-06-10,46904.84
527,2012-06-11,46804.76
528,2012-06-12,46734.7
529,2012-06-13,46604.6
530,2012-06-14,46554.56
531,2012-06-15,46554.56
532,2012-06-16,46584.58
533,2012-06-17,46634.62
534,2012-06-18,46704.68
535,2012-06-19,46784.74
536,2012-06-20,46804.76
537,2012-06-21,46834.78
538,2012-06-22,47004.92
539,2012-06-23,47115.0
540,2012-06-24,47135.02
541,2012-06-25,47135.02
542,2012-06-26,47115.0
543,2012-06-27,47115.0
544,2012-06-28,47064.96
545,2012-06-29,47064.96
546,2012-06-30,47034.94
547,2012-07-01,46954.88
548,2012-07-02,46904.84
549,2012-07-03,46904.84
550,2012-07-04,46884.82
551,2012-07-05,46884.82
552,2012-07-06,46884.82
553,2012-07-07,46884.82
554,2012-07-08,46884.82
555,2012-07-09,46884.82
556,2012-07-10,46884.82
557,2012-07-11,46884.82
558,2012-07-12,46934.86
559,2012-07-13,46884.82
560,2012-07-14,46804.76
561,2012-07-15,46684.66
562,2012-07-16,46634.62
563,2012-07-17,46584.58
564,2012-07-18,46484.5
565,2012-07-19,46504.52
566,2012-07-20,46754.72
567,2012-07-21,46754.72
568,2012-07-22,46734.7
569,2012-07-23,46704.68
570,2012-07-24,46754.72
571,2012-07-25,46834.78
572,2012-07-26,46884.82
573,2012-07-27,46934.86
574,2012-07-28,46984.9
575,2012-07-29,46984.9
576,2012-07-30,46934.86
577,2012-07-31,46834.78
578,2012-08-01,46804.76
579,2012-08-02,46884.82
580,2012-08-03,46934.86
581,2012-08-04,46984.9
582,2012-08-05,47004.92
583,2012-08-06,47034.94
584,2012-08-07,47034.94
585,2012-08-08,47034.94
586,2012-08-09,47004.92
587,2012-08-10,47004.92
588,2012-08-11,46984.9
589,2012-08-12,47004.92
590,2012-08-13,46984.9
591,2012-08-14,46954.88
592,2012-08-15,46984.9
593,2012-08-16,46984.9
594,2012-08-17,47004.92
595,2012-08-18,47004.92
596,2012-08-19,47004.92
597,2012-08-20,47004.92
598,2012-08-21,47004.92
599,2012-08-22,47004.92
600,2012-08-23,47004.92
601,2012-08-24,46984.9
602,2012-08-25,47004.92
603,2012-08-26,47004.92
604,2012-08-27,47004.92
605,2012-08-28,47004.92
606,2012-08-29,47004.92
607,2012-08-30,47004.92
608,2012-08-31,47004.92
609,2012-09-01,47034.94
610,2012-09-02,47034.94
611,2012-09-03,47034.94
612,2012-09-04,46984.9
613,2012-09-05,46904.84
614,2012-09-06,46904.84
615,2012-09-07,46884.82
616,2012-09-08,46784.74
617,2012-09-09,46704.68
618,2012-09-10,46634.62
619,2012-09-11,46554.56
620,2012-09-12,46554.56
621,2012-09-13,46504.52
622,2012-09-14,46484.5
623,2012-09-15,46434.46
624,2012-09-16,46384.42
625,2012-09-17,46324.38
626,2012-09-18,46404.44
627,2012-09-19,46404.44
628,2012-09-20,46454.48
629,2012-09-21,46434.46
630,2012-09-22,46384.42
631,2012-09-23,46324.38
632,2012-09-24,46254.32
633,2012-09-25,46304.36
634,2012-09-26,46254.32
635,2012-09-27,46204.28
636,2012-09-28,46174.26
637,2012-09-29,46104.2
638,2012-09-30,46024.14
639,2012-10-01,45954.08
640,2012-10-02,45924.06
641,2012-10-03,45823.98
642,2012-10-04,45723.9
643,2012-10-05,45673.86
644,2012-10-06,45593.8
645,2012-10-07,45523.74
646,2012-10-08,45443.68
647,2012-10-09,45393.64
648,2012-10-10,45323.58
649,2012-10-11,45243.52
650,2012-10-12,45193.48
651,2012-10-13,45093.4
652,2012-10-14,45123.42
653,2012-10-15,45023.34
654,2012-10-16,44853.2
655,2012-10-17,44733.1
656,2012-10-18,44703.08
657,2012-10-19,44633.02
658,2012-10-20,44532.94
659,2012-10-21,44412.84
660,2012-10-22,44342.78
661,2012-10-23,44222.68
662,2012-10-24,44092.58
663,2012-10-25,44002.5
664,2012-10-26,43902.42
665,2012-10-27,44022.52
666,2012-10-28,44022.52
667,2012-10-29,44122.6
668,2012-10-30,44312.76
669,2012-10-31,43852.38
670,2012-11-01,43241.88
671,2012-11-02,42391.18
672,2012-11-03,41680.58
673,2012-11-04,40889.92
674,2012-11-05,40129.28
675,2012-11-06,39428.68
676,2012-11-07,39098.4
677,2012-11-08,38978.3
678,2012-11-09,38868.2
679,2012-11-10,38748.1
680,2012-11-11,38748.1
681,2012-11-12,38728.08
682,2012-11-13,38628.0
683,2012-11-14,38557.94
684,2012-11-15,38437.84
685,2012-11-16,38397.8
686,2012-11-17,38327.74
687,2012-11-18,38257.68
688,2012-11-19,38658.02
689,2012-11-20,38698.06
690,2012-11-21,38678.04
691,2012-11-22,38607.98
692,2012-11-23,38798.14
693,2012-11-24,38818.16
694,2012-11-25,38728.08
695,2012-11-26,38658.02
696,2012-11-27,38557.94
697,2012-11-28,38487.88
698,2012-11-29,38397.8
699,2012-11-30,38467.86
700,2012-12-01,38437.84
701,2012-12-02,38487.88
702,2012-12-03,38517.9
703,2012-12-04,38678.04
704,2012-12-05,38628.0
705,2012-12-06,38678.04
706,2012-12-07,38678.04
707,2012-12-08,38587.96
708,2012-12-09,38557.94
709,2012-12-10,38487.88
710,2012-12-11,38487.88
711,2012-12-12,38437.84
712,2012-12-13,38367.78
713,2012-12-14,38367.78
714,2012-12-15,38327.74
715,2012-12-16,38367.78
716,2012-12-17,38347.76
717,2012-12-18,38297.72
718,2012-12-19,38327.74
719,2012-12-20,38297.72
720,2012-12-21,38297.72
721,2012-12-22,38207.64
722,2012-12-23,38207.64
723,2012-12-24,38117.56
724,2012-12-25,38137.58
725,2012-12-26,38137.58
726,2012-12-27,38047.5
727,2012-12-28,38017.48
728,2012-12-29,37927.4
729,2012-12-30,37837.32
730,2012-12-31,37747.24
731,2013-01-01,37627.14
732,2013-01-02,37537.06
733,2013-01-03,37467.0
734,2013-01-04,37376.92
735,2013-01-05,37326.88
736,2013-01-06,37236.8
737,2013-01-07,37216.78
738,2013-01-08,37146.72
739,2013-01-09,36776.4
740,2013-01-10,36045.76
741,2013-01-11,35225.04
742,2013-01-12,34434.34
743,2013-01-13,33643.64
744,2013-01-14,32852.92
745,2013-01-15,32032.18
746,2013-01-16,31221.44
747,2013-01-17,30430.7
748,2013-01-18,29639.96
749,2013-01-19,28839.2
750,2013-01-20,28058.44
751,2013-01-21,27227.64
752,2013-01-22,26426.84
753,2013-01-23,26146.56
754,2013-01-24,26126.54
755,2013-01-25,26106.52
756,2013-01-26,26076.48
757,2013-01-27,26106.52
758,2013-01-28,26186.6
759,2013-01-29,26306.72
760,2013-01-30,26366.78
761,2013-01-31,26386.8
762,2013-02-01,26306.72
763,2013-02-02,26226.64
764,2013-02-03,26146.56
765,2013-02-04,26036.44
766,2013-02-05,26036.44
767,2013-02-06,26016.42
768,2013-02-07,25976.38
769,2013-02-08,25936.34
770,2013-02-09,25836.24
771,2013-02-10,25836.24
772,2013-02-11,25916.32
773,2013-02-12,25996.4
774,2013-02-13,25996.4
775,2013-02-14,26056.46
776,2013-02-15,26056.46
777,2013-02-16,25976.38
778,2013-02-17,26056.46
779,2013-02-18,26016.42
780,2013-02-19,25996.4
781,2013-02-20,26056.46
782,2013-02-21,26076.48
783,2013-02-22,26166.58
784,2013-02-23,26186.6
785,2013-02-24,26406.82
786,2013-02-25,26406.82
787,2013-02-26,26406.82
788,2013-02-27,26486.9
789,2013-02-28,26546.96
790,2013-03-01,26647.06
791,2013-03-02,26687.1
792,2013-03-03,26867.28
793,2013-03-04,26867.28
794,2013-03-05,26867.28
795,2013-03-06,27207.62
796,2013-03-07,27728.12
797,2013-03-08,28198.58
798,2013-03-09,28799.16
799,2013-03-10,29359.7
800,2013-03-11,29940.24
801,2013-03-12,30560.82
802,2013-03-13,31261.48
803,2013-03-14,32272.4
804,2013-03-15,33313.34
805,2013-03-16,34364.28
806,2013-03-17,35315.12
807,2013-03-18,36275.96
808,2013-03-19,37256.82
809,2013-03-20,38397.8
810,2013-03-21,39378.64
811,2013-03-22,40319.44
812,2013-03-23,40819.86
813,2013-03-24,41270.24
814,2013-03-25,41720.62
815,2013-03-26,42201.02
816,2013-03-27,42631.38
817,2013-03-28,43021.7
818,2013-03-29,43412.02
819,2013-03-30,43782.32
820,2013-03-31,44142.62
821,2013-04-01,44392.82
822,2013-04-02,44482.9
823,2013-04-03,44582.98
824,2013-04-04,44753.12
825,2013-04-05,45053.36
826,2013-04-06,45323.58
827,2013-04-07,45854.0
828,2013-04-08,46054.16
829,2013-04-09,46004.12
830,2013-04-10,45974.1
831,2013-04-11,45904.04
832,2013-04-12,45954.08
833,2013-04-13,45874.02
834,2013-04-14,45803.96
835,2013-04-15,45723.9
836,2013-04-16,45623.82
837,2013-04-17,45573.78
838,2013-04-18,45593.8
839,2013-04-19,45904.04
840,2013-04-20,45924.06
841,2013-04-21,45854.0
842,2013-04-22,45773.94
843,2013-04-23,45773.94
844,2013-04-24,45773.94
845,2013-04-25,45773.94
846,2013-04-26,45773.94
847,2013-04-27,45773.94
848,2013-04-28,45773.94
849,2013-04-29,45723.9
850,2013-04-30,45623.82
851,2013-05-01,45803.96
852,2013-05-02,46054.16
853,2013-05-03,46324.38
854,2013-05-04,46584.58
855,2013-05-05,46834.78
856,2013-05-06,47235.1
857,2013-05-07,47565.36
858,2013-05-08,47665.44
859,2013-05-09,47135.02
860,2013-05-10,47135.02
861,2013-05-11,47115.0
862,2013-05-12,47185.06
863,2013-05-13,47215.08
864,2013-05-14,47165.04
865,2013-05-15,47084.98
866,2013-05-16,47064.96
867,2013-05-17,47034.94
868,2013-05-18,46984.9
869,2013-05-19,46904.84
870,2013-05-20,46834.78
871,2013-05-21,46884.82
872,2013-05-22,46884.82
873,2013-05-23,46834.78
874,2013-05-24,46834.78
875,2013-05-25,46834.78
876,2013-05-26,46834.78
877,2013-05-27,46904.84
878,2013-05-28,46954.88
879,2013-05-29,46984.9
880,2013-05-30,46954.88
881,2013-05-31,46904.84
882,2013-06-01,46854.8
883,2013-06-02,46884.82
884,2013-06-03,46834.78
885,2013-06-04,46854.8
886,2013-06-05,46854.8
887,2013-06-06,46854.8
888,2013-06-07,46854.8
889,2013-06-08,46854.8
890,2013-06-09,46854.8
891,2013-06-10,46854.8
892,2013-06-11,46904.84
893,2013-06-12,46904.84
894,2013-06-13,46904.84
895,2013-06-14,46904.84
896,2013-06-15,46934.86
897,2013-06-16,46934.86
898,2013-06-17,46934.86
899,2013-06-18,46954.88
900,2013-06-19,46984.9
901,2013-06-20,47034.94
902,2013-06-21,47034.94
903,2013-06-22,47034.94
904,2013-06-23,47034.94
905,2013-06-24,47115.0
906,2013-06-25,47084.98
907,2013-06-26,47004.92
908,2013-06-27,46954.88
909,2013-06-28,46904.84
910,2013-06-29,46934.86
911,2013-06-30,46934.86
912,2013-07-01,46954.88
913,2013-07-02,46934.86
914,2013-07-03,46934.86
915,2013-07-04,46934.86
916,2013-07-05,46954.88
917,2013-07-06,46954.88
918,2013-07-07,46984.9
919,2013-07-08,46984.9
920,2013-07-09,46984.9
921,2013-07-10,46984.9
922,2013-07-11,46954.88
923,2013-07-12,46954.88
924,2013-07-13,46934.86
925,2013-07-14,46904.84
926,2013-07-15,46884.82
927,2013-07-16,46854.8
928,2013-07-17,46884.82
929,2013-07-18,46904.84
930,2013-07-19,46904.84
931,2013-07-20,46934.86
932,2013-07-21,46904.84
933,2013-07-22,46834.78
934,2013-07-23,46784.74
935,2013-07-24,46704.68
936,2013-07-25,46734.7
937,2013-07-26,46804.76
938,2013-07-27,46884.82
939,2013-07-28,46884.82
940,2013-07-29,46884.82
941,2013-07-30,46834.78
942,2013-07-31,46834.78
943,2013-08-01,46854.8
944,2013-08-02,46904.84
945,2013-08-03,46884.82
946,2013-08-04,46884.82
947,2013-08-05,46884.82
948,2013-08-06,46854.8
949,2013-08-07,46834.78
950,2013-08-08,46904.84
951,2013-08-09,46984.9
952,2013-08-10,46954.88
953,2013-08-11,46904.84
954,2013-08-12,46854.8
955,2013-08-13,46904.84
956,2013-08-14,46904.84
957,2013-08-15,46954.88
958,2013-08-16,46984.9
959,2013-08-17,46954.88
960,2013-08-18,46954.88
961,2013-08-19,46954.88
962,2013-08-20,46904.84
963,2013-08-21,46904.84
964,2013-08-22,46884.82
965,2013-08-23,46804.76
966,2013-08-24,46734.7
967,2013-08-25,46734.7
968,2013-08-26,46654.64
969,2013-08-27,46634.62
970,2013-08-28,46684.66
971,2013-08-29,46934.86
972,2013-08-30,46904.84
973,2013-08-31,46854.8
974,2013-09-01,46834.78
975,2013-09-02,46754.72
976,2013-09-03,46784.74
977,2013-09-04,46784.74
978,2013-09-05,47004.92
979,2013-09-06,46884.82
980,2013-09-07,46534.54
981,2013-09-08,46434.46
982,2013-09-09,46384.42
983,2013-09-10,46384.42
984,2013-09-11,46404.44
985,2013-09-12,46434.46
986,2013-09-13,46454.48
987,2013-09-14,46504.52
988,2013-09-15,46584.58
989,2013-09-16,46704.68
990,2013-09-17,46734.7
991,2013-09-18,46734.7
992,2013-09-19,46684.66
993,2013-09-20,46604.6
994,2013-09-21,46534.54
995,2013-09-22,46604.6
996,2013-09-23,46634.62
997,2013-09-24,46604.6
998,2013-09-25,46584.58
999,2013-09-26,46504.52
1000,2013-09-27,46384.42
1001,2013-09-28,46634.62
1002,2013-09-29,46754.72
1003,2013-09-30,46834.78
1004,2013-10-01,46654.64
1005,2013-10-02,45924.06
1006,2013-10-03,45393.64
1007,2013-10-04,45273.54
1008,2013-10-05,45173.46
1009,2013-10-06,45093.4
1010,2013-10-07,45003.32
1011,2013-10-08,44973.3
1012,2013-10-09,44903.24
1013,2013-10-10,44973.3
1014,2013-10-11,44903.24
1015,2013-10-12,44923.26
1016,2013-10-13,44923.26
1017,2013-10-14,44923.26
1018,2013-10-15,44923.26
1019,2013-10-16,44833.18
1020,2013-10-17,44803.16
1021,2013-10-18,44703.08
1022,2013-10-19,44582.98
1023,2013-10-20,44532.94
1024,2013-10-21,44512.92
1025,2013-10-22,44512.92
1026,2013-10-23,44462.88
1027,2013-10-24,44292.74
1028,2013-10-25,44222.68
1029,2013-10-26,44192.66
1030,2013-10-27,44122.6
1031,2013-10-28,44142.62
1032,2013-10-29,44092.58
1033,2013-10-30,44002.5
1034,2013-10-31,44022.52
1035,2013-11-01,43462.06
1036,2013-11-02,42801.52
1037,2013-11-03,41910.78
1038,2013-11-04,41150.14
1039,2013-11-05,40319.44
1040,2013-11-06,39518.76
1041,2013-11-07,38888.22
1042,2013-11-08,38517.9
1043,2013-11-09,38397.8
1044,2013-11-10,38327.74
1045,2013-11-11,38227.66
1046,2013-11-12,38137.58
1047,2013-11-13,38047.5
1048,2013-11-14,37927.4
1049,2013-11-15,37887.36
1050,2013-11-16,37767.26
1051,2013-11-17,37817.3
1052,2013-11-18,37907.38
1053,2013-11-19,37887.36
1054,2013-11-20,37787.28
1055,2013-11-21,37717.22
1056,2013-11-22,37717.22
1057,2013-11-23,37747.24
1058,2013-11-24,37717.22
1059,2013-11-25,37717.22
1060,2013-11-26,37817.3
1061,2013-11-27,37817.3
1062,2013-11-28,37787.28
1063,2013-11-29,37767.26
1064,2013-11-30,37767.26
1065,2013-12-01,37927.4
1066,2013-12-02,37857.34
1067,2013-12-03,37817.3
1068,2013-12-04,37837.32
1069,2013-12-05,37887.36
1070,2013-12-06,37907.38
1071,2013-12-07,37957.42
1072,2013-12-08,37997.46
1073,2013-12-09,37977.44
1074,2013-12-10,38017.48
1075,2013-12-11,38017.48
1076,2013-12-12,38117.56
1077,2013-12-13,38117.56
1078,2013-12-14,38047.5
1079,2013-12-15,38067.52
1080,2013-12-16,38017.48
1081,2013-12-17,37997.46
1082,2013-12-18,37957.42
1083,2013-12-19,37927.4
1084,2013-12-20,37927.4
1085,2013-12-21,37977.44
1086,2013-12-22,37977.44
1087,2013-12-23,37977.44
1088,2013-12-24,37927.4
1089,2013-12-25,37927.4
1090,2013-12-26,37887.36
1091,2013-12-27,37837.32
1092,2013-12-28,37787.28
1093,2013-12-29,37747.24
1094,2013-12-30,37627.14
1095,2013-12-31,37446.98
1096,2014-01-01,37096.68
1097,2014-01-02,36476.14
1098,2014-01-03,35715.48
1099,2014-01-04,34864.72
1100,2014-01-05,34054.0
1101,2014-01-06,33153.2
1102,2014-01-07,32412.52
1103,2014-01-08,31611.8
1104,2014-01-09,30881.12
1105,2014-01-10,30070.36
1106,2014-01-11,29449.78
1107,2014-01-12,28659.02
1108,2014-01-13,27848.24
1109,2014-01-14,27227.64
1110,2014-01-15,27067.48
1111,2014-01-16,26907.32
1112,2014-01-17,26727.14
1113,2014-01-18,26546.96
1114,2014-01-19,26366.78
1115,2014-01-20,26186.6
1116,2014-01-21,26036.44
1117,2014-01-22,25856.26
1118,2014-01-23,25656.06
1119,2014-01-24,25475.88
1120,2014-01-25,25275.68
1121,2014-01-26,25105.5
1122,2014-01-27,24985.38
1123,2014-01-28,25045.44
1124,2014-01-29,25395.8
1125,2014-01-30,25395.8
1126,2014-01-31,25355.76
1127,2014-02-01,25275.68
1128,2014-02-02,25175.58
1129,2014-02-03,25105.5
1130,2014-02-04,24985.38
1131,2014-02-05,24855.24
1132,2014-02-06,24755.14
1133,2014-02-07,24655.04
1134,2014-02-08,24564.94
1135,2014-02-09,24464.84
1136,2014-02-10,24504.88
1137,2014-02-11,24464.84
1138,2014-02-12,24464.84
1139,2014-02-13,24394.76
1140,2014-02-14,24394.76
1141,2014-02-15,24374.74
1142,2014-02-16,24444.82
1143,2014-02-17,25005.4
1144,2014-02-18,25115.52
1145,2014-02-19,25105.5
1146,2014-02-20,25025.42
1147,2014-02-21,24885.28
1148,2014-02-22,24755.14
1149,2014-02-23,24645.02
1150,2014-02-24,24695.08
1151,2014-02-25,24715.1
1152,2014-02-26,24645.02
1153,2014-02-27,24564.94
1154,2014-02-28,24484.86
1155,2014-03-01,24544.92
1156,2014-03-02,24755.14
1157,2014-03-03,25175.58
1158,2014-03-04,25596.0
1159,2014-03-05,26206.62
1160,2014-03-06,26627.04
1161,2014-03-07,26827.24
1162,2014-03-08,27207.62
1163,2014-03-09,28038.42
1164,2014-03-10,29219.56
1165,2014-03-11,29920.22
1166,2014-03-12,29980.28
1167,2014-03-13,30030.32
1168,2014-03-14,30520.78
1169,2014-03-15,30841.08
1170,2014-03-16,31641.82
1171,2014-03-17,32052.2
1172,2014-03-18,32142.28
1173,2014-03-19,32692.78
1174,2014-03-20,33043.1
1175,2014-03-21,33373.4
1176,2014-03-22,33693.68
1177,2014-03-23,34003.96
1178,2014-03-24,34294.22
1179,2014-03-25,34504.4
1180,2014-03-26,34634.52
1181,2014-03-27,34654.54
1182,2014-03-28,34794.66
1183,2014-03-29,34954.8
1184,2014-03-30,35225.04
1185,2014-03-31,35695.46
1186,2014-04-01,36436.1
1187,2014-04-02,36456.12
1188,2014-04-03,37096.68
1189,2014-04-04,37887.36
1190,2014-04-05,38838.18
1191,2014-04-06,39778.98
1192,2014-04-07,40699.76
1193,2014-04-08,41650.56
1194,2014-04-09,42581.34
1195,2014-04-10,43361.98
1196,2014-04-11,43782.32
1197,2014-04-12,44122.6
1198,2014-04-13,44292.74
1199,2014-04-14,44292.74
1200,2014-04-15,44362.8
1201,2014-04-16,44613.0
1202,2014-04-17,44903.24
1203,2014-04-18,44973.3
1204,2014-04-19,45143.44
1205,2014-04-20,45243.52
1206,2014-04-21,45343.6
1207,2014-04-22,45703.88
1208,2014-04-23,45904.04
1209,2014-04-24,46174.26
1210,2014-04-25,46224.3
1211,2014-04-26,46254.32
1212,2014-04-27,46354.4
1213,2014-04-28,46404.44
1214,2014-04-29,46434.46
1215,2014-04-30,46404.44
1216,2014-05-01,46404.44
1217,2014-05-02,46404.44
1218,2014-05-03,46534.54
1219,2014-05-04,46604.6
1220,2014-05-05,46654.64
1221,2014-05-06,46634.62
1222,2014-05-07,46684.66
1223,2014-05-08,46754.72
1224,2014-05-09,46834.78
1225,2014-05-10,46804.76
1226,2014-05-11,46684.66
1227,2014-05-12,46654.64
1228,2014-05-13,46604.6
1229,2014-05-14,46634.62
1230,2014-05-15,46634.62
1231,2014-05-16,46634.62
1232,2014-05-17,46634.62
1233,2014-05-18,46684.66
1234,2014-05-19,46684.66
1235,2014-05-20,46704.68
1236,2014-05-21,46704.68
1237,2014-05-22,46704.68
1238,2014-05-23,46754.72
1239,2014-05-24,46754.72
1240,2014-05-25,46834.78
1241,2014-05-26,46834.78
1242,2014-05-27,46754.72
1243,2014-05-28,46734.7
1244,2014-05-29,46634.62
1245,2014-05-30,46584.58
1246,2014-05-31,46554.56
1247,2014-06-01,46584.58
1248,2014-06-02,46634.62
1249,2014-06-03,46634.62
1250,2014-06-04,46684.66
1251,2014-06-05,46704.68
1252,2014-06-06,46734.7
1253,2014-06-07,46784.74
1254,2014-06-08,46804.76
1255,2014-06-09,46834.78
1256,2014-06-10,46854.8
1257,2014-06-11,46904.84
1258,2014-06-12,46934.86
1259,2014-06-13,47034.94
1260,2014-06-14,47115.0
1261,2014-06-15,47084.98
1262,2014-06-16,47084.98
1263,2014-06-17,47115.0
1264,2014-06-18,47084.98
1265,2014-06-19,47004.92
1266,2014-06-20,46954.88
1267,2014-06-21,46954.88
1268,2014-06-22,46984.9
1269,2014-06-23,46984.9
1270,2014-06-24,46984.9
1271,2014-06-25,47115.0
1272,2014-06-26,47185.06
1273,2014-06-27,47285.14
1274,2014-06-28,47415.24
1275,2014-06-29,47415.24
1276,2014-06-30,47215.08
1277,2014-07-01,47165.04
1278,2014-07-02,47135.02
1279,2014-07-03,47135.02
1280,2014-07-04,47115.0
1281,2014-07-05,47135.02
1282,2014-07-06,47135.02
1283,2014-07-07,47215.08
1284,2014-07-08,47365.2
1285,2014-07-09,47315.16
1286,2014-07-10,47315.16
1287,2014-07-11,47335.18
1288,2014-07-12,47335.18
1289,2014-07-13,47435.26
1290,2014-07-14,47515.32
1291,2014-07-15,47585.38
1292,2014-07-16,47665.44
1293,2014-07-17,47715.48
1294,2014-07-18,47635.42
1295,2014-07-19,47615.4
1296,2014-07-20,47535.34
1297,2014-07-21,47565.36
1298,2014-07-22,47535.34
1299,2014-07-23,47765.52
1300,2014-07-24,47715.48
1301,2014-07-25,47635.42
1302,2014-07-26,47585.38
1303,2014-07-27,47515.32
1304,2014-07-28,47465.28
1305,2014-07-29,47385.22
1306,2014-07-30,47285.14
1307,2014-07-31,47215.08
1308,2014-08-01,47135.02
1309,2014-08-02,47064.96
1310,2014-08-03,46984.9
1311,2014-08-04,46904.84
1312,2014-08-05,46854.8
1313,2014-08-06,46754.72
1314,2014-08-07,46704.68
1315,2014-08-08,46604.6
1316,2014-08-09,46534.54
1317,2014-08-10,46434.46
1318,2014-08-11,46354.4
1319,2014-08-12,46454.48
1320,2014-08-13,46634.62
1321,2014-08-14,46554.56
1322,2014-08-15,46484.5
1323,2014-08-16,46454.48
1324,2014-08-17,46354.4
1325,2014-08-18,46274.34
1326,2014-08-19,46174.26
1327,2014-08-20,46104.2
1328,2014-08-21,46054.16
1329,2014-08-22,45924.06
1330,2014-08-23,45874.02
1331,2014-08-24,45823.98
1332,2014-08-25,45773.94
1333,2014-08-26,45723.9
1334,2014-08-27,45673.86
1335,2014-08-28,45593.8
1336,2014-08-29,45473.7
1337,2014-08-30,45623.82
1338,2014-08-31,45543.76
1339,2014-09-01,45523.74
1340,2014-09-02,45443.68
1341,2014-09-03,45393.64
1342,2014-09-04,45323.58
1343,2014-09-05,45273.54
1344,2014-09-06,45193.48
1345,2014-09-07,45093.4
1346,2014-09-08,45053.36
1347,2014-09-09,44973.3
1348,2014-09-10,44903.24
1349,2014-09-11,44803.16
1350,2014-09-12,44683.06
1351,2014-09-13,44512.92
1352,2014-09-14,44362.8
1353,2014-09-15,43161.82
1354,2014-09-16,41530.46
1355,2014-09-17,39869.06
1356,2014-09-18,38257.68
1357,2014-09-19,36596.24
1358,2014-09-20,34924.78
1359,2014-09-21,33293.32
1360,2014-09-22,31641.82
1361,2014-09-23,30070.36
1362,2014-09-24,28568.94
1363,2014-09-25,27387.8
1364,2014-09-26,26506.92
1365,2014-09-27,26016.42
1366,2014-09-28,25816.22
1367,2014-09-29,25656.06
1368,2014-09-30,25495.9
1369,2014-10-01,25395.8
1370,2014-10-02,25335.74
1371,2014-10-03,25315.72
1372,2014-10-04,25275.68
1373,2014-10-05,25235.64
1374,2014-10-06,25195.6
1375,2014-10-07,25175.58
1376,2014-10-08,25155.56
1377,2014-10-09,24044.4
1378,2014-10-10,22342.58
1379,2014-10-11,20760.8
1380,2014-10-12,19689.56
1381,2014-10-13,18017.54
1382,2014-10-14,16315.4
1383,2014-10-15,15083.78
1384,2014-10-16,14052.4
1385,2014-10-17,13030.98
1386,2014-10-18,11989.52
1387,2014-10-19,10939.98
1388,2014-10-20,9809.28
1389,2014-10-21,8743.52
1390,2014-10-22,7649.5599999999995
1391,2014-10-23,6039.6
1392,2014-10-24,5202.723333333333
1393,2014-10-25,4365.846666666666
1394,2014-10-26,3528.9700000000003
1395,2014-10-27,2692.0933333333332
1396,2014-10-28,1855.2166666666662
1397,2014-10-29,1018.34
1398,2014-10-30,1015.68
1399,2014-10-31,1013.04
1400,2014-11-01,1009.92
1401,2014-11-02,1006.6
1402,2014-11-03,1005.1466666666666
1403,2014-11-04,1003.6933333333334
1404,2014-11-05,1002.24
1405,2014-11-06,1001.64
1406,2014-11-07,1001.18
1407,2014-11-08,1000.74
1408,2014-11-09,1000.58
1409,2014-11-10,1000.5
1410,2014-11-11,1000.38
1411,2014-11-12,1000.42
1412,2014-11-13,1000.36
1413,2014-11-14,1000.02
1414,2014-11-15,999.76
1415,2014-11-16,999.54
1416,2014-11-17,999.34
1417,2014-11-18,999.18
1418,2014-11-19,999.08
1419,2014-11-20,999.0
1420,2014-11-21,999.02
1421,2014-11-22,999.06
1422,2014-11-23,999.16
1423,2014-11-24,999.1
1424,2014-11-25,999.96
1425,2014-11-26,1000.78
1426,2014-11-27,1001.0
1427,2014-11-28,1001.42
1428,2014-11-29,1001.84
1429,2014-11-30,1001.88
1430,2014-12-01,1001.98
1431,2014-12-02,1001.92
1432,2014-12-03,1001.88
1433,2014-12-04,1001.88
1434,2014-12-05,1001.86
1435,2014-12-06,1001.98
1436,2014-12-07,1001.94
1437,2014-12-08,1002.0
1438,2014-12-09,1002.1
1439,2014-12-10,1002.44
1440,2014-12-11,1002.54
1441,2014-12-12,1002.56
1442,2014-12-13,1002.5
1443,2014-12-14,1002.44
1444,2014-12-15,1002.32
1445,2014-12-16,1002.18
1446,2014-12-17,1002.12
1447,2014-12-18,1002.12
1448,2014-12-19,1002.1
1449,2014-12-20,1002.22
1450,2014-12-21,1002.44
1451,2014-12-22,1002.4
1452,2014-12-23,1002.58
1453,2014-12-24,1003.3
1454,2014-12-25,1003.38
1455,2014-12-26,1003.28
1456,2014-12-27,1003.22
1457,2014-12-28,1003.2
1458,2014-12-29,1003.12
1459,2014-12-30,1002.92
1460,2014-12-31,1002.8
1461,2015-01-01,1002.6
1462,2015-01-02,1002.5
1463,2015-01-03,1002.44
1464,2015-01-04,1002.48
1465,2015-01-05,1002.84
1466,2015-01-06,1002.88
1467,2015-01-07,1002.8
1468,2015-01-08,1002.68
1469,2015-01-09,1002.56
1470,2015-01-10,1002.5
1471,2015-01-11,1002.4
1472,2015-01-12,1002.3
1473,2015-01-13,1002.2
1474,2015-01-14,1002.1
1475,2015-01-15,1002.38
1476,2015-01-16,1002.32
1477,2015-01-17,1002.64
1478,2015-01-18,1003.1
1479,2015-01-19,1003.2
1480,2015-01-20,1003.3
1481,2015-01-21,1003.48
1482,2015-01-22,1003.68
1483,2015-01-23,1003.74
1484,2015-01-24,1003.8
1485,2015-01-25,1003.7
1486,2015-01-26,1003.52
1487,2015-01-27,1003.3
1488,2015-01-28,1003.08
1489,2015-01-29,1002.9
1490,2015-01-30,1002.74
1491,2015-01-31,1002.56
1492,2015-02-01,1002.5
1493,2015-02-02,1002.46
1494,2015-02-03,1002.46
1495,2015-02-04,1002.62
1496,2015-02-05,1003.12
1497,2015-02-06,1003.68
1498,2015-02-07,1004.38
1499,2015-02-08,1004.82
1500,2015-02-09,1004.94
1501,2015-02-10,1004.96
1502,2015-02-11,1004.82
1503,2015-02-12,1004.8
1504,2015-02-13,1004.58
1505,2015-02-14,1004.32
1506,2015-02-15,1004.06
1507,2015-02-16,1004.04
1508,2015-02-17,1004.14
1509,2015-02-18,1004.24
1510,2015-02-19,1004.36
1511,2015-02-20,1004.54
1512,2015-02-21,1004.68
1513,2015-02-22,1004.76
1514,2015-02-23,1004.82
1515,2015-02-24,1004.86
1516,2015-02-25,1004.94
1517,2015-02-26,1005.08
1518,2015-02-27,1005.46
1519,2015-02-28,1005.54
1520,2015-03-01,1005.32
1521,2015-03-02,1005.3
1522,2015-03-03,1005.36
1523,2015-03-04,1005.42
1524,2015-03-05,1005.48
1525,2015-03-06,1005.52
1526,2015-03-07,1005.56
1527,2015-03-08,1005.62
1528,2015-03-09,1005.64
1529,2015-03-10,1005.64
1530,2015-03-11,1005.74
1531,2015-03-12,1005.78
1532,2015-03-13,1005.82
1533,2015-03-14,1006.08
1534,2015-03-15,1007.02
1535,2015-03-16,1007.42
1536,2015-03-17,1008.14
1537,2015-03-18,1010.26
1538,2015-03-19,1011.92
1539,2015-03-20,1013.4
1540,2015-03-21,1015.78
1541,2015-03-22,1018.16
1542,2015-03-23,1019.52
1543,2015-03-24,1021.32
1544,2015-03-25,1023.02
1545,2015-03-26,1026.26
1546,2015-03-27,1698.92
1547,2015-03-28,3528.7
1548,2015-03-29,5462.5
1549,2015-03-30,7075.52
1550,2015-03-31,8371.86
1551,2015-04-01,9296.5
1552,2015-04-02,10085.7
1553,2015-04-03,10898.92
1554,2015-04-04,11388.64
1555,2015-04-05,11709.1
1556,2015-04-06,11989.52
1557,2015-04-07,12319.98
1558,2015-04-08,12380.06
1559,2015-04-09,12460.18
1560,2015-04-10,12620.4
1561,2015-04-11,12840.72
1562,2015-04-12,13111.1
1563,2015-04-13,13221.26
1564,2015-04-14,13641.84
1565,2015-04-15,13852.119999999999
1566,2015-04-16,13972.28
1567,2015-04-17,14142.52
1568,2015-04-18,14292.72
1569,2015-04-19,14392.86
1570,2015-04-20,14472.96
1571,2015-04-21,14573.1
1572,2015-04-22,14703.28
1573,2015-04-23,14793.4
1574,2015-04-24,14913.56
1575,2015-04-25,15063.76
1576,2015-04-26,15093.8
1577,2015-04-27,15123.84
1578,2015-04-28,15113.82
1579,2015-04-29,15244.0
1580,2015-04-30,15354.14
1581,2015-05-01,15324.1
1582,2015-05-02,15294.06
1583,2015-05-03,15274.04
1584,2015-05-04,15264.02
1585,2015-05-05,15404.2
1586,2015-05-06,15464.28
1587,2015-05-07,15444.26
1588,2015-05-08,15434.24
1589,2015-05-09,15444.26
1590,2015-05-10,15414.22
1591,2015-05-11,15414.22
1592,2015-05-12,15474.3
1593,2015-05-13,15724.619999999999
1594,2015-05-14,16115.14
1595,2015-05-15,16265.34
1596,2015-05-16,16395.5
1597,2015-05-17,16515.66
1598,2015-05-18,16645.82
1599,2015-05-19,16836.06
1600,2015-05-20,17076.36
1601,2015-05-21,17356.72
1602,2015-05-22,17857.34
1603,2015-05-23,18347.94
1604,2015-05-24,18778.46
1605,2015-05-25,19158.92
1606,2015-05-26,19349.16
1607,2015-05-27,19489.32
1608,2015-05-28,19569.42
1609,2015-05-29,19669.54
1610,2015-05-30,19719.6
1611,2015-05-31,19699.58
1612,2015-06-01,19769.66
1613,2015-06-02,19789.68
1614,2015-06-03,19789.68
1615,2015-06-04,19759.64
1616,2015-06-05,19719.6
1617,2015-06-06,19699.58
1618,2015-06-07,19669.54
1619,2015-06-08,19619.48
1620,2015-06-09,19689.56
1621,2015-06-10,20620.64
1622,2015-06-11,22252.48
1623,2015-06-12,23704.04
1624,2015-06-13,25135.54
1625,2015-06-14,26546.96
1626,2015-06-15,27928.32
1627,2015-06-16,29489.82
1628,2015-06-17,31221.44
1629,2015-06-18,32822.9
1630,2015-06-19,33733.72
1631,2015-06-20,34054.0
1632,2015-06-21,34054.0
1633,2015-06-22,33963.92
1634,2015-06-23,33913.88
1635,2015-06-24,33843.82
1636,2015-06-25,33893.86
1637,2015-06-26,33873.84
1638,2015-06-27,33913.88
1639,2015-06-28,33913.88
1640,2015-06-29,34454.36
1641,2015-06-30,35495.28
1642,2015-07-01,36436.1
1643,2015-07-02,37607.12
1644,2015-07-03,38748.1
1645,2015-07-04,39799.0
1646,2015-07-05,40699.76
1647,2015-07-06,41410.36
1648,2015-07-07,42231.04
1649,2015-07-08,42751.48
1650,2015-07-09,42851.56
1651,2015-07-10,42921.62
1652,2015-07-11,42921.62
1653,2015-07-12,42921.62
1654,2015-07-13,42871.58
1655,2015-07-14,42771.5
1656,2015-07-15,42701.44
1657,2015-07-16,42611.36
1658,2015-07-17,42541.3
1659,2015-07-18,42541.3
1660,2015-07-19,42461.24
1661,2015-07-20,42391.18
1662,2015-07-21,42371.16
1663,2015-07-22,42321.12
1664,2015-07-23,42251.06
1665,2015-07-24,42181.0
1666,2015-07-25,42130.96
1667,2015-07-26,42110.94
1668,2015-07-27,42150.98
1669,2015-07-28,42130.96
1670,2015-07-29,42060.9
1671,2015-07-30,42110.94
1672,2015-07-31,42461.24
1673,2015-08-01,42631.38
1674,2015-08-02,42801.52
1675,2015-08-03,42751.48
1676,2015-08-04,42681.42
1677,2015-08-05,42561.32
1678,2015-08-06,42851.56
1679,2015-08-07,43412.02
1680,2015-08-08,44002.5
1681,2015-08-09,44512.92
1682,2015-08-10,45123.42
1683,2015-08-11,45823.98
1684,2015-08-12,46734.7
1685,2015-08-13,47315.16
1686,2015-08-14,47315.16
1687,2015-08-15,47235.1
1688,2015-08-16,47135.02
1689,2015-08-17,47084.98
1690,2015-08-18,47004.92
1691,2015-08-19,46934.86
1692,2015-08-20,46904.84
1693,2015-08-21,46854.8
1694,2015-08-22,46784.74
1695,2015-08-23,46784.74
1696,2015-08-24,46704.68
1697,2015-08-25,46684.66
1698,2015-08-26,46684.66
1699,2015-08-27,46654.64
1700,2015-08-28,46704.68
1701,2015-08-29,46804.76
1702,2015-08-30,46954.88
1703,2015-08-31,46884.82
1704,2015-09-01,46884.82
1705,2015-09-02,46854.8
1706,2015-09-03,46784.74
1707,2015-09-04,46734.7
1708,2015-09-05,46654.64
1709,2015-09-06,46634.62
1710,2015-09-07,46554.56
1711,2015-09-08,46504.52
1712,2015-09-09,46434.46
1713,2015-09-10,46384.42
1714,2015-09-11,46324.38
1715,2015-09-12,46274.34
1716,2015-09-13,46204.28
1717,2015-09-14,46124.22
1718,2015-09-15,46054.16
1719,2015-09-16,46004.12
1720,2015-09-17,46004.12
1721,2015-09-18,45924.06
1722,2015-09-19,45874.02
1723,2015-09-20,45854.0
1724,2015-09-21,45803.96
1725,2015-09-22,45753.92
1726,2015-09-23,45673.86
1727,2015-09-24,45623.82
1728,2015-09-25,45653.84
1729,2015-09-26,45573.78
1730,2015-09-27,45523.74
1731,2015-09-28,45443.68
1732,2015-09-29,45393.64
1733,2015-09-30,45343.6
1734,2015-10-01,45293.56
1735,2015-10-02,45393.64
1736,2015-10-03,45343.6
1737,2015-10-04,45293.56
1738,2015-10-05,45223.5
1739,2015-10-06,45173.46
1740,2015-10-07,45273.54
1741,2015-10-08,45273.54
1742,2015-10-09,45223.5
1743,2015-10-10,45273.54
1744,2015-10-11,45193.48
1745,2015-10-12,45173.46
1746,2015-10-13,45143.44
1747,2015-10-14,45093.4
1748,2015-10-15,45053.36
1749,2015-10-16,45023.34
1750,2015-10-17,44973.3
1751,2015-10-18,44973.3
1752,2015-10-19,45003.32
1753,2015-10-20,44953.28
1754,2015-10-21,44903.24
1755,2015-10-22,44853.2
1756,2015-10-23,44803.16
1757,2015-10-24,44783.14
1758,2015-10-25,44733.1
1759,2015-10-26,44803.16
1760,2015-10-27,44753.12
1761,2015-10-28,44733.1
1762,2015-10-29,44753.12
1763,2015-10-30,44923.26
1764,2015-10-31,45573.78
1765,2015-11-01,45803.96
1766,2015-11-02,45823.98
1767,2015-11-03,45803.96
1768,2015-11-04,45753.92
1769,2015-11-05,45723.9
1770,2015-11-06,45653.84
1771,2015-11-07,45723.9
1772,2015-11-08,45753.92
1773,2015-11-09,45753.92
1774,2015-11-10,45673.86
1775,2015-11-11,45673.86
1776,2015-11-12,45653.84
1777,2015-11-13,45974.1
1778,2015-11-14,46734.7
1779,2015-11-15,46504.52
1780,2015-11-16,45823.98
1781,2015-11-17,45443.68
1782,2015-11-18,44803.16
1783,2015-11-19,44072.56
1784,2015-11-20,43241.88
1785,2015-11-21,42901.6
1786,2015-11-22,42771.5
1787,2015-11-23,42301.1
1788,2015-11-24,41530.46
1789,2015-11-25,40719.78
1790,2015-11-26,39939.12
1791,2015-11-27,39118.42
1792,2015-11-28,38768.12
1793,2015-11-29,38658.02
1794,2015-11-30,38607.98
1795,2015-12-01,38678.04
1796,2015-12-02,38678.04
1797,2015-12-03,38798.14
1798,2015-12-04,38818.16
1799,2015-12-05,38868.2
1800,2015-12-06,38938.26
1801,2015-12-07,39188.48
1802,2015-12-08,39658.88
1803,2015-12-09,39518.76
1804,2015-12-10,38978.3
1805,2015-12-11,38868.2
1806,2015-12-12,38908.24
1807,2015-12-13,38868.2
1808,2015-12-14,38798.14
1809,2015-12-15,38728.08
1810,2015-12-16,38658.02
1811,2015-12-17,38768.12
1812,2015-12-18,39008.32
1813,2015-12-19,39078.38
1814,2015-12-20,39048.36
1815,2015-12-21,39358.62
1816,2015-12-22,39448.7
1817,2015-12-23,39498.74
1818,2015-12-24,39468.72
1819,2015-12-25,39358.62
1820,2015-12-26,39188.48
1821,2015-12-27,39078.38
1822,2015-12-28,39048.36
1823,2015-12-29,39048.36
1824,2015-12-30,39028.34
1825,2015-12-31,39008.32
1826,2016-01-01,39008.32
1827,2016-01-02,39008.32
1828,2016-01-03,38958.28
1829,2016-01-04,39078.38
1830,2016-01-05,39238.52
1831,2016-01-06,39188.48
1832,2016-01-07,39218.5
1833,2016-01-08,39168.46
1834,2016-01-09,39118.42
1835,2016-01-10,39098.4
1836,2016-01-11,39098.4
1837,2016-01-12,39148.44
1838,2016-01-13,39288.56
1839,2016-01-14,39288.56
1840,2016-01-15,39258.54
1841,2016-01-16,39428.68
1842,2016-01-17,39468.72
1843,2016-01-18,39498.74
1844,2016-01-19,39518.76
1845,2016-01-20,39538.78
1846,2016-01-21,39568.8
1847,2016-01-22,39608.84
1848,2016-01-23,39778.98
1849,2016-01-24,39688.9
1850,2016-01-25,39518.76
1851,2016-01-26,39398.66
1852,2016-01-27,39258.54
1853,2016-01-28,39398.66
1854,2016-01-29,39378.64
1855,2016-01-30,39238.52
1856,2016-01-31,39048.36
1857,2016-02-01,38888.22
1858,2016-02-02,38798.14
1859,2016-02-03,38798.14
1860,2016-02-04,38868.2
1861,2016-02-05,38888.22
1862,2016-02-06,38938.26
1863,2016-02-07,38938.26
1864,2016-02-08,38908.24
1865,2016-02-09,38908.24
1866,2016-02-10,38938.26
1867,2016-02-11,39008.32
1868,2016-02-12,39218.5
1869,2016-02-13,39358.62
1870,2016-02-14,39448.7
1871,2016-02-15,39638.86
1872,2016-02-16,39708.92
1873,2016-02-17,39869.06
1874,2016-02-18,39939.12
1875,2016-02-19,39969.14
1876,2016-02-20,39919.1
1877,2016-02-21,40059.22
1878,2016-02-22,40009.18
1879,2016-02-23,39939.12
1880,2016-02-24,39939.12
1881,2016-02-25,40109.26
1882,2016-02-26,40319.44
1883,2016-02-27,40629.7
1884,2016-02-28,40959.98
1885,2016-02-29,41270.24
1886,2016-03-01,41800.68
1887,2016-03-02,42321.12
1888,2016-03-03,42771.5
1889,2016-03-04,43341.96
1890,2016-03-05,43782.32
1891,2016-03-06,44042.54
1892,2016-03-07,44292.74
1893,2016-03-08,44342.78
1894,2016-03-09,44462.88
1895,2016-03-10,44462.88
1896,2016-03-11,44392.82
1897,2016-03-12,44392.82
1898,2016-03-13,44362.8
1899,2016-03-14,44532.94
1900,2016-03-15,44512.92
1901,2016-03-16,44392.82
1902,2016-03-17,44242.7
1903,2016-03-18,44142.62
1904,2016-03-19,44122.6
1905,2016-03-20,44222.68
1906,2016-03-21,44342.78
1907,2016-03-22,44362.8
1908,2016-03-23,44392.82
1909,2016-03-24,44462.88
1910,2016-03-25,44512.92
1911,2016-03-26,44633.02
1912,2016-03-27,44613.0
1913,2016-03-28,44582.98
1914,2016-03-29,44582.98
1915,2016-03-30,44562.96
1916,2016-03-31,44613.0
1917,2016-04-01,44783.14
1918,2016-04-02,44953.28
1919,2016-04-03,45123.42
1920,2016-04-04,45193.48
1921,2016-04-05,45193.48
1922,2016-04-06,45193.48
1923,2016-04-07,45193.48
1924,2016-04-08,45223.5
1925,2016-04-09,45193.48
1926,2016-04-10,45193.48
1927,2016-04-11,45223.5
1928,2016-04-12,45343.6
1929,2016-04-13,45343.6
1930,2016-04-14,45323.58
1931,2016-04-15,45323.58
1932,2016-04-16,45343.6
1933,2016-04-17,45393.64
1934,2016-04-18,45443.68
1935,2016-04-19,45423.66
1936,2016-04-20,45423.66
1937,2016-04-21,45473.7
1938,2016-04-22,45493.72
1939,2016-04-23,45573.78
1940,2016-04-24,45653.84
1941,2016-04-25,45653.84
1942,2016-04-26,45653.84
1943,2016-04-27,45653.84
1944,2016-04-28,45653.84
1945,2016-04-29,45673.86
1946,2016-04-30,45753.92
1947,2016-05-01,45874.02
1948,2016-05-02,45974.1
1949,2016-05-03,46054.16
1950,2016-05-04,46204.28
1951,2016-05-05,46304.36
1952,2016-05-06,46454.48
1953,2016-05-07,46584.58
1954,2016-05-08,46654.64
1955,2016-05-09,46734.7
1956,2016-05-10,46784.74
1957,2016-05-11,46934.86
1958,2016-05-12,47115.0
1959,2016-05-13,47365.2
1960,2016-05-14,47565.36
1961,2016-05-15,47715.48
1962,2016-05-16,47715.48
1963,2016-05-17,47565.36
1964,2016-05-18,47415.24
1965,2016-05-19,47435.26
1966,2016-05-20,47285.14
1967,2016-05-21,47265.12
1968,2016-05-22,47165.04
1969,2016-05-23,47034.94
1970,2016-05-24,47004.92
1971,2016-05-25,46984.9
1972,2016-05-26,47004.92
1973,2016-05-27,46984.9
1974,2016-05-28,46984.9
1975,2016-05-29,46984.9
1976,2016-05-30,46984.9
1977,2016-05-31,47004.92
1978,2016-06-01,47004.92
1979,2016-06-02,47064.96
1980,2016-06-03,47034.94
1981,2016-06-04,47064.96
1982,2016-06-05,47084.98
1983,2016-06-06,47064.96
1984,2016-06-07,47084.98
1985,2016-06-08,47034.94
1986,2016-06-09,47064.96
1987,2016-06-10,47064.96
1988,2016-06-11,47115.0
1989,2016-06-12,47084.98
1990,2016-06-13,47115.0
1991,2016-06-14,47215.08
1992,2016-06-15,47185.06
1993,2016-06-16,47165.04
1994,2016-06-17,47135.02
1995,2016-06-18,47135.02
1996,2016-06-19,47084.98
1997,2016-06-20,47135.02
1998,2016-06-21,47084.98
1999,2016-06-22,47034.94
2000,2016-06-23,47064.96
2001,2016-06-24,47064.96
2002,2016-06-25,47064.96
2003,2016-06-26,46984.9
2004,2016-06-27,46954.88
2005,2016-06-28,46954.88
2006,2016-06-29,46954.88
2007,2016-06-30,46984.9
2008,2016-07-01,47004.92
2009,2016-07-02,47004.92
2010,2016-07-03,46954.88
2011,2016-07-04,46954.88
2012,2016-07-05,46954.88
2013,2016-07-06,46934.86
2014,2016-07-07,46954.88
2015,2016-07-08,46954.88
2016,2016-07-09,46954.88
2017,2016-07-10,46904.84
2018,2016-07-11,46934.86
2019,2016-07-12,46954.88
2020,2016-07-13,46984.9
2021,2016-07-14,46954.88
2022,2016-07-15,47034.94
2023,2016-07-16,47034.94
2024,2016-07-17,47064.96
2025,2016-07-18,47064.96
2026,2016-07-19,47064.96
2027,2016-07-20,47064.96
2028,2016-07-21,46984.9
2029,2016-07-22,47064.96
2030,2016-07-23,47064.96
2031,2016-07-24,47084.98
2032,2016-07-25,47084.98
2033,2016-07-26,47034.94
2034,2016-07-27,47004.92
2035,2016-07-28,47034.94
2036,2016-07-29,47034.94
2037,2016-07-30,47034.94
2038,2016-07-31,46984.9
2039,2016-08-01,46984.9
2040,2016-08-02,46984.9
2041,2016-08-03,46984.9
2042,2016-08-04,46984.9
2043,2016-08-05,46984.9
2044,2016-08-06,46984.9
2045,2016-08-07,47004.92
2046,2016-08-08,47034.94
2047,2016-08-09,47004.92
2048,2016-08-10,46934.86
2049,2016-08-11,46884.82
2050,2016-08-12,46904.84
2051,2016-08-13,46854.8
2052,2016-08-14,46754.72
2053,2016-08-15,46754.72
2054,2016-08-16,46754.72
2055,2016-08-17,46784.74
2056,2016-08-18,46854.8
2057,2016-08-19,46854.8
2058,2016-08-20,46884.82
2059,2016-08-21,46854.8
2060,2016-08-22,46804.76
2061,2016-08-23,46754.72
2062,2016-08-24,46754.72
2063,2016-08-25,46804.76
2064,2016-08-26,46804.76
2065,2016-08-27,46804.76
2066,2016-08-28,46804.76
2067,2016-08-29,46784.74
2068,2016-08-30,46784.74
2069,2016-08-31,46834.78
2070,2016-09-01,46854.8
2071,2016-09-02,46754.72
2072,2016-09-03,46684.66
2073,2016-09-04,46634.62
2074,2016-09-05,46554.56
2075,2016-09-06,46554.56
2076,2016-09-07,46484.5
2077,2016-09-08,46434.46
2078,2016-09-09,46384.42
2079,2016-09-10,46304.36
2080,2016-09-11,46224.3
2081,2016-09-12,46154.24
2082,2016-09-13,46104.2
2083,2016-09-14,46024.14
2084,2016-09-15,45954.08
2085,2016-09-16,45904.04
2086,2016-09-17,45974.1
2087,2016-09-18,45924.06
2088,2016-09-19,45874.02
2089,2016-09-20,45823.98
2090,2016-09-21,45723.9
2091,2016-09-22,45673.86
2092,2016-09-23,45623.82
2093,2016-09-24,45573.78
2094,2016-09-25,45523.74
2095,2016-09-26,45473.7
2096,2016-09-27,45393.64
2097,2016-09-28,45343.6
2098,2016-09-29,45293.56
2099,2016-09-30,45223.5
2100,2016-10-01,45143.44
2101,2016-10-02,45093.4
2102,2016-10-03,45043.36
2103,2016-10-04,45023.34
2104,2016-10-05,44973.3
2105,2016-10-06,44943.28
2106,2016-10-07,44943.28
2107,2016-10-08,44943.28
2108,2016-10-09,44963.3
2109,2016-10-10,44913.26
2110,2016-10-11,44863.22
2111,2016-10-12,44813.16
2112,2016-10-13,44893.22
2113,2016-10-14,44202.66
2114,2016-10-15,43392.0
2115,2016-10-16,43001.68
2116,2016-10-17,42981.66
2117,2016-10-18,43021.7
2118,2016-10-19,43021.7
2119,2016-10-20,43191.84
2120,2016-10-21,43241.88
2121,2016-10-22,43241.88
2122,2016-10-23,43211.86
2123,2016-10-24,43191.84
2124,2016-10-25,43141.8
2125,2016-10-26,43331.96
2126,2016-10-27,43331.96
2127,2016-10-28,43281.92
2128,2016-10-29,43281.92
2129,2016-10-30,43281.92
2130,2016-10-31,43422.04
2131,2016-11-01,43452.04
2132,2016-11-02,43522.1
2133,2016-11-03,43492.08
2134,2016-11-04,43442.04
2135,2016-11-05,43712.26
2136,2016-11-06,43712.26
2137,2016-11-07,43712.26
2138,2016-11-08,43682.24
2139,2016-11-09,43682.24
2140,2016-11-10,43652.22
2141,2016-11-11,43602.18
2142,2016-11-12,43602.18
2143,2016-11-13,43632.2
2144,2016-11-14,43702.26
2145,2016-11-15,43972.48
2146,2016-11-16,43962.48
2147,2016-11-17,43942.46
2148,2016-11-18,43862.4
2149,2016-11-19,43842.38
2150,2016-11-20,43892.42
2151,2016-11-21,43912.42
2152,2016-11-22,43932.44
2153,2016-11-23,43912.42
2154,2016-11-24,43932.44
2155,2016-11-25,43952.46
2156,2016-11-26,43982.48
2157,2016-11-27,44052.54
2158,2016-11-28,44002.5
2159,2016-11-29,43972.48
2160,2016-11-30,43952.46
2161,2016-12-01,43922.44
2162,2016-12-02,43922.44
2163,2016-12-03,43972.48
2164,2016-12-04,44042.54
2165,2016-12-05,44062.56
2166,2016-12-06,44062.56
2167,2016-12-07,44062.56
2168,2016-12-08,44012.52
2169,2016-12-09,44112.6
2170,2016-12-10,44112.58
2171,2016-12-11,44132.6
2172,2016-12-12,44132.6
2173,2016-12-13,44102.58
2174,2016-12-14,44082.56
2175,2016-12-15,44102.58
2176,2016-12-16,43542.12
2177,2016-12-17,42611.36
2178,2016-12-18,42160.98
2179,2016-12-19,42271.08
2180,2016-12-20,42231.04
2181,2016-12-21,42201.02
2182,2016-12-22,42251.06
2183,2016-12-23,42301.1
2184,2016-12-24,42301.1
2185,2016-12-25,42271.08
2186,2016-12-26,42271.08
2187,2016-12-27,42271.08
2188,2016-12-28,42231.04
2189,2016-12-29,42231.04
2190,2016-12-30,42201.02
2191,2016-12-31,42160.98
2192,2017-01-01,42181.0
2193,2017-01-02,42130.96
2194,2017-01-03,42110.94
2195,2017-01-04,42040.88
2196,2017-01-05,42020.86
2197,2017-01-06,41970.82
2198,2017-01-07,41940.8
2199,2017-01-08,41970.82
2200,2017-01-09,41990.84
2201,2017-01-10,41990.84
2202,2017-01-11,41950.8
2203,2017-01-12,41920.78
2204,2017-01-13,41830.7
2205,2017-01-14,41680.58
2206,2017-01-15,41540.46
2207,2017-01-16,41400.34
2208,2017-01-17,41110.1
2209,2017-01-18,40609.68
2210,2017-01-19,39809.0
2211,2017-01-20,38988.3
2212,2017-01-21,38127.56
2213,2017-01-22,37847.32
2214,2017-01-23,37847.32
2215,2017-01-24,37757.24
2216,2017-01-25,37707.2
2217,2017-01-26,37436.96
2218,2017-01-27,36926.52
2219,2017-01-28,36396.06
2220,2017-01-29,35895.64
2221,2017-01-30,34894.76
2222,2017-01-31,33703.7
2223,2017-02-01,33213.26
2224,2017-02-02,32882.96
2225,2017-02-03,32752.84
2226,2017-02-04,32812.9
2227,2017-02-05,33123.18
2228,2017-02-06,33083.14
2229,2017-02-07,32752.84
2230,2017-02-08,32732.82
2231,2017-02-09,32752.84
2232,2017-02-10,32492.6
2233,2017-02-11,32462.58
2234,2017-02-12,32462.58
2235,2017-02-13,32472.58
2236,2017-02-14,32472.58
2237,2017-02-15,32802.88
2238,2017-02-16,33153.2
2239,2017-02-17,33083.14
2240,2017-02-18,32973.04
2241,2017-02-19,32842.92
2242,2017-02-20,32912.98
2243,2017-02-21,32993.06
2244,2017-02-22,33023.08
2245,2017-02-23,33043.1
2246,2017-02-24,33023.08
2247,2017-02-25,33043.1
2248,2017-02-26,33133.18
2249,2017-02-27,33263.3
2250,2017-02-28,34023.98
2251,2017-03-01,34924.78
2252,2017-03-02,35805.56
2253,2017-03-03,36476.14
2254,2017-03-04,37116.7
2255,2017-03-05,37767.26
2256,2017-03-06,38417.82
2257,2017-03-07,39168.46
2258,2017-03-08,39869.06
2259,2017-03-09,40699.76
2260,2017-03-10,41440.38
2261,2017-03-11,42150.98
2262,2017-03-12,42771.5
2263,2017-03-13,43632.2
2264,2017-03-14,43952.46
2265,2017-03-15,44492.9
2266,2017-03-16,44532.94
2267,2017-03-17,44683.06
2268,2017-03-18,44983.3
2269,2017-03-19,45003.32
2270,2017-03-20,45073.38
2271,2017-03-21,45173.46
2272,2017-03-22,45153.44
2273,2017-03-23,45103.4
2274,2017-03-24,45073.38
2275,2017-03-25,45053.36
2276,2017-03-26,45053.36
2277,2017-03-27,45033.34
2278,2017-03-28,45033.34
2279,2017-03-29,45173.46
2280,2017-03-30,45173.46
2281,2017-03-31,45153.44
2282,2017-04-01,45223.5
2283,2017-04-02,45203.48
2284,2017-04-03,45053.36
2285,2017-04-04,45003.32
2286,2017-04-05,45083.38
2287,2017-04-06,45083.38
2288,2017-04-07,45103.4
2289,2017-04-08,45133.42
2290,2017-04-09,45063.36
2291,2017-04-10,45103.4
2292,2017-04-11,45063.36
2293,2017-04-12,45153.44
2294,2017-04-13,45203.48
2295,2017-04-14,45283.54
2296,2017-04-15,45233.5
2297,2017-04-16,45203.48
2298,2017-04-17,45183.46
2299,2017-04-18,45233.5
2300,2017-04-19,45313.56
2301,2017-04-20,45313.58
2302,2017-04-21,45263.54
2303,2017-04-22,45263.54
2304,2017-04-23,45363.62
2305,2017-04-24,45483.72
2306,2017-04-25,45533.76
2307,2017-04-26,45563.78
2308,2017-04-27,45583.8
2309,2017-04-28,45583.8
2310,2017-04-29,45643.84
2311,2017-04-30,45663.86
2312,2017-05-01,45693.88
2313,2017-05-02,45713.9
2314,2017-05-03,45743.92
2315,2017-05-04,45914.06
2316,2017-05-05,46274.34
2317,2017-05-06,46324.38
2318,2017-05-07,46324.38
2319,2017-05-08,46324.38
2320,2017-05-09,46424.46
2321,2017-05-10,46424.46
2322,2017-05-11,46604.6
2323,2017-05-12,46754.72
2324,2017-05-13,46824.78
2325,2017-05-14,47054.96
2326,2017-05-15,47285.14
2327,2017-05-16,47535.34
2328,2017-05-17,47615.4
2329,2017-05-18,47335.18
2330,2017-05-19,47205.08
2331,2017-05-20,47135.02
2332,2017-05-21,47084.98
2333,2017-05-22,47004.92
2334,2017-05-23,46954.88
2335,2017-05-24,46934.86
2336,2017-05-25,46904.84
2337,2017-05-26,46904.84
2338,2017-05-27,46854.8
2339,2017-05-28,46884.82
2340,2017-05-29,46834.78
2341,2017-05-30,46854.8
2342,2017-05-31,46884.82
2343,2017-06-01,46914.84
2344,2017-06-02,46944.86
2345,2017-06-03,46914.84
2346,2017-06-04,46914.84
2347,2017-06-05,46944.86
2348,2017-06-06,46994.9
2349,2017-06-07,46974.9
2350,2017-06-08,47004.92
2351,2017-06-09,47004.92
2352,2017-06-10,46924.86
2353,2017-06-11,46874.82
2354,2017-06-12,46834.78
2355,2017-06-13,46784.74
2356,2017-06-14,46784.74
2357,2017-06-15,46984.9
2358,2017-06-16,47064.96
2359,2017-06-17,47245.1
2360,2017-06-18,47415.24
2361,2017-06-19,47375.2
2362,2017-06-20,47275.12
2363,2017-06-21,47175.04
2364,2017-06-22,47145.04
2365,2017-06-23,47155.04
2366,2017-06-24,47175.06
2367,2017-06-25,47205.08
2368,2017-06-26,47155.04
2369,2017-06-27,47135.02
2370,2017-06-28,47135.02
2371,2017-06-29,47105.0
2372,2017-06-30,47115.0
2373,2017-07-01,47084.98
2374,2017-07-02,47084.98
2375,2017-07-03,47094.98
2376,2017-07-04,47115.0
2377,2017-07-05,47145.02
2378,2017-07-06,47175.04
2379,2017-07-07,47145.02
2380,2017-07-08,47145.04
2381,2017-07-09,47155.04
2382,2017-07-10,47125.02
2383,2017-07-11,47105.0
2384,2017-07-12,47105.0
2385,2017-07-13,47105.0
2386,2017-07-14,47105.0
2387,2017-07-15,47084.98
2388,2017-07-16,47064.96
2389,2017-07-17,46984.9
2390,2017-07-18,46884.82
2391,2017-07-19,46764.72
2392,2017-07-20,46714.68
2393,2017-07-21,46614.6
2394,2017-07-22,46514.52
2395,2017-07-23,46414.46
2396,2017-07-24,46444.48
2397,2017-07-25,46544.56
2398,2017-07-26,46674.66
2399,2017-07-27,46854.8
2400,2017-07-28,46934.86
2401,2017-07-29,46954.88
2402,2017-07-30,46954.88
2403,2017-07-31,47004.92
2404,2017-08-01,47064.96
2405,2017-08-02,47084.98
2406,2017-08-03,47084.98
2407,2017-08-04,47064.96
2408,2017-08-05,47064.96
2409,2017-08-06,47064.96
2410,2017-08-07,47064.96
2411,2017-08-08,47115.0
2412,2017-08-09,47084.98
2413,2017-08-10,47034.94
2414,2017-08-11,47034.94
2415,2017-08-12,47064.96
2416,2017-08-13,47034.94
2417,2017-08-14,47004.92
2418,2017-08-15,46984.9
2419,2017-08-16,46954.88
2420,2017-08-17,46934.86
2421,2017-08-18,46934.86
2422,2017-08-19,46904.84
2423,2017-08-20,46884.82
2424,2017-08-21,46834.78
2425,2017-08-22,46804.76
2426,2017-08-23,46804.76
2427,2017-08-24,46804.76
2428,2017-08-25,46754.72
2429,2017-08-26,46704.68
2430,2017-08-27,46654.64
2431,2017-08-28,46634.62
2432,2017-08-29,46634.62
2433,2017-08-30,46654.64
2434,2017-08-31,46684.66
2435,2017-09-01,46604.6
2436,2017-09-02,46534.54
2437,2017-09-03,46504.52
2438,2017-09-04,46434.46
2439,2017-09-05,46404.44
2440,2017-09-06,46434.46
2441,2017-09-07,46484.5
2442,2017-09-08,46554.56
2443,2017-09-09,46484.5
2444,2017-09-10,46404.44
2445,2017-09-11,46324.38
2446,2017-09-12,46274.34
2447,2017-09-13,46174.26
2448,2017-09-14,46074.18
2449,2017-09-15,45974.1
2450,2017-09-16,45904.04
2451,2017-09-17,45854.0
2452,2017-09-18,45823.98
2453,2017-09-19,45753.92
2454,2017-09-20,45803.96
2455,2017-09-21,45723.9
2456,2017-09-22,45653.84
2457,2017-09-23,45573.78
2458,2017-09-24,45493.72
2459,2017-09-25,45443.68
2460,2017-09-26,45373.62
2461,2017-09-27,45293.56
2462,2017-09-28,45173.46
2463,2017-09-29,45093.4
2464,2017-09-30,45023.34
2465,2017-10-01,44973.3
2466,2017-10-02,44853.2
2467,2017-10-03,44753.12
2468,2017-10-04,44663.04
2469,2017-10-05,44562.96
2470,2017-10-06,44512.92
2471,2017-10-07,44412.84
2472,2017-10-08,44342.78
2473,2017-10-09,44242.7
2474,2017-10-10,44192.66
2475,2017-10-11,44172.64
2476,2017-10-12,44312.76
2477,2017-10-13,44292.74
2478,2017-10-14,44242.7
2479,2017-10-15,44222.68
2480,2017-10-16,44142.62
2481,2017-10-17,44072.56
2482,2017-10-18,44142.62
2483,2017-10-19,44342.78
2484,2017-10-20,44262.72
2485,2017-10-21,44663.04
2486,2017-10-22,44633.02
2487,2017-10-23,44512.92
2488,2017-10-24,44412.84
2489,2017-10-25,44312.76
2490,2017-10-26,44242.7
2491,2017-10-27,44222.68
2492,2017-10-28,44192.66
2493,2017-10-29,44172.64
2494,2017-10-30,44092.58
2495,2017-10-31,43922.44
2496,2017-11-01,43191.84
2497,2017-11-02,42341.14
2498,2017-11-03,41940.8
2499,2017-11-04,41800.68
2500,2017-11-05,41720.62
2501,2017-11-06,41530.46
2502,2017-11-07,41320.28
2503,2017-11-08,41220.2
2504,2017-11-09,41010.02
2505,2017-11-10,40819.86
2506,2017-11-11,40629.7
2507,2017-11-12,40409.52
2508,2017-11-13,40389.5
2509,2017-11-14,40179.32
2510,2017-11-15,40039.2
2511,2017-11-16,39899.08
2512,2017-11-17,39708.92
2513,2017-11-18,39498.74
2514,2017-11-19,39448.7
2515,2017-11-20,39358.62
2516,2017-11-21,39358.62
2517,2017-11-22,39258.54
2518,2017-11-23,39398.66
2519,2017-11-24,39238.52
2520,2017-11-25,39098.4
2521,2017-11-26,39098.4
2522,2017-11-27,39078.38
2523,2017-11-28,39188.48
2524,2017-11-29,39218.5
2525,2017-11-30,39258.54
2526,2017-12-01,39238.52
2527,2017-12-02,39288.56
2528,2017-12-03,39258.54
2529,2017-12-04,39168.46
2530,2017-12-05,39028.34
2531,2017-12-06,38958.28
2532,2017-12-07,38958.28
2533,2017-12-08,38958.28
2534,2017-12-09,38958.28
2535,2017-12-10,38978.3
2536,2017-12-11,38928.26
2537,2017-12-12,38998.32
2538,2017-12-13,39068.38
2539,2017-12-14,39058.36
2540,2017-12-15,39148.44
2541,2017-12-16,39118.42
2542,2017-12-17,39068.38
2543,2017-12-18,39138.44
2544,2017-12-19,39278.54
2545,2017-12-20,39148.44
2546,2017-12-21,38988.3
2547,2017-12-22,38868.2
2548,2017-12-23,38698.06
2549,2017-12-24,38527.92
2550,2017-12-25,38357.76
2551,2017-12-26,38147.58
2552,2017-12-27,38027.48
2553,2017-12-28,38017.48
2554,2017-12-29,38087.54
2555,2017-12-30,37296.86
2556,2017-12-31,36396.06
2557,2018-01-01,35455.24
