,datetime,LAKE_BILLY_CHINOOK_NEAR_CULVER__OR.
0,2011-01-01,1938.97
1,2011-01-02,1939.01
2,2011-01-03,1939.04
3,2011-01-04,1939.09
4,2011-01-05,1939.06
5,2011-01-06,1939.02
6,2011-01-07,1938.97
7,2011-01-08,1938.99
8,2011-01-09,1939.06
9,2011-01-10,1939.19
10,2011-01-11,1939.15
11,2011-01-12,1939.31
12,2011-01-13,1939.31
13,2011-01-14,1939.32
14,2011-01-15,1939.33
15,2011-01-16,1939.99
16,2011-01-17,1940.96
17,2011-01-18,1941.32
18,2011-01-19,1941.5
19,2011-01-20,1941.82
20,2011-01-21,1941.96
21,2011-01-22,1941.5
22,2011-01-23,1941.31
23,2011-01-24,1940.96
24,2011-01-25,1940.78
25,2011-01-26,1940.42
26,2011-01-27,1940.31
27,2011-01-28,1940.28
28,2011-01-29,1939.9
29,2011-01-30,1939.97
30,2011-01-31,1939.94
31,2011-02-01,1939.87
32,2011-02-02,1939.8
33,2011-02-03,1939.78
34,2011-02-04,1939.95
35,2011-02-05,1939.94
36,2011-02-06,1940.18
37,2011-02-07,1940.18
38,2011-02-08,1940.1
39,2011-02-09,1940.23
40,2011-02-10,1940.18
41,2011-02-11,1940.28
42,2011-02-12,1940.5
43,2011-02-13,1940.57
44,2011-02-14,1940.87
45,2011-02-15,1941.04
46,2011-02-16,1940.97
47,2011-02-17,1940.89
48,2011-02-18,1940.91
49,2011-02-19,1940.9
50,2011-02-20,1940.81
51,2011-02-21,1940.7
52,2011-02-22,1940.69
53,2011-02-23,1940.68
54,2011-02-24,1940.52
55,2011-02-25,1940.36
56,2011-02-26,1940.44
57,2011-02-27,1940.51
58,2011-02-28,1940.38
59,2011-03-01,1940.44
60,2011-03-02,1940.51
61,2011-03-03,1940.67
62,2011-03-04,1940.65
63,2011-03-05,1940.66
64,2011-03-06,1940.76
65,2011-03-07,1940.82
66,2011-03-08,1940.86
67,2011-03-09,1941.04
68,2011-03-10,1941.14
69,2011-03-11,1941.34
70,2011-03-12,1941.45
71,2011-03-13,1941.59
72,2011-03-14,1941.61
73,2011-03-15,1941.63
74,2011-03-16,1941.82
75,2011-03-17,1942.02
76,2011-03-18,1942.3
77,2011-03-19,1942.32
78,2011-03-20,1942.34
79,2011-03-21,1942.57
80,2011-03-22,1942.54
81,2011-03-23,1942.58
82,2011-03-24,1942.66
83,2011-03-25,1942.74
84,2011-03-26,1942.91
85,2011-03-27,1943.11
86,2011-03-28,1943.32
87,2011-03-29,1943.26
88,2011-03-30,1943.47
89,2011-03-31,1943.39
90,2011-04-01,1943.72
91,2011-04-02,1943.71
92,2011-04-03,1943.71
93,2011-04-04,1943.45
94,2011-04-05,1943.38
95,2011-04-06,1943.23
96,2011-04-07,1942.98
97,2011-04-08,1943.03
98,2011-04-09,1943.33
99,2011-04-10,1943.31
100,2011-04-11,1943.38
101,2011-04-12,1943.5
102,2011-04-13,1943.3
103,2011-04-14,1943.42
104,2011-04-15,1943.18
105,2011-04-16,1943.3
106,2011-04-17,1943.46
107,2011-04-18,1943.54
108,2011-04-19,1943.68
109,2011-04-20,1943.69
110,2011-04-21,1943.55
111,2011-04-22,1943.61
112,2011-04-23,1943.64
113,2011-04-24,1943.77
114,2011-04-25,1944.12
115,2011-04-26,1944.44
116,2011-04-27,1944.44
117,2011-04-28,1944.31
118,2011-04-29,1944.37
119,2011-04-30,1944.31
120,2011-05-01,1944.3
121,2011-05-02,1944.61
122,2011-05-03,1944.43
123,2011-05-04,1944.46
124,2011-05-05,1944.43
125,2011-05-06,1944.28
126,2011-05-07,1944.63
127,2011-05-08,1944.62
128,2011-05-09,1944.4
129,2011-05-10,1944.52
130,2011-05-11,1944.6
131,2011-05-12,1944.4
132,2011-05-13,1944.44
133,2011-05-14,1944.63
134,2011-05-15,1944.8
135,2011-05-16,1944.57
136,2011-05-17,1944.61
137,2011-05-18,1944.56
138,2011-05-19,1944.42
139,2011-05-20,1944.39
140,2011-05-21,1944.38
141,2011-05-22,1944.4
142,2011-05-23,1944.36
143,2011-05-24,1944.24
144,2011-05-25,1944.53
145,2011-05-26,1944.47
146,2011-05-27,1944.43
147,2011-05-28,1944.24
148,2011-05-29,1944.37
149,2011-05-30,1944.44
150,2011-05-31,1944.8
151,2011-06-01,1944.49
152,2011-06-02,1944.57
153,2011-06-03,1944.6
154,2011-06-04,1944.51
155,2011-06-05,1944.5
156,2011-06-06,1944.49
157,2011-06-07,1944.47
158,2011-06-08,1944.33
159,2011-06-09,1944.52
160,2011-06-10,1944.51
161,2011-06-11,1944.41
162,2011-06-12,1944.52
163,2011-06-13,1944.57
164,2011-06-14,1944.68
165,2011-06-15,1944.53
166,2011-06-16,1944.38
167,2011-06-17,1944.46
168,2011-06-18,1944.41
169,2011-06-19,1944.46
170,2011-06-20,1944.69
171,2011-06-21,1944.46
172,2011-06-22,1944.35
173,2011-06-23,1944.31
174,2011-06-24,1944.46
175,2011-06-25,1944.37
176,2011-06-26,1944.22
177,2011-06-27,1944.25
178,2011-06-28,1944.48
179,2011-06-29,1944.55
180,2011-06-30,1944.43
181,2011-07-01,1944.38
182,2011-07-02,1944.5
183,2011-07-03,1944.29
184,2011-07-04,1944.69
185,2011-07-05,1944.64
186,2011-07-06,1944.76
187,2011-07-07,1944.37
188,2011-07-08,1944.21
189,2011-07-09,1944.26
190,2011-07-10,1944.3
191,2011-07-11,1944.46
192,2011-07-12,1944.5
193,2011-07-13,1944.48
194,2011-07-14,1944.51
195,2011-07-15,1944.56
196,2011-07-16,1944.68
197,2011-07-17,1944.68
198,2011-07-18,1944.52
199,2011-07-19,1944.5
200,2011-07-20,1944.5
201,2011-07-21,1944.39
202,2011-07-22,1944.38
203,2011-07-23,1944.29
204,2011-07-24,1944.46
205,2011-07-25,1944.41
206,2011-07-26,1944.51
207,2011-07-27,1944.4
208,2011-07-28,1944.54
209,2011-07-29,1944.54
210,2011-07-30,1944.5
211,2011-07-31,1944.48
212,2011-08-01,1944.46
213,2011-08-02,1944.5
214,2011-08-03,1944.5
215,2011-08-04,1944.49
216,2011-08-05,1944.44
217,2011-08-06,1944.44
218,2011-08-07,1944.39
219,2011-08-08,1944.55
220,2011-08-09,1944.62
221,2011-08-10,1944.45
222,2011-08-11,1944.41
223,2011-08-12,1944.4
224,2011-08-13,1944.38
225,2011-08-14,1944.43
226,2011-08-15,1944.47
227,2011-08-16,1944.51
228,2011-08-17,1944.5
229,2011-08-18,1944.52
230,2011-08-19,1944.61
231,2011-08-20,1944.59
232,2011-08-21,1944.65
233,2011-08-22,1944.46
234,2011-08-23,1944.48
235,2011-08-24,1944.5
236,2011-08-25,1944.53
237,2011-08-26,1944.47
238,2011-08-27,1944.62
239,2011-08-28,1944.46
240,2011-08-29,1944.47
241,2011-08-30,1944.43
242,2011-08-31,1944.46
243,2011-09-01,1944.48
244,2011-09-02,1944.46
245,2011-09-03,1944.48
246,2011-09-04,1944.52
247,2011-09-05,1944.57
248,2011-09-06,1944.54
249,2011-09-07,1944.54
250,2011-09-08,1944.54
251,2011-09-09,1944.49
252,2011-09-10,1944.44
253,2011-09-11,1944.48
254,2011-09-12,1944.6
255,2011-09-13,1944.63
256,2011-09-14,1944.58
257,2011-09-15,1944.41
258,2011-09-16,1944.4
259,2011-09-17,1944.36
260,2011-09-18,1944.42
261,2011-09-19,1944.4
262,2011-09-20,1944.3
263,2011-09-21,1944.34
264,2011-09-22,1944.32
265,2011-09-23,1944.37
266,2011-09-24,1944.66
267,2011-09-25,1944.44
268,2011-09-26,1944.49
269,2011-09-27,1944.49
270,2011-09-28,1944.48
271,2011-09-29,1944.48
272,2011-09-30,1944.47
273,2011-10-01,1944.44
274,2011-10-02,1944.54
275,2011-10-03,1944.57
276,2011-10-04,1944.55
277,2011-10-05,1944.54
278,2011-10-06,1944.49
279,2011-10-07,1944.44
280,2011-10-08,1944.45
281,2011-10-09,1944.46
282,2011-10-10,1944.52
283,2011-10-11,1944.6
284,2011-10-12,1944.51
285,2011-10-13,1944.43
286,2011-10-14,1944.29
287,2011-10-15,1944.29
288,2011-10-16,1944.3
289,2011-10-17,1944.38
290,2011-10-18,1944.61
291,2011-10-19,1944.62
292,2011-10-20,1944.37
293,2011-10-21,1944.38
294,2011-10-22,1944.39
295,2011-10-23,1944.36
296,2011-10-24,1944.47
297,2011-10-25,1944.41
298,2011-10-26,1944.39
299,2011-10-27,1944.34
300,2011-10-28,1944.44
301,2011-10-29,1944.45
302,2011-10-30,1944.54
303,2011-10-31,1944.4
304,2011-11-01,1944.36
305,2011-11-02,1944.31
306,2011-11-03,1944.28
307,2011-11-04,1944.15
308,2011-11-05,1944.14
309,2011-11-06,1944.05
310,2011-11-07,1943.87
311,2011-11-08,1943.89
312,2011-11-09,1943.84
313,2011-11-10,1943.7
314,2011-11-11,1943.65
315,2011-11-12,1943.54
316,2011-11-13,1943.48
317,2011-11-14,1943.31
318,2011-11-15,1943.31
319,2011-11-16,1943.19
320,2011-11-17,1943.16
321,2011-11-18,1943.05
322,2011-11-19,1942.98
323,2011-11-20,1942.97
324,2011-11-21,1943.11
325,2011-11-22,1943.21
326,2011-11-23,1943.05
327,2011-11-24,1943.07
328,2011-11-25,1942.88
329,2011-11-26,1942.86
330,2011-11-27,1942.83
331,2011-11-28,1942.65
332,2011-11-29,1942.56
333,2011-11-30,1942.41
334,2011-12-01,1942.37
335,2011-12-02,1942.3
336,2011-12-03,1942.43
337,2011-12-04,1942.44
338,2011-12-05,1942.38
339,2011-12-06,1942.5
340,2011-12-07,1942.38
341,2011-12-08,1942.25
342,2011-12-09,1942.1
343,2011-12-10,1942.12
344,2011-12-11,1942.07
345,2011-12-12,1941.93
346,2011-12-13,1941.92
347,2011-12-14,1941.84
348,2011-12-15,1941.96
349,2011-12-16,1942.02
350,2011-12-17,1942.0
351,2011-12-18,1942.02
352,2011-12-19,1942.01
353,2011-12-20,1942.06
354,2011-12-21,1942.05
355,2011-12-22,1941.91
356,2011-12-23,1941.9
357,2011-12-24,1941.92
358,2011-12-25,1941.97
359,2011-12-26,1942.09
360,2011-12-27,1941.97
361,2011-12-28,1942.22
362,2011-12-29,1942.39
363,2011-12-30,1942.64
364,2011-12-31,1942.32
365,2012-01-01,1941.98
366,2012-01-02,1941.7
367,2012-01-03,1941.34
368,2012-01-04,1941.06
369,2012-01-05,1940.87
370,2012-01-06,1940.82
371,2012-01-07,1940.93
372,2012-01-08,1940.94
373,2012-01-09,1940.93
374,2012-01-10,1940.99
375,2012-01-11,1940.95
376,2012-01-12,1941.08
377,2012-01-13,1940.81
378,2012-01-14,1940.82
379,2012-01-15,1940.82
380,2012-01-16,1940.79
381,2012-01-17,1940.8
382,2012-01-18,1941.1
383,2012-01-19,1941.56
384,2012-01-20,1941.45
385,2012-01-21,1941.16
386,2012-01-22,1940.98
387,2012-01-23,1940.85
388,2012-01-24,1940.77
389,2012-01-25,1941.04
390,2012-01-26,1941.17
391,2012-01-27,1941.11
392,2012-01-28,1941.01
393,2012-01-29,1940.9
394,2012-01-30,1940.78
395,2012-01-31,1940.64
396,2012-02-01,1940.66
397,2012-02-02,1940.65
398,2012-02-03,1940.57
399,2012-02-04,1940.64
400,2012-02-05,1940.78
401,2012-02-06,1940.62
402,2012-02-07,1940.49
403,2012-02-08,1940.57
404,2012-02-09,1940.48
405,2012-02-10,1940.65
406,2012-02-11,1940.59
407,2012-02-12,1940.7
408,2012-02-13,1940.74
409,2012-02-14,1940.75
410,2012-02-15,1940.73
411,2012-02-16,1940.89
412,2012-02-17,1940.96
413,2012-02-18,1940.88
414,2012-02-19,1940.96
415,2012-02-20,1940.95
416,2012-02-21,1941.03
417,2012-02-22,1941.17
418,2012-02-23,1941.34
419,2012-02-24,1941.08
420,2012-02-25,1941.11
421,2012-02-26,1941.05
422,2012-02-27,1941.09
423,2012-02-28,1941.11
424,2012-02-29,1941.09
425,2012-03-01,1940.94
426,2012-03-02,1941.02
427,2012-03-03,1941.19
428,2012-03-04,1941.37
429,2012-03-05,1941.6
430,2012-03-06,1941.72
431,2012-03-07,1941.86
432,2012-03-08,1942.03
433,2012-03-09,1941.99
434,2012-03-10,1942.04
435,2012-03-11,1942.17
436,2012-03-12,1942.12
437,2012-03-13,1942.13
438,2012-03-14,1941.94
439,2012-03-15,1942.06
440,2012-03-16,1942.1
441,2012-03-17,1942.23
442,2012-03-18,1942.23
443,2012-03-19,1942.55
444,2012-03-20,1942.62
445,2012-03-21,1942.8
446,2012-03-22,1942.61
447,2012-03-23,1942.58
448,2012-03-24,1942.82
449,2012-03-25,1942.98
450,2012-03-26,1942.91
451,2012-03-27,1942.97
452,2012-03-28,1943.15
453,2012-03-29,1943.65
454,2012-03-30,1943.61
455,2012-03-31,1943.91
456,2012-04-01,1944.09
457,2012-04-02,1943.8
458,2012-04-03,1943.79
459,2012-04-04,1943.34
460,2012-04-05,1943.06
461,2012-04-06,1943.21
462,2012-04-07,1943.07
463,2012-04-08,1942.91
464,2012-04-09,1942.99
465,2012-04-10,1943.23
466,2012-04-11,1943.19
467,2012-04-12,1943.09
468,2012-04-13,1943.11
469,2012-04-14,1943.15
470,2012-04-15,1943.21
471,2012-04-16,1943.41
472,2012-04-17,1943.53
473,2012-04-18,1944.01
474,2012-04-19,1944.01
475,2012-04-20,1944.42
476,2012-04-21,1944.28
477,2012-04-22,1944.62
478,2012-04-23,1944.78
479,2012-04-24,1944.76
480,2012-04-25,1944.63
481,2012-04-26,1944.43
482,2012-04-27,1944.31
483,2012-04-28,1944.34
484,2012-04-29,1944.33
485,2012-04-30,1944.53
486,2012-05-01,1944.89
487,2012-05-02,1944.51
488,2012-05-03,1944.51
489,2012-05-04,1944.47
490,2012-05-05,1944.38
491,2012-05-06,1944.41
492,2012-05-07,1944.39
493,2012-05-08,1944.39
494,2012-05-09,1944.29
495,2012-05-10,1944.29
496,2012-05-11,1944.32
497,2012-05-12,1944.3
498,2012-05-13,1944.56
499,2012-05-14,1944.51
500,2012-05-15,1944.6
501,2012-05-16,1944.7
502,2012-05-17,1944.66
503,2012-05-18,1944.81
504,2012-05-19,1944.68
505,2012-05-20,1944.55
506,2012-05-21,1944.71
507,2012-05-22,1944.78
508,2012-05-23,1944.77
509,2012-05-24,1944.81
510,2012-05-25,1944.72
511,2012-05-26,1944.78
512,2012-05-27,1944.53
513,2012-05-28,1944.59
514,2012-05-29,1944.53
515,2012-05-30,1944.43
516,2012-05-31,1944.28
517,2012-06-01,1944.37
518,2012-06-02,1944.44
519,2012-06-03,1944.52
520,2012-06-04,1944.66
521,2012-06-05,1944.67
522,2012-06-06,1944.52
523,2012-06-07,1944.58
524,2012-06-08,1944.61
525,2012-06-09,1944.49
526,2012-06-10,1944.63
527,2012-06-11,1944.53
528,2012-06-12,1944.52
529,2012-06-13,1944.51
530,2012-06-14,1944.57
531,2012-06-15,1944.33
532,2012-06-16,1944.39
533,2012-06-17,1944.72
534,2012-06-18,1944.84
535,2012-06-19,1944.5
536,2012-06-20,1944.6
537,2012-06-21,1944.59
538,2012-06-22,1944.67
539,2012-06-23,1944.79
540,2012-06-24,1944.72
541,2012-06-25,1944.66
542,2012-06-26,1944.61
543,2012-06-27,1944.46
544,2012-06-28,1944.57
545,2012-06-29,1944.64
546,2012-06-30,1944.51
547,2012-07-01,1944.78
548,2012-07-02,1944.71
549,2012-07-03,1944.54
550,2012-07-04,1944.48
551,2012-07-05,1944.39
552,2012-07-06,1944.51
553,2012-07-07,1944.69
554,2012-07-08,1944.67
555,2012-07-09,1944.71
556,2012-07-10,1944.57
557,2012-07-11,1944.71
558,2012-07-12,1944.56
559,2012-07-13,1944.38
560,2012-07-14,1944.53
561,2012-07-15,1944.56
562,2012-07-16,1944.49
563,2012-07-17,1944.47
564,2012-07-18,1944.56
565,2012-07-19,1944.68
566,2012-07-20,1944.31
567,2012-07-21,1944.49
568,2012-07-22,1944.5
569,2012-07-23,1944.37
570,2012-07-24,1944.34
571,2012-07-25,1944.31
572,2012-07-26,1944.53
573,2012-07-27,1944.59
574,2012-07-28,1944.53
575,2012-07-29,1944.58
576,2012-07-30,1944.67
577,2012-07-31,1944.57
578,2012-08-01,1944.36
579,2012-08-02,1944.42
580,2012-08-03,1944.27
581,2012-08-04,1944.45
582,2012-08-05,1944.49
583,2012-08-06,1944.66
584,2012-08-07,1944.67
585,2012-08-08,1944.57
586,2012-08-09,1944.52
587,2012-08-10,1944.42
588,2012-08-11,1944.36
589,2012-08-12,1944.32
590,2012-08-13,1944.34
591,2012-08-14,1944.28
592,2012-08-15,1944.36
593,2012-08-16,1944.66
594,2012-08-17,1944.54
595,2012-08-18,1944.52
596,2012-08-19,1944.53
597,2012-08-20,1944.45
598,2012-08-21,1944.45
599,2012-08-22,1944.43
600,2012-08-23,1944.38
601,2012-08-24,1944.32
602,2012-08-25,1944.4
603,2012-08-26,1944.42
604,2012-08-27,1944.41
605,2012-08-28,1944.48
606,2012-08-29,1944.47
607,2012-08-30,1944.62
608,2012-08-31,1944.41
609,2012-09-01,1944.42
610,2012-09-02,1944.42
611,2012-09-03,1944.36
612,2012-09-04,1944.47
613,2012-09-05,1944.42
614,2012-09-06,1944.28
615,2012-09-07,1944.3
616,2012-09-08,1944.33
617,2012-09-09,1944.4
618,2012-09-10,1944.45
619,2012-09-11,1944.49
620,2012-09-12,1944.53
621,2012-09-13,1944.49
622,2012-09-14,1944.52
623,2012-09-15,1944.57
624,2012-09-16,1944.61
625,2012-09-17,1944.51
626,2012-09-18,1944.47
627,2012-09-19,1944.42
628,2012-09-20,1944.38
629,2012-09-21,1944.33
630,2012-09-22,1944.31
631,2012-09-23,1944.33
632,2012-09-24,1944.25
633,2012-09-25,1944.28
634,2012-09-26,1944.35
635,2012-09-27,1944.29
636,2012-09-28,1944.38
637,2012-09-29,1944.39
638,2012-09-30,1944.38
639,2012-10-01,1944.43
640,2012-10-02,1944.33
641,2012-10-03,1944.3
642,2012-10-04,1944.38
643,2012-10-05,1944.45
644,2012-10-06,1944.38
645,2012-10-07,1944.58
646,2012-10-08,1944.52
647,2012-10-09,1944.54
648,2012-10-10,1944.55
649,2012-10-11,1944.44
650,2012-10-12,1944.36
651,2012-10-13,1944.49
652,2012-10-14,1944.5
653,2012-10-15,1944.56
654,2012-10-16,1944.56
655,2012-10-17,1944.39
656,2012-10-18,1944.28
657,2012-10-19,1944.04
658,2012-10-20,1943.9
659,2012-10-21,1943.83
660,2012-10-22,1943.7
661,2012-10-23,1943.5
662,2012-10-24,1943.53
663,2012-10-25,1943.44
664,2012-10-26,1943.3
665,2012-10-27,1943.29
666,2012-10-28,1943.43
667,2012-10-29,1943.33
668,2012-10-30,1943.05
669,2012-10-31,1942.95
670,2012-11-01,1942.74
671,2012-11-02,1942.65
672,2012-11-03,1942.5
673,2012-11-04,1942.38
674,2012-11-05,1942.43
675,2012-11-06,1942.32
676,2012-11-07,1942.2
677,2012-11-08,1942.19
678,2012-11-09,1942.22
679,2012-11-10,1942.19
680,2012-11-11,1942.27
681,2012-11-12,1942.2
682,2012-11-13,1942.2
683,2012-11-14,1942.17
684,2012-11-15,1942.25
685,2012-11-16,1942.31
686,2012-11-17,1942.26
687,2012-11-18,1942.38
688,2012-11-19,1942.55
689,2012-11-20,1942.61
690,2012-11-21,1942.54
691,2012-11-22,1942.37
692,2012-11-23,1942.41
693,2012-11-24,1942.61
694,2012-11-25,1942.54
695,2012-11-26,1942.3
696,2012-11-27,1942.15
697,2012-11-28,1942.17
698,2012-11-29,1942.34
699,2012-11-30,1942.29
700,2012-12-01,1942.4
701,2012-12-02,1942.48
702,2012-12-03,1942.3
703,2012-12-04,1942.6
704,2012-12-05,1943.21
705,2012-12-06,1943.12
706,2012-12-07,1943.09
707,2012-12-08,1942.88
708,2012-12-09,1942.65
709,2012-12-10,1942.53
710,2012-12-11,1942.41
711,2012-12-12,1942.31
712,2012-12-13,1942.34
713,2012-12-14,1942.23
714,2012-12-15,1942.31
715,2012-12-16,1942.37
716,2012-12-17,1942.46
717,2012-12-18,1942.4
718,2012-12-19,1942.39
719,2012-12-20,1942.41
720,2012-12-21,1942.42
721,2012-12-22,1942.37
722,2012-12-23,1942.42
723,2012-12-24,1942.4
724,2012-12-25,1942.45
725,2012-12-26,1942.39
726,2012-12-27,1942.2
727,2012-12-28,1942.01
728,2012-12-29,1942.07
729,2012-12-30,1942.06
730,2012-12-31,1942.03
731,2013-01-01,1941.95
732,2013-01-02,1941.86
733,2013-01-03,1941.98
734,2013-01-04,1941.76
735,2013-01-05,1941.93
736,2013-01-06,1942.06
737,2013-01-07,1941.84
738,2013-01-08,1941.65
739,2013-01-09,1941.54
740,2013-01-10,1941.32
741,2013-01-11,1941.11
742,2013-01-12,1941.3
743,2013-01-13,1941.34
744,2013-01-14,1941.28
745,2013-01-15,1941.27
746,2013-01-16,1941.27
747,2013-01-17,1941.08
748,2013-01-18,1941.08
749,2013-01-19,1940.76
750,2013-01-20,1940.74
751,2013-01-21,1940.87
752,2013-01-22,1940.81
753,2013-01-23,1940.93
754,2013-01-24,1940.44
755,2013-01-25,1940.31
756,2013-01-26,1940.32
757,2013-01-27,1940.28
758,2013-01-28,1940.3
759,2013-01-29,1940.35
760,2013-01-30,1940.48
761,2013-01-31,1940.43
762,2013-02-01,1940.26
763,2013-02-02,1940.17
764,2013-02-03,1940.39
765,2013-02-04,1940.02
766,2013-02-05,1939.87
767,2013-02-06,1939.94
768,2013-02-07,1940.08
769,2013-02-08,1940.04
770,2013-02-09,1940.04
771,2013-02-10,1939.98
772,2013-02-11,1939.91
773,2013-02-12,1939.92
774,2013-02-13,1939.89
775,2013-02-14,1940.01
776,2013-02-15,1940.08
777,2013-02-16,1939.99
778,2013-02-17,1939.97
779,2013-02-18,1940.01
780,2013-02-19,1939.99
781,2013-02-20,1939.91
782,2013-02-21,1939.94
783,2013-02-22,1940.09
784,2013-02-23,1940.25
785,2013-02-24,1940.09
786,2013-02-25,1940.12
787,2013-02-26,1940.23
788,2013-02-27,1940.21
789,2013-02-28,1940.18
790,2013-03-01,1940.17
791,2013-03-02,1940.17
792,2013-03-03,1940.23
793,2013-03-04,1940.43
794,2013-03-05,1940.45
795,2013-03-06,1940.65
796,2013-03-07,1940.57
797,2013-03-08,1940.67
798,2013-03-09,1940.63
799,2013-03-10,1940.65
800,2013-03-11,1940.87
801,2013-03-12,1940.73
802,2013-03-13,1940.79
803,2013-03-14,1940.84
804,2013-03-15,1941.06
805,2013-03-16,1941.15
806,2013-03-17,1941.42
807,2013-03-18,1941.56
808,2013-03-19,1941.65
809,2013-03-20,1941.69
810,2013-03-21,1941.89
811,2013-03-22,1941.9
812,2013-03-23,1942.18
813,2013-03-24,1942.37
814,2013-03-25,1942.63
815,2013-03-26,1942.43
816,2013-03-27,1942.3
817,2013-03-28,1942.2
818,2013-03-29,1942.04
819,2013-03-30,1942.11
820,2013-03-31,1942.32
821,2013-04-01,1942.53
822,2013-04-02,1942.71
823,2013-04-03,1942.98
824,2013-04-04,1943.21
825,2013-04-05,1943.56
826,2013-04-06,1943.48
827,2013-04-07,1943.52
828,2013-04-08,1943.53
829,2013-04-09,1943.38
830,2013-04-10,1943.34
831,2013-04-11,1943.43
832,2013-04-12,1943.41
833,2013-04-13,1943.34
834,2013-04-14,1943.58
835,2013-04-15,1943.59
836,2013-04-16,1943.65
837,2013-04-17,1943.83
838,2013-04-18,1943.84
839,2013-04-19,1943.83
840,2013-04-20,1944.0
841,2013-04-21,1944.09
842,2013-04-22,1944.08
843,2013-04-23,1944.24
844,2013-04-24,1944.37
845,2013-04-25,1944.4
846,2013-04-26,1944.55
847,2013-04-27,1944.58
848,2013-04-28,1944.59
849,2013-04-29,1944.45
850,2013-04-30,1944.38
851,2013-05-01,1944.4
852,2013-05-02,1944.41
853,2013-05-03,1944.26
854,2013-05-04,1944.43
855,2013-05-05,1944.45
856,2013-05-06,1944.71
857,2013-05-07,1944.72
858,2013-05-08,1944.54
859,2013-05-09,1944.48
860,2013-05-10,1944.48
861,2013-05-11,1944.49
862,2013-05-12,1944.48
863,2013-05-13,1944.61
864,2013-05-14,1944.59
865,2013-05-15,1944.5
866,2013-05-16,1944.61
867,2013-05-17,1944.61
868,2013-05-18,1944.58
869,2013-05-19,1944.64
870,2013-05-20,1944.52
871,2013-05-21,1944.61
872,2013-05-22,1944.61
873,2013-05-23,1944.45
874,2013-05-24,1944.33
875,2013-05-25,1944.43
876,2013-05-26,1944.48
877,2013-05-27,1944.59
878,2013-05-28,1944.56
879,2013-05-29,1944.7
880,2013-05-30,1944.57
881,2013-05-31,1944.45
882,2013-06-01,1944.49
883,2013-06-02,1944.33
884,2013-06-03,1944.34
885,2013-06-04,1944.38
886,2013-06-05,1944.44
887,2013-06-06,1944.47
888,2013-06-07,1944.48
889,2013-06-08,1944.66
890,2013-06-09,1944.59
891,2013-06-10,1944.53
892,2013-06-11,1944.53
893,2013-06-12,1944.59
894,2013-06-13,1944.63
895,2013-06-14,1944.5
896,2013-06-15,1944.5
897,2013-06-16,1944.4
898,2013-06-17,1944.43
899,2013-06-18,1944.44
900,2013-06-19,1944.36
901,2013-06-20,1944.37
902,2013-06-21,1944.37
903,2013-06-22,1944.35
904,2013-06-23,1944.53
905,2013-06-24,1944.66
906,2013-06-25,1944.6
907,2013-06-26,1944.78
908,2013-06-27,1944.65
909,2013-06-28,1944.73
910,2013-06-29,1944.55
911,2013-06-30,1944.57
912,2013-07-01,1944.65
913,2013-07-02,1944.54
914,2013-07-03,1944.38
915,2013-07-04,1944.6
916,2013-07-05,1944.51
917,2013-07-06,1944.46
918,2013-07-07,1944.66
919,2013-07-08,1944.55
920,2013-07-09,1944.52
921,2013-07-10,1944.62
922,2013-07-11,1944.7
923,2013-07-12,1944.66
924,2013-07-13,1944.64
925,2013-07-14,1944.55
926,2013-07-15,1944.67
927,2013-07-16,1944.54
928,2013-07-17,1944.61
929,2013-07-18,1944.6
930,2013-07-19,1944.61
931,2013-07-20,1944.54
932,2013-07-21,1944.54
933,2013-07-22,1944.47
934,2013-07-23,1944.4
935,2013-07-24,1944.33
936,2013-07-25,1944.56
937,2013-07-26,1944.49
938,2013-07-27,1944.58
939,2013-07-28,1944.51
940,2013-07-29,1944.51
941,2013-07-30,1944.55
942,2013-07-31,1944.55
943,2013-08-01,1944.49
944,2013-08-02,1944.43
945,2013-08-03,1944.54
946,2013-08-04,1944.56
947,2013-08-05,1944.49
948,2013-08-06,1944.48
949,2013-08-07,1944.59
950,2013-08-08,1944.55
951,2013-08-09,1944.56
952,2013-08-10,1944.54
953,2013-08-11,1944.49
954,2013-08-12,1944.57
955,2013-08-13,1944.52
956,2013-08-14,1944.4
957,2013-08-15,1944.46
958,2013-08-16,1944.47
959,2013-08-17,1944.54
960,2013-08-18,1944.52
961,2013-08-19,1944.66
962,2013-08-20,1944.7
963,2013-08-21,1944.67
964,2013-08-22,1944.54
965,2013-08-23,1944.51
966,2013-08-24,1944.48
967,2013-08-25,1944.59
968,2013-08-26,1944.7
969,2013-08-27,1944.69
970,2013-08-28,1944.59
971,2013-08-29,1944.61
972,2013-08-30,1944.5
973,2013-08-31,1944.42
974,2013-09-01,1944.37
975,2013-09-02,1944.22
976,2013-09-03,1944.25
977,2013-09-04,1944.28
978,2013-09-05,1944.29
979,2013-09-06,1944.25
980,2013-09-07,1944.34
981,2013-09-08,1944.41
982,2013-09-09,1944.6
983,2013-09-10,1944.51
984,2013-09-11,1944.52
985,2013-09-12,1944.47
986,2013-09-13,1944.53
987,2013-09-14,1944.46
988,2013-09-15,1944.52
989,2013-09-16,1944.41
990,2013-09-17,1944.3
991,2013-09-18,1944.25
992,2013-09-19,1944.35
993,2013-09-20,1944.32
994,2013-09-21,1944.32
995,2013-09-22,1944.32
996,2013-09-23,1944.32
997,2013-09-24,1944.35
998,2013-09-25,1944.35
999,2013-09-26,1944.28
1000,2013-09-27,1944.18
1001,2013-09-28,1944.17
1002,2013-09-29,1944.39
1003,2013-09-30,1944.45
1004,2013-10-01,1944.33
1005,2013-10-02,1944.19
1006,2013-10-03,1943.89
1007,2013-10-04,1943.87
1008,2013-10-05,1943.69
1009,2013-10-06,1943.63
1010,2013-10-07,1943.72
1011,2013-10-08,1943.64
1012,2013-10-09,1943.77
1013,2013-10-10,1943.78
1014,2013-10-11,1943.58
1015,2013-10-12,1943.57
1016,2013-10-13,1943.55
1017,2013-10-14,1943.51
1018,2013-10-15,1943.4
1019,2013-10-16,1943.49
1020,2013-10-17,1943.49
1021,2013-10-18,1943.57
1022,2013-10-19,1943.52
1023,2013-10-20,1943.62
1024,2013-10-21,1943.54
1025,2013-10-22,1943.5
1026,2013-10-23,1943.54
1027,2013-10-24,1943.45
1028,2013-10-25,1943.4
1029,2013-10-26,1943.49
1030,2013-10-27,1943.56
1031,2013-10-28,1943.51
1032,2013-10-29,1943.52
1033,2013-10-30,1943.44
1034,2013-10-31,1943.41
1035,2013-11-01,1943.33
1036,2013-11-02,1943.27
1037,2013-11-03,1943.19
1038,2013-11-04,1943.08
1039,2013-11-05,1943.03
1040,2013-11-06,1943.1
1041,2013-11-07,1942.94
1042,2013-11-08,1942.97
1043,2013-11-09,1942.94
1044,2013-11-10,1942.72
1045,2013-11-11,1942.66
1046,2013-11-12,1942.61
1047,2013-11-13,1942.4
1048,2013-11-14,1942.49
1049,2013-11-15,1942.33
1050,2013-11-16,1942.34
1051,2013-11-17,1942.4
1052,2013-11-18,1942.41
1053,2013-11-19,1942.34
1054,2013-11-20,1942.34
1055,2013-11-21,1942.27
1056,2013-11-22,1942.28
1057,2013-11-23,1942.37
1058,2013-11-24,1942.42
1059,2013-11-25,1942.5
1060,2013-11-26,1942.64
1061,2013-11-27,1942.53
1062,2013-11-28,1942.52
1063,2013-11-29,1942.49
1064,2013-11-30,1942.51
1065,2013-12-01,1942.47
1066,2013-12-02,1942.82
1067,2013-12-03,1942.91
1068,2013-12-04,1942.77
1069,2013-12-05,1942.7
1070,2013-12-06,1942.63
1071,2013-12-07,1942.565
1072,2013-12-08,1942.5
1073,2013-12-09,1942.435
1074,2013-12-10,1942.37
1075,2013-12-11,1942.31
1076,2013-12-12,1942.29
1077,2013-12-13,1942.14
1078,2013-12-14,1942.14
1079,2013-12-15,1942.14
1080,2013-12-16,1942.04
1081,2013-12-17,1942.0
1082,2013-12-18,1942.06
1083,2013-12-19,1941.97
1084,2013-12-20,1942.08
1085,2013-12-21,1942.08
1086,2013-12-22,1942.19
1087,2013-12-23,1942.31
1088,2013-12-24,1942.22
1089,2013-12-25,1942.25
1090,2013-12-26,1942.22
1091,2013-12-27,1942.31
1092,2013-12-28,1942.25
1093,2013-12-29,1942.26
1094,2013-12-30,1942.26
1095,2013-12-31,1942.29
1096,2014-01-01,1942.32
1097,2014-01-02,1942.38
1098,2014-01-03,1942.35
1099,2014-01-04,1942.32
1100,2014-01-05,1942.38
1101,2014-01-06,1942.31
1102,2014-01-07,1942.34
1103,2014-01-08,1942.36
1104,2014-01-09,1942.32
1105,2014-01-10,1942.25
1106,2014-01-11,1942.35
1107,2014-01-12,1942.47
1108,2014-01-13,1942.43
1109,2014-01-14,1942.42
1110,2014-01-15,1942.47
1111,2014-01-16,1942.54
1112,2014-01-17,1942.44
1113,2014-01-18,1942.48
1114,2014-01-19,1942.47
1115,2014-01-20,1942.37
1116,2014-01-21,1942.33
1117,2014-01-22,1942.3
1118,2014-01-23,1942.28
1119,2014-01-24,1942.16
1120,2014-01-25,1942.24
1121,2014-01-26,1942.33
1122,2014-01-27,1942.28
1123,2014-01-28,1942.32
1124,2014-01-29,1942.59
1125,2014-01-30,1942.67
1126,2014-01-31,1942.86
1127,2014-02-01,1942.71
1128,2014-02-02,1942.71
1129,2014-02-03,1942.67
1130,2014-02-04,1942.62
1131,2014-02-05,1942.54
1132,2014-02-06,1942.5066666666667
1133,2014-02-07,1942.4733333333334
1134,2014-02-08,1942.44
1135,2014-02-09,1942.17
1136,2014-02-10,1941.98
1137,2014-02-11,1942.01
1138,2014-02-12,1942.08
1139,2014-02-13,1942.28
1140,2014-02-14,1942.54
1141,2014-02-15,1942.42
1142,2014-02-16,1942.06
1143,2014-02-17,1941.61
1144,2014-02-18,1941.18
1145,2014-02-19,1941.01
1146,2014-02-20,1940.78
1147,2014-02-21,1940.34
1148,2014-02-22,1940.25
1149,2014-02-23,1940.35
1150,2014-02-24,1940.51
1151,2014-02-25,1940.55
1152,2014-02-26,1940.64
1153,2014-02-27,1940.72
1154,2014-02-28,1940.55
1155,2014-03-01,1940.64
1156,2014-03-02,1940.92
1157,2014-03-03,1941.12
1158,2014-03-04,1941.1
1159,2014-03-05,1941.34
1160,2014-03-06,1941.89
1161,2014-03-07,1942.19
1162,2014-03-08,1942.4
1163,2014-03-09,1942.89
1164,2014-03-10,1943.15
1165,2014-03-11,1943.1
1166,2014-03-12,1942.96
1167,2014-03-13,1942.76
1168,2014-03-14,1942.34
1169,2014-03-15,1942.11
1170,2014-03-16,1942.22
1171,2014-03-17,1941.95
1172,2014-03-18,1942.19
1173,2014-03-19,1942.08
1174,2014-03-20,1941.94
1175,2014-03-21,1941.87
1176,2014-03-22,1941.64
1177,2014-03-23,1941.9
1178,2014-03-24,1942.06
1179,2014-03-25,1941.84
1180,2014-03-26,1942.03
1181,2014-03-27,1941.89
1182,2014-03-28,1942.11
1183,2014-03-29,1942.19
1184,2014-03-30,1942.42
1185,2014-03-31,1942.44
1186,2014-04-01,1942.8
1187,2014-04-02,1942.65
1188,2014-04-03,1942.58
1189,2014-04-04,1942.24
1190,2014-04-05,1942.28
1191,2014-04-06,1942.12
1192,2014-04-07,1942.87
1193,2014-04-08,1942.91
1194,2014-04-09,1942.96
1195,2014-04-10,1943.05
1196,2014-04-11,1943.22
1197,2014-04-12,1943.48
1198,2014-04-13,1943.78
1199,2014-04-14,1943.79
1200,2014-04-15,1943.84
1201,2014-04-16,1944.09
1202,2014-04-17,1943.85
1203,2014-04-18,1943.68
1204,2014-04-19,1944.13
1205,2014-04-20,1944.33
1206,2014-04-21,1944.27
1207,2014-04-22,1944.29
1208,2014-04-23,1944.55
1209,2014-04-24,1944.71
1210,2014-04-25,1944.81
1211,2014-04-26,1944.64
1212,2014-04-27,1944.9
1213,2014-04-28,1944.81
1214,2014-04-29,1944.67
1215,2014-04-30,1944.49
1216,2014-05-01,1944.5
1217,2014-05-02,1944.5
1218,2014-05-03,1944.4
1219,2014-05-04,1944.66
1220,2014-05-05,1944.71
1221,2014-05-06,1944.69
1222,2014-05-07,1944.56
1223,2014-05-08,1944.52
1224,2014-05-09,1944.54
1225,2014-05-10,1944.56
1226,2014-05-11,1944.53
1227,2014-05-12,1944.46
1228,2014-05-13,1944.45
1229,2014-05-14,1944.68
1230,2014-05-15,1944.7
1231,2014-05-16,1944.76
1232,2014-05-17,1944.58
1233,2014-05-18,1944.68
1234,2014-05-19,1944.58
1235,2014-05-20,1944.54
1236,2014-05-21,1944.52
1237,2014-05-22,1944.56
1238,2014-05-23,1944.6
1239,2014-05-24,1944.61
1240,2014-05-25,1944.66
1241,2014-05-26,1944.63
1242,2014-05-27,1944.79
1243,2014-05-28,1944.8
1244,2014-05-29,1944.57
1245,2014-05-30,1944.39
1246,2014-05-31,1944.55
1247,2014-06-01,1944.47
1248,2014-06-02,1944.63
1249,2014-06-03,1944.58
1250,2014-06-04,1944.65
1251,2014-06-05,1944.55
1252,2014-06-06,1944.49
1253,2014-06-07,1944.59
1254,2014-06-08,1944.65
1255,2014-06-09,1944.63
1256,2014-06-10,1944.73
1257,2014-06-11,1944.54
1258,2014-06-12,1944.58
1259,2014-06-13,1944.52
1260,2014-06-14,1944.56
1261,2014-06-15,1944.55
1262,2014-06-16,1944.55
1263,2014-06-17,1944.5
1264,2014-06-18,1944.46
1265,2014-06-19,1944.47
1266,2014-06-20,1944.51
1267,2014-06-21,1944.32
1268,2014-06-22,1944.31
1269,2014-06-23,1944.74
1270,2014-06-24,1944.5
1271,2014-06-25,1944.7
1272,2014-06-26,1944.78
1273,2014-06-27,1944.93
1274,2014-06-28,1944.73
1275,2014-06-29,1944.61
1276,2014-06-30,1944.56
1277,2014-07-01,1944.46
1278,2014-07-02,1944.48
1279,2014-07-03,1944.55
1280,2014-07-04,1944.54
1281,2014-07-05,1944.49
1282,2014-07-06,1944.6
1283,2014-07-07,1944.52
1284,2014-07-08,1944.65
1285,2014-07-09,1944.67
1286,2014-07-10,1944.58
1287,2014-07-11,1944.58
1288,2014-07-12,1944.59
1289,2014-07-13,1944.59
1290,2014-07-14,1944.52
1291,2014-07-15,1944.78
1292,2014-07-16,1944.8
1293,2014-07-17,1944.67
1294,2014-07-18,1944.51
1295,2014-07-19,1944.61
1296,2014-07-20,1944.61
1297,2014-07-21,1944.58
1298,2014-07-22,1944.55
1299,2014-07-23,1944.67
1300,2014-07-24,1944.59
1301,2014-07-25,1944.68
1302,2014-07-26,1944.53
1303,2014-07-27,1944.48
1304,2014-07-28,1944.46
1305,2014-07-29,1944.55
1306,2014-07-30,1944.61
1307,2014-07-31,1944.58
1308,2014-08-01,1944.48
1309,2014-08-02,1944.51
1310,2014-08-03,1944.46
1311,2014-08-04,1944.55
1312,2014-08-05,1944.5
1313,2014-08-06,1944.48
1314,2014-08-07,1944.52
1315,2014-08-08,1944.61
1316,2014-08-09,1944.59
1317,2014-08-10,1944.55
1318,2014-08-11,1944.64
1319,2014-08-12,1944.59
1320,2014-08-13,1944.67
1321,2014-08-14,1944.59
1322,2014-08-15,1944.52
1323,2014-08-16,1944.43
1324,2014-08-17,1944.44
1325,2014-08-18,1944.37
1326,2014-08-19,1944.43
1327,2014-08-20,1944.41
1328,2014-08-21,1944.45
1329,2014-08-22,1944.38
1330,2014-08-23,1944.41
1331,2014-08-24,1944.61
1332,2014-08-25,1944.48
1333,2014-08-26,1944.51
1334,2014-08-27,1944.5
1335,2014-08-28,1944.48
1336,2014-08-29,1944.42
1337,2014-08-30,1944.4
1338,2014-08-31,1944.52
1339,2014-09-01,1944.48
1340,2014-09-02,1944.65
1341,2014-09-03,1944.57
1342,2014-09-04,1944.46
1343,2014-09-05,1944.46
1344,2014-09-06,1944.53
1345,2014-09-07,1944.58
1346,2014-09-08,1944.56
1347,2014-09-09,1944.56
1348,2014-09-10,1944.48
1349,2014-09-11,1944.49
1350,2014-09-12,1944.49
1351,2014-09-13,1944.72
1352,2014-09-14,1944.61
1353,2014-09-15,1944.5
1354,2014-09-16,1944.49
1355,2014-09-17,1944.48
1356,2014-09-18,1944.47
1357,2014-09-19,1944.29
1358,2014-09-20,1944.31
1359,2014-09-21,1944.36
1360,2014-09-22,1944.29
1361,2014-09-23,1944.08
1362,2014-09-24,1944.1
1363,2014-09-25,1944.08
1364,2014-09-26,1943.98
1365,2014-09-27,1943.92
1366,2014-09-28,1943.96
1367,2014-09-29,1943.97
1368,2014-09-30,1943.94
1369,2014-10-01,1943.84
1370,2014-10-02,1943.83
1371,2014-10-03,1943.74
1372,2014-10-04,1943.78
1373,2014-10-05,1943.84
1374,2014-10-06,1943.8
1375,2014-10-07,1943.84
1376,2014-10-08,1943.66
1377,2014-10-09,1943.6
1378,2014-10-10,1943.59
1379,2014-10-11,1943.59
1380,2014-10-12,1943.59
1381,2014-10-13,1943.55
1382,2014-10-14,1943.53
1383,2014-10-15,1943.49
1384,2014-10-16,1943.49
1385,2014-10-17,1943.48
1386,2014-10-18,1943.78
1387,2014-10-19,1943.75
1388,2014-10-20,1943.76
1389,2014-10-21,1943.77
1390,2014-10-22,1943.81
1391,2014-10-23,1943.85
1392,2014-10-24,1943.86
1393,2014-10-25,1943.9
1394,2014-10-26,1943.86
1395,2014-10-27,1943.78
1396,2014-10-28,1944.05
1397,2014-10-29,1944.14
1398,2014-10-30,1944.4
1399,2014-10-31,1944.23
1400,2014-11-01,1944.23
1401,2014-11-02,1944.16
1402,2014-11-03,1944.04
1403,2014-11-04,1943.91
1404,2014-11-05,1943.85
1405,2014-11-06,1943.77
1406,2014-11-07,1943.72
1407,2014-11-08,1943.63
1408,2014-11-09,1943.52
1409,2014-11-10,1943.44
1410,2014-11-11,1943.4
1411,2014-11-12,1943.33
1412,2014-11-13,1943.46
1413,2014-11-14,1943.43
1414,2014-11-15,1943.3325
1415,2014-11-16,1943.2350000000001
1416,2014-11-17,1943.1375
1417,2014-11-18,1943.04
1418,2014-11-19,1942.97
1419,2014-11-20,1942.88
1420,2014-11-21,1942.73
1421,2014-11-22,1942.98
1422,2014-11-23,1942.81
1423,2014-11-24,1942.86
1424,2014-11-25,1942.7
1425,2014-11-26,1942.68
1426,2014-11-27,1942.67
1427,2014-11-28,1942.99
1428,2014-11-29,1943.04
1429,2014-11-30,1942.85
1430,2014-12-01,1942.78
1431,2014-12-02,1942.65
1432,2014-12-03,1942.6
1433,2014-12-04,1942.5
1434,2014-12-05,1942.27
1435,2014-12-06,1942.17
1436,2014-12-07,1942.09
1437,2014-12-08,1942.0
1438,2014-12-09,1941.93
1439,2014-12-10,1941.88
1440,2014-12-11,1941.91
1441,2014-12-12,1941.75
1442,2014-12-13,1941.58
1443,2014-12-14,1941.46
1444,2014-12-15,1941.36
1445,2014-12-16,1941.23
1446,2014-12-17,1941.21
1447,2014-12-18,1941.3
1448,2014-12-19,1941.62
1449,2014-12-20,1941.71
1450,2014-12-21,1942.49
1451,2014-12-22,1943.08
1452,2014-12-23,1942.85
1453,2014-12-24,1942.77
1454,2014-12-25,1942.43
1455,2014-12-26,1941.97
1456,2014-12-27,1941.78
1457,2014-12-28,1941.63
1458,2014-12-29,1941.67
1459,2014-12-30,1941.42
1460,2014-12-31,1941.17
1461,2015-01-01,1940.92
1462,2015-01-02,1940.89
1463,2015-01-03,1940.55
1464,2015-01-04,1940.35
1465,2015-01-05,1940.35
1466,2015-01-06,1940.08
1467,2015-01-07,1939.98
1468,2015-01-08,1939.94
1469,2015-01-09,1940.06
1470,2015-01-10,1940.12
1471,2015-01-11,1940.06
1472,2015-01-12,1940.07
1473,2015-01-13,1940.03
1474,2015-01-14,1940.01
1475,2015-01-15,1940.32
1476,2015-01-16,1940.47
1477,2015-01-17,1940.6
1478,2015-01-18,1940.82
1479,2015-01-19,1940.78
1480,2015-01-20,1940.66
1481,2015-01-21,1940.44
1482,2015-01-22,1940.45
1483,2015-01-23,1940.31
1484,2015-01-24,1940.28
1485,2015-01-25,1940.24
1486,2015-01-26,1940.26
1487,2015-01-27,1940.18
1488,2015-01-28,1940.25
1489,2015-01-29,1940.28
1490,2015-01-30,1940.42
1491,2015-01-31,1940.45
1492,2015-02-01,1940.63
1493,2015-02-02,1940.61
1494,2015-02-03,1940.73
1495,2015-02-04,1940.83
1496,2015-02-05,1940.92
1497,2015-02-06,1940.66
1498,2015-02-07,1941.02
1499,2015-02-08,1941.08
1500,2015-02-09,1941.21
1501,2015-02-10,1941.29
1502,2015-02-11,1941.3
1503,2015-02-12,1941.49
1504,2015-02-13,1941.26
1505,2015-02-14,1941.17
1506,2015-02-15,1941.21
1507,2015-02-16,1941.16
1508,2015-02-17,1941.15
1509,2015-02-18,1941.41
1510,2015-02-19,1941.41
1511,2015-02-20,1941.6
1512,2015-02-21,1941.69
1513,2015-02-22,1941.29
1514,2015-02-23,1941.49
1515,2015-02-24,1941.67
1516,2015-02-25,1941.49
1517,2015-02-26,1941.64
1518,2015-02-27,1941.64
1519,2015-02-28,1941.7
1520,2015-03-01,1941.76
1521,2015-03-02,1941.82
1522,2015-03-03,1942.04
1523,2015-03-04,1942.16
1524,2015-03-05,1942.29
1525,2015-03-06,1942.49
1526,2015-03-07,1942.6
1527,2015-03-08,1942.72
1528,2015-03-09,1942.95
1529,2015-03-10,1942.88
1530,2015-03-11,1942.89
1531,2015-03-12,1942.95
1532,2015-03-13,1943.0
1533,2015-03-14,1943.37
1534,2015-03-15,1943.68
1535,2015-03-16,1943.71
1536,2015-03-17,1943.8
1537,2015-03-18,1943.72
1538,2015-03-19,1943.73
1539,2015-03-20,1943.74
1540,2015-03-21,1943.73
1541,2015-03-22,1943.72
1542,2015-03-23,1943.71
1543,2015-03-24,1943.77
1544,2015-03-25,1943.83
1545,2015-03-26,1943.7
1546,2015-03-27,1943.64
1547,2015-03-28,1943.72
1548,2015-03-29,1943.77
1549,2015-03-30,1943.67
1550,2015-03-31,1943.54
1551,2015-04-01,1943.63
1552,2015-04-02,1943.55
1553,2015-04-03,1943.5
1554,2015-04-04,1943.56
1555,2015-04-05,1943.58
1556,2015-04-06,1943.68
1557,2015-04-07,1943.71
1558,2015-04-08,1943.72
1559,2015-04-09,1943.68
1560,2015-04-10,1943.66
1561,2015-04-11,1943.84
1562,2015-04-12,1943.69
1563,2015-04-13,1943.83
1564,2015-04-14,1943.88
1565,2015-04-15,1943.96
1566,2015-04-16,1943.98
1567,2015-04-17,1944.03
1568,2015-04-18,1944.01
1569,2015-04-19,1944.2
1570,2015-04-20,1944.29
1571,2015-04-21,1944.28
1572,2015-04-22,1944.35
1573,2015-04-23,1944.4
1574,2015-04-24,1944.54
1575,2015-04-25,1944.61
1576,2015-04-26,1944.57
1577,2015-04-27,1944.55
1578,2015-04-28,1944.55
1579,2015-04-29,1944.58
1580,2015-04-30,1944.55
1581,2015-05-01,1944.56
1582,2015-05-02,1944.5
1583,2015-05-03,1944.51
1584,2015-05-04,1944.7
1585,2015-05-05,1944.43
1586,2015-05-06,1944.51
1587,2015-05-07,1944.62
1588,2015-05-08,1944.49
1589,2015-05-09,1944.53
1590,2015-05-10,1944.65
1591,2015-05-11,1944.75
1592,2015-05-12,1944.74
1593,2015-05-13,1944.6
1594,2015-05-14,1944.64
1595,2015-05-15,1944.54
1596,2015-05-16,1944.5
1597,2015-05-17,1944.71
1598,2015-05-18,1944.69
1599,2015-05-19,1944.69
1600,2015-05-20,1944.69
1601,2015-05-21,1944.76
1602,2015-05-22,1944.68
1603,2015-05-23,1944.47
1604,2015-05-24,1944.36
1605,2015-05-25,1944.54
1606,2015-05-26,1944.44
1607,2015-05-27,1944.29
1608,2015-05-28,1944.33
1609,2015-05-29,1944.39
1610,2015-05-30,1944.38
1611,2015-05-31,1944.47
1612,2015-06-01,1944.48
1613,2015-06-02,1944.44
1614,2015-06-03,1944.63
1615,2015-06-04,1944.63
1616,2015-06-05,1944.45
1617,2015-06-06,1944.39
1618,2015-06-07,1944.48
1619,2015-06-08,1944.57
1620,2015-06-09,1944.62
1621,2015-06-10,1944.62
1622,2015-06-11,1944.5
1623,2015-06-12,1944.33
1624,2015-06-13,1944.42
1625,2015-06-14,1944.44
1626,2015-06-15,1944.45
1627,2015-06-16,1944.41
1628,2015-06-17,1944.34
1629,2015-06-18,1944.47
1630,2015-06-19,1944.46
1631,2015-06-20,1944.45
1632,2015-06-21,1944.48
1633,2015-06-22,1944.57
1634,2015-06-23,1944.55
1635,2015-06-24,1944.55
1636,2015-06-25,1944.52
1637,2015-06-26,1944.5
1638,2015-06-27,1944.46
1639,2015-06-28,1944.53
1640,2015-06-29,1944.53
1641,2015-06-30,1944.52
1642,2015-07-01,1944.42
1643,2015-07-02,1944.4
1644,2015-07-03,1944.44
1645,2015-07-04,1944.39
1646,2015-07-05,1944.55
1647,2015-07-06,1944.55
1648,2015-07-07,1944.53
1649,2015-07-08,1944.53
1650,2015-07-09,1944.54
1651,2015-07-10,1944.57
1652,2015-07-11,1944.62
1653,2015-07-12,1944.51
1654,2015-07-13,1944.49
1655,2015-07-14,1944.53
1656,2015-07-15,1944.54
1657,2015-07-16,1944.67
1658,2015-07-17,1944.43
1659,2015-07-18,1944.44
1660,2015-07-19,1944.55
1661,2015-07-20,1944.55
1662,2015-07-21,1944.67
1663,2015-07-22,1944.35
1664,2015-07-23,1944.36
1665,2015-07-24,1944.53
1666,2015-07-25,1944.47
1667,2015-07-26,1944.54
1668,2015-07-27,1944.64
1669,2015-07-28,1944.58
1670,2015-07-29,1944.57
1671,2015-07-30,1944.52
1672,2015-07-31,1944.57
1673,2015-08-01,1944.45
1674,2015-08-02,1944.38
1675,2015-08-03,1944.39
1676,2015-08-04,1944.51
1677,2015-08-05,1944.47
1678,2015-08-06,1944.39
1679,2015-08-07,1944.43
1680,2015-08-08,1944.49
1681,2015-08-09,1944.47
1682,2015-08-10,1944.57
1683,2015-08-11,1944.62
1684,2015-08-12,1944.66
1685,2015-08-13,1944.63
1686,2015-08-14,1944.52
1687,2015-08-15,1944.49
1688,2015-08-16,1944.4
1689,2015-08-17,1944.46
1690,2015-08-18,1944.34
1691,2015-08-19,1944.49
1692,2015-08-20,1944.33
1693,2015-08-21,1944.44
1694,2015-08-22,1944.42
1695,2015-08-23,1944.48
1696,2015-08-24,1944.45
1697,2015-08-25,1944.47
1698,2015-08-26,1944.58
1699,2015-08-27,1944.48
1700,2015-08-28,1944.34
1701,2015-08-29,1944.37
1702,2015-08-30,1944.38
1703,2015-08-31,1944.4
1704,2015-09-01,1944.42
1705,2015-09-02,1944.35
1706,2015-09-03,1944.41
1707,2015-09-04,1944.4
1708,2015-09-05,1944.39
1709,2015-09-06,1944.38
1710,2015-09-07,1944.38
1711,2015-09-08,1944.38
1712,2015-09-09,1944.4
1713,2015-09-10,1944.41
1714,2015-09-11,1944.38
1715,2015-09-12,1944.41
1716,2015-09-13,1944.44
1717,2015-09-14,1944.57
1718,2015-09-15,1944.47
1719,2015-09-16,1944.43
1720,2015-09-17,1944.54
1721,2015-09-18,1944.38
1722,2015-09-19,1944.42
1723,2015-09-20,1944.44
1724,2015-09-21,1944.14
1725,2015-09-22,1944.19
1726,2015-09-23,1943.9
1727,2015-09-24,1943.78
1728,2015-09-25,1943.81
1729,2015-09-26,1943.72
1730,2015-09-27,1943.71
1731,2015-09-28,1943.63
1732,2015-09-29,1943.62
1733,2015-09-30,1943.58
1734,2015-10-01,1943.63
1735,2015-10-02,1943.5
1736,2015-10-03,1943.43
1737,2015-10-04,1943.38
1738,2015-10-05,1943.29
1739,2015-10-06,1943.32
1740,2015-10-07,1943.34
1741,2015-10-08,1943.26
1742,2015-10-09,1943.17
1743,2015-10-10,1943.26
1744,2015-10-11,1943.11
1745,2015-10-12,1943.03
1746,2015-10-13,1942.63
1747,2015-10-14,1942.15
1748,2015-10-15,1942.02
1749,2015-10-16,1941.88
1750,2015-10-17,1941.94
1751,2015-10-18,1941.8
1752,2015-10-19,1941.95
1753,2015-10-20,1941.57
1754,2015-10-21,1941.46
1755,2015-10-22,1941.31
1756,2015-10-23,1941.2
1757,2015-10-24,1941.09
1758,2015-10-25,1941.16
1759,2015-10-26,1941.06
1760,2015-10-27,1940.87
1761,2015-10-28,1940.86
1762,2015-10-29,1940.73
1763,2015-10-30,1940.69
1764,2015-10-31,1940.66
1765,2015-11-01,1940.71
1766,2015-11-02,1940.47
1767,2015-11-03,1940.3
1768,2015-11-04,1940.15
1769,2015-11-05,1940.01
1770,2015-11-06,1939.79
1771,2015-11-07,1939.74
1772,2015-11-08,1939.55
1773,2015-11-09,1939.48
1774,2015-11-10,1939.3
1775,2015-11-11,1939.2
1776,2015-11-12,1939.17
1777,2015-11-13,1939.05
1778,2015-11-14,1938.98
1779,2015-11-15,1938.9
1780,2015-11-16,1938.8
1781,2015-11-17,1938.71
1782,2015-11-18,1938.6
1783,2015-11-19,1938.74
1784,2015-11-20,1938.72
1785,2015-11-21,1938.47
1786,2015-11-22,1938.5
1787,2015-11-23,1938.56
1788,2015-11-24,1938.68
1789,2015-11-25,1938.56
1790,2015-11-26,1938.49
1791,2015-11-27,1938.4
1792,2015-11-28,1938.53
1793,2015-11-29,1938.545
1794,2015-11-30,1938.56
1795,2015-12-01,1938.58
1796,2015-12-02,1938.74
1797,2015-12-03,1938.82
1798,2015-12-04,1938.67
1799,2015-12-05,1938.72
1800,2015-12-06,1938.84
1801,2015-12-07,1939.13
1802,2015-12-08,1939.61
1803,2015-12-09,1939.94
1804,2015-12-10,1940.01
1805,2015-12-11,1940.0
1806,2015-12-12,1940.1
1807,2015-12-13,1940.35
1808,2015-12-14,1940.46
1809,2015-12-15,1940.59
1810,2015-12-16,1940.69
1811,2015-12-17,1940.97
1812,2015-12-18,1941.21
1813,2015-12-19,1941.04
1814,2015-12-20,1941.24
1815,2015-12-21,1941.39
1816,2015-12-22,1941.34
1817,2015-12-23,1941.31
1818,2015-12-24,1941.26
1819,2015-12-25,1941.26
1820,2015-12-26,1941.0
1821,2015-12-27,1940.89
1822,2015-12-28,1940.86
1823,2015-12-29,1940.72
1824,2015-12-30,1940.58
1825,2015-12-31,1940.54
1826,2016-01-01,1940.36
1827,2016-01-02,1940.27
1828,2016-01-03,1940.55
1829,2016-01-04,1940.56
1830,2016-01-05,1940.5
1831,2016-01-06,1940.43
1832,2016-01-07,1940.49
1833,2016-01-08,1940.45
1834,2016-01-09,1940.46
1835,2016-01-10,1940.56
1836,2016-01-11,1940.53
1837,2016-01-12,1940.58
1838,2016-01-13,1940.79
1839,2016-01-14,1940.8
1840,2016-01-15,1940.64
1841,2016-01-16,1940.87
1842,2016-01-17,1941.0
1843,2016-01-18,1940.91
1844,2016-01-19,1941.23
1845,2016-01-20,1941.19
1846,2016-01-21,1941.08
1847,2016-01-22,1941.0
1848,2016-01-23,1941.05
1849,2016-01-24,1941.01
1850,2016-01-25,1940.89
1851,2016-01-26,1941.03
1852,2016-01-27,1940.89
1853,2016-01-28,1941.0
1854,2016-01-29,1940.86
1855,2016-01-30,1940.99
1856,2016-01-31,1940.96
1857,2016-02-01,1941.16
1858,2016-02-02,1941.01
1859,2016-02-03,1941.03
1860,2016-02-04,1940.99
1861,2016-02-05,1940.86
1862,2016-02-06,1940.88
1863,2016-02-07,1940.92
1864,2016-02-08,1940.86
1865,2016-02-09,1941.07
1866,2016-02-10,1940.96
1867,2016-02-11,1940.86
1868,2016-02-12,1940.99
1869,2016-02-13,1940.79
1870,2016-02-14,1941.07
1871,2016-02-15,1941.35
1872,2016-02-16,1941.32
1873,2016-02-17,1941.49
1874,2016-02-18,1941.52
1875,2016-02-19,1941.64
1876,2016-02-20,1941.56
1877,2016-02-21,1941.68
1878,2016-02-22,1941.56
1879,2016-02-23,1941.36
1880,2016-02-24,1941.3
1881,2016-02-25,1941.32
1882,2016-02-26,1941.09
1883,2016-02-27,1941.32
1884,2016-02-28,1941.3
1885,2016-02-29,1941.04
1886,2016-03-01,1941.32
1887,2016-03-02,1941.02
1888,2016-03-03,1941.37
1889,2016-03-04,1941.38
1890,2016-03-05,1941.44
1891,2016-03-06,1941.63
1892,2016-03-07,1941.85
1893,2016-03-08,1941.96
1894,2016-03-09,1942.5
1895,2016-03-10,1942.59
1896,2016-03-11,1942.65
1897,2016-03-12,1942.76
1898,2016-03-13,1942.72
1899,2016-03-14,1942.9
1900,2016-03-15,1942.96
1901,2016-03-16,1942.87
1902,2016-03-17,1943.04
1903,2016-03-18,1943.02
1904,2016-03-19,1943.04
1905,2016-03-20,1943.05
1906,2016-03-21,1943.05
1907,2016-03-22,1943.12
1908,2016-03-23,1943.19
1909,2016-03-24,1943.38
1910,2016-03-25,1943.36
1911,2016-03-26,1943.26
1912,2016-03-27,1943.32
1913,2016-03-28,1943.07
1914,2016-03-29,1943.09
1915,2016-03-30,1943.25
1916,2016-03-31,1943.37
1917,2016-04-01,1943.49
1918,2016-04-02,1943.49
1919,2016-04-03,1943.56
1920,2016-04-04,1943.55
1921,2016-04-05,1943.67
1922,2016-04-06,1943.7
1923,2016-04-07,1943.96
1924,2016-04-08,1944.1
1925,2016-04-09,1944.19
1926,2016-04-10,1944.28
1927,2016-04-11,1944.26
1928,2016-04-12,1943.99
1929,2016-04-13,1944.03
1930,2016-04-14,1944.22
1931,2016-04-15,1944.28
1932,2016-04-16,1944.13
1933,2016-04-17,1944.09
1934,2016-04-18,1944.0
1935,2016-04-19,1944.14
1936,2016-04-20,1944.31
1937,2016-04-21,1944.34
1938,2016-04-22,1944.44
1939,2016-04-23,1944.64
1940,2016-04-24,1944.78
1941,2016-04-25,1944.82
1942,2016-04-26,1944.57
1943,2016-04-27,1944.38
1944,2016-04-28,1944.68
1945,2016-04-29,1944.39
1946,2016-04-30,1944.33
1947,2016-05-01,1944.58
1948,2016-05-02,1944.65
1949,2016-05-03,1944.64
1950,2016-05-04,1944.5
1951,2016-05-05,1944.49
1952,2016-05-06,1944.56
1953,2016-05-07,1944.5
1954,2016-05-08,1944.65
1955,2016-05-09,1944.56
1956,2016-05-10,1944.52
1957,2016-05-11,1944.48
1958,2016-05-12,1944.55
1959,2016-05-13,1944.65
1960,2016-05-14,1944.61
1961,2016-05-15,1944.64
1962,2016-05-16,1944.64
1963,2016-05-17,1944.47
1964,2016-05-18,1944.77
1965,2016-05-19,1944.71
1966,2016-05-20,1944.8
1967,2016-05-21,1944.84
1968,2016-05-22,1944.71
1969,2016-05-23,1944.62
1970,2016-05-24,1944.83
1971,2016-05-25,1944.77
1972,2016-05-26,1944.5
1973,2016-05-27,1944.48
1974,2016-05-28,1944.36
1975,2016-05-29,1944.4
1976,2016-05-30,1944.52
1977,2016-05-31,1944.5
1978,2016-06-01,1944.44
1979,2016-06-02,1944.44
1980,2016-06-03,1944.6
1981,2016-06-04,1944.55
1982,2016-06-05,1944.62
1983,2016-06-06,1944.68
1984,2016-06-07,1944.69
1985,2016-06-08,1944.48
1986,2016-06-09,1944.38
1987,2016-06-10,1944.29
1988,2016-06-11,1944.36
1989,2016-06-12,1944.34
1990,2016-06-13,1944.54
1991,2016-06-14,1944.52
1992,2016-06-15,1944.53
1993,2016-06-16,1944.56
1994,2016-06-17,1944.58
1995,2016-06-18,1944.75
1996,2016-06-19,1944.58
1997,2016-06-20,1944.58
1998,2016-06-21,1944.61
1999,2016-06-22,1944.59
2000,2016-06-23,1944.43
2001,2016-06-24,1944.42
2002,2016-06-25,1944.46
2003,2016-06-26,1944.47
2004,2016-06-27,1944.54
2005,2016-06-28,1944.49
2006,2016-06-29,1944.55
2007,2016-06-30,1944.55
2008,2016-07-01,1944.47
2009,2016-07-02,1944.59
2010,2016-07-03,1944.5
2011,2016-07-04,1944.52
2012,2016-07-05,1944.72
2013,2016-07-06,1944.64
2014,2016-07-07,1944.59
2015,2016-07-08,1944.59
2016,2016-07-09,1944.68
2017,2016-07-10,1944.63
2018,2016-07-11,1944.57
2019,2016-07-12,1944.75
2020,2016-07-13,1944.59
2021,2016-07-14,1944.69
2022,2016-07-15,1944.56
2023,2016-07-16,1944.44
2024,2016-07-17,1944.51
2025,2016-07-18,1944.63
2026,2016-07-19,1944.6
2027,2016-07-20,1944.61
2028,2016-07-21,1944.68
2029,2016-07-22,1944.72
2030,2016-07-23,1944.63
2031,2016-07-24,1944.66
2032,2016-07-25,1944.64
2033,2016-07-26,1944.66
2034,2016-07-27,1944.83
2035,2016-07-28,1944.74
2036,2016-07-29,1944.63
2037,2016-07-30,1944.59
2038,2016-07-31,1944.65
2039,2016-08-01,1944.62
2040,2016-08-02,1944.6
2041,2016-08-03,1944.64
2042,2016-08-04,1944.59
2043,2016-08-05,1944.69
2044,2016-08-06,1944.63
2045,2016-08-07,1944.68
2046,2016-08-08,1944.66
2047,2016-08-09,1944.54
2048,2016-08-10,1944.57
2049,2016-08-11,1944.52
2050,2016-08-12,1944.5
2051,2016-08-13,1944.49
2052,2016-08-14,1944.61
2053,2016-08-15,1944.66
2054,2016-08-16,1944.66
2055,2016-08-17,1944.59
2056,2016-08-18,1944.58
2057,2016-08-19,1944.62
2058,2016-08-20,1944.63
2059,2016-08-21,1944.54
2060,2016-08-22,1944.63
2061,2016-08-23,1944.53
2062,2016-08-24,1944.53
2063,2016-08-25,1944.63
2064,2016-08-26,1944.61
2065,2016-08-27,1944.67
2066,2016-08-28,1944.64
2067,2016-08-29,1944.67
2068,2016-08-30,1944.67
2069,2016-08-31,1944.65
2070,2016-09-01,1944.65
2071,2016-09-02,1944.6
2072,2016-09-03,1944.58
2073,2016-09-04,1944.67
2074,2016-09-05,1944.69
2075,2016-09-06,1944.7
2076,2016-09-07,1944.75
2077,2016-09-08,1944.74
2078,2016-09-09,1944.64
2079,2016-09-10,1944.55
2080,2016-09-11,1944.51
2081,2016-09-12,1944.45
2082,2016-09-13,1944.49
2083,2016-09-14,1944.5
2084,2016-09-15,1944.4
2085,2016-09-16,1944.33
2086,2016-09-17,1944.4
2087,2016-09-18,1944.31
2088,2016-09-19,1944.24
2089,2016-09-20,1944.2
2090,2016-09-21,1944.21
2091,2016-09-22,1944.27
2092,2016-09-23,1944.16
2093,2016-09-24,1944.06
2094,2016-09-25,1944.06
2095,2016-09-26,1943.97
2096,2016-09-27,1944.11
2097,2016-09-28,1944.19
2098,2016-09-29,1944.1
2099,2016-09-30,1944.19
2100,2016-10-01,1944.04
2101,2016-10-02,1944.26
2102,2016-10-03,1944.26
2103,2016-10-04,1944.19
2104,2016-10-05,1944.19
2105,2016-10-06,1944.21
2106,2016-10-07,1944.2
2107,2016-10-08,1944.27
2108,2016-10-09,1944.12
2109,2016-10-10,1944.06
2110,2016-10-11,1944.22
2111,2016-10-12,1943.94
2112,2016-10-13,1944.0
2113,2016-10-14,1944.19
2114,2016-10-15,1944.03
2115,2016-10-16,1943.97
2116,2016-10-17,1943.96
2117,2016-10-18,1944.02
2118,2016-10-19,1943.75
2119,2016-10-20,1943.67
2120,2016-10-21,1943.76
2121,2016-10-22,1943.51
2122,2016-10-23,1943.54
2123,2016-10-24,1943.59
2124,2016-10-25,1943.34
2125,2016-10-26,1943.27
2126,2016-10-27,1943.31
2127,2016-10-28,1943.14
2128,2016-10-29,1943.24
2129,2016-10-30,1943.12
2130,2016-10-31,1942.98
2131,2016-11-01,1942.9
2132,2016-11-02,1943.07
2133,2016-11-03,1943.28
2134,2016-11-04,1943.53
2135,2016-11-05,1943.74
2136,2016-11-06,1943.92
2137,2016-11-07,1944.09
2138,2016-11-08,1944.175
2139,2016-11-09,1944.26
2140,2016-11-10,1944.12
2141,2016-11-11,1944.14
2142,2016-11-12,1944.05
2143,2016-11-13,1943.97
2144,2016-11-14,1943.87
2145,2016-11-15,1944.09
2146,2016-11-16,1943.97
2147,2016-11-17,1943.87
2148,2016-11-18,1943.93
2149,2016-11-19,1943.67
2150,2016-11-20,1943.79
2151,2016-11-21,1943.76
2152,2016-11-22,1943.66
2153,2016-11-23,1943.56
2154,2016-11-24,1943.51
2155,2016-11-25,1943.49
2156,2016-11-26,1943.27
2157,2016-11-27,1943.41
2158,2016-11-28,1943.31
2159,2016-11-29,1943.05
2160,2016-11-30,1943.21
2161,2016-12-01,1943.26
2162,2016-12-02,1943.23
2163,2016-12-03,1943.18
2164,2016-12-04,1943.27
2165,2016-12-05,1943.09
2166,2016-12-06,1943.25
2167,2016-12-07,1943.15
2168,2016-12-08,1943.11
2169,2016-12-09,1943.17
2170,2016-12-10,1943.04
2171,2016-12-11,1942.99
2172,2016-12-12,1942.9
2173,2016-12-13,1942.68
2174,2016-12-14,1942.81
2175,2016-12-15,1942.49
2176,2016-12-16,1942.57
2177,2016-12-17,1942.48
2178,2016-12-18,1942.34
2179,2016-12-19,1942.22
2180,2016-12-20,1942.2
2181,2016-12-21,1942.19
2182,2016-12-22,1942.38
2183,2016-12-23,1942.21
2184,2016-12-24,1942.24
2185,2016-12-25,1942.13
2186,2016-12-26,1942.12
2187,2016-12-27,1942.26
2188,2016-12-28,1942.21
2189,2016-12-29,1942.18
2190,2016-12-30,1942.02
2191,2016-12-31,1941.99
2192,2017-01-01,1942.32
2193,2017-01-02,1942.23
2194,2017-01-03,1942.34
2195,2017-01-04,1942.2559999999999
2196,2017-01-05,1942.172
2197,2017-01-06,1942.088
2198,2017-01-07,1942.0040000000001
2199,2017-01-08,1941.92
2200,2017-01-09,1941.94
2201,2017-01-10,1941.96
2202,2017-01-11,1941.83
2203,2017-01-12,1941.65
2204,2017-01-13,1941.46
2205,2017-01-14,1941.37
2206,2017-01-15,1941.28
2207,2017-01-16,1941.19
2208,2017-01-17,1941.1
2209,2017-01-18,1940.97
2210,2017-01-19,1940.95
2211,2017-01-20,1940.69
2212,2017-01-21,1940.74
2213,2017-01-22,1940.42
2214,2017-01-23,1940.22
2215,2017-01-24,1939.95
2216,2017-01-25,1939.79
2217,2017-01-26,1939.63
2218,2017-01-27,1939.56
2219,2017-01-28,1939.54
2220,2017-01-29,1939.7
2221,2017-01-30,1939.72
2222,2017-01-31,1939.71
2223,2017-02-01,1939.65
2224,2017-02-02,1939.71
2225,2017-02-03,1939.71
2226,2017-02-04,1939.92
2227,2017-02-05,1940.05
2228,2017-02-06,1940.04
2229,2017-02-07,1940.05
2230,2017-02-08,1939.94
2231,2017-02-09,1940.33
2232,2017-02-10,1940.79
2233,2017-02-11,1940.57
2234,2017-02-12,1940.36
2235,2017-02-13,1940.14
2236,2017-02-14,1939.86
2237,2017-02-15,1939.78
2238,2017-02-16,1939.94
2239,2017-02-17,1939.67
2240,2017-02-18,1939.68
2241,2017-02-19,1939.7
2242,2017-02-20,1939.64
2243,2017-02-21,1939.76
2244,2017-02-22,1939.69
2245,2017-02-23,1939.53
2246,2017-02-24,1939.52
2247,2017-02-25,1939.36
2248,2017-02-26,1939.2
2249,2017-02-27,1939.28
2250,2017-02-28,1939.26
2251,2017-03-01,1939.56
2252,2017-03-02,1939.7
2253,2017-03-03,1939.4
2254,2017-03-04,1939.43
2255,2017-03-05,1939.56
2256,2017-03-06,1939.69
2257,2017-03-07,1939.86
2258,2017-03-08,1940.01
2259,2017-03-09,1940.24
2260,2017-03-10,1940.5316666666668
2261,2017-03-11,1940.8233333333333
2262,2017-03-12,1941.115
2263,2017-03-13,1941.4066666666668
2264,2017-03-14,1941.6983333333333
2265,2017-03-15,1941.99
2266,2017-03-16,1942.24
2267,2017-03-17,1942.2
2268,2017-03-18,1942.31
2269,2017-03-19,1942.46
2270,2017-03-20,1942.58
2271,2017-03-21,1942.53
2272,2017-03-22,1942.53
2273,2017-03-23,1941.95
2274,2017-03-24,1941.81
2275,2017-03-25,1941.74
2276,2017-03-26,1941.69
2277,2017-03-27,1941.9
2278,2017-03-28,1941.79
2279,2017-03-29,1942.01
2280,2017-03-30,1942.03
2281,2017-03-31,1942.32
2282,2017-04-01,1942.35
2283,2017-04-02,1942.4
2284,2017-04-03,1942.35
2285,2017-04-04,1942.5
2286,2017-04-05,1942.75
2287,2017-04-06,1942.81
2288,2017-04-07,1942.94
2289,2017-04-08,1943.02
2290,2017-04-09,1943.12
2291,2017-04-10,1943.15
2292,2017-04-11,1943.57
2293,2017-04-12,1943.56
2294,2017-04-13,1943.68
2295,2017-04-14,1943.72
2296,2017-04-15,1943.86
2297,2017-04-16,1943.87
2298,2017-04-17,1944.05
2299,2017-04-18,1944.25
2300,2017-04-19,1944.46
2301,2017-04-20,1944.54
2302,2017-04-21,1944.55
2303,2017-04-22,1944.68
2304,2017-04-23,1944.6
2305,2017-04-24,1944.67
2306,2017-04-25,1944.57
2307,2017-04-26,1944.58
2308,2017-04-27,1944.45
2309,2017-04-28,1944.29
2310,2017-04-29,1944.35
2311,2017-04-30,1944.38
2312,2017-05-01,1944.65
2313,2017-05-02,1944.53
2314,2017-05-03,1944.61
2315,2017-05-04,1944.68
2316,2017-05-05,1944.68
2317,2017-05-06,1944.47
2318,2017-05-07,1944.39
2319,2017-05-08,1944.25
2320,2017-05-09,1944.39
2321,2017-05-10,1944.56
2322,2017-05-11,1944.67
2323,2017-05-12,1944.52
2324,2017-05-13,1944.72
2325,2017-05-14,1944.65
2326,2017-05-15,1944.59
2327,2017-05-16,1944.65
2328,2017-05-17,1944.69
2329,2017-05-18,1944.66
2330,2017-05-19,1944.69
2331,2017-05-20,1944.71
2332,2017-05-21,1944.75
2333,2017-05-22,1944.8
2334,2017-05-23,1944.88
2335,2017-05-24,1944.86
2336,2017-05-25,1944.79
2337,2017-05-26,1944.85
2338,2017-05-27,1944.82
2339,2017-05-28,1944.81
2340,2017-05-29,1944.92
2341,2017-05-30,1944.82
2342,2017-05-31,1944.95
2343,2017-06-01,1944.85
2344,2017-06-02,1944.7
2345,2017-06-03,1944.75
2346,2017-06-04,1944.6
2347,2017-06-05,1944.82
2348,2017-06-06,1944.73
2349,2017-06-07,1944.6
2350,2017-06-08,1944.67
2351,2017-06-09,1944.7
2352,2017-06-10,1944.58
2353,2017-06-11,1944.67
2354,2017-06-12,1944.59
2355,2017-06-13,1944.57
2356,2017-06-14,1944.51
2357,2017-06-15,1944.44
2358,2017-06-16,1944.85
2359,2017-06-17,1944.66
2360,2017-06-18,1944.61
2361,2017-06-19,1944.79
2362,2017-06-20,1944.85
2363,2017-06-21,1944.82
2364,2017-06-22,1944.63
2365,2017-06-23,1944.52
2366,2017-06-24,1944.48
2367,2017-06-25,1944.46
2368,2017-06-26,1944.59
2369,2017-06-27,1944.545
2370,2017-06-28,1944.5
2371,2017-06-29,1944.55
2372,2017-06-30,1944.5
2373,2017-07-01,1944.59
2374,2017-07-02,1944.66
2375,2017-07-03,1944.63
2376,2017-07-04,1944.67
2377,2017-07-05,1944.74
2378,2017-07-06,1944.68
2379,2017-07-07,1944.74
2380,2017-07-08,1944.5
2381,2017-07-09,1944.67
2382,2017-07-10,1944.58
2383,2017-07-11,1944.61
2384,2017-07-12,1944.42
2385,2017-07-13,1944.51
2386,2017-07-14,1944.5
2387,2017-07-15,1944.53
2388,2017-07-16,1944.55
2389,2017-07-17,1944.5
2390,2017-07-18,1944.71
2391,2017-07-19,1944.6
2392,2017-07-20,1944.52
2393,2017-07-21,1944.4
2394,2017-07-22,1944.45
2395,2017-07-23,1944.64
2396,2017-07-24,1944.58
2397,2017-07-25,1944.56
2398,2017-07-26,1944.65
2399,2017-07-27,1944.68
2400,2017-07-28,1944.57
2401,2017-07-29,1944.49
2402,2017-07-30,1944.58
2403,2017-07-31,1944.59
2404,2017-08-01,1944.54
2405,2017-08-02,1944.63
2406,2017-08-03,1944.56
2407,2017-08-04,1944.4
2408,2017-08-05,1944.41
2409,2017-08-06,1944.44
2410,2017-08-07,1944.41
2411,2017-08-08,1944.53
2412,2017-08-09,1944.35
2413,2017-08-10,1944.45
2414,2017-08-11,1944.59
2415,2017-08-12,1944.69
2416,2017-08-13,1944.82
2417,2017-08-14,1944.63
2418,2017-08-15,1944.62
2419,2017-08-16,1944.45
2420,2017-08-17,1944.56
2421,2017-08-18,1944.54
2422,2017-08-19,1944.65
2423,2017-08-20,1944.54
2424,2017-08-21,1944.65
2425,2017-08-22,1944.52
2426,2017-08-23,1944.62
2427,2017-08-24,1944.48
2428,2017-08-25,1944.4
2429,2017-08-26,1944.43
2430,2017-08-27,1944.4
2431,2017-08-28,1944.44
2432,2017-08-29,1944.55
2433,2017-08-30,1944.44
2434,2017-08-31,1944.48
2435,2017-09-01,1944.55
2436,2017-09-02,1944.6
2437,2017-09-03,1944.59
2438,2017-09-04,1944.69
2439,2017-09-05,1944.56
2440,2017-09-06,1944.67
2441,2017-09-07,1944.64
2442,2017-09-08,1944.73
2443,2017-09-09,1944.88
2444,2017-09-10,1944.62
2445,2017-09-11,1944.52
2446,2017-09-12,1944.76
2447,2017-09-13,1944.71
2448,2017-09-14,1944.57
2449,2017-09-15,1944.49
2450,2017-09-16,1944.49
2451,2017-09-17,1944.53
2452,2017-09-18,1944.71
2453,2017-09-19,1944.32
2454,2017-09-20,1944.79
2455,2017-09-21,1944.54
2456,2017-09-22,1944.57
2457,2017-09-23,1944.49
2458,2017-09-24,1944.56
2459,2017-09-25,1944.62
2460,2017-09-26,1944.62
2461,2017-09-27,1944.69
2462,2017-09-28,1944.81
2463,2017-09-29,1944.69
2464,2017-09-30,1944.67
2465,2017-10-01,1944.63
2466,2017-10-02,1944.6
2467,2017-10-03,1944.74
2468,2017-10-04,1944.5
2469,2017-10-05,1944.5
2470,2017-10-06,1944.56
2471,2017-10-07,1944.47
2472,2017-10-08,1944.46
2473,2017-10-09,1944.51
2474,2017-10-10,1944.5
2475,2017-10-11,1944.48
2476,2017-10-12,1944.61
2477,2017-10-13,1944.48
2478,2017-10-14,1944.58
2479,2017-10-15,1944.73
2480,2017-10-16,1944.7
2481,2017-10-17,1944.5
2482,2017-10-18,1944.66
2483,2017-10-19,1944.46
2484,2017-10-20,1944.63
2485,2017-10-21,1944.53
2486,2017-10-22,1944.95
2487,2017-10-23,1944.88
2488,2017-10-24,1944.54
2489,2017-10-25,1944.6
2490,2017-10-26,1944.69
2491,2017-10-27,1944.67
2492,2017-10-28,1944.57
2493,2017-10-29,1944.62
2494,2017-10-30,1944.44
2495,2017-10-31,1944.65
2496,2017-11-01,1944.59
2497,2017-11-02,1944.57
2498,2017-11-03,1944.5
2499,2017-11-04,1944.5
2500,2017-11-05,1944.62
2501,2017-11-06,1944.68
2502,2017-11-07,1944.64
2503,2017-11-08,1944.62
2504,2017-11-09,1944.58
2505,2017-11-10,1944.63
2506,2017-11-11,1944.68
2507,2017-11-12,1944.59
2508,2017-11-13,1944.6
2509,2017-11-14,1944.59
2510,2017-11-15,1944.5
2511,2017-11-16,1944.68
2512,2017-11-17,1944.44
2513,2017-11-18,1944.38
2514,2017-11-19,1944.39
2515,2017-11-20,1944.46
2516,2017-11-21,1944.61
2517,2017-11-22,1944.62
2518,2017-11-23,1944.87
2519,2017-11-24,1944.67
2520,2017-11-25,1944.57
2521,2017-11-26,1944.7
2522,2017-11-27,1944.53
2523,2017-11-28,1944.48
2524,2017-11-29,1944.33
2525,2017-11-30,1944.43
2526,2017-12-01,1944.23
2527,2017-12-02,1944.22
2528,2017-12-03,1944.05
2529,2017-12-04,1943.88
2530,2017-12-05,1943.86
2531,2017-12-06,1943.7
2532,2017-12-07,1943.77
2533,2017-12-08,1943.49
2534,2017-12-09,1943.37
2535,2017-12-10,1943.22
2536,2017-12-11,1943.28
2537,2017-12-12,1943.02
2538,2017-12-13,1943.27
2539,2017-12-14,1943.19
2540,2017-12-15,1943.04
2541,2017-12-16,1942.93
2542,2017-12-17,1942.91
2543,2017-12-18,1942.55
2544,2017-12-19,1942.71
2545,2017-12-20,1942.51
2546,2017-12-21,1942.46
2547,2017-12-22,1942.31
2548,2017-12-23,1941.94
2549,2017-12-24,1942.16
2550,2017-12-25,1941.94
2551,2017-12-26,1941.75
2552,2017-12-27,1941.57
2553,2017-12-28,1941.6
2554,2017-12-29,1941.58
2555,2017-12-30,1941.42
2556,2017-12-31,1941.32
2557,2018-01-01,1941.37
