,datetime,LAKE_VALLEY_RES_NR_CISCO_CA.
0,2011-01-01,5100
1,2011-01-02,5050
2,2011-01-03,5010
3,2011-01-04,4960
4,2011-01-05,4910
5,2011-01-06,4860
6,2011-01-07,4820
7,2011-01-08,4770
8,2011-01-09,4720
9,2011-01-10,4670
10,2011-01-11,4620
11,2011-01-12,4570
12,2011-01-13,4530
13,2011-01-14,4490
14,2011-01-15,4450
15,2011-01-16,4410
16,2011-01-17,4380
17,2011-01-18,4350
18,2011-01-19,4310
19,2011-01-20,4270
20,2011-01-21,4230
21,2011-01-22,4190
22,2011-01-23,4150
23,2011-01-24,4110
24,2011-01-25,4060
25,2011-01-26,4020
26,2011-01-27,3970
27,2011-01-28,3930
28,2011-01-29,3880
29,2011-01-30,3860
30,2011-01-31,3810
31,2011-02-01,3760
32,2011-02-02,3710
33,2011-02-03,3650
34,2011-02-04,3600
35,2011-02-05,3550
36,2011-02-06,3500
37,2011-02-07,3460
38,2011-02-08,3410
39,2011-02-09,3350
40,2011-02-10,3300
41,2011-02-11,3250
42,2011-02-12,3200
43,2011-02-13,3150
44,2011-02-14,3130
45,2011-02-15,3130
46,2011-02-16,3130
47,2011-02-17,3120
48,2011-02-18,3100
49,2011-02-19,3070
50,2011-02-20,3020
51,2011-02-21,2980
52,2011-02-22,2940
53,2011-02-23,2900
54,2011-02-24,2880
55,2011-02-25,2860
56,2011-02-26,2820
57,2011-02-27,2770
58,2011-02-28,2730
59,2011-03-01,2680
60,2011-03-02,2670
61,2011-03-03,2650
62,2011-03-04,2610
63,2011-03-05,2580
64,2011-03-06,2560
65,2011-03-07,2530
66,2011-03-08,2490
67,2011-03-09,2450
68,2011-03-10,2420
69,2011-03-11,2390
70,2011-03-12,2350
71,2011-03-13,2350
72,2011-03-14,2400
73,2011-03-15,2560
74,2011-03-16,2650
75,2011-03-17,2650
76,2011-03-18,2660
77,2011-03-19,2670
78,2011-03-20,2670
79,2011-03-21,2660
80,2011-03-22,2630
81,2011-03-23,2620
82,2011-03-24,2620
83,2011-03-25,2600
84,2011-03-26,2580
85,2011-03-27,2550
86,2011-03-28,2510
87,2011-03-29,2470
88,2011-03-30,2450
89,2011-03-31,2440
90,2011-04-01,2440
91,2011-04-02,2470
92,2011-04-03,2500
93,2011-04-04,2510
94,2011-04-05,2530
95,2011-04-06,2550
96,2011-04-07,2570
97,2011-04-08,2560
98,2011-04-09,2540
99,2011-04-10,2520
100,2011-04-11,2500
101,2011-04-12,2490
102,2011-04-13,2490
103,2011-04-14,2460
104,2011-04-15,2440
105,2011-04-16,2440
106,2011-04-17,2490
107,2011-04-18,2640
108,2011-04-19,2760
109,2011-04-20,2860
110,2011-04-21,3030
111,2011-04-22,3090
112,2011-04-23,3130
113,2011-04-24,3210
114,2011-04-25,3280
115,2011-04-26,3320
116,2011-04-27,3360
117,2011-04-28,3410
118,2011-04-29,3450
119,2011-04-30,3490
120,2011-05-01,3520
121,2011-05-02,3570
122,2011-05-03,3650
123,2011-05-04,3760
124,2011-05-05,3900
125,2011-05-06,4060
126,2011-05-07,4210
127,2011-05-08,4320
128,2011-05-09,4380
129,2011-05-10,4420
130,2011-05-11,4500
131,2011-05-12,4600
132,2011-05-13,4720
133,2011-05-14,4810
134,2011-05-15,4890
135,2011-05-16,4910
136,2011-05-17,4940
137,2011-05-18,4940
138,2011-05-19,4930
139,2011-05-20,4950
140,2011-05-21,5000
141,2011-05-22,5050
142,2011-05-23,5110
143,2011-05-24,5180
144,2011-05-25,5250
145,2011-05-26,5260
146,2011-05-27,5280
147,2011-05-28,5290
148,2011-05-29,5290
149,2011-05-30,5290
150,2011-05-31,5290
151,2011-06-01,5320
152,2011-06-02,5320
153,2011-06-03,5310
154,2011-06-04,5350
155,2011-06-05,5450
156,2011-06-06,5670
157,2011-06-07,5780
158,2011-06-08,5920
159,2011-06-09,6070
160,2011-06-10,6230
161,2011-06-11,6390
162,2011-06-12,6530
163,2011-06-13,6670
164,2011-06-14,6860
165,2011-06-15,7050
166,2011-06-16,7260
167,2011-06-17,7390
168,2011-06-18,7460
169,2011-06-19,7450
170,2011-06-20,7460
171,2011-06-21,7490
172,2011-06-22,7490
173,2011-06-23,7470
174,2011-06-24,7430
175,2011-06-25,7400
176,2011-06-26,7380
177,2011-06-27,7420
178,2011-06-28,7520
179,2011-06-29,7690
180,2011-06-30,7750
181,2011-07-01,7810
182,2011-07-02,7850
183,2011-07-03,7890
184,2011-07-04,7920
185,2011-07-05,7950
186,2011-07-06,7970
187,2011-07-07,7980
188,2011-07-08,7970
189,2011-07-09,7960
190,2011-07-10,7940
191,2011-07-11,7910
192,2011-07-12,7870
193,2011-07-13,7850
194,2011-07-14,7840
195,2011-07-15,7840
196,2011-07-16,7840
197,2011-07-17,7840
198,2011-07-18,7840
199,2011-07-19,7840
200,2011-07-20,7830
201,2011-07-21,7820
202,2011-07-22,7810
203,2011-07-23,7810
204,2011-07-24,7800
205,2011-07-25,7780
206,2011-07-26,7770
207,2011-07-27,7760
208,2011-07-28,7750
209,2011-07-29,7740
210,2011-07-30,7720
211,2011-07-31,7710
212,2011-08-01,7700
213,2011-08-02,7680
214,2011-08-03,7670
215,2011-08-04,7650
216,2011-08-05,7640
217,2011-08-06,7620
218,2011-08-07,7610
219,2011-08-08,7590
220,2011-08-09,7580
221,2011-08-10,7560
222,2011-08-11,7540
223,2011-08-12,7530
224,2011-08-13,7510
225,2011-08-14,7490
226,2011-08-15,7480
227,2011-08-16,7460
228,2011-08-17,7440
229,2011-08-18,7430
230,2011-08-19,7410
231,2011-08-20,7390
232,2011-08-21,7380
233,2011-08-22,7360
234,2011-08-23,7350
235,2011-08-24,7330
236,2011-08-25,7310
237,2011-08-26,7300
238,2011-08-27,7280
239,2011-08-28,7270
240,2011-08-29,7250
241,2011-08-30,7230
242,2011-08-31,7220
243,2011-09-01,7200
244,2011-09-02,7180
245,2011-09-03,7160
246,2011-09-04,7150
247,2011-09-05,7110
248,2011-09-06,7030
249,2011-09-07,6960
250,2011-09-08,6900
251,2011-09-09,6850
252,2011-09-10,6800
253,2011-09-11,6750
254,2011-09-12,6700
255,2011-09-13,6650
256,2011-09-14,6600
257,2011-09-15,6550
258,2011-09-16,6500
259,2011-09-17,6440
260,2011-09-18,6390
261,2011-09-19,6340
262,2011-09-20,6290
263,2011-09-21,6240
264,2011-09-22,6180
265,2011-09-23,6130
266,2011-09-24,6080
267,2011-09-25,6020
268,2011-09-26,5980
269,2011-09-27,5950
270,2011-09-28,5930
271,2011-09-29,5920
272,2011-09-30,5850
273,2011-10-01,5698
274,2011-10-02,5628
275,2011-10-03,5555
276,2011-10-04,5504
277,2011-10-05,5501
278,2011-10-06,5445
279,2011-10-07,5379
280,2011-10-08,5308
281,2011-10-09,5242
282,2011-10-10,5213
283,2011-10-11,5158
284,2011-10-12,5116
285,2011-10-13,5077
286,2011-10-14,5041
287,2011-10-15,5005
288,2011-10-16,4963
289,2011-10-17,4925
290,2011-10-18,4871
291,2011-10-19,4798
292,2011-10-20,4732
293,2011-10-21,4671
294,2011-10-22,4612
295,2011-10-23,4552
296,2011-10-24,4495
297,2011-10-25,4443
298,2011-10-26,4377
299,2011-10-27,4319
300,2011-10-28,4261
301,2011-10-29,4198
302,2011-10-30,4146
303,2011-10-31,4089
304,2011-11-01,4027
305,2011-11-02,3967
306,2011-11-03,3927
307,2011-11-04,3871
308,2011-11-05,3826
309,2011-11-06,3775
310,2011-11-07,3730
311,2011-11-08,3700
312,2011-11-09,3671
313,2011-11-10,3638
314,2011-11-11,3593
315,2011-11-12,3554
316,2011-11-13,3508
317,2011-11-14,3464
318,2011-11-15,3419
319,2011-11-16,3376
320,2011-11-17,3336
321,2011-11-18,3312
322,2011-11-19,3279
323,2011-11-20,3243
324,2011-11-21,3200
325,2011-11-22,3152
326,2011-11-23,3099
327,2011-11-24,3053
328,2011-11-25,3003
329,2011-11-26,2954
330,2011-11-27,2903
331,2011-11-28,2854
332,2011-11-29,2802
333,2011-11-30,2756
334,2011-12-01,2707
335,2011-12-02,2658
336,2011-12-03,2612
337,2011-12-04,2580
338,2011-12-05,2564
339,2011-12-06,2522
340,2011-12-07,2462
341,2011-12-08,2420
342,2011-12-09,2420
343,2011-12-10,2410
344,2011-12-11,2410
345,2011-12-12,2404
346,2011-12-13,2399
347,2011-12-14,2395
348,2011-12-15,2393
349,2011-12-16,2388
350,2011-12-17,2381
351,2011-12-18,2379
352,2011-12-19,2376
353,2011-12-20,2371
354,2011-12-21,2371
355,2011-12-22,2360
356,2011-12-23,2352
357,2011-12-24,2346
358,2011-12-25,2345
359,2011-12-26,2340
360,2011-12-27,2334
361,2011-12-28,2331
362,2011-12-29,2331
363,2011-12-30,2331
364,2011-12-31,2327
365,2012-01-01,2322
366,2012-01-02,2319
367,2012-01-03,2315
368,2012-01-04,2312
369,2012-01-05,2308
370,2012-01-06,2305
371,2012-01-07,2300
372,2012-01-08,2295
373,2012-01-09,2291
374,2012-01-10,2286
375,2012-01-11,2283
376,2012-01-12,2278
377,2012-01-13,2274
378,2012-01-14,2269
379,2012-01-15,2264
380,2012-01-16,2261
381,2012-01-17,2257
382,2012-01-18,2252
383,2012-01-19,2256
384,2012-01-20,2369
385,2012-01-21,2482
386,2012-01-22,2505
387,2012-01-23,2533
388,2012-01-24,2536
389,2012-01-25,2544
390,2012-01-26,2560
391,2012-01-27,2569
392,2012-01-28,2577
393,2012-01-29,2586
394,2012-01-30,2593
395,2012-01-31,2602
396,2012-02-01,2613
397,2012-02-02,2615
398,2012-02-03,2621
399,2012-02-04,2624
400,2012-02-05,2630
401,2012-02-06,2634
402,2012-02-07,2639
403,2012-02-08,2643
404,2012-02-09,2649
405,2012-02-10,2654
406,2012-02-11,2662
407,2012-02-12,2673
408,2012-02-13,2690
409,2012-02-14,2697
410,2012-02-15,2707
411,2012-02-16,2712
412,2012-02-17,2716
413,2012-02-18,2720
414,2012-02-19,2726
415,2012-02-20,2729
416,2012-02-21,2735
417,2012-02-22,2743
418,2012-02-23,2748
419,2012-02-24,2758
420,2012-02-25,2766
421,2012-02-26,2769
422,2012-02-27,2785
423,2012-02-28,2792
424,2012-02-29,2840
425,2012-03-01,2868
426,2012-03-02,2869
427,2012-03-03,2875
428,2012-03-04,2883
429,2012-03-05,2891
430,2012-03-06,2901
431,2012-03-07,2910
432,2012-03-08,2916
433,2012-03-09,2926
434,2012-03-10,2936
435,2012-03-11,2956
436,2012-03-12,2967
437,2012-03-13,3021
438,2012-03-14,3126
439,2012-03-15,3445
440,2012-03-16,3988
441,2012-03-17,4148
442,2012-03-18,4239
443,2012-03-19,4287
444,2012-03-20,4336
445,2012-03-21,4404
446,2012-03-22,4490
447,2012-03-23,4559
448,2012-03-24,4612
449,2012-03-25,4656
450,2012-03-26,4692
451,2012-03-27,4744
452,2012-03-28,4800
453,2012-03-29,4841
454,2012-03-30,4912
455,2012-03-31,5062
456,2012-04-01,5127
457,2012-04-02,5171
458,2012-04-03,5228
459,2012-04-04,5281
460,2012-04-05,5321
461,2012-04-06,5350
462,2012-04-07,5379
463,2012-04-08,5413
464,2012-04-09,5456
465,2012-04-10,5499
466,2012-04-11,5563
467,2012-04-12,5644
468,2012-04-13,5698
469,2012-04-14,5725
470,2012-04-15,5752
471,2012-04-16,5790
472,2012-04-17,5843
473,2012-04-18,5925
474,2012-04-19,6032
475,2012-04-20,6194
476,2012-04-21,6380
477,2012-04-22,6584
478,2012-04-23,6797
479,2012-04-24,6989
480,2012-04-25,7205
481,2012-04-26,7504
482,2012-04-27,7394
483,2012-04-28,7349
484,2012-04-29,7337
485,2012-04-30,7346
486,2012-05-01,7385
487,2012-05-02,7457
488,2012-05-03,7466
489,2012-05-04,7469
490,2012-05-05,7484
491,2012-05-06,7528
492,2012-05-07,7597
493,2012-05-08,7672
494,2012-05-09,7765
495,2012-05-10,7856
496,2012-05-11,7905
497,2012-05-12,7890
498,2012-05-13,7856
499,2012-05-14,7853
500,2012-05-15,7853
501,2012-05-16,7850
502,2012-05-17,7838
503,2012-05-18,7817
504,2012-05-19,7823
505,2012-05-20,7841
506,2012-05-21,7859
507,2012-05-22,7871
508,2012-05-23,7880
509,2012-05-24,7877
510,2012-05-25,7890
511,2012-05-26,7893
512,2012-05-27,7890
513,2012-05-28,7884
514,2012-05-29,7880
515,2012-05-30,7874
516,2012-05-31,7868
517,2012-06-01,7865
518,2012-06-02,7856
519,2012-06-03,7850
520,2012-06-04,7902
521,2012-06-05,7899
522,2012-06-06,7890
523,2012-06-07,7884
524,2012-06-08,7877
525,2012-06-09,7865
526,2012-06-10,7841
527,2012-06-11,7832
528,2012-06-12,7826
529,2012-06-13,7817
530,2012-06-14,7808
531,2012-06-15,7796
532,2012-06-16,7783
533,2012-06-17,7771
534,2012-06-18,7756
535,2012-06-19,7740
536,2012-06-20,7730
537,2012-06-21,7720
538,2012-06-22,7700
539,2012-06-23,7690
540,2012-06-24,7680
541,2012-06-25,7660
542,2012-06-26,7654
543,2012-06-27,7636
544,2012-06-28,7624
545,2012-06-29,7612
546,2012-06-30,7600
547,2012-07-01,7588
548,2012-07-02,7575
549,2012-07-03,7558
550,2012-07-04,7546
551,2012-07-05,7534
552,2012-07-06,7516
553,2012-07-07,7504
554,2012-07-08,7486
555,2012-07-09,7475
556,2012-07-10,7457
557,2012-07-11,7439
558,2012-07-12,7424
559,2012-07-13,7409
560,2012-07-14,7391
561,2012-07-15,7377
562,2012-07-16,7359
563,2012-07-17,7341
564,2012-07-18,7326
565,2012-07-19,7312
566,2012-07-20,7297
567,2012-07-21,7279
568,2012-07-22,7267
569,2012-07-23,7261
570,2012-07-24,7246
571,2012-07-25,7232
572,2012-07-26,7217
573,2012-07-27,7199
574,2012-07-28,7185
575,2012-07-29,7167
576,2012-07-30,7149
577,2012-07-31,7135
578,2012-08-01,7117
579,2012-08-02,7102
580,2012-08-03,7088
581,2012-08-04,7073
582,2012-08-05,7059
583,2012-08-06,7041
584,2012-08-07,7027
585,2012-08-08,7009
586,2012-08-09,6995
587,2012-08-10,6980
588,2012-08-11,6962
589,2012-08-12,6948
590,2012-08-13,6939
591,2012-08-14,6922
592,2012-08-15,6907
593,2012-08-16,6892
594,2012-08-17,6878
595,2012-08-18,6861
596,2012-08-19,6846
597,2012-08-20,6829
598,2012-08-21,6811
599,2012-08-22,6797
600,2012-08-23,6783
601,2012-08-24,6765
602,2012-08-25,6748
603,2012-08-26,6734
604,2012-08-27,6717
605,2012-08-28,6702
606,2012-08-29,6685
607,2012-08-30,6667
608,2012-08-31,6650
609,2012-09-01,6636
610,2012-09-02,6622
611,2012-09-03,6604
612,2012-09-04,6590
613,2012-09-05,6581
614,2012-09-06,6567
615,2012-09-07,6550
616,2012-09-08,6536
617,2012-09-09,6524
618,2012-09-10,6507
619,2012-09-11,6493
620,2012-09-12,6479
621,2012-09-13,6465
622,2012-09-14,6448
623,2012-09-15,6437
624,2012-09-16,6422
625,2012-09-17,6405
626,2012-09-18,6391
627,2012-09-19,6377
628,2012-09-20,6363
629,2012-09-21,6351
630,2012-09-22,6337
631,2012-09-23,6323
632,2012-09-24,6312
633,2012-09-25,6298
634,2012-09-26,6281
635,2012-09-27,6250
636,2012-09-28,6172
637,2012-09-29,6094
638,2012-09-30,6019
639,2012-10-01,5950
640,2012-10-02,5880
641,2012-10-03,5820
642,2012-10-04,5750
643,2012-10-05,5680
644,2012-10-06,5620
645,2012-10-07,5560
646,2012-10-08,5490
647,2012-10-09,5430
648,2012-10-10,5370
649,2012-10-11,5310
650,2012-10-12,5240
651,2012-10-13,5180
652,2012-10-14,5120
653,2012-10-15,5060
654,2012-10-16,5000
655,2012-10-17,4930
656,2012-10-18,4860
657,2012-10-19,4810
658,2012-10-20,4740
659,2012-10-21,4680
660,2012-10-22,4680
661,2012-10-23,4640
662,2012-10-24,4600
663,2012-10-25,4540
664,2012-10-26,4490
665,2012-10-27,4430
666,2012-10-28,4370
667,2012-10-29,4310
668,2012-10-30,4260
669,2012-10-31,4200
670,2012-11-01,4160
671,2012-11-02,4110
672,2012-11-03,4050
673,2012-11-04,4010
674,2012-11-05,3960
675,2012-11-06,3910
676,2012-11-07,3870
677,2012-11-08,3840
678,2012-11-09,3830
679,2012-11-10,3810
680,2012-11-11,3780
681,2012-11-12,3760
682,2012-11-13,3740
683,2012-11-14,3710
684,2012-11-15,3690
685,2012-11-16,3680
686,2012-11-17,3730
687,2012-11-18,3760
688,2012-11-19,3750
689,2012-11-20,3740
690,2012-11-21,3850
691,2012-11-22,3850
692,2012-11-23,3840
693,2012-11-24,3830
694,2012-11-25,3810
695,2012-11-26,3790
696,2012-11-27,3780
697,2012-11-28,3810
698,2012-11-29,3920
699,2012-11-30,4890
700,2012-12-01,5320
701,2012-12-02,6190
702,2012-12-03,6300
703,2012-12-04,6400
704,2012-12-05,6690
705,2012-12-06,6770
706,2012-12-07,6810
707,2012-12-08,6820
708,2012-12-09,6830
709,2012-12-10,6830
710,2012-12-11,6840
711,2012-12-12,6850
712,2012-12-13,6840
713,2012-12-14,6830
714,2012-12-15,6830
715,2012-12-16,6840
716,2012-12-17,6890
717,2012-12-18,6830
718,2012-12-19,6750
719,2012-12-20,6670
720,2012-12-21,6610
721,2012-12-22,6600
722,2012-12-23,6580
723,2012-12-24,6500
724,2012-12-25,6450
725,2012-12-26,6380
726,2012-12-27,6290
727,2012-12-28,6200
728,2012-12-29,6110
729,2012-12-30,6020
730,2012-12-31,5940
731,2013-01-01,5850
732,2013-01-02,5750
733,2013-01-03,5700
734,2013-01-04,5670
735,2013-01-05,5630
736,2013-01-06,5600
737,2013-01-07,5560
738,2013-01-08,5530
739,2013-01-09,5510
740,2013-01-10,5480
741,2013-01-11,5450
742,2013-01-12,5410
743,2013-01-13,5370
744,2013-01-14,5340
745,2013-01-15,5300
746,2013-01-16,5260
747,2013-01-17,5230
748,2013-01-18,5190
749,2013-01-19,5150
750,2013-01-20,5120
751,2013-01-21,5080
752,2013-01-22,5050
753,2013-01-23,5010
754,2013-01-24,4990
755,2013-01-25,4990
756,2013-01-26,4980
757,2013-01-27,4970
758,2013-01-28,4950
759,2013-01-29,4920
760,2013-01-30,4900
761,2013-01-31,4870
762,2013-02-01,4850
763,2013-02-02,4820
764,2013-02-03,4790
765,2013-02-04,4770
766,2013-02-05,4740
767,2013-02-06,4710
768,2013-02-07,4690
769,2013-02-08,4660
770,2013-02-09,4640
771,2013-02-10,4600
772,2013-02-11,4570
773,2013-02-12,4540
774,2013-02-13,4510
775,2013-02-14,4480
776,2013-02-15,4450
777,2013-02-16,4420
778,2013-02-17,4390
779,2013-02-18,4360
780,2013-02-19,4350
781,2013-02-20,4320
782,2013-02-21,4290
783,2013-02-22,4250
784,2013-02-23,4220
785,2013-02-24,4190
786,2013-02-25,4160
787,2013-02-26,4130
788,2013-02-27,4100
789,2013-02-28,4070
790,2013-03-01,4040
791,2013-03-02,4010
792,2013-03-03,4000
793,2013-03-04,3980
794,2013-03-05,3960
795,2013-03-06,3970
796,2013-03-07,3950
797,2013-03-08,3920
798,2013-03-09,3900
799,2013-03-10,3870
800,2013-03-11,3850
801,2013-03-12,3830
802,2013-03-13,3820
803,2013-03-14,3820
804,2013-03-15,3810
805,2013-03-16,3810
806,2013-03-17,3800
807,2013-03-18,3790
808,2013-03-19,3800
809,2013-03-20,3920
810,2013-03-21,3970
811,2013-03-22,3980
812,2013-03-23,3980
813,2013-03-24,3980
814,2013-03-25,3980
815,2013-03-26,3980
816,2013-03-27,4000
817,2013-03-28,4050
818,2013-03-29,4090
819,2013-03-30,4140
820,2013-03-31,4230
821,2013-04-01,4300
822,2013-04-02,4360
823,2013-04-03,4410
824,2013-04-04,4550
825,2013-04-05,4640
826,2013-04-06,4710
827,2013-04-07,4780
828,2013-04-08,4860
829,2013-04-09,4900
830,2013-04-10,4940
831,2013-04-11,5000
832,2013-04-12,5050
833,2013-04-13,5100
834,2013-04-14,5140
835,2013-04-15,5190
836,2013-04-16,5220
837,2013-04-17,5240
838,2013-04-18,5270
839,2013-04-19,5300
840,2013-04-20,5330
841,2013-04-21,5360
842,2013-04-22,5390
843,2013-04-23,5420
844,2013-04-24,5440
845,2013-04-25,5470
846,2013-04-26,5500
847,2013-04-27,5520
848,2013-04-28,5550
849,2013-04-29,5570
850,2013-04-30,5590
851,2013-05-01,5600
852,2013-05-02,5620
853,2013-05-03,5630
854,2013-05-04,5640
855,2013-05-05,5670
856,2013-05-06,5710
857,2013-05-07,5730
858,2013-05-08,5770
859,2013-05-09,5790
860,2013-05-10,5800
861,2013-05-11,5820
862,2013-05-12,5830
863,2013-05-13,5830
864,2013-05-14,5840
865,2013-05-15,5840
866,2013-05-16,5850
867,2013-05-17,5850
868,2013-05-18,5860
869,2013-05-19,5860
870,2013-05-20,5850
871,2013-05-21,5850
872,2013-05-22,5850
873,2013-05-23,5850
874,2013-05-24,5840
875,2013-05-25,5840
876,2013-05-26,5830
877,2013-05-27,5850
878,2013-05-28,5850
879,2013-05-29,5860
880,2013-05-30,5850
881,2013-05-31,5850
882,2013-06-01,5850
883,2013-06-02,5840
884,2013-06-03,5840
885,2013-06-04,5830
886,2013-06-05,5820
887,2013-06-06,5810
888,2013-06-07,5800
889,2013-06-08,5790
890,2013-06-09,5780
891,2013-06-10,5770
892,2013-06-11,5770
893,2013-06-12,5750
894,2013-06-13,5740
895,2013-06-14,5730
896,2013-06-15,5720
897,2013-06-16,5710
898,2013-06-17,5700
899,2013-06-18,5680
900,2013-06-19,5670
901,2013-06-20,5660
902,2013-06-21,5650
903,2013-06-22,5640
904,2013-06-23,5630
905,2013-06-24,5640
906,2013-06-25,5690
907,2013-06-26,5680
908,2013-06-27,5680
909,2013-06-28,5670
910,2013-06-29,5660
911,2013-06-30,5650
912,2013-07-01,5640
913,2013-07-02,5630
914,2013-07-03,5620
915,2013-07-04,5600
916,2013-07-05,5590
917,2013-07-06,5570
918,2013-07-07,5560
919,2013-07-08,5540
920,2013-07-09,5530
921,2013-07-10,5510
922,2013-07-11,5500
923,2013-07-12,5480
924,2013-07-13,5470
925,2013-07-14,5450
926,2013-07-15,5440
927,2013-07-16,5420
928,2013-07-17,5410
929,2013-07-18,5390
930,2013-07-19,5380
931,2013-07-20,5370
932,2013-07-21,5350
933,2013-07-22,5340
934,2013-07-23,5320
935,2013-07-24,5310
936,2013-07-25,5300
937,2013-07-26,5280
938,2013-07-27,5270
939,2013-07-28,5250
940,2013-07-29,5230
941,2013-07-30,5220
942,2013-07-31,5200
943,2013-08-01,5190
944,2013-08-02,5170
945,2013-08-03,5150
946,2013-08-04,5140
947,2013-08-05,5120
948,2013-08-06,5110
949,2013-08-07,5090
950,2013-08-08,5080
951,2013-08-09,5060
952,2013-08-10,5050
953,2013-08-11,5030
954,2013-08-12,5020
955,2013-08-13,5000
956,2013-08-14,4990
957,2013-08-15,4980
958,2013-08-16,4960
959,2013-08-17,4950
960,2013-08-18,4940
961,2013-08-19,4920
962,2013-08-20,4910
963,2013-08-21,4900
964,2013-08-22,4880
965,2013-08-23,4870
966,2013-08-24,4860
967,2013-08-25,4850
968,2013-08-26,4830
969,2013-08-27,4820
970,2013-08-28,4800
971,2013-08-29,4790
972,2013-08-30,4770
973,2013-08-31,4760
974,2013-09-01,4750
975,2013-09-02,4740
976,2013-09-03,4730
977,2013-09-04,4720
978,2013-09-05,4700
979,2013-09-06,4690
980,2013-09-07,4670
981,2013-09-08,4660
982,2013-09-09,4650
983,2013-09-10,4620
984,2013-09-11,4540
985,2013-09-12,4530
986,2013-09-13,4520
987,2013-09-14,4500
988,2013-09-15,4490
989,2013-09-16,4480
990,2013-09-17,4470
991,2013-09-18,4450
992,2013-09-19,4440
993,2013-09-20,4420
994,2013-09-21,4450
995,2013-09-22,4440
996,2013-09-23,4430
997,2013-09-24,4410
998,2013-09-25,4400
999,2013-09-26,4390
1000,2013-09-27,4370
1001,2013-09-28,4360
1002,2013-09-29,4340
1003,2013-09-30,4310
1004,2013-10-01,4290
1005,2013-10-02,4280
1006,2013-10-03,4280
1007,2013-10-04,4260
1008,2013-10-05,4250
1009,2013-10-06,4240
1010,2013-10-07,4240
1011,2013-10-08,4230
1012,2013-10-09,4220
1013,2013-10-10,4200
1014,2013-10-11,4160
1015,2013-10-12,4110
1016,2013-10-13,4060
1017,2013-10-14,4010
1018,2013-10-15,3970
1019,2013-10-16,3920
1020,2013-10-17,3870
1021,2013-10-18,3820
1022,2013-10-19,3780
1023,2013-10-20,3730
1024,2013-10-21,3690
1025,2013-10-22,3640
1026,2013-10-23,3600
1027,2013-10-24,3550
1028,2013-10-25,3510
1029,2013-10-26,3460
1030,2013-10-27,3440
1031,2013-10-28,3450
1032,2013-10-29,3450
1033,2013-10-30,3440
1034,2013-10-31,3440
1035,2013-11-01,3430
1036,2013-11-02,3430
1037,2013-11-03,3420
1038,2013-11-04,3410
1039,2013-11-05,3390
1040,2013-11-06,3380
1041,2013-11-07,3360
1042,2013-11-08,3340
1043,2013-11-09,3330
1044,2013-11-10,3310
1045,2013-11-11,3300
1046,2013-11-12,3280
1047,2013-11-13,3260
1048,2013-11-14,3250
1049,2013-11-15,3230
1050,2013-11-16,3220
1051,2013-11-17,3200
1052,2013-11-18,3190
1053,2013-11-19,3190
1054,2013-11-20,3200
1055,2013-11-21,3200
1056,2013-11-22,3170
1057,2013-11-23,3140
1058,2013-11-24,3130
1059,2013-11-25,3110
1060,2013-11-26,3100
1061,2013-11-27,3080
1062,2013-11-28,3070
1063,2013-11-29,3060
1064,2013-11-30,3040
1065,2013-12-01,3020
1066,2013-12-02,3000
1067,2013-12-03,2980
1068,2013-12-04,2950
1069,2013-12-05,2930
1070,2013-12-06,2930
1071,2013-12-07,2950
1072,2013-12-08,2940
1073,2013-12-09,2940
1074,2013-12-10,2930
1075,2013-12-11,2920
1076,2013-12-12,2920
1077,2013-12-13,2920
1078,2013-12-14,2910
1079,2013-12-15,2900
1080,2013-12-16,2900
1081,2013-12-17,2890
1082,2013-12-18,2880
1083,2013-12-19,2880
1084,2013-12-20,2870
1085,2013-12-21,2870
1086,2013-12-22,2860
1087,2013-12-23,2860
1088,2013-12-24,2850
1089,2013-12-25,2850
1090,2013-12-26,2840
1091,2013-12-27,2830
1092,2013-12-28,2830
1093,2013-12-29,2820
1094,2013-12-30,2820
1095,2013-12-31,2810
1096,2014-01-01,2810
1097,2014-01-02,2800
1098,2014-01-03,2790
1099,2014-01-04,2780
1100,2014-01-05,2780
1101,2014-01-06,2780
1102,2014-01-07,2770
1103,2014-01-08,2770
1104,2014-01-09,2760
1105,2014-01-10,2760
1106,2014-01-11,2760
1107,2014-01-12,2760
1108,2014-01-13,2750
1109,2014-01-14,2740
1110,2014-01-15,2710
1111,2014-01-16,2690
1112,2014-01-17,2670
1113,2014-01-18,2640
1114,2014-01-19,2620
1115,2014-01-20,2600
1116,2014-01-21,2580
1117,2014-01-22,2560
1118,2014-01-23,2540
1119,2014-01-24,2530
1120,2014-01-25,2520
1121,2014-01-26,2520
1122,2014-01-27,2510
1123,2014-01-28,2510
1124,2014-01-29,2550
1125,2014-01-30,2560
1126,2014-01-31,2560
1127,2014-02-01,2570
1128,2014-02-02,2580
1129,2014-02-03,2580
1130,2014-02-04,2590
1131,2014-02-05,2590
1132,2014-02-06,2600
1133,2014-02-07,2620
1134,2014-02-08,2830
1135,2014-02-09,3430
1136,2014-02-10,3710
1137,2014-02-11,3760
1138,2014-02-12,3790
1139,2014-02-13,3830
1140,2014-02-14,3870
1141,2014-02-15,3890
1142,2014-02-16,3950
1143,2014-02-17,3980
1144,2014-02-18,4000
1145,2014-02-19,4030
1146,2014-02-20,4040
1147,2014-02-21,4060
1148,2014-02-22,4070
1149,2014-02-23,4070
1150,2014-02-24,4080
1151,2014-02-25,4090
1152,2014-02-26,4140
1153,2014-02-27,4190
1154,2014-02-28,4260
1155,2014-03-01,4300
1156,2014-03-02,4380
1157,2014-03-03,4500
1158,2014-03-04,4610
1159,2014-03-05,4740
1160,2014-03-06,4960
1161,2014-03-07,5030
1162,2014-03-08,5080
1163,2014-03-09,5130
1164,2014-03-10,5200
1165,2014-03-11,5230
1166,2014-03-12,5270
1167,2014-03-13,5290
1168,2014-03-14,5320
1169,2014-03-15,5320
1170,2014-03-16,5350
1171,2014-03-17,5370
1172,2014-03-18,5380
1173,2014-03-19,5390
1174,2014-03-20,5410
1175,2014-03-21,5420
1176,2014-03-22,5420
1177,2014-03-23,5430
1178,2014-03-24,5440
1179,2014-03-25,5460
1180,2014-03-26,5500
1181,2014-03-27,5520
1182,2014-03-28,5540
1183,2014-03-29,5700
1184,2014-03-30,5740
1185,2014-03-31,5790
1186,2014-04-01,5830
1187,2014-04-02,5850
1188,2014-04-03,5860
1189,2014-04-04,5890
1190,2014-04-05,5900
1191,2014-04-06,5930
1192,2014-04-07,5970
1193,2014-04-08,6030
1194,2014-04-09,6100
1195,2014-04-10,6170
1196,2014-04-11,6250
1197,2014-04-12,6310
1198,2014-04-13,6350
1199,2014-04-14,6370
1200,2014-04-15,6390
1201,2014-04-16,6420
1202,2014-04-17,6440
1203,2014-04-18,6470
1204,2014-04-19,6510
1205,2014-04-20,6540
1206,2014-04-21,6580
1207,2014-04-22,6610
1208,2014-04-23,6640
1209,2014-04-24,6660
1210,2014-04-25,6750
1211,2014-04-26,6780
1212,2014-04-27,6810
1213,2014-04-28,6840
1214,2014-04-29,6880
1215,2014-04-30,6890
1216,2014-05-01,6930
1217,2014-05-02,6950
1218,2014-05-03,6970
1219,2014-05-04,7000
1220,2014-05-05,7020
1221,2014-05-06,7040
1222,2014-05-07,7060
1223,2014-05-08,7080
1224,2014-05-09,7130
1225,2014-05-10,7160
1226,2014-05-11,7130
1227,2014-05-12,7120
1228,2014-05-13,7130
1229,2014-05-14,7160
1230,2014-05-15,7160
1231,2014-05-16,7180
1232,2014-05-17,7200
1233,2014-05-18,7200
1234,2014-05-19,7200
1235,2014-05-20,7200
1236,2014-05-21,7210
1237,2014-05-22,7220
1238,2014-05-23,7200
1239,2014-05-24,7220
1240,2014-05-25,7210
1241,2014-05-26,7200
1242,2014-05-27,7190
1243,2014-05-28,7200
1244,2014-05-29,7190
1245,2014-05-30,7180
1246,2014-05-31,7180
1247,2014-06-01,7170
1248,2014-06-02,7170
1249,2014-06-03,7160
1250,2014-06-04,7160
1251,2014-06-05,7150
1252,2014-06-06,7140
1253,2014-06-07,7130
1254,2014-06-08,7120
1255,2014-06-09,7110
1256,2014-06-10,7100
1257,2014-06-11,7090
1258,2014-06-12,7070
1259,2014-06-13,7060
1260,2014-06-14,7050
1261,2014-06-15,7030
1262,2014-06-16,7020
1263,2014-06-17,7010
1264,2014-06-18,7000
1265,2014-06-19,6990
1266,2014-06-20,6970
1267,2014-06-21,6960
1268,2014-06-22,6950
1269,2014-06-23,6930
1270,2014-06-24,6920
1271,2014-06-25,6900
1272,2014-06-26,6890
1273,2014-06-27,6880
1274,2014-06-28,6870
1275,2014-06-29,6860
1276,2014-06-30,6850
1277,2014-07-01,6830
1278,2014-07-02,6820
1279,2014-07-03,6800
1280,2014-07-04,6780
1281,2014-07-05,6770
1282,2014-07-06,6750
1283,2014-07-07,6740
1284,2014-07-08,6730
1285,2014-07-09,6710
1286,2014-07-10,6690
1287,2014-07-11,6680
1288,2014-07-12,6670
1289,2014-07-13,6660
1290,2014-07-14,6640
1291,2014-07-15,6620
1292,2014-07-16,6610
1293,2014-07-17,6590
1294,2014-07-18,6580
1295,2014-07-19,6560
1296,2014-07-20,6550
1297,2014-07-21,6540
1298,2014-07-22,6510
1299,2014-07-23,6500
1300,2014-07-24,6480
1301,2014-07-25,6470
1302,2014-07-26,6450
1303,2014-07-27,6440
1304,2014-07-28,6420
1305,2014-07-29,6410
1306,2014-07-30,6390
1307,2014-07-31,6380
1308,2014-08-01,6360
1309,2014-08-02,6350
1310,2014-08-03,6330
1311,2014-08-04,6320
1312,2014-08-05,6320
1313,2014-08-06,6330
1314,2014-08-07,6320
1315,2014-08-08,6310
1316,2014-08-09,6300
1317,2014-08-10,6300
1318,2014-08-11,6280
1319,2014-08-12,6260
1320,2014-08-13,6250
1321,2014-08-14,6240
1322,2014-08-15,6220
1323,2014-08-16,6210
1324,2014-08-17,6190
1325,2014-08-18,6180
1326,2014-08-19,6160
1327,2014-08-20,6150
1328,2014-08-21,6130
1329,2014-08-22,6110
1330,2014-08-23,6100
1331,2014-08-24,6090
1332,2014-08-25,6070
1333,2014-08-26,6060
1334,2014-08-27,6050
1335,2014-08-28,6030
1336,2014-08-29,6020
1337,2014-08-30,6000
1338,2014-08-31,5990
1339,2014-09-01,5970
1340,2014-09-02,5960
1341,2014-09-03,5940
1342,2014-09-04,5920
1343,2014-09-05,5910
1344,2014-09-06,5900
1345,2014-09-07,5880
1346,2014-09-08,5870
1347,2014-09-09,5860
1348,2014-09-10,5850
1349,2014-09-11,5830
1350,2014-09-12,5820
1351,2014-09-13,5800
1352,2014-09-14,5790
1353,2014-09-15,5780
1354,2014-09-16,5760
1355,2014-09-17,5750
1356,2014-09-18,5730
1357,2014-09-19,5720
1358,2014-09-20,5700
1359,2014-09-21,5690
1360,2014-09-22,5670
1361,2014-09-23,5660
1362,2014-09-24,5650
1363,2014-09-25,5650
1364,2014-09-26,5640
1365,2014-09-27,5630
1366,2014-09-28,5620
1367,2014-09-29,5610
1368,2014-09-30,5600
1369,2014-10-01,5580
1370,2014-10-02,5560
1371,2014-10-03,5550
1372,2014-10-04,5540
1373,2014-10-05,5520
1374,2014-10-06,5500
1375,2014-10-07,5490
1376,2014-10-08,5460
1377,2014-10-09,5410
1378,2014-10-10,5340
1379,2014-10-11,5270
1380,2014-10-12,5190
1381,2014-10-13,5130
1382,2014-10-14,5060
1383,2014-10-15,5030
1384,2014-10-16,4980
1385,2014-10-17,4920
1386,2014-10-18,4860
1387,2014-10-19,4800
1388,2014-10-20,4770
1389,2014-10-21,4740
1390,2014-10-22,4710
1391,2014-10-23,4680
1392,2014-10-24,4630
1393,2014-10-25,4590
1394,2014-10-26,4550
1395,2014-10-27,4500
1396,2014-10-28,4460
1397,2014-10-29,4410
1398,2014-10-30,4360
1399,2014-10-31,4330
1400,2014-11-01,4300
1401,2014-11-02,4260
1402,2014-11-03,4210
1403,2014-11-04,4170
1404,2014-11-05,4130
1405,2014-11-06,4080
1406,2014-11-07,4040
1407,2014-11-08,3990
1408,2014-11-09,3950
1409,2014-11-10,3900
1410,2014-11-11,3850
1411,2014-11-12,3810
1412,2014-11-13,3780
1413,2014-11-14,3740
1414,2014-11-15,3690
1415,2014-11-16,3650
1416,2014-11-17,3600
1417,2014-11-18,3560
1418,2014-11-19,3520
1419,2014-11-20,3490
1420,2014-11-21,3450
1421,2014-11-22,3440
1422,2014-11-23,3400
1423,2014-11-24,3350
1424,2014-11-25,3310
1425,2014-11-26,3280
1426,2014-11-27,3230
1427,2014-11-28,3190
1428,2014-11-29,3190
1429,2014-11-30,3170
1430,2014-12-01,3160
1431,2014-12-02,3170
1432,2014-12-03,3490
1433,2014-12-04,3670
1434,2014-12-05,3710
1435,2014-12-06,3790
1436,2014-12-07,3800
1437,2014-12-08,3780
1438,2014-12-09,3780
1439,2014-12-10,3790
1440,2014-12-11,3890
1441,2014-12-12,3950
1442,2014-12-13,3980
1443,2014-12-14,3990
1444,2014-12-15,3990
1445,2014-12-16,4010
1446,2014-12-17,4030
1447,2014-12-18,4040
1448,2014-12-19,4070
1449,2014-12-20,4110
1450,2014-12-21,4170
1451,2014-12-22,4220
1452,2014-12-23,4250
1453,2014-12-24,4300
1454,2014-12-25,4330
1455,2014-12-26,4370
1456,2014-12-27,4390
1457,2014-12-28,4400
1458,2014-12-29,4410
1459,2014-12-30,4420
1460,2014-12-31,4420
1461,2015-01-01,4430
1462,2015-01-02,4430
1463,2015-01-03,4450
1464,2015-01-04,4450
1465,2015-01-05,4460
1466,2015-01-06,4470
1467,2015-01-07,4480
1468,2015-01-08,4490
1469,2015-01-09,4500
1470,2015-01-10,4510
1471,2015-01-11,4520
1472,2015-01-12,4530
1473,2015-01-13,4540
1474,2015-01-14,4540
1475,2015-01-15,4550
1476,2015-01-16,4560
1477,2015-01-17,4580
1478,2015-01-18,4590
1479,2015-01-19,4610
1480,2015-01-20,4630
1481,2015-01-21,4630
1482,2015-01-22,4630
1483,2015-01-23,4640
1484,2015-01-24,4660
1485,2015-01-25,4650
1486,2015-01-26,4650
1487,2015-01-27,4660
1488,2015-01-28,4670
1489,2015-01-29,4670
1490,2015-01-30,4670
1491,2015-01-31,4680
1492,2015-02-01,4690
1493,2015-02-02,4690
1494,2015-02-03,4700
1495,2015-02-04,4700
1496,2015-02-05,4710
1497,2015-02-06,4800
1498,2015-02-07,5100
1499,2015-02-08,5460
1500,2015-02-09,5830
1501,2015-02-10,5940
1502,2015-02-11,6000
1503,2015-02-12,6050
1504,2015-02-13,6090
1505,2015-02-14,6110
1506,2015-02-15,6140
1507,2015-02-16,6160
1508,2015-02-17,6170
1509,2015-02-18,6210
1510,2015-02-19,6200
1511,2015-02-20,6210
1512,2015-02-21,6220
1513,2015-02-22,6220
1514,2015-02-23,6240
1515,2015-02-24,6240
1516,2015-02-25,6250
1517,2015-02-26,6260
1518,2015-02-27,6280
1519,2015-02-28,6290
1520,2015-03-01,6300
1521,2015-03-02,6300
1522,2015-03-03,6300
1523,2015-03-04,6300
1524,2015-03-05,6310
1525,2015-03-06,6310
1526,2015-03-07,6300
1527,2015-03-08,6310
1528,2015-03-09,6310
1529,2015-03-10,6310
1530,2015-03-11,6330
1531,2015-03-12,6350
1532,2015-03-13,6350
1533,2015-03-14,6360
1534,2015-03-15,6360
1535,2015-03-16,6360
1536,2015-03-17,6360
1537,2015-03-18,6370
1538,2015-03-19,6370
1539,2015-03-20,6370
1540,2015-03-21,6370
1541,2015-03-22,6370
1542,2015-03-23,6380
1543,2015-03-24,6390
1544,2015-03-25,6390
1545,2015-03-26,6390
1546,2015-03-27,6390
1547,2015-03-28,6390
1548,2015-03-29,6380
1549,2015-03-30,6380
1550,2015-03-31,6360
1551,2015-04-01,6360
1552,2015-04-02,6350
1553,2015-04-03,6350
1554,2015-04-04,6350
1555,2015-04-05,6350
1556,2015-04-06,6350
1557,2015-04-07,6370
1558,2015-04-08,6370
1559,2015-04-09,6370
1560,2015-04-10,6370
1561,2015-04-11,6370
1562,2015-04-12,6370
1563,2015-04-13,6360
1564,2015-04-14,6360
1565,2015-04-15,6370
1566,2015-04-16,6350
1567,2015-04-17,6350
1568,2015-04-18,6340
1569,2015-04-19,6340
1570,2015-04-20,6330
1571,2015-04-21,6330
1572,2015-04-22,6320
1573,2015-04-23,6330
1574,2015-04-24,6340
1575,2015-04-25,6370
1576,2015-04-26,6380
1577,2015-04-27,6380
1578,2015-04-28,6390
1579,2015-04-29,6390
1580,2015-04-30,6380
1581,2015-05-01,6390
1582,2015-05-02,6390
1583,2015-05-03,6390
1584,2015-05-04,6390
1585,2015-05-05,6380
1586,2015-05-06,6370
1587,2015-05-07,6370
1588,2015-05-08,6370
1589,2015-05-09,6370
1590,2015-05-10,6360
1591,2015-05-11,6350
1592,2015-05-12,6340
1593,2015-05-13,6330
1594,2015-05-14,6320
1595,2015-05-15,6340
1596,2015-05-16,6310
1597,2015-05-17,6310
1598,2015-05-18,6330
1599,2015-05-19,6330
1600,2015-05-20,6340
1601,2015-05-21,6340
1602,2015-05-22,6370
1603,2015-05-23,6380
1604,2015-05-24,6460
1605,2015-05-25,6450
1606,2015-05-26,6460
1607,2015-05-27,6450
1608,2015-05-28,6430
1609,2015-05-29,6430
1610,2015-05-30,6410
1611,2015-05-31,6410
1612,2015-06-01,6390
1613,2015-06-02,6380
1614,2015-06-03,6390
1615,2015-06-04,6390
1616,2015-06-05,6380
1617,2015-06-06,6380
1618,2015-06-07,6370
1619,2015-06-08,6350
1620,2015-06-09,6350
1621,2015-06-10,6370
1622,2015-06-11,6370
1623,2015-06-12,6360
1624,2015-06-13,6350
1625,2015-06-14,6340
1626,2015-06-15,6330
1627,2015-06-16,6310
1628,2015-06-17,6300
1629,2015-06-18,6290
1630,2015-06-19,6270
1631,2015-06-20,6260
1632,2015-06-21,6250
1633,2015-06-22,6240
1634,2015-06-23,6220
1635,2015-06-24,6210
1636,2015-06-25,6200
1637,2015-06-26,6190
1638,2015-06-27,6180
1639,2015-06-28,6170
1640,2015-06-29,6160
1641,2015-06-30,6140
1642,2015-07-01,6130
1643,2015-07-02,6120
1644,2015-07-03,6110
1645,2015-07-04,6100
1646,2015-07-05,6090
1647,2015-07-06,6070
1648,2015-07-07,6060
1649,2015-07-08,6040
1650,2015-07-09,6040
1651,2015-07-10,6040
1652,2015-07-11,6020
1653,2015-07-12,6020
1654,2015-07-13,6000
1655,2015-07-14,5990
1656,2015-07-15,5980
1657,2015-07-16,5970
1658,2015-07-17,5950
1659,2015-07-18,5940
1660,2015-07-19,5930
1661,2015-07-20,5920
1662,2015-07-21,5910
1663,2015-07-22,5890
1664,2015-07-23,5870
1665,2015-07-24,5860
1666,2015-07-25,5840
1667,2015-07-26,5830
1668,2015-07-27,5820
1669,2015-07-28,5800
1670,2015-07-29,5790
1671,2015-07-30,5770
1672,2015-07-31,5760
1673,2015-08-01,5750
1674,2015-08-02,5740
1675,2015-08-03,5730
1676,2015-08-04,5710
1677,2015-08-05,5700
1678,2015-08-06,5690
1679,2015-08-07,5670
1680,2015-08-08,5660
1681,2015-08-09,5650
1682,2015-08-10,5630
1683,2015-08-11,5610
1684,2015-08-12,5600
1685,2015-08-13,5590
1686,2015-08-14,5570
1687,2015-08-15,5560
1688,2015-08-16,5550
1689,2015-08-17,5540
1690,2015-08-18,5530
1691,2015-08-19,5510
1692,2015-08-20,5490
1693,2015-08-21,5480
1694,2015-08-22,5460
1695,2015-08-23,5450
1696,2015-08-24,5440
1697,2015-08-25,5430
1698,2015-08-26,5410
1699,2015-08-27,5400
1700,2015-08-28,5380
1701,2015-08-29,5370
1702,2015-08-30,5360
1703,2015-08-31,5350
1704,2015-09-01,5330
1705,2015-09-02,5320
1706,2015-09-03,5300
1707,2015-09-04,5290
1708,2015-09-05,5280
1709,2015-09-06,5270
1710,2015-09-07,5250
1711,2015-09-08,5190
1712,2015-09-09,5110
1713,2015-09-10,5100
1714,2015-09-11,5090
1715,2015-09-12,5070
1716,2015-09-13,5060
1717,2015-09-14,5050
1718,2015-09-15,5030
1719,2015-09-16,5000
1720,2015-09-17,5000
1721,2015-09-18,4990
1722,2015-09-19,4980
1723,2015-09-20,4970
1724,2015-09-21,4950
1725,2015-09-22,4940
1726,2015-09-23,4930
1727,2015-09-24,4920
1728,2015-09-25,4900
1729,2015-09-26,4890
1730,2015-09-27,4880
1731,2015-09-28,4870
1732,2015-09-29,4820
1733,2015-09-30,4700
1734,2015-10-01,4620
1735,2015-10-02,4520
1736,2015-10-03,4420
1737,2015-10-04,4330
1738,2015-10-05,4240
1739,2015-10-06,4170
1740,2015-10-07,4110
1741,2015-10-08,4040
1742,2015-10-09,3980
1743,2015-10-10,3910
1744,2015-10-11,3850
1745,2015-10-12,3780
1746,2015-10-13,3720
1747,2015-10-14,3660
1748,2015-10-15,3590
1749,2015-10-16,3530
1750,2015-10-17,3480
1751,2015-10-18,3420
1752,2015-10-19,3350
1753,2015-10-20,3290
1754,2015-10-21,3230
1755,2015-10-22,3170
1756,2015-10-23,3110
1757,2015-10-24,3040
1758,2015-10-25,2980
1759,2015-10-26,2920
1760,2015-10-27,2860
1761,2015-10-28,2800
1762,2015-10-29,2740
1763,2015-10-30,2690
1764,2015-10-31,2630
1765,2015-11-01,2580
1766,2015-11-02,2540
1767,2015-11-03,2510
1768,2015-11-04,2440
1769,2015-11-05,2390
1770,2015-11-06,2330
1771,2015-11-07,2280
1772,2015-11-08,2230
1773,2015-11-09,2210
1774,2015-11-10,2210
1775,2015-11-11,2200
1776,2015-11-12,2200
1777,2015-11-13,2190
1778,2015-11-14,2180
1779,2015-11-15,2190
1780,2015-11-16,2180
1781,2015-11-17,2170
1782,2015-11-18,2170
1783,2015-11-19,2160
1784,2015-11-20,2160
1785,2015-11-21,2150
1786,2015-11-22,2140
1787,2015-11-23,2130
1788,2015-11-24,2140
1789,2015-11-25,2130
1790,2015-11-26,2110
1791,2015-11-27,2090
1792,2015-11-28,2090
1793,2015-11-29,2090
1794,2015-11-30,2090
1795,2015-12-01,2090
1796,2015-12-02,2090
1797,2015-12-03,2100
1798,2015-12-04,2100
1799,2015-12-05,2090
1800,2015-12-06,2090
1801,2015-12-07,2090
1802,2015-12-08,2090
1803,2015-12-09,2090
1804,2015-12-10,2160
1805,2015-12-11,2160
1806,2015-12-12,2160
1807,2015-12-13,2180
1808,2015-12-14,2180
1809,2015-12-15,2150
1810,2015-12-16,2160
1811,2015-12-17,2160
1812,2015-12-18,2170
1813,2015-12-19,2180
1814,2015-12-20,2180
1815,2015-12-21,2270
1816,2015-12-22,2440
1817,2015-12-23,2490
1818,2015-12-24,2530
1819,2015-12-25,2540
1820,2015-12-26,2550
1821,2015-12-27,2560
1822,2015-12-28,2570
1823,2015-12-29,2570
1824,2015-12-30,2570
1825,2015-12-31,2570
1826,2016-01-01,2570
1827,2016-01-02,2570
1828,2016-01-03,2570
1829,2016-01-04,2580
1830,2016-01-05,2600
1831,2016-01-06,2610
1832,2016-01-07,2610
1833,2016-01-08,2610
1834,2016-01-09,2620
1835,2016-01-10,2610
1836,2016-01-11,2610
1837,2016-01-12,2620
1838,2016-01-13,2640
1839,2016-01-14,2660
1840,2016-01-15,2670
1841,2016-01-16,2700
1842,2016-01-17,2780
1843,2016-01-18,2860
1844,2016-01-19,2990
1845,2016-01-20,3060
1846,2016-01-21,3100
1847,2016-01-22,3170
1848,2016-01-23,3290
1849,2016-01-24,3340
1850,2016-01-25,3370
1851,2016-01-26,3400
1852,2016-01-27,3410
1853,2016-01-28,3430
1854,2016-01-29,4140
1855,2016-01-30,4590
1856,2016-01-31,4700
1857,2016-02-01,4760
1858,2016-02-02,4810
1859,2016-02-03,4850
1860,2016-02-04,4890
1861,2016-02-05,4920
1862,2016-02-06,4940
1863,2016-02-07,4970
1864,2016-02-08,5000
1865,2016-02-09,5030
1866,2016-02-10,5060
1867,2016-02-11,5110
1868,2016-02-12,5140
1869,2016-02-13,5170
1870,2016-02-14,5200
1871,2016-02-15,5250
1872,2016-02-16,5280
1873,2016-02-17,5320
1874,2016-02-18,5360
1875,2016-02-19,5390
1876,2016-02-20,5430
1877,2016-02-21,5460
1878,2016-02-22,5500
1879,2016-02-23,5540
1880,2016-02-24,5570
1881,2016-02-25,5610
1882,2016-02-26,5650
1883,2016-02-27,5680
1884,2016-02-28,5720
1885,2016-02-29,5760
1886,2016-03-01,5790
1887,2016-03-02,5830
1888,2016-03-03,5870
1889,2016-03-04,5900
1890,2016-03-05,5940
1891,2016-03-06,5980
1892,2016-03-07,6020
1893,2016-03-08,6050
1894,2016-03-09,6090
1895,2016-03-10,6130
1896,2016-03-11,6170
1897,2016-03-12,6210
1898,2016-03-13,6240
1899,2016-03-14,6280
1900,2016-03-15,6320
1901,2016-03-16,6360
1902,2016-03-17,6400
1903,2016-03-18,6430
1904,2016-03-19,6470
1905,2016-03-20,6510
1906,2016-03-21,6550
1907,2016-03-22,6590
1908,2016-03-23,6630
1909,2016-03-24,6670
1910,2016-03-25,6700
1911,2016-03-26,6750
1912,2016-03-27,6790
1913,2016-03-28,6820
1914,2016-03-29,6860
1915,2016-03-30,6900
1916,2016-03-31,6930
1917,2016-04-01,6970
1918,2016-04-02,7030
1919,2016-04-03,7100
1920,2016-04-04,7160
1921,2016-04-05,7210
1922,2016-04-06,7260
1923,2016-04-07,7280
1924,2016-04-08,7330
1925,2016-04-09,7340
1926,2016-04-10,7350
1927,2016-04-11,7330
1928,2016-04-12,7320
1929,2016-04-13,7310
1930,2016-04-14,7300
1931,2016-04-15,7300
1932,2016-04-16,7270
1933,2016-04-17,7270
1934,2016-04-18,7280
1935,2016-04-19,7300
1936,2016-04-20,7320
1937,2016-04-21,7330
1938,2016-04-22,7390
1939,2016-04-23,7340
1940,2016-04-24,7310
1941,2016-04-25,7290
1942,2016-04-26,7270
1943,2016-04-27,7270
1944,2016-04-28,7260
1945,2016-04-29,7270
1946,2016-04-30,7270
1947,2016-05-01,7280
1948,2016-05-02,7300
1949,2016-05-03,7310
1950,2016-05-04,7310
1951,2016-05-05,7340
1952,2016-05-06,7350
1953,2016-05-07,7370
1954,2016-05-08,7370
1955,2016-05-09,7360
1956,2016-05-10,7360
1957,2016-05-11,7350
1958,2016-05-12,7350
1959,2016-05-13,7350
1960,2016-05-14,7340
1961,2016-05-15,7350
1962,2016-05-16,7380
1963,2016-05-17,7410
1964,2016-05-18,7430
1965,2016-05-19,7440
1966,2016-05-20,7480
1967,2016-05-21,7470
1968,2016-05-22,7450
1969,2016-05-23,7460
1970,2016-05-24,7510
1971,2016-05-25,7550
1972,2016-05-26,7580
1973,2016-05-27,7590
1974,2016-05-28,7610
1975,2016-05-29,7630
1976,2016-05-30,7640
1977,2016-05-31,7650
1978,2016-06-01,7660
1979,2016-06-02,7660
1980,2016-06-03,7670
1981,2016-06-04,7660
1982,2016-06-05,7660
1983,2016-06-06,7650
1984,2016-06-07,7650
1985,2016-06-08,7650
1986,2016-06-09,7640
1987,2016-06-10,7630
1988,2016-06-11,7620
1989,2016-06-12,7620
1990,2016-06-13,7610
1991,2016-06-14,7590
1992,2016-06-15,7590
1993,2016-06-16,7580
1994,2016-06-17,7570
1995,2016-06-18,7570
1996,2016-06-19,7560
1997,2016-06-20,7550
1998,2016-06-21,7540
1999,2016-06-22,7530
2000,2016-06-23,7520
2001,2016-06-24,7510
2002,2016-06-25,7500
2003,2016-06-26,7490
2004,2016-06-27,7470
2005,2016-06-28,7460
2006,2016-06-29,7450
2007,2016-06-30,7440
2008,2016-07-01,7420
2009,2016-07-02,7410
2010,2016-07-03,7390
2011,2016-07-04,7370
2012,2016-07-05,7360
2013,2016-07-06,7340
2014,2016-07-07,7320
2015,2016-07-08,7310
2016,2016-07-09,7280
2017,2016-07-10,7270
2018,2016-07-11,7250
2019,2016-07-12,7230
2020,2016-07-13,7210
2021,2016-07-14,7200
2022,2016-07-15,7180
2023,2016-07-16,7160
2024,2016-07-17,7140
2025,2016-07-18,7130
2026,2016-07-19,7110
2027,2016-07-20,7090
2028,2016-07-21,7080
2029,2016-07-22,7060
2030,2016-07-23,7040
2031,2016-07-24,7020
2032,2016-07-25,7010
2033,2016-07-26,6990
2034,2016-07-27,6970
2035,2016-07-28,6950
2036,2016-07-29,6930
2037,2016-07-30,6910
2038,2016-07-31,6890
2039,2016-08-01,6870
2040,2016-08-02,6850
2041,2016-08-03,6820
2042,2016-08-04,6810
2043,2016-08-05,6780
2044,2016-08-06,6760
2045,2016-08-07,6740
2046,2016-08-08,6720
2047,2016-08-09,6700
2048,2016-08-10,6680
2049,2016-08-11,6660
2050,2016-08-12,6650
2051,2016-08-13,6630
2052,2016-08-14,6610
2053,2016-08-15,6590
2054,2016-08-16,6570
2055,2016-08-17,6550
2056,2016-08-18,6540
2057,2016-08-19,6520
2058,2016-08-20,6500
2059,2016-08-21,6480
2060,2016-08-22,6460
2061,2016-08-23,6450
2062,2016-08-24,6430
2063,2016-08-25,6410
2064,2016-08-26,6390
2065,2016-08-27,6370
2066,2016-08-28,6350
2067,2016-08-29,6330
2068,2016-08-30,6310
2069,2016-08-31,6290
2070,2016-09-01,6280
2071,2016-09-02,6260
2072,2016-09-03,6240
2073,2016-09-04,6220
2074,2016-09-05,6200
2075,2016-09-06,6190
2076,2016-09-07,6170
2077,2016-09-08,6150
2078,2016-09-09,6130
2079,2016-09-10,6110
2080,2016-09-11,6090
2081,2016-09-12,6070
2082,2016-09-13,6050
2083,2016-09-14,6040
2084,2016-09-15,6020
2085,2016-09-16,6000
2086,2016-09-17,5980
2087,2016-09-18,5970
2088,2016-09-19,5950
2089,2016-09-20,5930
2090,2016-09-21,5910
2091,2016-09-22,5890
2092,2016-09-23,5880
2093,2016-09-24,5860
2094,2016-09-25,5830
2095,2016-09-26,5820
2096,2016-09-27,5800
2097,2016-09-28,5780
2098,2016-09-29,5770
2099,2016-09-30,5740
2100,2016-10-01,5730
2101,2016-10-02,5720
2102,2016-10-03,5710
2103,2016-10-04,5680
2104,2016-10-05,5630
2105,2016-10-06,5580
2106,2016-10-07,5540
2107,2016-10-08,5480
2108,2016-10-09,5430
2109,2016-10-10,5370
2110,2016-10-11,5310
2111,2016-10-12,5260
2112,2016-10-13,5200
2113,2016-10-14,5200
2114,2016-10-15,5200
2115,2016-10-16,5330
2116,2016-10-17,5330
2117,2016-10-18,5290
2118,2016-10-19,5230
2119,2016-10-20,5190
2120,2016-10-21,5130
2121,2016-10-22,5080
2122,2016-10-23,5030
2123,2016-10-24,4990
2124,2016-10-25,4960
2125,2016-10-26,4910
2126,2016-10-27,4910
2127,2016-10-28,5060
2128,2016-10-29,5070
2129,2016-10-30,5130
2130,2016-10-31,5200
2131,2016-11-01,5260
2132,2016-11-02,5260
2133,2016-11-03,5250
2134,2016-11-04,5220
2135,2016-11-05,5200
2136,2016-11-06,5170
2137,2016-11-07,5140
2138,2016-11-08,5100
2139,2016-11-09,5060
2140,2016-11-10,5030
2141,2016-11-11,4980
2142,2016-11-12,4950
2143,2016-11-13,4900
2144,2016-11-14,4860
2145,2016-11-15,4830
2146,2016-11-16,4800
2147,2016-11-17,4760
2148,2016-11-18,4710
2149,2016-11-19,4700
2150,2016-11-20,4730
2151,2016-11-21,4720
2152,2016-11-22,4690
2153,2016-11-23,4680
2154,2016-11-24,4650
2155,2016-11-25,4610
2156,2016-11-26,4590
2157,2016-11-27,4580
2158,2016-11-28,4540
2159,2016-11-29,4500
2160,2016-11-30,4460
2161,2016-12-01,4420
2162,2016-12-02,4380
2163,2016-12-03,4330
2164,2016-12-04,4300
2165,2016-12-05,4260
2166,2016-12-06,4220
2167,2016-12-07,4180
2168,2016-12-08,4210
2169,2016-12-09,4270
2170,2016-12-10,5570
2171,2016-12-11,5750
2172,2016-12-12,5800
2173,2016-12-13,5820
2174,2016-12-14,5900
2175,2016-12-15,6460
2176,2016-12-16,6850
2177,2016-12-17,6890
2178,2016-12-18,6880
2179,2016-12-19,6860
2180,2016-12-20,6840
2181,2016-12-21,6800
2182,2016-12-22,6770
2183,2016-12-23,6760
2184,2016-12-24,6720
2185,2016-12-25,6680
2186,2016-12-26,6630
2187,2016-12-27,6570
2188,2016-12-28,6520
2189,2016-12-29,6470
2190,2016-12-30,6420
2191,2016-12-31,6360
2192,2017-01-01,6320
2193,2017-01-02,6300
2194,2017-01-03,6300
2195,2017-01-04,6420
2196,2017-01-05,6400
2197,2017-01-06,6350
2198,2017-01-07,6460
2199,2017-01-08,7660
2200,2017-01-09,7530
2201,2017-01-10,7440
2202,2017-01-11,7340
2203,2017-01-12,7280
2204,2017-01-13,7230
2205,2017-01-14,7200
2206,2017-01-15,7170
2207,2017-01-16,7130
2208,2017-01-17,7090
2209,2017-01-18,7100
2210,2017-01-19,7110
2211,2017-01-20,7120
2212,2017-01-21,7100
2213,2017-01-22,7100
2214,2017-01-23,7070
2215,2017-01-24,7010
2216,2017-01-25,6960
2217,2017-01-26,6910
2218,2017-01-27,6850
2219,2017-01-28,6790
2220,2017-01-29,6730
2221,2017-01-30,6680
2222,2017-01-31,6620
2223,2017-02-01,6560
2224,2017-02-02,6540
2225,2017-02-03,6650
2226,2017-02-04,6730
2227,2017-02-05,6750
2228,2017-02-06,6880
2229,2017-02-07,7630
2230,2017-02-08,7810
2231,2017-02-09,7750
2232,2017-02-10,7550
2233,2017-02-11,7370
2234,2017-02-12,7290
2235,2017-02-13,7240
2236,2017-02-14,7210
2237,2017-02-15,7190
2238,2017-02-16,7200
2239,2017-02-17,7230
2240,2017-02-18,7240
2241,2017-02-19,7240
2242,2017-02-20,7450
2243,2017-02-21,7400
2244,2017-02-22,7300
2245,2017-02-23,7240
2246,2017-02-24,7200
2247,2017-02-25,7170
2248,2017-02-26,7150
2249,2017-02-27,7110
2250,2017-02-28,7070
2251,2017-03-01,7030
2252,2017-03-02,6990
2253,2017-03-03,6940
2254,2017-03-04,6910
2255,2017-03-05,6910
2256,2017-03-06,6880
2257,2017-03-07,6830
2258,2017-03-08,6770
2259,2017-03-09,6730
2260,2017-03-10,6680
2261,2017-03-11,6630
2262,2017-03-12,6590
2263,2017-03-13,6570
2264,2017-03-14,6550
2265,2017-03-15,6550
2266,2017-03-16,6570
2267,2017-03-17,6590
2268,2017-03-18,6620
2269,2017-03-19,6660
2270,2017-03-20,6700
2271,2017-03-21,7070
2272,2017-03-22,7190
2273,2017-03-23,7200
2274,2017-03-24,7220
2275,2017-03-25,7200
2276,2017-03-26,7200
2277,2017-03-27,7180
2278,2017-03-28,7160
2279,2017-03-29,7140
2280,2017-03-30,7220
2281,2017-03-31,7210
2282,2017-04-01,7190
2283,2017-04-02,7200
2284,2017-04-03,7200
2285,2017-04-04,7190
2286,2017-04-05,7200
2287,2017-04-06,7270
2288,2017-04-07,7350
2289,2017-04-08,7280
2290,2017-04-09,7230
2291,2017-04-10,7190
2292,2017-04-11,7180
2293,2017-04-12,7250
2294,2017-04-13,7320
2295,2017-04-14,7250
2296,2017-04-15,7210
2297,2017-04-16,7210
2298,2017-04-17,7320
2299,2017-04-18,7380
2300,2017-04-19,7300
2301,2017-04-20,7270
2302,2017-04-21,7240
2303,2017-04-22,7240
2304,2017-04-23,7240
2305,2017-04-24,7260
2306,2017-04-25,7240
2307,2017-04-26,7260
2308,2017-04-27,7280
2309,2017-04-28,7260
2310,2017-04-29,7240
2311,2017-04-30,7240
2312,2017-05-01,7260
2313,2017-05-02,7290
2314,2017-05-03,7330
2315,2017-05-04,7370
2316,2017-05-05,7360
2317,2017-05-06,7310
2318,2017-05-07,7300
2319,2017-05-08,7290
2320,2017-05-09,7290
2321,2017-05-10,7300
2322,2017-05-11,7310
2323,2017-05-12,7290
2324,2017-05-13,7260
2325,2017-05-14,7230
2326,2017-05-15,7220
2327,2017-05-16,7220
2328,2017-05-17,7250
2329,2017-05-18,7250
2330,2017-05-19,7260
2331,2017-05-20,7300
2332,2017-05-21,7340
2333,2017-05-22,7400
2334,2017-05-23,7530
2335,2017-05-24,7650
2336,2017-05-25,7700
2337,2017-05-26,7700
2338,2017-05-27,7700
2339,2017-05-28,7710
2340,2017-05-29,7720
2341,2017-05-30,7710
2342,2017-05-31,7700
2343,2017-06-01,7680
2344,2017-06-02,7680
2345,2017-06-03,7680
2346,2017-06-04,7680
2347,2017-06-05,7680
2348,2017-06-06,7670
2349,2017-06-07,7700
2350,2017-06-08,7720
2351,2017-06-09,7740
2352,2017-06-10,7740
2353,2017-06-11,7740
2354,2017-06-12,7740
2355,2017-06-13,7740
2356,2017-06-14,7720
2357,2017-06-15,7710
2358,2017-06-16,7700
2359,2017-06-17,7680
2360,2017-06-18,7670
2361,2017-06-19,7650
2362,2017-06-20,7630
2363,2017-06-21,7600
2364,2017-06-22,7570
2365,2017-06-23,7530
2366,2017-06-24,7500
2367,2017-06-25,7450
2368,2017-06-26,7410
2369,2017-06-27,7360
2370,2017-06-28,7310
2371,2017-06-29,7270
2372,2017-06-30,7220
2373,2017-07-01,7170
2374,2017-07-02,7130
2375,2017-07-03,7080
2376,2017-07-04,7030
2377,2017-07-05,6980
2378,2017-07-06,6930
2379,2017-07-07,6880
2380,2017-07-08,6830
2381,2017-07-09,6780
2382,2017-07-10,6730
2383,2017-07-11,6700
2384,2017-07-12,6680
2385,2017-07-13,6670
2386,2017-07-14,6660
2387,2017-07-15,6640
2388,2017-07-16,6620
2389,2017-07-17,6610
2390,2017-07-18,6590
2391,2017-07-19,6580
2392,2017-07-20,6560
2393,2017-07-21,6550
2394,2017-07-22,6530
2395,2017-07-23,6520
2396,2017-07-24,6500
2397,2017-07-25,6490
2398,2017-07-26,6470
2399,2017-07-27,6460
2400,2017-07-28,6440
2401,2017-07-29,6430
2402,2017-07-30,6410
2403,2017-07-31,6400
2404,2017-08-01,6380
2405,2017-08-02,6370
2406,2017-08-03,6350
2407,2017-08-04,6330
2408,2017-08-05,6320
2409,2017-08-06,6310
2410,2017-08-07,6290
2411,2017-08-08,6280
2412,2017-08-09,6260
2413,2017-08-10,6250
2414,2017-08-11,6230
2415,2017-08-12,6210
2416,2017-08-13,6200
2417,2017-08-14,6180
2418,2017-08-15,6170
2419,2017-08-16,6160
2420,2017-08-17,6140
2421,2017-08-18,6120
2422,2017-08-19,6110
2423,2017-08-20,6090
2424,2017-08-21,6080
2425,2017-08-22,6070
2426,2017-08-23,6050
2427,2017-08-24,6040
2428,2017-08-25,6020
2429,2017-08-26,6010
2430,2017-08-27,5990
2431,2017-08-28,5980
2432,2017-08-29,5960
2433,2017-08-30,5940
2434,2017-08-31,5930
2435,2017-09-01,5910
2436,2017-09-02,5900
2437,2017-09-03,5880
2438,2017-09-04,5870
2439,2017-09-05,5860
2440,2017-09-06,5840
2441,2017-09-07,5830
2442,2017-09-08,5810
2443,2017-09-09,5800
2444,2017-09-10,5780
2445,2017-09-11,5780
2446,2017-09-12,5770
2447,2017-09-13,5750
2448,2017-09-14,5740
2449,2017-09-15,5730
2450,2017-09-16,5710
2451,2017-09-17,5700
2452,2017-09-18,5680
2453,2017-09-19,5670
2454,2017-09-20,5670
2455,2017-09-21,5680
2456,2017-09-22,5670
2457,2017-09-23,5650
2458,2017-09-24,5640
2459,2017-09-25,5610
2460,2017-09-26,5530
2461,2017-09-27,5470
2462,2017-09-28,5410
2463,2017-09-29,5340
2464,2017-09-30,5280
2465,2017-10-01,5220
2466,2017-10-02,5150
2467,2017-10-03,5090
2468,2017-10-04,5030
2469,2017-10-05,4960
2470,2017-10-06,4900
2471,2017-10-07,4840
2472,2017-10-08,4780
2473,2017-10-09,4710
2474,2017-10-10,4650
2475,2017-10-11,4590
2476,2017-10-12,4520
2477,2017-10-13,4460
2478,2017-10-14,4400
2479,2017-10-15,4340
2480,2017-10-16,4280
2481,2017-10-17,4220
2482,2017-10-18,4160
2483,2017-10-19,4110
2484,2017-10-20,4080
2485,2017-10-21,4020
2486,2017-10-22,3960
2487,2017-10-23,3900
2488,2017-10-24,3840
2489,2017-10-25,3790
2490,2017-10-26,3730
2491,2017-10-27,3680
2492,2017-10-28,3620
2493,2017-10-29,3570
2494,2017-10-30,3510
2495,2017-10-31,3460
2496,2017-11-01,3400
2497,2017-11-02,3350
2498,2017-11-03,3330
2499,2017-11-04,3350
2500,2017-11-05,3300
2501,2017-11-06,3250
2502,2017-11-07,3200
2503,2017-11-08,3150
2504,2017-11-09,3160
2505,2017-11-10,3130
2506,2017-11-11,3090
2507,2017-11-12,3040
2508,2017-11-13,3010
2509,2017-11-14,2970
2510,2017-11-15,3000
2511,2017-11-16,3570
2512,2017-11-17,3660
2513,2017-11-18,3660
2514,2017-11-19,3630
2515,2017-11-20,3650
2516,2017-11-21,3650
2517,2017-11-22,3640
2518,2017-11-23,3610
2519,2017-11-24,3580
2520,2017-11-25,3540
2521,2017-11-26,3610
2522,2017-11-27,3710
2523,2017-11-28,3710
2524,2017-11-29,3700
2525,2017-11-30,3680
2526,2017-12-01,3650
2527,2017-12-02,3620
2528,2017-12-03,3610
2529,2017-12-04,3570
2530,2017-12-05,3530
2531,2017-12-06,3490
2532,2017-12-07,3440
2533,2017-12-08,3390
2534,2017-12-09,3350
2535,2017-12-10,3300
2536,2017-12-11,3260
2537,2017-12-12,3220
2538,2017-12-13,3170
2539,2017-12-14,3130
2540,2017-12-15,3080
2541,2017-12-16,3040
2542,2017-12-17,2980
2543,2017-12-18,2940
2544,2017-12-19,2890
2545,2017-12-20,2860
2546,2017-12-21,2810
2547,2017-12-22,2760
2548,2017-12-23,2720
2549,2017-12-24,2670
2550,2017-12-25,2630
2551,2017-12-26,2580
2552,2017-12-27,2530
2553,2017-12-28,2490
2554,2017-12-29,2440
2555,2017-12-30,2400
2556,2017-12-31,2350
2557,2018-01-01,2310
